rep,nullA_T,nullB_T,nullA_qSpearman,nullB_qSpearman,nullA_T_d2,nullA_T_d3,nullA_T_d4,nullA_T_d5,nullA_T_d6,nullA_T_d7,nullA_T_d8,nullA_T_d9,nullA_T_d10,nullA_T_d11,nullA_eqT,nullB_qT
1,0.004686,0.001014,0.032771,0.025542,0.003598,-0.000349,0.001471,0.002582,0.004165,0.001921,-3.8e-05,0.003528,0.0023,-0.00032,0.023379,0.001517
2,0.001709,0.000794,0.027379,0.025171,0.00182,0.001127,0.001065,0.001918,0.004983,0.003817,0.004998,0.007614,-0.000252,0.00349,0.018095,0.001208
3,0.003726,9.2e-05,0.028989,0.023518,0.001569,0.002093,0.001555,0.002541,0.003005,0.006124,0.002664,0.00071,-0.000259,-0.002963,0.019643,-0.000688
4,0.002946,0.001162,0.029053,0.02476,0.001147,0.004571,0.004233,0.003463,0.001193,0.001433,0.00195,-0.000672,0.00159,-0.00296,0.020091,0.000582
5,0.004001,0.000404,0.030233,0.024746,0.000412,0.004851,0.001873,0.00389,-0.000694,0.001595,0.003814,0.003436,-0.001707,0.003617,0.021009,0.000679
6,0.001954,0.000517,0.027962,0.023799,0.002444,0.005654,0.001475,0.001763,0.00095,0.000673,0.003599,0.006864,0.002466,-0.006383,0.018866,-0.000279
7,0.000775,9.6e-05,0.027717,0.022099,0.002913,0.003247,0.002268,0.00115,0.004843,0.001488,0.004988,0.003778,0.001762,-0.000794,0.017862,-0.002063
8,0.004124,-0.002261,0.028558,0.025946,0.001559,0.001398,0.002116,0.00234,0.001646,0.003229,0.000581,0.004026,0.003026,0.010249,0.019589,0.001985
9,0.004016,-0.001014,0.02881,0.024625,0.004681,0.001117,0.004507,-0.000641,0.002158,-0.000608,0.002123,0.003365,-0.001666,0.005752,0.019498,0.000551
10,0.003155,-0.002187,0.028516,0.022996,0.001922,0.003391,0.001394,0.00419,0.00304,0.001206,0.004235,-0.002648,-0.000417,0.00617,0.018925,-0.001018
11,0.00163,-0.000417,0.028154,0.02317,0.005612,0.003924,0.00022,0.002158,0.002405,0.001029,0.000797,8.3e-05,0.004429,0.005523,0.018901,-0.000918
12,0.001532,-0.00081,0.028179,0.022417,0.005427,0.000203,0.004167,0.001837,0.001971,0.000222,0.003614,0.005382,0.000873,-0.000948,0.019437,-0.001767
13,0.002695,-0.000793,0.028791,0.02478,0.003856,0.002682,0.001148,0.002697,0.003316,0.003227,0.002861,0.000759,-0.003902,0.00143,0.019614,0.000618
14,0.002202,7.6e-05,0.028456,0.025517,0.003758,0.002444,0.003572,0.001454,-0.001444,0.003761,0.008244,0.000307,-0.001407,-0.000224,0.018945,0.001532
15,0.003179,0.000769,0.027484,0.024389,0.002693,0.001484,0.002127,0.001578,0.005479,0.00153,-0.001111,0.003619,0.003757,0.005746,0.018503,0.000108
16,0.00344,-0.000576,0.025947,0.02513,0.00074,0.003657,0.002377,0.000961,0.003558,0.004804,0.005028,0.001337,-0.002622,-0.004376,0.016459,0.001052
17,0.002259,0.000752,0.028149,0.025396,0.004727,0.001969,0.003707,0.00126,0.00061,0.003405,0.0046,0.000725,-0.003389,0.000818,0.019395,0.001322
18,0.00136,-0.000417,0.028986,0.024251,0.002389,0.002805,0.003855,0.003347,0.000701,0.004358,0.003644,0.000958,0.001488,-0.001221,0.019489,0.000322
19,0.002227,0.000131,0.026816,0.025695,0.002007,0.002395,0.002393,0.003113,-0.000256,0.006376,0.004443,0.002403,0.000931,-0.000712,0.018266,0.001688
20,0.002638,0.000186,0.027517,0.026055,0.002699,0.004381,0.00309,0.003532,0.001944,-0.00072,0.000411,-8.3e-05,0.004456,0.000301,0.018005,0.001977
21,0.002692,0.000727,0.02781,0.024437,0.005463,-0.000383,0.001037,0.003507,0.003991,0.000358,9.3e-05,0.00646,0.004199,-0.003956,0.018406,0.000258
22,0.002701,0.001121,0.028576,0.024316,-0.000153,0.003187,0.007245,0.00225,0.002744,-0.001391,0.001841,0.002565,0.00388,0.000618,0.019014,0.000212
23,0.002885,-0.000994,0.0259,0.02419,0.001308,0.002318,0.000989,8.3e-05,0.004042,0.002875,0.00651,0.003032,0.003136,0.009304,0.016552,3.9e-05
24,0.002172,6.7e-05,0.02763,0.022667,0.0054,-0.00158,0.001525,9.9e-05,0.003668,0.004743,0.002717,0.007841,0.004861,-0.002659,0.018977,-0.001553
25,0.0014,-0.00216,0.027401,0.022125,0.002824,0.004129,0.001177,0.001221,0.002715,0.003209,0.001363,0.0012,0.005113,0.01335,0.017628,-0.002062
26,0.004057,-0.00057,0.03125,0.025639,0.001096,0.001853,0.000676,0.003707,0.002916,0.003241,0.004802,0.000986,-0.001196,0.006654,0.022374,0.00156
27,0.004354,-0.003718,0.029507,0.024065,0.002737,0.003674,-0.001994,0.005623,0.00064,0.001029,0.001095,0.001915,0.005488,0.001706,0.020275,5e-06
28,0.002461,0.000254,0.028057,0.022387,0.004383,0.003376,0.003892,0.001894,0.001423,0.001198,0.000356,-0.000149,-0.001481,0.005376,0.019249,-0.001808
29,0.002103,-0.000109,0.028232,0.023332,0.003614,0.002845,0.002289,0.003473,0.00213,-0.000273,0.00352,0.004311,0.000694,-0.003694,0.018668,-0.000776
30,0.003128,-0.000628,0.02898,0.023924,0.005982,0.003982,-0.001597,0.000156,0.002981,0.000833,0.000446,0.002322,0.003311,0.007713,0.020107,-0.000275
31,0.001383,-0.00127,0.02887,0.024483,0.006664,-0.002525,0.00468,0.00105,0.002964,0.002466,0.004073,0.005719,-0.002102,0.000286,0.019914,0.00039
32,9.1e-05,-0.001167,0.028419,0.021341,0.002104,0.005151,0.002682,0.002112,0.002093,0.00399,0.003793,0.000625,0.003004,0.003455,0.019171,-0.002888
33,0.003456,0.000981,0.027021,0.024222,0.00282,0.000625,0.004343,0.003221,0.00143,0.00074,0.005708,-0.001702,-0.000917,0.006217,0.017895,7.1e-05
34,0.000667,-0.002389,0.027736,0.022945,0.003658,0.001876,0.002354,0.003577,0.00216,0.002317,0.006438,0.003008,0.000156,-0.000722,0.018187,-0.001113
35,0.003361,-0.00058,0.029423,0.022571,0.004796,0.002388,0.00143,0.002334,0.000816,0.002262,0.003449,-0.000262,-0.003068,0.006228,0.020157,-0.001482
36,0.001875,-0.000244,0.029966,0.022538,0.001733,0.004439,0.002773,0.002743,-0.00035,0.004144,-0.000824,0.006551,0.001929,0.005408,0.02078,-0.001578
37,0.004028,-0.0002,0.02893,0.025142,0.002981,0.002755,0.001899,0.000685,0.002755,0.007928,-0.003187,-0.001916,0.001947,0.003128,0.01982,0.001049
38,0.005293,-0.000499,0.030228,0.02489,0.001404,0.002267,0.000999,0.003807,0.000434,0.002746,0.000906,-0.001519,0.004367,0.012372,0.020939,0.000929
39,0.004686,0.000244,0.030091,0.023827,0.001132,0.000803,0.000304,0.004125,0.008073,-0.000451,0.004301,0.001708,-0.002641,-0.001103,0.020567,-0.000316
40,0.001821,-0.001172,0.027701,0.024261,0.001368,0.003017,0.002753,0.005801,0.002447,-6e-06,-0.001137,0.003309,0.004634,0.01078,0.018262,-2.4e-05
41,0.003062,0.001356,0.030289,0.025522,0.003522,0.002487,0.002768,0.00022,0.001535,0.005445,2.3e-05,0.005533,-0.00019,-0.004172,0.020838,0.001477
42,0.002595,-0.000301,0.030791,0.02239,-0.000333,0.003947,0.002501,0.003689,0.003317,0.001022,0.002405,0.005997,0.001794,0.000767,0.0215,-0.001781
43,0.002473,0.000161,0.027476,0.023148,0.002244,0.00152,0.001685,0.001939,0.005197,0.002918,0.001761,0.005565,0.001378,0.000826,0.018597,-0.000954
44,0.00065,-0.000985,0.029679,0.023078,0.004141,0.001364,0.004082,0.001837,0.002947,0.002846,0.003642,0.004013,-0.001025,0.000799,0.019982,-0.001221
45,0.00239,-5e-06,0.029959,0.024462,0.000923,0.00279,0.003628,0.001726,0.00278,0.004197,-0.000678,0.003206,0.005658,0.005973,0.02057,0.000421
46,0.004726,0.000494,0.028593,0.025312,0.002098,0.001025,0.001943,0.001136,-0.000567,0.005646,0.00211,0.006136,0.001233,0.004342,0.019484,0.001283
47,-0.00039,6.2e-05,0.026241,0.025542,0.005088,-0.00074,0.001457,0.004944,0.005305,0.000446,0.002249,0.00792,0.002972,0.004753,0.016873,0.001468
48,0.000479,0.001538,0.02925,0.024903,0.00287,0.002358,0.004603,0.003783,0.00425,0.000941,-0.000328,0.000166,0.00479,0.006066,0.019021,0.000743
49,0.003229,-0.000637,0.028708,0.022055,0.002726,0.002265,0.00013,0.002435,0.002216,-0.000167,0.003742,0.005893,0.002596,0.012043,0.020164,-0.002094
50,0.002415,-0.001685,0.026136,0.023465,0.003247,0.001488,0.002897,0.005981,0.000773,0.003019,-0.000741,0.000331,0.001911,0.004513,0.01729,-0.000645
51,0.001445,-0.000362,0.027241,0.024977,0.002058,0.002399,0.002112,0.002544,0.003039,0.00486,0.000221,0.004733,0.005051,0.003137,0.01859,0.000986
52,0.001032,-0.003492,0.029471,0.022425,0.001931,0.001895,0.005157,0.002365,0.001204,0.001581,0.006366,0.00347,-0.001846,0.010725,0.020164,-0.001738
53,0.003863,-0.000807,0.028703,0.02418,0.00162,0.002461,0.004346,0.003098,0.001499,-0.000216,-0.000603,0.004349,0.002009,0.003631,0.019955,6.5e-05
54,0.002976,-0.000186,0.029301,0.023816,0.001429,0.003004,0.001998,0.004698,0.000465,0.004686,-0.002493,0.00677,0.003239,-0.002288,0.019691,-0.000162
55,0.00348,0.001482,0.029835,0.024031,0.000872,0.000663,0.003456,0.001864,0.00198,0.00142,0.001086,0.00754,0.011329,0.001335,0.020517,3e-06
56,0.002812,-0.001876,0.028263,0.022469,0.002035,0.000672,0.002916,0.000563,0.003836,0.003576,0.00404,0.003948,0.003227,0.003641,0.019304,-0.001673
57,0.002095,-0.001342,0.028439,0.022698,0.002121,0.000711,0.001578,0.001947,0.003853,0.00289,0.008217,0.004197,0.002242,-0.000979,0.018583,-0.001358
58,0.00185,-0.000966,0.027197,0.023052,0.003077,0.001114,0.003001,0.005492,0.003455,0.002353,0.000101,0.000673,0.004181,-0.003361,0.017347,-0.001223
59,0.003138,-0.000403,0.027911,0.024195,0.001528,0.002845,0.001851,0.004313,0.001916,0.004244,0.001599,0.000738,-0.003985,0.009835,0.018115,9.6e-05
60,0.005939,-0.001071,0.030614,0.02445,0.001663,0.001919,0.000804,-0.000551,0.004504,0.000209,0.001412,0.003587,0.009089,-0.000654,0.02113,0.000394
61,0.0013,-0.001515,0.028625,0.022951,0.003391,0.001052,0.005597,0.002189,0.000218,0.00204,0.00088,0.005231,0.003481,0.008199,0.019283,-0.001188
62,0.002775,0.000434,0.028884,0.023908,-0.000753,0.003937,0.003735,0.001193,0.005601,0.000629,0.000959,0.007463,-0.000706,0.005436,0.019477,-0.000184
63,0.001353,0.001787,0.027095,0.022348,0.001227,0.002967,0.001449,0.002327,0.003163,0.005552,0.005688,0.000843,0.004016,0.001755,0.017913,-0.001904
64,0.001198,-0.001134,0.028187,0.022475,0.001786,0.002664,0.003812,0.00243,0.004312,0.003105,0.004817,0.00038,-0.000897,0.000943,0.019004,-0.001612
65,0.000533,0.000105,0.029192,0.022441,0.002831,0.000793,0.001833,0.004677,0.007051,0.000773,0.001,0.003061,0.003602,0.008361,0.01928,-0.001695
66,-0.001601,0.001587,0.025834,0.024632,0.003916,0.004553,0.001133,0.002295,0.00334,0.001976,0.004549,0.005466,0.003763,0.003922,0.016508,0.000509
67,0.002697,0.000372,0.02943,0.025674,0.003789,0.002687,0.001624,0.001229,0.003822,0.003586,0.000866,-0.002992,0.002854,0.009304,0.019902,0.001659
68,0.003037,0.000825,0.029234,0.026367,0.000371,0.002423,0.005874,0.002661,0.000181,0.003258,0.002972,0.001141,0.001704,0.002945,0.020188,0.00239
69,0.0025,-0.00163,0.028023,0.022242,0.002837,0.001418,0.00202,0.00308,0.006189,-0.000349,0.001402,0.005248,0.000755,-0.000871,0.018851,-0.001928
70,0.001133,0.002758,0.027472,0.025785,-0.000747,0.005461,0.003153,0.005218,0.00214,0.003766,0.002962,0.001244,-0.004499,0.009409,0.018724,0.001745
71,0.00012,0.001539,0.028808,0.026035,0.003323,0.002723,0.001096,0.0058,0.002054,0.002932,0.004502,-0.001932,0.006211,0.00354,0.019556,0.001932
72,0.000554,0.000159,0.028894,0.025835,0.003475,0.003906,0.001154,0.002564,0.002529,0.002684,0.002577,0.004956,0.000902,0.005073,0.019062,0.001893
73,0.002646,-0.000303,0.025939,0.022188,0.000659,0.000271,0.003205,0.004144,0.003877,0.002902,0.00038,0.005085,0.002707,0.010842,0.016675,-0.002036
74,0.000113,0.00136,0.027433,0.022963,0.003424,0.001557,0.003544,0.004154,0.002466,0.004356,0.003296,-0.000568,0.004038,0.00055,0.018582,-0.001169
75,0.001658,0.001444,0.027526,0.025086,0.001615,0.000719,0.003591,0.001838,0.003798,0.005552,0.004464,0.003493,-0.002248,0.006814,0.018245,0.001101
76,0.002113,0.000298,0.029117,0.023147,0.001074,0.005243,0.001813,0.000147,0.001782,0.0046,0.001822,0.007574,0.002672,-0.002192,0.019664,-0.000922
77,0.002652,-0.000392,0.025958,0.023191,0.00265,0.001784,0.000491,0.003802,0.001727,0.003048,0.005573,0.003003,-0.002076,0.008598,0.016644,-0.000974
78,0.002831,-0.002241,0.028809,0.0263,0.002954,0.003463,0.000764,0.001214,0.002389,0.004342,0.003551,0.00044,0.003276,-0.001111,0.019296,0.002254
79,0.001617,0.002128,0.027026,0.025798,0.004189,-0.001349,0.000812,0.004898,0.004782,0.003729,0.00153,0.002308,0.00399,0.006986,0.017717,0.00187
80,0.00416,0.00062,0.029077,0.025863,0.001424,0.000248,0.004445,0.002365,0.000972,0.002406,0.000961,0.005713,0.001904,0.006642,0.019549,0.001845
81,0.003,-0.000502,0.030803,0.023534,0.004015,0.000153,0.003626,0.003966,0.004638,0.001712,-0.002438,-0.000422,-0.000146,0.007116,0.021525,-0.00054
82,0.005831,-0.001633,0.028792,0.021469,0.002309,0.000511,0.001872,0.003534,0.001273,0.003311,-0.000959,0.002644,0.002099,-0.000569,0.01962,-0.002772
83,0.001183,-0.00061,0.026715,0.025163,0.002856,0.002884,0.003169,0.004373,0.000771,0.006799,-0.000137,0.001613,-0.003332,0.003889,0.017306,0.00108
84,0.002279,0.000981,0.028926,0.022748,0.003734,0.001422,0.002814,0.003959,-0.000687,0.003054,0.004575,0.004054,-0.000776,-0.001856,0.019262,-0.00143
85,0.002528,0.000314,0.028019,0.022708,0.001269,0.0027,1e-05,0.002005,0.005722,0.003247,0.003283,0.00397,0.006493,-0.003708,0.018571,-0.001378
86,0.002792,-0.000522,0.027748,0.025644,0.002231,0.002947,0.00314,0.000872,0.001317,0.002367,0.000324,0.005527,0.004868,0.005434,0.017987,0.0016
87,0.007105,0.001449,0.029888,0.02605,0.002172,0.000182,-0.000644,0.002,0.002654,0.002744,0.003648,0.002798,-0.002541,0.005629,0.02117,0.002129
88,0.002254,-0.000119,0.028682,0.022478,0.003709,0.004513,0.000664,0.004153,-0.001082,0.003517,0.003106,-0.000473,0.005526,-0.00657,0.019255,-0.001729
89,0.002618,-0.000953,0.027788,0.023977,0.001617,-0.002044,0.00352,0.005696,0.003794,0.002782,0.00323,0.003324,0.00667,-0.004,0.018425,-5.6e-05
90,0.000212,-0.002012,0.028602,0.023465,0.002901,0.000342,0.004052,0.003894,0.003228,0.001807,0.00453,0.007546,-0.004525,0.009457,0.018489,-0.000685
91,0.000972,0.002054,0.026189,0.025932,0.003132,0.002003,0.004308,0.002976,0.000431,-0.000539,0.003216,0.004049,0.006724,0.009909,0.016533,0.001888
92,0.003905,-0.001758,0.027868,0.023284,0.001512,0.00151,0.002478,0.005045,0.003023,0.002083,-0.001173,0.004377,-0.000444,0.00066,0.01892,-0.000895
93,0.002625,0.0017,0.030611,0.022694,0.000929,0.002967,0.003805,0.00171,0.003508,0.004032,0.001655,0.002598,0.004118,-0.007611,0.021016,-0.001333
94,0.002996,-0.000686,0.027881,0.024968,0.002618,0.001949,0.001142,0.002551,0.001652,0.001904,0.000601,0.005277,0.006171,0.009959,0.018248,0.000932
95,0.003517,-0.000508,0.028149,0.024757,0.000838,-0.0002,0.003233,0.002377,0.005996,-0.002875,0.007465,0.002371,0.003901,0.009529,0.018657,0.000779
96,0.001188,0.000853,0.028666,0.024782,0.003686,0.002095,0.004919,0.002737,0.003075,-0.000744,0.003066,0.003332,-0.000339,-1e-05,0.019433,0.000697
97,0.0018,-0.000247,0.028055,0.023849,0.001144,0.004003,0.000135,0.00552,0.002137,0.002532,0.006453,0.000852,0.00379,-0.004841,0.018795,-0.000292
98,0.003928,-7.2e-05,0.030334,0.024847,0.000212,0.004154,0.001274,0.002956,0.002579,-0.003799,0.004323,0.005977,0.00616,0.006076,0.020438,0.000846
99,0.002625,0.00054,0.02906,0.02588,0.00147,0.003316,0.003674,0.002229,0.00224,0.004039,-0.002783,0.0012,0.004832,0.009381,0.019607,0.001867
100,0.002712,0.001919,0.028828,0.02538,0.003516,0.000752,0.00198,0.001267,0.002976,0.004984,-0.000989,0.004869,0.004376,0.004956,0.019916,0.001356
101,0.002511,-0.00196,0.028721,0.021921,0.001434,0.003581,0.000229,0.003257,0.004241,0.002222,0.000158,0.005882,0.005532,-0.001099,0.019523,-0.002295
102,0.000283,0.002239,0.028311,0.026356,0.00327,0.001521,0.005492,0.003675,0.001318,0.002167,0.004203,0.002448,0.00111,-0.000785,0.018631,0.002398
103,0.001425,0.000703,0.027852,0.022939,0.002649,0.001862,0.005406,-0.000895,0.002844,0.000432,0.002948,0.00526,0.007256,0.006323,0.018099,-0.00114
104,0.002732,0.002478,0.026998,0.024825,0.003766,0.002792,0.001119,0.003578,0.000338,0.003341,0.004302,0.001877,-0.001851,-0.001037,0.017857,0.000807
105,0.002983,-0.001352,0.028961,0.021654,0.002034,0.003433,0.001849,0.004731,0.001825,0.000357,0.00227,0.001225,0.001701,0.002863,0.019513,-0.002532
106,0.004416,-0.001512,0.028131,0.025464,0.002531,0.000657,-0.00098,0.003702,0.004133,0.00098,0.002644,0.007212,-0.001884,0.00756,0.019327,0.001415
107,0.002882,6.5e-05,0.027083,0.024594,0.003169,0.004452,0.003009,0.002144,-0.000547,0.001573,0.005682,-0.002211,-0.000334,0.001172,0.017912,0.000464
108,0.003365,0.002342,0.029432,0.024165,0.002399,0.00017,0.003605,0.002735,0.004772,0.001503,0.002568,0.000696,-0.001217,0.006912,0.020465,5.4e-05
109,0.002468,-0.002726,0.028389,0.020344,0.002428,7.8e-05,0.004733,0.002165,0.00623,0.001159,0.001903,-0.00082,0.006748,-0.003524,0.019037,-0.003897
110,0.000874,0.001007,0.027279,0.025251,0.000263,0.003047,0.002397,0.004074,0.003032,0.001424,0.004831,0.005147,0.006804,0.002499,0.01839,0.001342
111,0.002814,0.000136,0.026873,0.02557,0.001927,0.001615,0.002639,0.002584,0.003014,0.003245,0.004287,-0.000345,0.004985,-0.000762,0.018029,0.001606
112,0.00276,0.000318,0.030216,0.025828,0.002926,-7.4e-05,0.002137,0.001649,0.003406,0.004272,0.003856,0.000791,0.006595,0.003257,0.020767,0.001819
113,0.002314,-0.000229,0.029424,0.023106,0.002909,0.00067,0.000478,0.001485,0.004469,0.003299,0.003559,0.004292,0.00867,0.00105,0.019887,-0.001131
114,0.001796,-0.000187,0.026832,0.021253,0.001688,0.005515,0.00203,0.002825,0.000446,0.000142,0.007815,-0.002654,-0.000144,0.014829,0.017361,-0.00291
115,0.003671,-8.5e-05,0.027756,0.024965,0.004218,0.003142,0.001651,0.000513,-0.001211,0.003738,0.003858,0.00225,-0.000813,0.003947,0.017836,0.000808
116,0.002346,0.000798,0.028054,0.024324,0.002359,0.003855,0.001639,0.003451,9.2e-05,-0.00167,0.005615,0.000346,0.010332,0.005924,0.01967,0.000184
117,0.000792,-0.002591,0.027209,0.023846,0.001378,0.001784,0.003872,0.005335,0.002756,0.001888,0.003653,0.000487,0.00709,0.00051,0.018255,-0.000263
118,0.005157,0.00137,0.029344,0.024192,8.3e-05,0.0003,0.001998,0.003345,0.004674,0.001844,0.002927,0.002289,0.000693,0.006729,0.020122,-2.4e-05
119,0.002636,-0.001095,0.029979,0.022485,0.002989,0.002113,0.001133,0.002694,-0.00063,0.006085,-0.001021,0.003461,0.003745,0.017252,0.021016,-0.001742
120,0.001791,-0.001357,0.027326,0.026118,0.00201,0.003055,0.002419,0.00372,0.006693,-8.6e-05,-0.000846,0.00186,0.005069,-0.001111,0.01851,0.001953
121,0.002932,-0.000755,0.028504,0.021977,0.001155,0.002103,0.003079,0.001327,0.002617,0.004394,-0.000635,0.005503,0.005201,0.004858,0.019146,-0.002238
122,0.005718,-0.003877,0.03063,0.020905,-0.00027,0.00118,0.001693,0.001262,0.004038,0.000856,0.004357,0.004201,0.002443,0.006985,0.021268,-0.003344
123,0.002854,0.001029,0.027267,0.022104,0.002754,0.002035,0.003547,0.003518,0.000654,0.000942,0.002744,0.003016,0.005735,-0.006974,0.018651,-0.002028
124,0.000821,0.000189,0.027432,0.023995,0.002984,0.003312,0.001237,0.002666,0.002847,0.003547,0.004157,0.002431,0.000894,0.005847,0.018128,-0.000205
125,0.002145,-0.001216,0.026178,0.022578,0.002466,0.002584,0.002443,0.003216,0.003154,0.005587,0.002722,-0.004327,0.001335,0.002829,0.017083,-0.00164
126,0.000291,0.002029,0.029175,0.025572,0.000861,0.002847,0.002418,0.005737,0.002014,0.005221,0.002121,0.003392,0.004191,0.001557,0.019319,0.001583
127,0.001946,0.000582,0.026977,0.023942,0.001743,0.001698,-0.000179,0.002713,0.004979,0.004571,0.002699,0.001524,0.006887,0.010215,0.017087,-0.000172
128,0.002842,-0.001192,0.028011,0.024067,0.004972,0.002759,-0.000376,0.00329,0.003416,0.00225,-0.001797,-0.001291,0.00403,0.009035,0.018714,7e-05
129,0.001655,0.000968,0.028887,0.02355,0.002849,0.00336,0.003352,0.000288,0.001909,0.004391,0.001744,0.000393,0.006239,0.003778,0.019968,-0.000593
130,0.002724,-0.000941,0.027621,0.026011,0.00173,-0.000525,0.003628,0.004453,0.00189,0.005364,0.002527,0.002909,0.001253,0.0014,0.01862,0.002177
131,-0.0016,0.00138,0.027475,0.024366,0.002341,0.003667,0.005423,0.004561,0.002975,0.002183,0.004305,-0.000277,0.00103,0.002299,0.018301,0.000258
132,0.002792,0.001793,0.027925,0.024213,0.002442,8e-05,0.004519,0.002767,-0.000617,0.003805,0.00398,0.002303,0.004446,0.005319,0.018961,0.000213
133,0.002529,0.000653,0.029045,0.024512,0.000997,0.005035,0.003053,0.003052,0.001365,-0.002565,0.005015,0.00089,0.000187,0.016227,0.020233,0.000505
134,0.00334,0.000914,0.02725,0.025681,0.003293,0.003554,0.002748,-0.002309,0.004296,0.001359,0.004175,0.001025,0.000836,0.002272,0.018146,0.001777
135,0.000152,0.001628,0.027556,0.021722,0.003,0.002831,0.00038,0.003951,0.001517,0.005489,0.006081,0.002137,0.002668,0.003115,0.018712,-0.00258
136,0.001739,0.001619,0.029872,0.025087,0.002495,0.003072,0.001242,0.001575,0.001959,0.004677,0.001077,0.005601,0.005566,0.003491,0.02028,0.000911
137,0.00082,-0.002404,0.027225,0.025746,0.002413,0.0014,0.004711,0.004881,0.003658,0.002465,0.00458,-0.002567,-0.000154,0.001484,0.0184,0.001802
138,0.003819,0.001257,0.029545,0.023943,0.002879,-8.1e-05,0.002769,0.003388,-0.002329,0.006106,0.004728,0.001452,0.002813,0.002174,0.020249,-0.000199
139,0.003509,-0.000468,0.02944,0.024885,0.002708,0.00391,0.002959,-0.000157,-0.001114,0.004057,0.003038,0.003093,-0.001658,0.008394,0.020203,0.000849
140,0.001681,0.00197,0.027965,0.023999,0.00197,0.003759,0.003741,0.002225,0.00263,0.002685,0.001731,0.001074,-0.000573,0.007968,0.018718,-8.3e-05
141,0.003536,0.002287,0.028968,0.023867,0.002173,0.002888,0.003647,0.001497,9e-05,0.004194,-0.000737,0.00596,0.001102,-0.001367,0.01962,-0.000239
142,0.003647,-0.00122,0.031548,0.0218,0.001842,0.004074,0.000275,0.003719,0.003519,-0.000507,0.000196,0.004535,-0.0013,0.00976,0.022504,-0.002451
143,0.002196,0.001676,0.030676,0.02505,0.003756,0.002337,0.003019,0.000494,0.000265,0.005376,0.00291,0.00211,0.002557,0.002101,0.021001,0.000918
144,0.000989,0.00045,0.026768,0.025193,0.002483,0.003129,0.003629,0.000173,0.005239,0.002367,0.000531,0.00196,0.006914,0.004472,0.017468,0.001121
145,0.00036,-0.002565,0.02808,0.023132,0.003424,0.003345,0.004645,0.001515,0.001365,0.003008,0.003732,-0.000307,0.001772,0.006852,0.018668,-0.001024
146,0.003722,0.001137,0.028695,0.02631,0.000662,0.001874,0.000255,0.003752,0.006972,0.003485,0.002435,0.001739,-0.005691,0.007933,0.018949,0.002411
147,0.000646,0.000725,0.029102,0.025071,0.002693,0.004069,0.002939,0.001177,0.001298,0.001525,0.005628,0.003764,0.000836,0.010286,0.019649,0.000831
148,0.000954,-0.000665,0.028968,0.02279,0.002081,0.00342,0.003003,0.000981,0.003408,0.003291,0.004131,0.002656,0.002406,0.004391,0.020127,-0.00128
149,0.002207,0.002817,0.028135,0.02403,0.003172,0.001202,0.004881,0.003275,-0.000805,0.000444,0.003476,0.005196,0.005028,-0.002144,0.018825,-0.000134
150,0.001429,-0.001389,0.031541,0.023665,0.004101,0.004083,0.001937,0.004003,0.001949,-0.000156,0.002709,-0.000348,0.001744,0.002484,0.02242,-0.000455
151,0.001533,0.00096,0.027956,0.023588,0.00091,0.002677,0.001478,0.001288,0.00627,0.003413,-0.000239,0.007551,0.005866,0.004622,0.018481,-0.000426
152,0.000937,-0.000454,0.02644,0.0257,0.001963,0.00318,0.000565,0.003418,0.003949,0.00064,0.004223,0.003578,0.007341,0.007397,0.017207,0.001591
153,0.00504,0.000104,0.028954,0.023114,0.003301,0.001553,0.003787,-0.001694,0.004458,0.000912,0.001912,0.002246,-0.000694,-0.001737,0.019581,-0.000986
154,0.002883,0.000951,0.028412,0.024597,0.003562,0.002491,0.001864,0.003444,0.002804,0.001075,-0.00296,0.002408,0.005411,0.006303,0.018822,0.000575
155,0.000998,-0.000254,0.029509,0.023242,0.002958,0.003993,0.002302,-0.001069,0.005776,0.002077,0.003943,0.00027,0.00405,0.006472,0.020342,-0.000816
156,0.004816,-0.00184,0.029474,0.022508,0.003829,0.001895,0.002485,0.003562,0.00187,0.000747,0.003281,-0.002622,-0.003956,-0.001981,0.019906,-0.001601
157,0.003604,0.002635,0.028646,0.023154,0.000974,0.00438,0.000114,0.004312,0.000734,0.004034,0.001672,0.000457,0.004968,0.001079,0.019844,-0.001047
158,0.004278,0.001182,0.029714,0.024399,0.001827,0.001897,0.001541,-0.001042,0.005999,0.003815,0.003357,6.9e-05,0.002701,0.002134,0.020352,0.000355
159,0.001788,-0.000503,0.028289,0.022523,0.001241,0.0007,0.003478,0.001557,0.001308,0.005081,0.004442,0.008583,0.002146,0.005512,0.018643,-0.00156
160,0.000247,0.000323,0.026972,0.02595,0.002469,0.004021,0.000972,0.003185,0.004009,0.003618,0.003078,0.000734,0.004153,0.00495,0.017678,0.001876
161,0.001279,0.002748,0.027566,0.02664,0.002671,0.004751,0.00097,0.002257,0.003228,-0.002293,0.007718,0.002295,0.004756,0.001416,0.018463,0.002651
162,0.003478,0.00073,0.026885,0.022774,0.003657,2.1e-05,0.002455,0.001087,0.002581,0.003136,0.006106,0.00063,0.002182,-0.000452,0.018012,-0.00142
163,0.00213,-0.001373,0.029045,0.023647,0.004438,0.001641,-7.8e-05,0.003134,0.003361,0.003546,0.001172,0.004414,-0.002529,0.008988,0.019877,-0.00033
164,0.00446,-0.000677,0.029691,0.02243,-0.000641,0.003373,0.003676,0.002784,0.000373,0.001076,0.000792,0.00606,0.005832,0.000874,0.020299,-0.001732
165,0.00158,0.000888,0.030177,0.023074,0.002549,0.003683,0.00233,-0.000218,0.001753,0.001284,0.003483,0.004507,0.011539,0.002919,0.021005,-0.001072
166,0.001757,0.002952,0.027569,0.024879,0.004093,0.003159,0.003548,0.000598,0.003603,0.003674,-0.000178,-0.000691,-0.002638,0.01041,0.018394,0.000854
167,0.000689,0.001639,0.028367,0.024799,0.002211,0.00329,0.003227,0.003981,0.002876,0.003496,0.000388,0.001939,0.003431,0.001633,0.019145,0.000793
168,0.002765,0.000687,0.028549,0.025085,0.00104,0.002941,0.003049,0.002427,-0.001613,0.004618,0.005342,0.000418,0.001669,0.015503,0.019311,0.000934
169,0.000261,0.001902,0.027526,0.025573,0.003613,0.000733,0.005373,0.005105,-0.000823,0.004674,-0.004693,0.006416,0.009232,0.001756,0.017899,0.001611
170,0.001368,-0.000756,0.028421,0.023223,0.002426,0.003797,0.004735,0.002402,0.004753,0.001916,-0.002622,0.003089,0.000396,-0.002273,0.0196,-0.000923
171,0.001012,0.001564,0.02637,0.026269,-0.000975,0.002573,0.003595,0.003758,0.004342,0.000866,0.003042,0.006895,0.009044,0.002575,0.017086,0.002363
172,0.001807,-0.000343,0.027557,0.025324,0.003086,0.004565,-0.000408,0.001963,0.003557,0.003329,0.00087,0.00348,0.001471,0.006444,0.018409,0.001255
173,0.003279,-0.002085,0.026655,0.025738,0.004212,0.001581,0.00191,0.001391,0.002345,0.003373,0.000586,0.001821,0.001676,0.003914,0.017478,0.001791
174,0.002222,-0.000854,0.028383,0.022775,0.002565,0.003669,0.001618,0.004732,0.001349,0.003356,0.001218,-0.000414,0.003884,-0.00189,0.018832,-0.001395
175,0.001355,-0.001486,0.027578,0.024379,0.003064,0.003034,0.001969,0.004176,0.00593,0.000105,-0.003243,0.001713,0.004123,0.009532,0.018675,0.000261
176,-0.000756,-0.000696,0.026253,0.025564,0.000755,0.005289,0.002585,0.001456,0.004429,0.002416,0.00737,0.003531,-0.001294,0.009767,0.017338,0.001489
177,8e-06,-0.001046,0.026616,0.025241,0.005686,0.000715,0.002229,0.00465,0.005609,0.000384,0.0018,-0.001977,0.003511,0.006069,0.017089,0.001075
178,0.000982,-0.00027,0.027658,0.022447,0.00217,0.004333,0.004299,0.007008,0.000954,-0.001,0.004192,0.003148,-0.009499,0.000651,0.017722,-0.001781
179,0.003933,0.000723,0.028239,0.024393,0.005953,0.000502,0.000695,0.001901,0.002498,0.002826,0.001931,0.001108,0.000136,-0.003181,0.019636,0.000415
180,0.002547,0.001765,0.028317,0.027286,0.003275,0.003379,0.004132,0.003872,0.000462,0.001872,-0.003285,0.00328,-0.001251,0.006204,0.018431,0.003321
181,0.002463,0.000402,0.025447,0.024597,0.003704,0.003285,0.002778,0.001449,0.003255,0.00497,-0.000908,-0.000532,-0.00079,-4.3e-05,0.016398,0.00048
182,0.002971,-0.001535,0.027988,0.021592,0.003348,0.002479,0.000788,0.001297,0.000411,0.005043,0.001946,0.000843,0.009875,0.001999,0.018924,-0.002734
183,0.002117,-0.000576,0.027572,0.021857,0.002804,0.000832,0.002706,0.003883,0.002701,0.005903,0.00127,-0.0025,0.006168,0.000297,0.018246,-0.002338
184,0.003562,-0.001455,0.02681,0.026072,0.002847,0.000955,0.002349,0.002219,0.001441,0.002932,0.004757,0.001537,0.001175,0.004056,0.018398,0.002221
185,0.003801,0.000394,0.028368,0.022949,0.002692,-1.7e-05,0.004228,0.003654,-0.001297,0.000262,0.003235,0.00422,0.00159,0.013225,0.019517,-0.001193
186,0.002263,0.000779,0.028993,0.025967,0.0035,0.003761,0.003565,0.001212,0.005625,-0.001414,-0.001997,0.004216,0.001294,-0.001353,0.019218,0.0019
187,0.000984,-0.002057,0.027757,0.022256,0.003339,0.000848,0.005248,0.002136,0.003242,0.00252,0.000845,0.002571,0.005614,0.000271,0.018404,-0.001994
188,0.00266,-0.001425,0.028083,0.023163,0.002887,0.002683,0.003442,-0.000765,0.005012,-0.000593,0.004634,0.001408,0.005925,-0.002575,0.018973,-0.001039
189,0.003913,-0.00202,0.028091,0.025205,0.002651,0.001309,0.000142,0.002725,0.003924,0.000766,0.004379,0.002623,0.00233,0.004639,0.018945,0.001134
190,0.002038,-0.000352,0.027839,0.024686,0.00283,0.001929,0.002143,0.003303,0.0041,0.003715,0.001814,-0.000549,0.002811,0.000842,0.018486,0.000539
191,0.003587,0.001779,0.028306,0.024913,0.002308,0.002747,0.001577,0.002773,0.000493,0.003572,0.004881,-0.001157,0.001777,0.003829,0.018232,0.000835
192,0.003052,-0.001248,0.028068,0.023825,0.000605,0.002869,0.001646,0.003501,0.002847,0.002822,0.004725,0.004374,-0.0021,0.001355,0.018723,-0.000375
193,0.003097,0.001296,0.029747,0.024093,0.002454,0.000539,0.001612,0.005408,0.000577,0.002723,0.002548,-0.002613,0.008607,0.012761,0.020445,-7.2e-05
194,0.003627,0.000866,0.02847,0.023684,0.004524,0.000355,0.000661,0.004423,0.002734,-0.00107,0.005205,0.000271,0.001842,0.003015,0.019171,-0.000326
195,0.004166,-0.00044,0.027392,0.025239,0.002293,0.003956,0.000918,0.001759,0.002857,0.000539,0.003395,0.001155,0.000687,0.001278,0.018149,0.001314
196,0.001512,-0.002698,0.029409,0.023768,-0.00105,0.006067,-0.00031,-2.7e-05,0.007954,0.000722,0.002312,0.007856,0.009016,0.003386,0.020134,-0.000314
197,0.003016,-0.001369,0.025928,0.024257,0.00275,0.001904,0.001732,0.00238,0.002751,0.001494,0.005624,0.002968,-0.000184,0.000123,0.01706,0.000219
198,0.001296,-0.001317,0.02744,0.024213,0.003895,0.005241,0.000231,0.000707,0.0006,0.0032,0.003229,0.004758,0.001382,0.006872,0.01854,3.1e-05
199,0.001872,0.004482,0.029217,0.025802,0.002733,0.000186,0.001795,0.003879,0.002989,0.004666,0.000519,0.005505,0.006475,-0.000272,0.020285,0.001644
200,0.002456,0.001137,0.030133,0.023432,0.00271,0.002922,0.001877,0.002603,0.003508,-0.001258,0.001541,0.004315,0.005729,0.004571,0.020817,-0.000615
201,0.003244,-0.000701,0.029566,0.022805,0.000996,0.004351,0.001413,0.002015,0.00134,0.004955,1.5e-05,0.001354,0.005663,0.005133,0.019644,-0.001438
202,-3.2e-05,-0.000161,0.027405,0.023748,0.002435,0.002503,0.005341,0.006461,0.002996,0.002895,0.000633,-0.001479,5.8e-05,-0.00177,0.017961,-0.000248
203,0.002814,0.002217,0.027394,0.025266,0.00294,0.002845,0.000872,0.002099,0.002155,0.005131,-0.001641,0.004858,0.004533,0.000221,0.01773,0.001285
204,0.000347,0.001618,0.026417,0.024286,0.001053,0.003373,0.00349,0.002285,0.003419,-0.000916,0.006217,0.003637,0.010184,0.003441,0.017006,0.000147
205,0.002468,-0.000213,0.028965,0.02488,0.001214,0.003636,0.004281,-0.001188,0.004125,0.003076,-0.000677,0.005072,0.002246,0.008531,0.019632,0.000775
206,0.002851,-0.001445,0.030092,0.024223,0.003127,0.002574,0.003804,0.002543,0.001522,0.00235,0.000456,-0.001681,0.005089,0.001659,0.021106,0.000159
207,0.003237,-0.001507,0.029308,0.020371,0.002064,0.001599,0.005487,0.000153,0.001778,0.002058,0.000269,0.006631,0.00139,0.003256,0.020197,-0.003801
208,0.000394,-0.002345,0.02817,0.020926,0.005119,0.001409,0.001272,0.006827,-0.000682,0.002722,0.004833,-0.000285,0.003801,0.001796,0.01925,-0.003393
209,0.005125,0.001587,0.027628,0.022248,0.00287,0.00274,0.002959,0.002404,0.000359,0.002155,-0.002952,0.002293,-0.000986,0.007184,0.018427,-0.00202
210,0.000264,-0.001739,0.026066,0.024027,0.0022,0.003548,0.002338,0.003456,0.006358,0.000386,0.000747,0.002365,0.006061,0.001567,0.017455,4.7e-05
211,0.001731,-0.001164,0.02995,0.023891,0.003504,0.000148,0.001889,0.001563,0.004512,0.002775,0.007487,-8.5e-05,0.003512,0.004501,0.021274,-0.000295
212,0.003357,0.001522,0.027415,0.022428,0.001346,0.000353,0.003158,0.003027,0.001858,0.003521,0.001049,0.004944,0.001588,0.012524,0.017728,-0.001702
213,0.003261,-0.000838,0.028902,0.02436,0.004179,0.00271,0.001798,0.001879,0.001909,0.003894,0.00399,-0.000501,-0.004563,-0.002456,0.019707,0.000148
214,0.004424,-0.001008,0.029983,0.023433,0.001069,0.00151,0.001761,0.002453,0.000123,0.002361,0.002687,0.004133,0.007539,0.008912,0.020759,-0.000632
215,0.002277,0.001163,0.028756,0.023665,0.001737,0.002333,0.001111,0.002313,0.001615,0.006186,0.001796,0.004642,0.003882,0.005569,0.018887,-0.000423
216,0.001381,-0.000293,0.02784,0.023713,0.001655,0.004685,0.003652,0.002488,0.004052,0.002951,-0.003061,0.001207,0.003492,0.005658,0.018906,-0.00039
217,0.003763,-0.002741,0.029312,0.023095,0.00034,0.001987,0.004195,0.000975,0.001542,0.000237,0.006787,0.003203,0.004686,0.004045,0.020498,-0.001108
218,0.001683,-0.001027,0.027688,0.025839,0.003714,0.005895,0.00226,0.00086,0.004115,-0.000176,0.002276,-0.000292,0.001114,-0.003584,0.01857,0.001799
219,0.002028,-0.000608,0.026768,0.025569,0.004087,0.001664,0.002061,0.001785,0.001421,0.001474,0.003957,0.004055,0.003478,0.0056,0.017434,0.001636
220,0.000743,-0.001059,0.025734,0.022295,0.003786,0.002581,0.001763,0.006286,0.002039,0.000923,0.002239,0.004049,0.002629,-0.00708,0.016742,-0.001871
221,0.003454,-2.7e-05,0.029636,0.023149,0.000457,0.001321,0.004472,0.002298,0.001606,0.001544,0.002846,0.006203,0.001265,0.007341,0.020779,-0.000969
222,0.002202,0.000196,0.025883,0.02379,0.003832,0.002985,0.000905,0.001486,0.003992,0.004766,0.000165,0.000761,0.002385,0.0013,0.016877,-0.00037
223,0.000643,-1.9e-05,0.027612,0.021191,0.000545,0.001312,0.003124,0.003482,0.00271,0.004862,0.00298,0.001959,0.012634,0.006481,0.017697,-0.003017
224,0.003338,0.001115,0.026572,0.024039,0.002911,0.005169,0.00055,0.002154,0.00177,0.000849,0.003755,-0.003042,0.001493,0.00796,0.017124,-1.5e-05
225,0.002865,0.001251,0.030476,0.026311,0.002494,0.001701,0.002963,0.004699,0.00067,0.003203,0.001127,-0.002641,0.006404,0.005713,0.020904,0.002331
226,0.002975,-7.1e-05,0.027629,0.0242,0.00272,0.004775,-4.3e-05,0.000654,0.002982,0.001731,0.000421,0.006095,0.003158,0.003594,0.01848,0.000202
227,0.003798,0.000803,0.027881,0.024696,0.001635,0.00272,0.001681,0.002417,0.000986,0.002952,0.001596,0.004831,-0.002457,0.013957,0.018573,0.000505
228,0.001971,-0.001622,0.030208,0.021372,0.000943,0.002118,0.003097,0.005556,0.001899,0.001337,0.00389,0.001055,0.002029,0.008839,0.020988,-0.002789
229,0.001885,0.001296,0.02793,0.02383,0.000943,0.002882,0.00152,0.003887,0.003592,0.001528,0.004557,0.003271,0.004512,0.001885,0.018514,-0.000129
230,0.000949,0.001941,0.030323,0.0239,0.0046,0.000915,0.004587,0.002982,0.001269,0.001169,0.000959,0.004335,0.00148,0.008036,0.020941,-0.00018
231,0.002343,0.000623,0.028688,0.024783,0.004144,0.000823,0.000282,4.8e-05,0.001549,0.0039,0.008203,0.005474,0.008098,-0.007891,0.019425,0.000807
232,0.001176,-0.000377,0.029633,0.021897,0.004601,0.00411,0.000924,0.000232,0.003402,0.002341,0.002387,0.000724,0.007382,-8.2e-05,0.02054,-0.002451
233,0.002225,-0.000828,0.027917,0.023472,0.002752,0.002062,0.005284,0.001597,0.000766,0.000834,0.004566,0.003689,0.001085,1.3e-05,0.018697,-0.000629
234,0.003309,0.002971,0.031439,0.026758,0.001521,0.001145,0.001945,0.006041,0.001543,0.004062,0.001675,0.001333,0.001392,0.00075,0.022618,0.002706
235,0.00242,0.001765,0.028178,0.024203,0.004467,0.000854,0.001459,0.001789,0.004091,0.002599,0.003554,-0.001251,0.004817,0.002766,0.018916,0.000114
236,0.003458,-0.000682,0.028282,0.027666,0.003657,0.002557,-0.000973,0.003509,0.001392,0.002592,0.002596,0.000997,0.005774,0.003027,0.019094,0.003789
237,0.000991,-0.001217,0.026455,0.025133,0.00108,0.000933,0.001557,0.004511,0.002987,0.005402,0.003609,0.004019,0.006002,0.006088,0.016696,0.001103
238,0.002552,0.001201,0.028556,0.024518,0.001234,0.002616,0.000485,0.002262,0.002703,0.005787,0.002068,0.007535,0.002039,-0.000173,0.018986,0.000372
239,0.003238,0.000844,0.027277,0.025493,0.001575,0.004536,0.0016,0.002787,0.000499,0.005818,-0.000114,0.000251,0.003566,-0.000453,0.017545,0.001456
240,0.002337,0.000156,0.029391,0.023051,-0.000404,0.00396,0.003469,0.002088,0.001617,0.002903,0.006584,0.003456,-0.002533,0.008104,0.02002,-0.001157
241,0.002815,-0.002792,0.027753,0.022476,0.000791,0.000451,0.005101,0.002259,0.003086,0.003771,0.00092,0.000606,0.0087,0.003796,0.018461,-0.001588
242,0.002061,-0.001476,0.026543,0.024461,0.003094,0.003127,0.003279,0.001433,0.000215,0.007476,0.003354,-0.002116,-0.000131,0.000133,0.016945,0.000398
243,0.003205,0.001199,0.028364,0.023174,0.003481,0.000473,0.003368,0.003911,0.002223,0.001048,0.002929,0.002993,-0.003559,0.002689,0.018754,-0.000985
244,0.004465,-0.002818,0.030512,0.02291,0.002393,0.001891,0.002278,0.000998,0.002942,0.000431,0.003042,-0.000525,0.004494,0.008833,0.021045,-0.0012
245,0.003919,-0.001673,0.029752,0.023417,0.002668,0.001713,0.001044,0.002801,0.002322,0.002348,0.003169,0.003146,0.002668,-0.002816,0.019671,-0.000845
246,0.001951,-0.000586,0.028453,0.023641,0.003173,0.003714,0.002302,0.004685,0.001563,-0.001096,0.000623,0.003508,0.004602,-0.000349,0.018406,-0.000432
247,0.00277,-0.002322,0.028696,0.021211,0.000718,0.00126,0.001973,0.005707,0.004835,0.0011,0.004085,0.000865,0.002912,-0.000342,0.019855,-0.002947
248,0.00303,0.001405,0.027902,0.026967,-0.000368,0.003208,0.005421,0.000125,0.004555,-4.6e-05,0.003365,0.002169,0.003975,0.005797,0.019038,0.003046
249,0.003072,0.000218,0.030607,0.023387,0.001902,0.004217,0.000355,0.003245,0.000641,0.0035,0.000337,0.006257,-0.000569,0.006907,0.020661,-0.000681
250,0.002595,-0.001318,0.029042,0.023245,0.001007,0.000931,0.004456,0.00191,0.001336,0.007479,-0.000277,0.005171,0.002165,0.003317,0.020396,-0.000885
251,0.003823,-0.000998,0.028296,0.025104,0.001701,0.000714,-0.000638,0.003912,0.005858,-0.001687,0.006228,0.001559,0.00861,0.002372,0.019017,0.000923
252,0.004782,0.000594,0.028906,0.021589,-7e-05,0.00197,0.002679,0.004546,0.004179,-0.001134,0.001524,0.001315,0.001628,0.007938,0.01958,-0.002472
253,0.001237,0.000544,0.025299,0.023874,0.002093,0.003091,0.002679,0.003144,-0.000432,0.003697,0.004065,0.002109,0.003031,0.013486,0.016067,-0.000221
254,0.001029,-0.001786,0.027321,0.023501,0.002831,0.002972,0.003269,0.004132,0.006618,0.000927,0.000988,0.00279,-0.004276,-0.005941,0.01813,-0.000632
255,0.002574,-0.000235,0.028501,0.024921,0.003307,0.004743,0.003692,0.000894,0.00147,0.002857,0.001654,-5.6e-05,-0.005033,0.003984,0.019789,0.000944
256,0.000615,-0.000356,0.026324,0.021157,0.00135,0.002726,0.001571,0.005027,0.0052,0.003647,0.002816,-0.001335,0.005339,0.003787,0.017363,-0.003062
257,-0.000448,0.001797,0.028293,0.024286,0.003198,0.003918,0.002096,0.006239,0.001924,0.0019,0.002171,-0.002405,0.007882,0.002494,0.018464,9.5e-05
258,-0.000478,-0.000656,0.02742,0.023019,0.002285,0.003992,0.004193,0.001426,0.004376,0.002591,0.003134,-0.001806,0.006704,0.00691,0.018361,-0.00108
259,0.003739,0.001693,0.028556,0.024864,0.000927,0.001627,0.002964,0.002425,0.001623,-0.000239,0.0047,0.003751,0.003325,0.012577,0.019,0.000786
260,0.003361,0.001486,0.0273,0.025162,0.003117,0.001754,0.002263,0.003939,-0.000585,0.005262,0.000104,0.002021,0.002535,-0.000174,0.018533,0.001031
261,0.001605,-0.000618,0.027837,0.024216,0.004021,0.002563,0.0033,0.000976,-0.000282,0.001805,0.006237,0.006109,-0.002567,0.003876,0.018107,9.8e-05
262,0.001462,0.000758,0.027557,0.025831,0.002571,0.002539,0.005537,0.002796,0.0007,0.001904,0.00283,0.005456,-0.001372,-0.003567,0.018192,0.001871
263,0.003654,0.001076,0.028713,0.025243,0.002104,0.002904,0.004537,0.001819,-0.000159,0.002657,-0.001434,0.006128,0.000553,0.001189,0.019245,0.001154
264,0.003295,-0.001146,0.028531,0.020706,0.001805,0.000872,0.00179,0.005242,1.6e-05,0.003823,0.006308,0.000477,-0.000748,0.006036,0.01928,-0.003474
265,0.001893,0.001824,0.026638,0.024318,0.002312,-0.001544,0.002553,0.001815,0.004043,0.001448,0.005963,0.007328,0.007043,0.009302,0.01814,0.000328
266,0.003928,-0.001281,0.029605,0.022158,0.003726,0.002729,0.000883,-0.001213,0.004205,0.002739,0.002869,-0.001062,0.003373,0.005972,0.020162,-0.002082
267,0.000519,0.001873,0.027244,0.026012,0.002218,0.003606,0.005291,0.001862,-0.00013,0.002775,0.00481,0.003153,0.003248,-0.000399,0.017808,0.001909
268,0.004695,-0.000398,0.027507,0.025867,0.00257,0.001597,-0.000886,0.000565,0.004678,0.000651,0.000851,0.007864,0.007034,0.002607,0.01812,0.001788
269,0.002814,-0.001685,0.029672,0.02412,0.001802,0.001038,0.002878,0.002674,0.003351,0.002374,0.002665,0.003236,0.000581,0.009954,0.020097,-2e-06
270,0.003787,0.000778,0.026914,0.025717,0.002619,7e-05,0.003147,0.005226,0.005539,-0.002155,0.004682,0.004369,-0.008128,-0.004803,0.018071,0.001795
271,0.002914,0.000159,0.028092,0.022896,0.004141,0.001724,0.001551,0.000564,0.002355,0.004593,0.001388,0.001315,0.002174,0.007383,0.019226,-0.00132
272,0.001342,-0.002487,0.028208,0.02336,0.004609,0.004553,0.000187,0.002215,-0.000552,0.003969,0.004457,0.0013,0.002564,0.001431,0.019005,-0.00089
273,0.003513,0.001363,0.028434,0.023812,0.004257,0.005695,0.000807,0.002044,0.001176,-0.002329,0.002731,-0.000483,0.002662,0.000189,0.018837,-0.000257
274,0.003611,0.001941,0.028479,0.023699,-0.001662,0.003255,0.001902,0.00339,0.003937,0.002778,0.002632,0.007493,-0.000847,0.003523,0.019768,-0.000436
275,0.003868,0.001918,0.028109,0.024428,-0.000262,0.001635,0.003173,0.004498,0.003642,0.001853,-0.001293,0.003458,0.006169,0.003297,0.018822,0.000248
276,0.00098,-0.000635,0.027968,0.025281,0.00303,0.001019,0.003518,0.003839,0.002424,0.002083,0.003677,0.004146,0.006806,-0.007135,0.019096,0.001234
277,0.003044,-0.001003,0.030648,0.023071,0.002409,0.001078,0.003094,0.002762,0.004424,0.002578,-5.9e-05,0.000406,0.006847,-0.001523,0.021517,-0.001086
278,0.000951,0.000168,0.027922,0.023569,0.004019,0.001601,0.002281,0.002651,0.004748,0.002487,0.002218,0.004036,-0.001319,0.00239,0.018467,-0.000561
279,0.000823,0.000462,0.028716,0.024863,0.001522,0.004384,0.002726,0.00253,0.005573,0.001331,0.00092,0.006212,0.001702,-0.005522,0.019343,0.000838
280,0.001445,-0.000713,0.028514,0.027534,0.004817,0.002939,0.00128,0.001861,0.002219,0.002816,0.000642,0.005811,-0.000364,0.003221,0.019332,0.003503
281,0.003897,-0.001628,0.029212,0.024766,0.001841,0.001912,0.002127,0.001525,0.003556,0.000901,0.003984,0.00252,1e-06,0.008055,0.02024,0.000622
282,0.002195,-0.000292,0.028977,0.023491,0.001057,0.00556,0.005403,0.000381,0.00016,0.000992,0.000633,0.002497,0.004674,0.007993,0.019503,-0.000588
283,0.002103,-0.000412,0.027396,0.022565,0.002269,0.005285,0.002259,-0.001988,0.004627,0.004014,0.001364,0.001796,0.002157,0.003007,0.018403,-0.001611
284,0.001634,-0.002507,0.027197,0.023661,0.001894,0.002942,0.00221,0.006097,0.00295,0.004211,0.00325,-0.002704,-0.001844,-0.000181,0.018247,-0.000491
285,0.004133,0.000258,0.027495,0.025914,0.002582,0.002494,0.001419,4e-05,0.006289,0.002603,-0.001,0.001132,0.002574,0.003307,0.01813,0.001726
286,0.004309,-0.001381,0.027583,0.025107,0.002337,0.000119,0.002984,0.001325,0.002623,0.001726,0.005202,0.00507,0.003203,-0.008252,0.018058,0.001067
287,0.000588,0.001376,0.02778,0.026793,0.00425,0.003045,0.002454,0.001597,0.00418,0.001419,0.001537,0.004955,0.004375,-0.005544,0.018547,0.002804
288,0.002185,-0.002256,0.027881,0.024264,0.000862,0.005195,0.005768,0.001575,0.00059,0.002055,-0.000194,0.003158,0.002804,-0.001154,0.01898,0.000116
289,0.002038,-0.001966,0.028004,0.027598,0.002405,0.002649,0.000378,0.00292,0.004441,0.001148,0.006365,0.001697,0.001114,0.004641,0.019256,0.00363
290,0.000801,5.1e-05,0.027118,0.0245,0.002431,0.002932,0.002599,0.00278,0.004033,0.002343,0.002181,0.004273,0.004699,-0.00299,0.018043,0.000391
291,0.001089,0.001828,0.028384,0.024613,0.003097,0.000651,0.00152,0.003683,0.002001,0.00354,0.004948,0.006025,0.003238,0.00299,0.018909,0.000466
292,0.003635,-9.8e-05,0.028739,0.024147,0.000527,0.002817,0.002036,0.00171,0.005748,0.001448,0.002564,0.003124,0.000361,0.002845,0.019311,6.9e-05
293,0.003452,0.001435,0.029299,0.026573,0.003485,0.005364,0.001435,0.001765,-0.001766,-0.000154,0.0047,0.001814,0.003876,-0.002124,0.020062,0.002527
294,0.002879,-0.002065,0.028351,0.023943,0.002032,0.003364,0.002009,0.002428,0.003038,0.002445,0.001796,0.002785,-0.001749,0.005727,0.01952,-0.000101
295,0.005241,0.001665,0.028881,0.025725,0.003535,0.003008,0.001114,0.001894,0.003502,-0.000662,0.002304,-0.002238,-0.000502,0.00196,0.019696,0.001812
296,0.00354,0.00065,0.030679,0.025088,0.002519,0.001248,0.002673,0.001183,0.005184,0.000612,0.001257,0.004312,0.004312,-0.0023,0.021425,0.000966
297,0.000524,0.003351,0.027994,0.026685,0.002331,0.00285,0.003486,0.001543,0.000209,0.006927,0.002119,0.001149,0.005985,0.01053,0.01863,0.002574
298,0.001786,-0.000399,0.028549,0.024258,0.002441,0.00333,0.003128,0.003243,0.001099,0.001662,0.003493,0.00066,0.004963,0.001089,0.018422,0.000207
299,0.00368,0.00122,0.028495,0.025357,0.001243,0.0062,0.000943,0.001005,0.000623,0.002216,0.002384,0.003143,0.002405,0.001806,0.018498,0.001393
300,0.002049,0.000596,0.026886,0.022262,0.002628,0.003032,0.003719,0.002552,0.003333,0.002242,0.000795,0.002311,-0.002518,0.003528,0.017919,-0.001871
301,0.001248,0.001507,0.025263,0.025446,0.002046,0.002649,-0.00063,0.002198,0.005262,0.001368,0.007164,0.006915,0.003893,-0.000255,0.015873,0.001389
302,0.0036,-0.003047,0.028,0.021619,0.000787,0.001099,0.004716,0.004548,-0.000341,0.003529,0.000898,0.005267,0.000341,0.000952,0.01855,-0.002505
303,0.000727,-0.000342,0.029249,0.023212,0.003842,0.003536,0.001394,0.003758,-0.000524,0.003171,0.002478,0.006026,0.000744,0.00577,0.019892,-0.000967
304,0.003705,-0.000705,0.027844,0.022795,0.001095,0.000249,0.004107,0.002756,0.002372,0.001571,0.002251,0.002654,0.007144,0.004172,0.018293,-0.001407
305,0.002719,0.000164,0.028223,0.023415,0.005133,0.002785,-0.000575,0.003851,0.003173,0.003857,-0.002242,0.001228,0.001043,-0.000196,0.019,-0.000705
306,0.002839,0.001064,0.027519,0.024471,0.001431,0.002516,0.003177,0.004609,0.001459,0.002698,0.000519,-0.000452,0.004653,0.005602,0.018355,0.000455
307,0.004732,0.001463,0.033228,0.025774,0.000832,0.001456,0.001646,0.004827,0.001741,0.004158,7e-06,0.00241,0.002951,-0.001253,0.024463,0.001705
308,0.00223,-0.001574,0.027772,0.02176,0.003174,0.000798,0.004278,0.003332,0.004546,-0.000234,0.002499,0.002168,0.000806,-0.001609,0.018632,-0.002449
309,0.00399,-0.000511,0.024913,0.024229,0.00275,0.001875,0.001847,0.00397,0.002264,0.003882,-0.000241,-0.000929,0.000949,0.001714,0.015666,0.000138
310,0.002515,-0.000567,0.027411,0.024721,0.002018,0.001651,0.00254,0.002435,0.0068,0.004217,-0.00371,0.001803,0.002705,0.005741,0.018318,0.000678
311,0.00203,-0.000378,0.027547,0.026487,0.001156,0.001706,0.00436,0.003789,0.002181,-0.000327,0.003473,0.008302,0.001186,0.000246,0.01819,0.002639
312,0.003622,0.000684,0.026927,0.024072,0.003165,0.002776,0.003628,0.001062,-0.000338,0.004011,0.003146,0.001861,9.7e-05,-0.005832,0.017724,-4.7e-05
313,0.001026,0.00027,0.02724,0.023853,0.003753,0.000927,0.002027,0.000412,0.004435,0.006455,0.002126,0.001233,0.003767,0.008912,0.017612,-0.000336
314,8.4e-05,9.1e-05,0.027444,0.023522,0.000174,0.005195,0.004296,0.004501,0.000533,0.001007,0.005839,0.000512,0.004621,0.005981,0.017927,-0.000718
315,0.001122,-0.000947,0.029304,0.022076,0.004631,-0.001271,0.003561,0.00165,0.004538,0.004342,0.003441,0.002901,0.004087,-0.003193,0.019496,-0.002078
316,0.002615,0.00058,0.027986,0.025788,0.003537,0.003724,-0.000668,0.001912,0.000676,0.002104,0.002425,0.005776,0.00601,0.004265,0.018652,0.00178
317,0.001178,0.000386,0.028204,0.025254,0.002838,0.003399,0.004584,0.003085,0.002046,0.000671,0.004583,0.001044,-0.001672,-0.000291,0.018655,0.00115
318,0.004242,0.000661,0.028146,0.025373,0.004457,0.000129,0.002873,0.001685,0.003046,0.004273,-0.000598,0.00214,-0.003463,-0.000423,0.018607,0.001332
319,0.004673,0.001671,0.02853,0.023966,-0.00092,0.001526,0.003793,0.005041,0.000368,0.004531,0.000499,0.003318,0.00115,0.002903,0.019309,-0.000196
320,-0.00033,0.001314,0.025571,0.024452,0.0023,0.001879,0.002456,0.001027,0.002808,0.00704,0.006545,0.004794,0.003216,0.001489,0.015902,0.000365
321,0.002116,-4.3e-05,0.027668,0.022239,0.000201,0.002158,0.003733,0.004319,0.001337,0.003051,7.2e-05,0.000667,0.0085,0.01608,0.018369,-0.001905
322,0.002383,-0.001127,0.027696,0.023651,0.001463,0.00417,0.003266,0.001918,0.002199,0.003527,0.000914,0.004476,-0.002094,0.001913,0.018612,-0.000395
323,0.002169,-0.000362,0.028536,0.023651,0.00375,0.000377,0.000743,0.001823,0.003857,0.005522,0.001803,0.004638,0.003536,0.001319,0.018495,-0.00044
324,-0.000313,-0.00092,0.027333,0.022754,0.002521,0.003293,0.003197,0.001911,0.004025,0.003832,0.003674,0.001615,0.001956,0.006489,0.017628,-0.001314
325,0.003989,0.000107,0.03061,0.023746,0.000788,-0.000717,0.001961,0.004786,9.1e-05,0.004228,0.005146,0.001867,0.005715,0.010545,0.02115,-0.000351
326,0.001232,0.001831,0.027241,0.026053,-0.000983,0.005967,0.003857,0.001229,0.002966,0.006217,0.000352,0.004158,-0.002324,0.008627,0.017725,0.002036
327,0.00407,0.00194,0.029999,0.027614,0.001996,0.002889,0.000269,0.002333,0.002008,0.003079,0.002871,-0.002365,0.006457,0.009816,0.021205,0.003702
328,0.001438,0.000786,0.029123,0.022075,0.002098,0.002205,0.001569,0.002808,0.004103,0.003876,0.001759,0.006647,-0.003238,0.010181,0.019647,-0.002062
329,0.000637,-0.00241,0.024567,0.021078,0.001461,0.003277,0.003978,0.003086,0.003183,0.002594,0.001686,0.003518,0.001169,0.007369,0.015258,-0.003103
330,0.002867,-0.000221,0.028266,0.02487,0.001767,0.002804,0.002496,0.00103,0.003313,0.001421,0.006943,0.002332,-5.8e-05,0.000314,0.018583,0.000738
331,0.001821,0.000158,0.027411,0.022624,0.001279,0.002705,0.002014,0.000394,0.004008,0.003139,0.007566,0.00075,0.003148,0.009115,0.017577,-0.001396
332,0.004767,0.000144,0.030483,0.02512,0.002509,0.000175,0.001106,0.004039,0.003674,0.001928,0.000655,0.004246,0.000736,-0.001229,0.02071,0.000884
333,0.00322,0.000721,0.027811,0.027597,0.003483,0.003935,0.000525,-0.00047,0.005115,0.002855,0.00339,0.000275,0.002417,-0.007192,0.018579,0.003621
334,0.001464,-0.000424,0.028283,0.023006,0.001825,0.005139,0.004417,0.002644,-1.9e-05,0.001833,0.001612,0.004905,-0.002339,0.003492,0.019103,-0.001191
335,8.2e-05,-0.002943,0.027728,0.022485,0.002971,0.003852,0.00461,0.005733,0.001009,0.000351,-9e-05,0.005181,0.000848,-0.003457,0.017811,-0.001646
336,0.00253,0.001783,0.028867,0.022517,0.004666,0.001171,0.001205,0.001717,0.001757,0.003405,0.002866,0.003785,0.003673,-0.000868,0.020147,-0.001763
337,0.001687,-8.3e-05,0.027215,0.022387,0.004236,0.00367,0.000797,0.003228,0.002687,0.003005,0.003778,-0.000978,-0.004162,0.005742,0.017388,-0.001763
338,0.001216,0.000342,0.028593,0.023474,0.002133,0.004904,0.001923,0.002616,0.003851,0.005056,-0.000819,0.001755,-0.001966,0.004543,0.01918,-0.000722
339,0.003618,9.9e-05,0.02929,0.022921,0.001358,0.004997,0.00367,0.001178,-0.002184,0.004422,0.000654,-6.1e-05,0.006784,0.002552,0.020426,-0.001194
340,0.002475,-0.002849,0.027668,0.02262,0.003192,0.00509,-0.000143,0.001894,0.003266,0.001499,0.001459,0.000973,0.006288,-0.001866,0.018607,-0.001542
341,0.002117,-0.002556,0.028988,0.023272,0.001338,0.000187,0.003109,0.00388,0.002289,0.001998,0.003995,0.004191,0.008462,0.004029,0.01944,-0.000953
342,0.002166,0.002441,0.026923,0.025282,0.001855,0.00176,0.001663,0.003025,-0.000227,0.003794,0.005554,0.005275,0.005643,0.004019,0.017581,0.001259
343,0.003057,-0.000809,0.026657,0.02516,0.001352,0.00331,0.004534,0.002695,0.002488,-0.000767,-0.003021,0.005609,0.004041,0.007567,0.017608,0.00105
344,0.002147,-0.001886,0.027254,0.021383,0.003043,0.002058,0.004297,0.002464,0.005867,0.004669,-0.002155,-0.003194,0.0019,-0.004546,0.017578,-0.002888
345,0.001564,0.000915,0.028797,0.024213,0.004889,0.002341,0.003234,0.002216,-0.001281,0.002225,0.000651,0.006495,0.001791,0.005913,0.019217,0.000116
346,0.003924,0.003709,0.02807,0.024804,0.002629,0.002842,0.001444,0.00398,0.005717,-4.3e-05,-0.000443,-0.0013,0.000141,0.000295,0.018478,0.000613
347,0.002854,-0.001035,0.028538,0.025893,0.001643,0.000986,0.00244,0.002712,0.003674,0.003117,0.0028,0.005243,-0.001907,0.00763,0.018696,0.001892
348,0.00307,-0.003011,0.028637,0.024894,0.003895,0.003556,0.001763,0.001885,-0.001404,0.003381,-0.000282,0.006141,0.002266,0.001244,0.018896,0.000902
349,0.004268,0.000275,0.028362,0.023675,0.000884,0.004084,0.001022,0.002167,-0.000389,0.000578,0.004867,0.00466,0.006166,0.00158,0.019059,-0.000372
350,0.004191,0.000239,0.026173,0.025068,0.00175,0.003144,0.002637,0.001076,0.003167,0.000165,0.00544,0.003591,-0.004538,-0.000219,0.017738,0.00099
351,0.001864,0.000693,0.025303,0.024562,0.003977,-0.000737,0.001652,0.001859,0.004868,0.003372,0.002439,0.006331,0.002979,0.002956,0.015572,0.000365
352,0.004654,-9.6e-05,0.030725,0.024551,0.004411,-0.000969,0.003907,0.001781,0.002727,0.000741,0.000979,-0.002007,0.004213,0.006892,0.020479,0.000452
353,0.00082,-4.1e-05,0.02893,0.0242,0.003746,0.002109,0.003732,0.002696,0.003124,0.001154,0.003189,0.00089,0.000877,0.007699,0.019945,0.000166
354,0.001196,-0.000683,0.029506,0.023842,0.001872,0.002181,0.004336,0.002997,0.000698,0.000272,0.003609,0.003512,0.006743,0.012266,0.019925,-0.000331
355,0.003099,0.001548,0.028298,0.023707,0.001955,0.001909,0.003294,0.001451,0.002236,0.001171,0.003641,0.00394,0.002907,0.004855,0.018637,-0.00058
356,0.001937,0.000293,0.026607,0.024926,0.000724,0.005035,0.002872,0.00108,0.000586,0.002315,0.005838,0.003732,0.003731,0.002198,0.017211,0.000785
357,-0.000669,-0.000275,0.026635,0.024173,0.004549,0.004256,0.003584,0.004984,-0.000327,-0.001625,0.00322,0.004655,0.000265,0.006394,0.016693,9.3e-05
358,0.003719,-0.000943,0.028572,0.023532,0.001196,0.00396,0.001407,0.000727,0.009152,-0.001226,-0.00057,0.001116,0.002353,0.004185,0.019275,-0.000458
359,0.002777,0.001308,0.028185,0.022692,0.003103,0.003739,0.000105,0.001478,0.001393,0.0004,0.007573,0.00283,0.003316,0.001421,0.019038,-0.001411
360,0.002594,-0.000677,0.028341,0.024631,0.005408,0.000683,0.000493,0.002312,0.002864,0.004254,-7.5e-05,0.003663,0.004026,-0.00254,0.019119,0.000606
361,0.001845,-0.001515,0.028472,0.026204,0.003523,0.001869,0.001978,0.001786,0.003753,0.004191,0.000951,0.003597,0.000565,0.003736,0.019262,0.002161
362,0.003106,0.000316,0.027476,0.023472,0.004645,0.003842,0.00279,0.001084,0.002065,0.003356,-0.003429,-0.002708,0.002437,0.006149,0.017791,-0.000697
363,0.003904,0.000117,0.028881,0.02385,0.003386,0.004247,-0.000728,0.001591,0.000252,0.001939,0.005763,0.000268,0.005256,-0.002424,0.019537,-0.000224
364,0.001111,0.002396,0.027353,0.025966,0.003745,0.000141,0.002755,0.00167,0.000145,0.005444,0.007026,0.001866,0.006373,0.004379,0.017767,0.001938
365,0.003007,-0.002642,0.029194,0.020405,0.003536,0.002585,1.9e-05,0.003424,0.00377,0.004818,-4.4e-05,0.001796,0.003335,-0.010903,0.020191,-0.003981
366,0.003603,-0.001968,0.0273,0.022989,0.002875,0.00224,0.001472,0.00214,0.003685,0.002664,0.001074,0.006747,-0.001727,-0.008237,0.01816,-0.001127
367,0.003691,-5.7e-05,0.030033,0.023994,0.001542,0.003589,0.005067,0.001814,-0.000769,0.00162,0.001932,0.004027,0.000671,-0.002668,0.02086,-0.000171
368,0.002285,0.000193,0.029148,0.023337,0.003248,0.001988,0.003451,0.003703,-0.001228,0.004179,-0.002328,0.008082,0.00295,0.0001,0.019676,-0.000814
369,0.001046,0.001065,0.024186,0.02411,0.003233,0.003735,0.003604,0.002118,0.001922,0.002034,0.000848,0.001082,0.004495,0.005214,0.015341,6.5e-05
370,0.002254,0.000828,0.027715,0.027297,0.000672,0.002998,0.00432,0.004429,-0.000854,0.00709,-0.002118,0.002041,0.001065,0.009503,0.0179,0.003271
371,0.001211,0.002029,0.026512,0.021685,0.001246,0.002113,0.001738,0.003926,0.004719,0.001992,0.003722,0.003449,0.003799,0.006381,0.017198,-0.002461
372,0.001359,0.000444,0.027047,0.023281,0.00329,0.002451,0.001821,0.002923,0.002477,0.002687,-0.003576,0.012423,0.003736,-1.9e-05,0.017685,-0.000904
373,5.5e-05,0.001245,0.028304,0.02411,0.003535,0.001614,0.003558,3.5e-05,0.000113,0.00525,0.008268,0.004158,0.005382,0.001032,0.018715,6.2e-05
374,0.001658,0.001541,0.027247,0.023745,0.003317,0.004512,0.000733,0.001516,0.003633,0.005332,0.003575,0.000772,-0.000548,-0.0089,0.018511,-0.000342
375,0.001643,0.000622,0.027971,0.026361,0.003001,0.002032,0.00047,0.004251,0.002767,0.004442,-0.001348,0.003061,0.008078,0.004909,0.019471,0.002345
376,0.003022,-0.002895,0.029062,0.022431,0.002059,0.002907,0.003437,0.003615,0.003569,-0.002739,-0.001479,0.004183,0.007126,0.002086,0.019882,-0.001767
377,0.004393,0.000719,0.025403,0.023374,0.000301,0.004813,0.00268,0.00269,0.001322,0.000161,0.000509,0.002442,0.004645,0.001384,0.016042,-0.000849
378,0.002359,-0.000889,0.0291,0.024326,0.0012,0.004538,0.00123,0.002827,0.002748,0.000885,0.002312,0.00397,0.003577,0.006035,0.0199,0.000175
379,0.003266,-0.000729,0.027129,0.023042,0.003293,0.000108,-0.000223,0.00574,0.00486,-0.00129,0.005702,-0.002333,0.006158,0.004539,0.017773,-0.00118
380,0.003998,-0.00097,0.02977,0.024618,0.000689,0.004426,0.002367,0.00085,0.003548,0.001903,0.002069,-0.000173,0.005373,-0.001408,0.020515,0.000354
381,0.002995,0.000558,0.030152,0.024484,0.003174,0.0026,0.00177,0.002438,0.000616,0.000926,0.004608,0.005591,0.000857,-0.001093,0.020886,0.000326
382,0.003851,-0.002463,0.029415,0.02354,0.000584,0.002127,0.001136,0.002285,0.001475,0.002348,0.005806,0.006714,0.003979,-0.000718,0.020389,-0.00056
383,0.001162,-0.000509,0.027506,0.022346,0.000282,0.003488,0.007402,-0.0001,0.004114,0.001023,0.002686,0.00465,0.001189,0.001172,0.018802,-0.001717
384,0.004171,0.000113,0.029101,0.023758,-0.000165,-0.000548,0.002584,0.006806,0.004616,0.00395,-0.001563,0.001962,0.001669,0.005493,0.019299,-0.000365
385,0.001646,-0.000859,0.03063,0.023311,0.001902,0.002674,0.002818,0.003386,0.00381,0.000291,0.005323,0.000112,0.005487,-0.000796,0.021554,-0.000802
386,0.00418,0.001176,0.030906,0.025188,0.000436,0.001698,0.005546,-0.000617,0.003863,0.002673,0.001978,0.002567,0.003235,-0.000355,0.021629,0.001182
387,0.001945,-0.000642,0.02811,0.025029,0.003464,0.002363,0.00316,0.00098,0.004209,0.00237,0.002976,-0.003319,0.002558,0.009969,0.018864,0.000968
388,0.003063,0.000762,0.028971,0.025986,0.004239,0.001682,0.00104,0.003406,0.001747,0.003147,-0.00034,0.002483,0.001052,0.005728,0.019793,0.001958
389,0.000162,-0.000309,0.027572,0.022675,0.00241,0.004485,0.001267,0.002789,0.002482,0.00485,0.002784,0.003102,0.005237,-0.002426,0.018727,-0.001542
390,0.004443,-0.0001,0.029424,0.024232,0.002119,0.000427,0.000852,0.005109,0.003901,0.000402,0.0026,0.005518,-0.000453,-0.004343,0.019627,0.000175
391,0.002653,0.000735,0.029404,0.023607,0.003797,0.002695,0.002933,0.002393,-0.001466,0.003333,0.002151,0.002346,0.001615,0.005201,0.019488,-0.000477
392,0.003076,0.001053,0.030571,0.025296,0.000545,0.001516,0.001308,0.004893,0.000736,0.003312,0.006959,0.003452,0.001307,0.00404,0.02114,0.001307
393,0.003408,-0.000323,0.029833,0.023817,0.002501,0.001907,0.004634,-0.001162,0.00369,0.00012,0.002767,4.5e-05,0.006471,0.007975,0.02069,-0.000213
394,0.002881,0.000252,0.026844,0.023638,0.003883,0.001112,0.004298,0.001315,0.004352,0.002027,-0.000138,0.003613,-0.005002,0.003012,0.017523,-0.000452
395,0.001459,-0.000859,0.027907,0.023436,0.002813,0.002588,-0.000355,0.001458,0.005684,0.005463,0.001025,0.00383,0.003039,0.005696,0.018011,-0.000674
396,0.003003,0.00013,0.027442,0.023416,0.003764,0.001775,0.002728,8.3e-05,0.005666,0.003474,0.001444,-0.000671,-0.003338,0.005958,0.01847,-0.000615
397,0.000382,-0.00337,0.027468,0.024563,0.002347,0.005312,0.001903,0.006072,0.002165,0.001853,-0.001358,0.001887,0.000198,0.007694,0.017736,0.000443
398,0.002241,-0.001023,0.027427,0.022514,0.004257,0.003324,0.00037,0.002239,0.003108,0.001693,0.005204,-0.001012,-0.001263,0.005384,0.017331,-0.00171
399,0.001611,3.5e-05,0.027812,0.023306,0.003358,0.000575,0.00581,0.001626,0.004958,-0.000996,0.003507,-4.9e-05,0.003093,0.004339,0.018677,-0.000787
400,0.002125,-0.001226,0.028317,0.024137,0.003502,0.001671,-0.000832,0.00224,0.004332,0.002976,0.001924,0.007197,0.005285,0.000396,0.018902,3.4e-05
401,0.003313,0.000625,0.026439,0.026362,0.004588,0.004204,0.001509,0.001603,0.000808,0.001459,0.002497,-0.000302,-0.005637,0.01012,0.016934,0.002307
402,0.001864,-0.000681,0.027653,0.021886,0.003237,0.000187,0.002224,0.002134,0.005806,0.001103,0.004074,0.003495,0.002965,0.003224,0.018392,-0.002373
403,0.002151,-0.001496,0.029216,0.02494,0.00287,0.000489,0.000944,0.003004,0.001741,0.005384,0.004188,0.004679,0.004182,0.001621,0.01986,0.000748
404,0.001465,-0.001244,0.027935,0.025289,0.004168,0.003368,0.002838,0.002421,0.003279,-0.001004,-0.003131,0.007893,0.00425,0.001538,0.018724,0.001117
405,0.002323,-0.000717,0.028916,0.023843,0.003072,0.001318,0.003098,0.001814,0.002051,0.000752,0.003586,0.003914,0.007124,0.001428,0.019289,-0.000273
406,0.002355,-0.001093,0.028669,0.022076,0.000683,0.00039,0.005552,0.004212,0.005354,0.000292,-0.000303,0.001846,0.007276,0.00098,0.018667,-0.002075
407,0.001994,0.001321,0.026743,0.026307,0.000957,0.000483,0.005053,0.001131,0.006362,0.003166,0.004749,0.001924,-0.001062,0.002713,0.017893,0.002217
408,0.005129,0.003709,0.0308,0.02407,0.002981,0.002291,0.002718,0.001158,0.000809,0.000479,0.003682,-0.000698,0.00181,0.003266,0.021809,-1.2e-05
409,0.001319,0.000784,0.028625,0.024679,0.003845,0.002292,0.004166,0.00253,0.000898,-0.000854,0.005381,0.001637,0.004491,0.002468,0.018886,0.000722
410,0.00054,-0.001071,0.027191,0.022765,0.001082,0.003639,0.003048,0.002892,0.001769,0.004277,0.005017,0.003701,0.002971,0.000366,0.018374,-0.001216
411,0.002308,-0.002434,0.026925,0.022016,0.002016,0.003166,0.001401,0.001948,0.00543,-0.000419,-0.000365,0.007744,0.004625,0.003064,0.017899,-0.002129
412,0.001256,-0.000948,0.028967,0.024233,0.000826,0.002972,0.004405,0.000984,0.004933,0.004645,0.000748,0.004616,0.00147,2.3e-05,0.019662,0.000104
413,0.003224,-0.001529,0.029184,0.020466,0.002755,0.003402,0.001813,0.000884,3.6e-05,0.003599,0.001986,0.003543,0.007597,-0.002752,0.020381,-0.0037
414,0.003516,-0.002472,0.028808,0.023671,0.003253,0.000493,0.005128,0.002273,0.003108,0.000434,0.000532,0.000372,0.001406,0.004023,0.019399,-0.000536
415,0.001837,9.2e-05,0.028579,0.026103,0.001183,0.004015,0.00258,0.004555,0.001283,0.005621,0.001758,-0.004448,0.005351,0.002704,0.019159,0.001981
416,0.00302,-0.001745,0.028438,0.023842,0.004962,0.00138,-0.000182,0.005771,0.00245,0.00124,0.003833,0.000184,-0.002053,-0.003335,0.019447,-0.000237
417,0.002082,0.00155,0.02701,0.023605,0.000617,0.001994,0.001962,0.001676,0.002014,0.005063,0.003339,0.002731,0.008208,0.013767,0.018032,-0.000363
418,0.000624,-0.000919,0.029452,0.023517,0.003175,0.002357,0.004668,0.001787,0.000995,0.002332,0.002766,0.005126,0.000353,0.009096,0.02002,-0.000664
419,0.002782,-0.001141,0.027449,0.024862,0.004724,0.004219,0.00312,0.002988,-0.002848,0.001685,0.000135,0.001623,0.00091,0.00346,0.018045,0.000715
420,0.002761,0.000216,0.027155,0.024088,0.002732,0.004421,0.003496,0.003536,-0.001103,0.003003,0.001339,-0.001311,0.003435,-0.003272,0.018017,-5.3e-05
421,0.001269,0.001547,0.026515,0.025471,0.002934,0.004407,0.002302,0.00327,-0.000315,0.003792,4.1e-05,0.007188,-0.001652,0.003796,0.017569,0.001441
422,0.00228,0.001784,0.026374,0.023641,0.003585,0.005331,-0.000415,0.001681,0.006219,-0.001744,0.002065,0.00013,0.000698,0.007617,0.01694,-0.000552
423,0.003201,-0.00147,0.02988,0.021249,0.001539,0.001711,0.001796,0.004048,0.003131,0.005209,0.002986,0.004014,-0.00402,-0.005905,0.020653,-0.003038
424,0.000933,-0.001284,0.030003,0.022368,0.00406,0.001431,0.00322,0.005913,-0.000649,0.001409,0.002626,0.004441,0.003558,-0.001387,0.020689,-0.00177
425,0.00058,0.003041,0.024867,0.024283,0.001136,0.005198,0.001814,0.002517,0.004043,0.002624,0.004126,-0.001661,0.004292,0.009579,0.015616,7.9e-05
426,-0.000127,-0.000735,0.022828,0.024721,0.004642,0.002798,0.001794,0.002808,0.003843,0.002825,0.003519,0.005502,-0.005116,0.00172,0.013074,0.000536
427,0.003414,-0.001556,0.028698,0.023809,0.002001,0.00212,-0.002488,0.00473,0.002187,0.001366,0.003012,0.01089,0.001881,0.00536,0.018542,-0.000337
428,0.002916,-0.001058,0.028642,0.022696,0.002701,0.001279,0.004471,0.005157,0.000649,0.000536,0.00087,0.006313,-0.002947,-0.00198,0.019667,-0.001467
429,0.002064,-0.000147,0.027884,0.025571,-7.5e-05,0.003837,0.00258,0.003554,0.002448,0.00237,0.003613,0.00314,0.003206,0.004761,0.018493,0.001427
430,0.002925,-0.000331,0.027868,0.024965,0.003446,0.00086,0.001988,0.002901,0.003205,0.001058,0.00473,0.002598,-0.002032,0.005763,0.01861,0.000895
431,0.006486,-0.000642,0.029363,0.023607,0.001586,0.001747,0.000509,0.000362,0.000585,0.002574,0.005974,-0.001962,0.00615,0.007365,0.020314,-0.000417
432,0.002918,-0.000449,0.031728,0.023514,0.002739,0.000514,0.002676,0.003949,0.001429,0.003228,0.006848,-0.001082,-0.000934,0.003405,0.02256,-0.000509
433,0.001959,-0.00094,0.025892,0.026547,0.00322,0.001828,0.004678,0.001892,0.008034,0.000283,0.002009,-0.004041,0.000424,-0.003684,0.016342,0.002455
434,0.000876,-0.000335,0.025783,0.022306,0.001967,0.001827,0.003811,0.004145,0.003347,0.002225,0.001914,0.006568,-0.002045,0.003877,0.016274,-0.001875
435,-0.000134,-0.00177,0.026515,0.023438,0.002762,0.00221,0.002695,0.004216,0.004698,0.003725,0.001699,0.003646,0.000589,0.00077,0.016951,-0.000564
436,0.000756,-0.000987,0.02756,0.022129,0.003275,0.00177,0.001613,0.002009,0.003328,0.002518,0.006155,0.001833,0.007662,0.001903,0.018201,-0.002068
437,0.005479,-0.000685,0.028189,0.024187,0.000213,0.002367,0.002545,0.001517,0.001771,0.000593,0.003615,0.006586,-0.002536,0.006518,0.018861,9e-05
438,0.002542,0.000513,0.028699,0.02396,0.00281,0.00493,0.001947,0.003287,0.00143,0.000984,0.001046,0.001821,0.001653,-0.002026,0.019443,-0.000224
439,0.005408,2.2e-05,0.028459,0.022767,0.000739,0.002014,0.003138,0.000848,0.001917,0.005356,0.001415,0.00014,-0.002883,0.008928,0.019475,-0.001496
440,0.002335,0.000188,0.028347,0.025307,0.001558,0.003939,1.9e-05,0.004397,0.002497,0.002814,0.00646,0.001682,-0.004882,0.005778,0.019549,0.001379
441,0.003505,-0.000344,0.029702,0.024191,0.001169,0.004384,0.002323,0.00351,0.00279,0.003192,0.001707,-0.002875,0.002075,-0.004467,0.02053,0.000119
442,0.004465,0.001551,0.029673,0.02372,0.001104,0.004442,0.000994,0.001812,0.003947,-3.7e-05,-0.000519,0.006708,0.002544,-0.003866,0.020256,-0.000364
443,-0.000967,0.00077,0.02785,0.0249,0.003141,0.002982,0.000946,0.005265,0.006624,0.001084,0.000255,0.004662,-0.000498,0.012769,0.018635,0.000746
444,0.001863,-0.000985,0.028066,0.021312,0.001266,0.001609,0.001677,0.00262,0.004316,0.003082,0.003005,0.008481,0.000833,0.003785,0.01845,-0.002962
445,0.002177,0.000994,0.027597,0.024468,0.000796,0.000269,0.001906,0.004951,0.002986,0.006136,-0.000523,0.004589,0.008603,0.001925,0.018685,0.000387
446,0.000287,0.001522,0.029838,0.02636,0.000823,0.004316,0.003928,0.003849,0.001099,0.004901,0.000136,0.00248,0.00152,0.012833,0.020326,0.00235
447,0.001066,0.000194,0.029329,0.023852,-0.000305,0.005715,0.002061,0.004925,0.003214,0.001441,0.002148,0.003111,0.003355,0.001338,0.020401,-0.000199
448,0.00196,-0.002088,0.026873,0.025008,0.00161,0.001793,0.004035,0.001899,0.002713,0.006461,-0.000534,0.006188,-0.002605,0.004376,0.017879,0.000885
449,0.002102,0.00045,0.026501,0.023928,0.002077,-0.00015,0.003245,0.003319,0.004686,0.00512,0.003318,0.003048,-0.004597,0.004821,0.017305,-0.000107
450,0.001257,0.000717,0.025676,0.024588,0.004143,0.003016,0.005145,-0.000523,0.005239,0.000261,0.002926,0.001414,-0.000663,-0.003662,0.016164,0.000501
451,0.000533,0.001586,0.02643,0.023311,0.002219,0.004422,0.002109,-0.000111,0.001043,0.003899,0.005758,0.006545,0.005005,0.001282,0.017081,-0.000905
452,0.002615,-0.001467,0.027911,0.023855,-0.000114,0.002062,0.003759,0.004079,0.004553,0.001926,0.000879,0.006693,0.000719,-0.003091,0.018674,-0.000209
453,0.002801,-0.002059,0.02891,0.021637,0.003297,0.00226,0.000261,0.001787,0.005544,0.004327,0.002498,0.002393,-0.002194,-0.002881,0.019301,-0.002504
454,0.000231,-0.001113,0.027183,0.023597,0.005342,0.000445,0.003864,0.002617,0.003812,0.002438,0.002241,0.002152,0.001551,0.000757,0.018158,-0.000585
455,0.004641,-0.002132,0.02932,0.022769,-6.6e-05,0.001266,0.000309,0.003931,0.00236,0.000779,0.005063,0.002545,0.004517,0.016897,0.019401,-0.00147
456,0.001381,-0.001538,0.028646,0.023232,0.003263,0.003429,0.001984,0.001505,0.004886,0.001073,0.000723,0.003284,0.005035,0.001,0.0196,-0.000985
457,0.001365,-0.003102,0.026616,0.026194,0.004017,0.003994,0.00078,0.002312,-3.9e-05,0.00467,0.008234,0.001437,-0.00412,-0.001997,0.017249,0.002264
458,0.00043,-0.001847,0.026317,0.021684,0.001908,0.005145,0.00188,0.003712,0.001999,0.004432,0.00072,0.002962,0.004186,-0.001601,0.017312,-0.00252
459,0.003143,0.000913,0.026647,0.024762,0.002509,0.000878,0.00188,0.002055,0.004617,0.002862,0.001403,0.002898,0.001542,0.007182,0.017239,0.000689
460,0.002128,0.001675,0.027907,0.0248,0.004947,0.004153,0.001157,0.00154,0.001932,0.004451,0.000428,-0.002494,0.001646,0.001679,0.018517,0.000739
461,0.00407,0.003087,0.029707,0.024898,0.000289,0.002838,0.003714,0.002382,-5.4e-05,0.005122,-0.000133,0.001778,0.005417,0.003005,0.020478,0.000883
462,0.003516,0.000977,0.029205,0.027054,0.004879,-0.000264,-0.001593,0.00315,0.006142,0.001218,0.004566,0.004422,0.000436,-0.006071,0.020399,0.003043
463,0.000767,-0.001255,0.028923,0.02455,0.005523,0.003692,-0.00058,0.001093,0.005974,0.002727,0.00283,0.000544,0.001914,-0.002836,0.019393,0.000473
464,0.00222,-0.002147,0.028584,0.022585,0.004192,0.001653,-7e-05,0.004434,0.001856,0.002501,0.000494,0.003177,0.009363,-0.001798,0.018267,-0.001472
465,0.004221,-0.000604,0.029674,0.025656,0.002636,0.003839,0.002627,-0.001217,8e-06,0.001977,0.000451,0.002929,0.009992,0.003073,0.020497,0.001514
466,0.003568,-0.001697,0.02764,0.022848,0.002403,0.002287,0.004438,0.003817,-0.002651,-0.002327,0.001463,0.008826,0.001943,0.008752,0.017998,-0.00124
467,0.000775,0.001951,0.029104,0.022992,-0.000263,0.007589,0.005471,0.000646,0.00139,0.001845,0.003577,0.001416,0.001572,0.001869,0.019787,-0.001173
468,0.002578,-0.000734,0.027018,0.023908,0.002166,0.003352,0.002164,0.000666,0.004976,0.001229,0.000358,0.004181,0.003714,0.003995,0.017508,-0.000287
469,0.001671,0.000488,0.027476,0.02654,0.001875,0.002872,0.002667,0.001019,0.002326,0.007477,-0.001028,0.002761,0.006205,0.004195,0.01804,0.002424
470,0.000363,0.001223,0.029435,0.023674,0.002303,0.004228,0.003112,0.002041,5.3e-05,0.000652,0.005376,0.00466,0.007956,0.004511,0.020345,-0.00035
471,0.003233,0.001512,0.030724,0.023882,0.003036,0.002795,0.000976,0.003126,0.004152,0.00297,-0.001479,0.001903,0.000368,0.002775,0.020729,-0.000205
472,-3e-05,-0.002591,0.026059,0.022321,0.004148,0.000914,0.000611,0.005241,0.003632,0.003894,0.003399,-0.000682,0.005935,0.007937,0.0165,-0.001908
473,0.003322,3e-06,0.028662,0.024378,0.001578,0.004811,0.001425,0.002937,0.002808,0.004792,-0.000609,-0.001604,0.003486,-0.004613,0.019073,0.000233
474,0.002203,-0.002522,0.028324,0.023155,0.003317,0.001384,0.002765,0.002416,0.002661,0.003916,0.001822,0.000409,0.005176,0.000281,0.019292,-0.000988
475,0.002305,-0.000303,0.029586,0.02252,0.003251,0.003018,0.002937,0.003954,0.002596,0.003171,0.001146,0.000939,-0.007792,0.004223,0.020345,-0.001559
476,0.003997,-0.001305,0.027776,0.022994,0.00207,0.002673,0.001895,0.003376,0.002477,0.003884,-0.002151,0.001397,0.002046,0.002293,0.018182,-0.001149
477,0.001602,0.001158,0.026526,0.023196,0.003526,0.003022,0.002511,-0.000382,0.005331,0.003152,0.000532,0.002766,0.006727,-0.005582,0.017591,-0.000911
478,0.00141,-0.001024,0.028807,0.021584,0.007272,0.003716,-0.001775,0.001007,0.000659,0.000823,0.002714,0.001243,0.00894,0.008586,0.019479,-0.002614
479,0.002982,-0.002619,0.027548,0.022004,0.002012,0.003361,0.002614,0.001641,0.003064,0.000361,0.002751,0.002379,0.005799,-0.002163,0.018757,-0.00223
480,0.001006,0.001195,0.026568,0.026141,0.003625,0.001635,0.004195,0.004852,0.001271,0.001288,0.005764,-0.000987,-0.000964,0.001854,0.017456,0.002071
481,0.000157,-0.001724,0.027414,0.024768,0.005802,0.003961,0.002056,0.001503,-0.000686,0.001812,0.001306,0.006413,0.002666,0.006513,0.017962,0.00059
482,0.002587,0.002634,0.028812,0.024727,0.00225,0.002341,0.0037,0.000513,0.003208,0.005044,0.000603,0.001889,0.001129,0.003559,0.019678,0.000674
483,0.002315,0.00032,0.028825,0.025771,0.001586,0.005379,0.002635,0.004086,0.00031,0.00013,-0.000147,0.002114,0.003857,0.008101,0.019862,0.001769
484,0.003731,-0.00182,0.030503,0.023293,0.003602,-0.000162,0.001178,0.001733,0.001348,0.005721,0.002303,0.004881,0.001268,0.003405,0.020788,-0.000826
485,0.000567,-0.000374,0.028532,0.025507,0.003448,0.001018,0.001091,0.004257,0.003316,0.005074,0.004987,0.003046,0.000487,-0.000112,0.019525,0.001473
486,0.002945,-0.001749,0.026926,0.024913,0.003325,0.002706,0.002793,0.003619,0.003752,-0.002529,-0.000282,0.001982,0.006608,-0.00208,0.017477,0.000856
487,0.002491,0.002535,0.029111,0.026746,0.003311,-0.000618,0.005012,0.004247,-0.000612,0.001574,0.00655,-0.002661,0.006199,0.003996,0.01926,0.002777
488,0.003004,-0.000664,0.028325,0.023814,-0.000498,0.00141,0.002171,0.005469,0.001761,0.004315,0.007243,-0.00075,0.001838,0.004792,0.019405,-0.000176
489,0.001511,0.001723,0.027869,0.024377,0.003471,0.003666,0.00153,0.001626,0.003183,0.001824,0.002419,0.002531,0.005466,-0.000801,0.018353,0.000255
490,0.001927,-0.002653,0.028063,0.020685,0.001183,0.002882,0.004103,0.005598,0.000529,0.002626,0.000908,0.002888,0.001081,0.001836,0.019055,-0.003578
491,-0.000214,0.000441,0.028276,0.02471,0.002467,0.005561,0.003655,-0.00013,0.003313,0.005535,0.000387,0.003118,0.001629,0.001266,0.019116,0.00063
492,0.00041,-0.000606,0.026849,0.024717,0.000871,0.00359,0.003956,0.001341,0.002682,0.003244,0.008093,-0.002832,0.005599,0.009627,0.017894,0.000721
493,0.002026,0.000502,0.027906,0.024313,-0.000544,0.002631,0.003152,0.003417,0.004421,-0.000265,0.003167,0.007958,-0.000727,0.013695,0.018821,0.000135
494,0.001589,0.000573,0.026534,0.024884,0.002819,0.00165,0.001246,0.004485,0.003689,0.000402,0.005618,0.004759,0.003092,-0.005425,0.017431,0.00085
495,0.003236,0.00187,0.028696,0.024718,0.00087,0.001626,0.002287,0.002542,0.002128,0.003533,0.005743,0.001993,0.003225,0.002803,0.019704,0.000683
496,0.001707,0.000174,0.026985,0.026564,0.001625,0.004519,0.002106,0.00447,0.000206,0.002051,0.002488,0.004714,0.000766,0.002665,0.017405,0.002537
497,0.002293,0.001435,0.028045,0.025408,0.001465,0.004801,0.002673,0.003048,0.004943,-0.000844,0.001491,0.001097,-0.000381,0.003782,0.018995,0.001373
498,0.004135,-0.000401,0.028459,0.024721,3.5e-05,0.003336,-0.000355,0.003205,0.002806,0.003238,0.004076,0.002123,0.005499,0.00147,0.019459,0.00067
499,0.003571,-0.001411,0.029731,0.024167,0.001508,0.004227,0.002762,0.002783,0.000991,-0.000385,0.005182,0.000596,0.000467,0.002245,0.019498,5.2e-05
500,0.001216,-0.002044,0.028034,0.023533,0.003042,0.003228,0.002184,0.002077,0.004127,0.004517,-0.000503,0.002271,0.004121,-0.001601,0.018723,-0.000591
501,0.000812,-0.001562,0.02739,0.023597,0.003469,0.005645,0.00092,0.003184,0.002182,0.003701,0.003496,-0.002812,-0.000575,0.003492,0.017945,-0.000497
502,0.003323,5.5e-05,0.02631,0.02221,0.002951,0.001753,0.005487,0.002286,-0.003324,0.003903,0.002855,0.004186,0.00078,-0.003256,0.017286,-0.002027
503,0.001738,-0.00104,0.030041,0.022925,0.000877,0.004168,0.002019,0.00374,0.001448,0.003728,0.004313,0.001225,0.006798,-0.006061,0.020664,-0.001192
504,0.001815,-3.8e-05,0.027042,0.025298,0.003533,0.001768,0.002865,0.003795,0.003659,-0.002577,0.000992,0.004103,0.00582,0.005902,0.017376,0.001146
505,0.000809,-0.001615,0.026875,0.023635,0.002059,0.000956,0.003887,0.003331,0.001492,0.002594,0.002122,0.012122,-0.001135,0.006536,0.01792,-0.000495
506,0.001388,-0.002323,0.027776,0.023073,0.004112,0.001892,0.002145,0.004848,0.002118,0.000776,0.001718,0.00168,0.004569,0.001471,0.0188,-0.001079
507,0.00279,0.002201,0.027162,0.026144,0.000812,0.004685,0.003443,0.004002,-0.000946,-7.9e-05,0.004509,0.001804,0.00534,-0.001118,0.017901,0.002346
508,0.003575,0.000567,0.028825,0.023582,0.00338,0.001308,0.004025,0.002802,0.002081,0.003112,0.003411,-0.002945,-0.00543,0.004838,0.0197,-0.000516
509,0.002504,0.002501,0.027061,0.025463,0.004147,0.001755,0.00066,0.003982,0.000142,0.001964,0.006442,0.001836,0.000162,0.003403,0.018268,0.00139
510,0.002595,0.002662,0.029213,0.025196,0.000186,0.004049,0.003605,0.003984,0.001251,0.00253,0.001454,0.003544,-0.000466,0.004303,0.020311,0.001089
511,0.002075,0.000698,0.028058,0.024398,0.002384,0.005031,0.003467,0.002825,0.002537,-0.000834,-0.000767,0.004304,-0.000505,0.004289,0.018194,0.000341
512,0.002423,-0.000712,0.027051,0.023107,0.002318,0.002536,0.004065,0.003517,-0.001517,0.003734,0.000808,0.002568,0.005123,0.002995,0.01806,-0.001113
513,0.002749,0.002492,0.030152,0.027701,0.002428,0.003642,0.002931,0.004212,-0.000864,0.00348,0.00402,-0.003319,0.001645,0.00164,0.02071,0.003667
514,0.002183,-0.000739,0.028855,0.02303,0.00226,0.001591,0.002719,0.003566,0.003541,0.002431,0.002978,0.004032,-0.00055,-0.000319,0.019294,-0.001065
515,0.003862,0.001206,0.029251,0.022207,0.002616,0.004351,0.001099,0.001836,0.002552,0.00343,0.000828,-0.001347,0.002537,-0.002682,0.020391,-0.001914
516,0.001181,-0.002139,0.026808,0.020833,0.002651,0.002977,0.001027,0.003034,0.005629,0.002724,0.001154,0.002465,0.002171,0.00405,0.017512,-0.003416
517,0.00368,0.000845,0.029162,0.023674,0.002818,0.003841,0.003037,0.001311,9.9e-05,-0.001149,0.003406,0.002811,0.006927,-0.003994,0.019835,-0.000496
518,0.001641,0.000181,0.025964,0.026702,-0.000295,0.001363,0.004098,0.003631,0.001194,0.009604,0.001269,0.003213,0.001567,0.004882,0.016962,0.002617
519,0.003664,-0.003877,0.030665,0.022234,0.000943,0.001348,0.001368,0.002146,0.002436,0.001617,0.006236,0.003517,0.003501,0.010761,0.021697,-0.002009
520,0.000757,0.001392,0.028186,0.022291,0.002926,0.00045,0.001286,0.000831,0.004891,0.002193,0.007074,0.005861,0.007046,0.005645,0.018867,-0.001962
521,-0.000122,-0.000862,0.028464,0.024589,0.004,0.000985,0.003946,0.002511,0.00332,0.002392,0.005895,0.001314,0.003717,7.1e-05,0.019332,0.000397
522,0.003574,0.000294,0.027649,0.024669,0.001494,-4.5e-05,-0.000828,0.003587,0.003457,0.002713,0.004585,0.008804,0.002874,0.006425,0.018241,0.000558
523,0.002362,-0.001661,0.027144,0.025889,0.002656,0.003853,-0.001074,0.004191,0.003579,0.002201,0.003385,0.007437,-0.002674,-0.007448,0.017896,0.001807
524,0.004172,0.001874,0.029828,0.021723,0.002083,0.001517,0.002063,0.002265,0.004059,-0.000708,0.00266,0.006411,-0.002307,0.004958,0.020289,-0.002608
525,0.003557,0.0017,0.029488,0.024261,0.001839,0.004261,0.004109,8e-05,0.00118,0.002414,0.000412,0.001324,-0.001336,0.012159,0.020229,0.000148
526,0.001282,0.002632,0.027172,0.024947,0.003692,0.005289,0.002612,-0.000143,0.003929,0.002429,-0.001191,0.003302,0.001282,0.001537,0.017776,0.000861
527,0.004043,-0.001715,0.026671,0.024688,0.003242,0.002542,0.001629,0.001203,0.001224,0.00437,0.001779,-0.000294,0.004272,-0.001769,0.017123,0.000598
528,0.00358,-0.001863,0.02869,0.023841,0.002881,5.9e-05,0.00511,0.002083,0.004723,0.000742,0.000951,0.002572,-0.000805,-0.002561,0.019227,-0.000291
529,0.004608,-0.001925,0.028749,0.02188,0.001597,0.003583,0.002287,-0.001009,0.002567,0.001344,0.002764,0.005826,0.003354,-0.003999,0.019365,-0.002309
530,0.002561,0.000945,0.029304,0.024673,0.00298,0.002338,0.002996,0.001216,0.003967,0.003264,-8.4e-05,0.000213,0.005689,0.000452,0.020033,0.000634
531,0.002528,0.000625,0.027774,0.023077,0.00247,0.004635,0.001444,0.00166,0.005508,-0.004118,0.003461,0.004586,0.002325,0.001452,0.018491,-0.000963
532,0.002006,-0.000242,0.027828,0.024103,0.00494,0.002421,0.002658,0.000771,0.001008,0.00233,0.00112,0.002867,0.005017,0.00278,0.018504,1.2e-05
533,0.005074,0.002013,0.027829,0.024522,0.004193,0.001636,0.003955,-0.00207,0.002336,0.000956,0.002128,-0.002043,0.004022,0.004752,0.018991,0.000225
534,0.0026,-0.000172,0.029579,0.025102,0.001278,0.003119,0.003136,0.004745,0.003401,0.00036,0.002206,-0.000534,-0.001415,0.009108,0.020107,0.000885
535,0.003078,0.000225,0.029894,0.023474,0.00128,0.002396,0.002407,0.003211,0.00093,0.004895,0.003241,0.001319,0.001434,0.003758,0.020834,-0.000607
536,0.00337,0.002802,0.026424,0.024492,0.001318,0.003672,0.00268,0.002905,0.002605,0.000874,0.000949,2.3e-05,0.004943,0.004717,0.017528,0.000381
537,0.0027,-0.00204,0.028061,0.023549,0.004264,0.001618,0.000326,0.001857,0.004189,0.002818,0.000608,0.001612,0.003672,0.007403,0.018561,-0.000552
538,0.003325,-0.001795,0.029904,0.025507,-0.000379,0.003091,0.002011,0.003142,0.002303,0.00531,0.008289,0.001577,-0.00234,-0.00862,0.020459,0.001484
539,0.003024,0.003584,0.026185,0.027025,0.001595,0.003558,0.003388,0.001664,0.003772,0.001441,-0.001652,0.001704,0.00742,0.000307,0.017214,0.002948
540,0.003542,0.001365,0.030844,0.023936,0.001468,0.003472,0.00528,0.003529,0.003754,-0.000427,-0.000718,-0.001267,0.003375,-0.00885,0.021061,-0.000212
541,0.003874,-0.001967,0.027701,0.024442,0.004476,0.001363,0.000891,0.00405,0.002897,0.003452,-0.001262,-0.003562,0.000314,0.00874,0.0191,0.000328
542,0.004247,0.000149,0.029523,0.022945,0.001317,0.002442,0.000409,0.002856,0.0042,0.00552,0.000633,-0.000873,0.000627,0.004749,0.019997,-0.001355
543,0.002345,0.00133,0.029117,0.02413,0.003788,0.002597,0.000829,0.003585,0.001634,0.00302,-0.002154,0.006351,0.001684,0.006264,0.019727,-6e-05
544,0.002322,3.7e-05,0.028114,0.027255,0.003726,0.00238,0.002608,0.002348,0.001267,0.000513,0.001318,0.003332,0.008137,0.000772,0.019467,0.003219
545,0.001718,0.001124,0.029208,0.026249,0.004445,0.004315,0.003631,0.000173,0.001612,0.003552,-0.003867,0.003504,0.00061,0.007346,0.019576,0.002184
546,0.003407,0.002775,0.02756,0.026908,0.005818,0.001778,0.002213,-0.000123,0.003294,-0.000269,-0.000433,8e-06,0.00788,0.002636,0.018101,0.002889
547,0.00244,0.001071,0.028192,0.022434,0.001259,0.002933,0.002032,0.006314,0.000887,0.000786,0.00095,0.006563,-0.000344,0.005343,0.018565,-0.001793
548,0.002794,0.000796,0.029148,0.023742,0.003639,0.001424,-0.000704,0.004018,0.004043,0.003385,0.001253,0.002585,-0.001386,0.009934,0.019913,-0.000501
549,0.002248,0.000915,0.028315,0.021517,0.002667,0.000477,0.003229,0.003516,0.000316,0.002844,0.001181,0.003492,0.00915,0.007855,0.019136,-0.002767
550,0.000178,0.000323,0.025731,0.025122,0.002081,0.005939,0.002096,0.000834,0.000938,0.002695,0.007055,0.003071,0.0029,0.002489,0.016446,0.001078
551,0.001525,-0.000995,0.029197,0.023744,0.003311,0.003275,0.005106,0.000994,0.002578,0.001138,0.003647,-0.0022,0.002283,0.002684,0.020077,-0.000462
552,0.001433,8.3e-05,0.029601,0.025007,0.003218,0.002735,0.005722,0.00084,-0.001518,0.003443,0.00143,0.001573,0.003682,0.013541,0.020127,0.000897
553,0.003098,-0.000966,0.028631,0.025073,0.005221,0.002156,-0.000912,0.00341,0.000819,0.003874,-0.001416,0.004357,0.004226,0.001119,0.019372,0.000934
554,0.001264,-0.003352,0.028522,0.025899,0.002892,0.003219,-3.9e-05,0.004233,0.000976,0.00489,0.005205,0.000218,0.005881,-0.001096,0.019011,0.001895
555,0.001456,-3.1e-05,0.029556,0.023939,0.003685,0.001966,0.003589,0.0001,0.002154,0.003746,-0.001496,0.007477,0.001961,0.011571,0.020655,7e-06
556,0.001695,-0.000844,0.028499,0.024115,0.001468,0.004393,0.001248,0.001036,0.002819,0.002262,0.004236,0.001118,0.006468,0.012086,0.018493,5.9e-05
557,0.000995,-0.003317,0.028689,0.022383,0.003135,0.004067,0.003161,0.00386,0.004502,0.001504,-0.001743,-5e-05,0.004542,-0.004082,0.019205,-0.001909
558,0.002422,-0.001097,0.028865,0.024547,0.002925,0.00167,0.001025,0.000609,0.00665,0.000355,0.002057,0.002519,0.003642,0.015327,0.019878,0.000447
559,0.002876,0.000655,0.028836,0.025201,0.001122,0.001911,0.001256,0.004091,0.00508,0.003153,0.003139,0.001896,0.001458,-0.002598,0.019845,0.001266
560,0.002849,-0.000785,0.02865,0.022489,0.000416,0.002507,0.002735,0.001129,0.005972,0.002459,0.006233,-0.001796,0.004955,-0.001886,0.01916,-0.001612
561,0.003203,-0.001297,0.028217,0.024885,0.00235,0.002,0.004873,-0.000921,0.00212,0.001254,0.003202,0.004171,-0.001584,0.013213,0.018831,0.000922
562,0.000985,0.00121,0.026704,0.026306,0.002773,0.002526,0.002682,0.00597,0.000459,0.005052,0.003709,-0.001078,0.002019,-0.004677,0.016739,0.002185
563,0.002928,0.001354,0.029205,0.02562,0.001601,0.002492,0.003789,0.001906,0.002698,0.00109,0.004838,0.001159,0.003395,-0.001688,0.01941,0.001563
564,0.001711,-0.002161,0.028565,0.024432,0.001783,0.003966,0.002031,0.002243,0.003852,0.002674,0.000538,0.002402,0.003913,0.005602,0.019332,0.000372
565,0.000232,-0.000975,0.026779,0.022815,0.004494,-4.8e-05,0.001843,0.000842,0.005222,0.002685,0.002883,0.005443,0.01279,-0.002166,0.017772,-0.001395
566,0.003805,-0.000557,0.027252,0.025235,0.001026,0.004068,0.003328,0.002773,4.4e-05,0.003999,-0.00088,0.003233,-0.00046,0.003294,0.017909,0.001253
567,0.002608,0.000171,0.026707,0.02508,0.00419,0.003023,0.000757,0.002807,0.001666,0.002237,0.000606,0.002335,0.001288,0.006901,0.016995,0.000991
568,0.000131,-0.000695,0.026561,0.022888,0.003617,0.003458,0.002638,0.002415,0.002484,0.00299,0.001938,0.003471,-0.000552,0.009994,0.017252,-0.001315
569,0.00231,0.001333,0.028746,0.024141,0.001488,0.003956,0.003287,0.002504,0.000762,-6e-05,0.00265,0.004326,0.005497,0.005156,0.018832,-6.9e-05
570,0.003348,-0.001403,0.029061,0.022339,0.000638,0.002464,0.000331,0.003064,0.004487,0.004925,0.003616,0.001259,0.003278,-0.002223,0.019055,-0.001694
571,0.002596,-0.000355,0.027791,0.023657,0.002322,0.004227,0.001691,0.001293,0.003913,-0.001855,0.002779,0.005221,0.003951,0.002313,0.018612,-0.0006
572,0.002827,-0.002066,0.027611,0.022117,0.003308,0.003113,0.003238,-0.000157,-0.001756,0.005104,0.003272,0.007183,0.001097,-0.005251,0.018295,-0.002028
573,0.005156,-0.001226,0.029415,0.023583,-0.001103,0.002282,0.002099,0.003849,0.002066,0.004367,0.002295,0.002751,0.002954,-0.003853,0.019582,-0.000523
574,0.00029,0.002583,0.02886,0.024089,0.002866,0.00119,0.003117,0.003727,0.003944,-0.000273,0.004957,0.007441,0.003447,-0.000971,0.019671,-8.1e-05
575,0.001971,-0.001702,0.028951,0.024037,0.002919,0.001846,0.001837,0.00022,0.002558,0.003148,0.005017,0.006889,-0.001412,0.010841,0.01992,-7.6e-05
576,0.002713,0.000384,0.029847,0.024336,0.001929,0.00406,0.001844,0.004063,0.001139,0.001185,-0.000244,0.005327,0.000532,0.006022,0.020547,0.000116
577,0.000192,0.000748,0.027121,0.024438,0.001974,0.00395,0.001687,-1e-06,0.003647,0.003931,0.006408,0.00392,0.002062,0.009832,0.017694,0.000422
578,0.000526,-0.001189,0.02754,0.023023,0.00246,0.00208,0.004145,0.00239,0.001996,0.001515,0.005985,0.004244,0.001464,0.005423,0.017998,-0.001087
579,0.002385,0.002762,0.02806,0.022792,0.001275,0.001263,0.004608,0.002935,0.00225,0.002808,0.002256,0.003413,0.004685,-0.000259,0.018816,-0.00134
580,0.002137,-0.001023,0.030332,0.0237,0.004347,0.003377,0.001578,0.003993,0.002794,0.001527,-0.000464,0.001616,-0.002439,0.002978,0.021183,-0.000374
581,0.002802,-0.002454,0.026747,0.02232,0.002871,0.000742,0.002675,0.002702,-0.000292,0.005157,0.004007,0.002396,0.004599,0.000535,0.017022,-0.001951
582,0.004004,-0.001759,0.029369,0.021814,-0.000378,0.006425,-0.000132,0.001889,0.00267,0.001212,0.001902,0.006695,0.000404,0.00281,0.02025,-0.002454
583,0.0015,0.001986,0.029925,0.024253,0.00183,0.002557,0.003128,0.002015,0.003343,0.006581,0.000298,0.004273,0.001201,-0.002647,0.020359,0.000149
584,0.001493,0.000354,0.028675,0.025616,0.002398,0.00135,0.004298,0.003228,0.001561,0.003616,0.003193,0.002125,0.002673,0.002046,0.019368,0.001644
585,0.003021,-0.000474,0.027265,0.026037,0.001482,0.002465,0.005043,0.00032,0.003447,0.004499,0.000594,0.002829,-0.001474,-0.000393,0.017338,0.002053
586,0.001657,-0.001153,0.026953,0.022394,-0.000759,0.002607,0.004976,0.003899,0.00441,-0.000197,0.002598,0.003464,0.005459,0.005322,0.017885,-0.001734
587,0.004259,-0.001623,0.028869,0.022632,0.003054,-0.000214,0.002795,0.000173,0.002733,0.004782,0.000876,0.001482,0.004887,0.006574,0.01965,-0.001546
588,0.00194,0.001321,0.028879,0.02434,0.004674,0.002161,0.002866,0.00254,0.000512,0.002045,0.000901,0.000252,0.001358,0.015284,0.019499,0.000246
589,0.002899,-0.001063,0.027578,0.02387,0.004337,0.001605,0.000259,0.00317,0.003992,0.001448,0.004031,0.003211,-0.002375,-0.002554,0.018344,-0.000175
590,0.001445,-0.000616,0.028831,0.023789,0.002751,0.003433,0.002554,0.001798,0.001977,0.002886,0.003449,0.002518,-0.000894,0.010445,0.019806,-0.000247
591,0.00219,-0.001473,0.027474,0.023984,0.001036,0.00109,0.000471,0.004048,0.005916,0.002835,0.004818,0.00411,0.001365,0.003348,0.017804,-0.000151
592,0.003661,0.000453,0.027984,0.024966,0.004078,0.00253,0.002084,0.002053,0.007479,-0.000403,-0.000784,-0.001578,-0.001452,-0.00343,0.018488,0.00094
593,0.002493,0.00359,0.029187,0.0251,0.002521,-0.000232,0.001436,0.006953,0.002805,0.002754,0.000213,0.00413,0.001839,0.005344,0.019818,0.001032
594,0.001368,-0.000927,0.027286,0.024643,0.002338,0.001334,0.002884,0.005924,0.002753,0.001977,0.003587,0.004894,-0.001471,-0.004059,0.018086,0.000511
595,0.005055,0.00057,0.031048,0.025994,0.002835,0.001035,0.002709,0.000409,0.003224,0.000451,0.005735,-0.00078,-0.000236,0.003894,0.021627,0.001928
596,0.003304,-0.004308,0.028639,0.020967,0.004036,0.003648,0.002978,-0.0003,0.002824,0.001237,0.002013,0.000798,-0.002861,0.004427,0.019127,-0.003291
597,0.004775,0.000926,0.031301,0.024488,0.002888,0.002774,0.002504,0.001379,0.002384,0.000593,0.000275,0.000648,0.001019,0.005506,0.021752,0.000391
598,0.000461,-0.002672,0.028979,0.022294,0.000638,0.005922,0.001991,0.00176,0.004893,0.002323,0.002526,0.002249,0.004054,0.004689,0.019504,-0.001965
599,0.000637,-0.000554,0.027219,0.021958,0.003389,0.003468,0.002002,0.001979,0.004332,0.004279,0.003668,-0.000387,0.003747,-0.006864,0.017527,-0.002199
600,0.002579,0.001231,0.028182,0.025274,0.003722,0.000861,0.000648,0.006293,0.003646,-0.001207,0.006211,0.002563,-0.001836,-0.003762,0.01928,0.001312
601,0.001113,-0.002123,0.029938,0.02253,0.002654,0.003233,0.003746,0.003284,0.002575,-0.000153,0.001727,0.002262,0.002313,0.009745,0.020447,-0.00165
602,0.002425,0.001061,0.027973,0.023251,0.003009,0.000149,0.003041,0.00194,0.003384,0.002792,0.001292,0.001961,0.004849,0.012468,0.018594,-0.000947
603,0.002663,-0.000194,0.026906,0.023414,0.001821,0.003984,0.001995,-0.000162,0.003033,0.002844,0.003954,0.002214,0.00515,0.000466,0.01787,-0.000633
604,0.003583,0.001068,0.026258,0.025679,0.001073,0.002354,0.00262,0.002964,0.002544,0.002079,0.00157,0.003183,0.005765,-0.002446,0.016729,0.001635
605,0.0035,0.000408,0.027583,0.024936,0.004309,0.000136,0.002257,0.000679,0.003625,0.00157,0.003167,0.001505,0.000795,0.009509,0.018223,0.000801
606,0.000815,-0.001023,0.026767,0.02322,0.002992,0.001962,0.003206,0.002631,0.001688,0.004623,0.002102,0.00154,0.006673,0.003432,0.018067,-0.001048
607,0.000519,5e-05,0.029529,0.023435,0.002279,0.003562,0.005534,0.002047,0.000609,0.002324,0.003084,0.003708,-0.000591,0.006876,0.020179,-0.000646
608,0.002376,0.000413,0.030341,0.02489,-0.001106,0.004303,0.002618,0.003299,0.003743,0.001216,0.004181,0.001097,0.005431,0.006408,0.021295,0.000783
609,-0.000853,-0.001676,0.027345,0.025323,0.001538,0.004155,0.003167,0.002506,0.002945,0.004928,0.002835,0.004045,0.00226,0.007142,0.017481,0.001252
610,0.003312,0.001817,0.027139,0.024102,0.001726,0.000333,0.00386,0.001904,0.003358,0.003955,0.000821,0.004851,0.005518,-0.006032,0.017982,0.000131
611,0.00188,-0.000773,0.025783,0.023791,0.002174,0.00403,0.001258,0.00357,0.002915,0.003203,0.00367,0.001783,0.000208,-0.004053,0.016497,-0.000282
612,0.004262,0.000596,0.031414,0.02354,0.001457,0.000719,0.003519,-0.000772,0.006164,9.8e-05,0.005103,0.00413,0.001135,0.000334,0.022144,-0.000676
613,0.002585,1.7e-05,0.027985,0.02589,0.002067,0.001056,0.003033,0.003401,0.001631,0.003039,0.003086,0.004614,0.001386,0.002984,0.019546,0.001899
614,0.004141,-0.00098,0.029184,0.023091,0.001147,0.000909,0.002938,0.000897,0.002435,0.004743,0.001362,0.00558,0.00202,0.004031,0.019665,-0.001061
615,0.002157,0.000329,0.029776,0.023587,0.002585,0.003303,-0.000584,0.004714,0.005285,0.003081,0.001399,-0.000339,0.001615,0.001159,0.02016,-0.000501
616,0.004146,0.003045,0.029082,0.025797,0.002726,0.003468,0.001432,0.000422,0.001269,0.001056,0.005606,0.003865,-0.003176,0.004512,0.019483,0.001719
617,0.002938,0.002066,0.026946,0.026662,0.003372,-0.000261,0.003024,0.004177,0.0019,0.003225,0.001048,0.001269,0.006234,-0.001555,0.017621,0.002682
618,0.000537,-0.000341,0.027564,0.023309,0.004395,0.003727,0.002156,0.000277,0.002168,0.00086,0.003188,0.004782,0.004871,0.00759,0.018382,-0.000813
619,0.003701,0.000177,0.030248,0.026319,0.00183,0.003046,0.001901,0.003274,0.00104,0.003923,0.003222,-0.003415,0.003024,0.004583,0.021152,0.002356
620,0.002666,0.001941,0.029612,0.025989,-0.001236,0.002458,0.004077,0.001466,0.006419,0.003643,0.002463,0.002806,0.003927,-0.001289,0.019703,0.002077
621,0.002466,0.0012,0.026675,0.020863,-0.000252,0.00304,0.001838,0.003363,0.004402,0.004248,0.002384,0.001376,0.003044,0.006187,0.017189,-0.003416
622,0.002807,-0.00025,0.027208,0.023363,0.001031,0.003235,0.002131,0.003618,0.001648,0.000109,0.004829,0.003966,0.005045,-0.000963,0.018,-0.000721
623,0.003205,0.00063,0.03078,0.026021,0.001013,0.005399,0.001838,0.00397,0.002613,0.004892,0.000963,-0.002754,0.001321,-0.0111,0.021184,0.001994
624,0.002644,0.001221,0.028429,0.023539,0.000785,0.00247,0.006756,0.0014,0.001769,0.004078,0.000638,0.001908,0.002504,-0.00369,0.0191,-0.000678
625,0.003169,-0.001393,0.027941,0.023423,0.005058,0.000759,0.003397,-0.000191,0.002531,0.00116,0.004918,-7.8e-05,0.004839,-0.004725,0.018445,-0.000674
626,0.005299,3.6e-05,0.028317,0.024678,0.000927,0.004529,0.000878,0.003306,0.001018,0.002436,-0.000613,0.002268,0.002122,-0.00186,0.018574,0.000602
627,0.002937,-0.000469,0.02756,0.024961,-3.6e-05,0.001159,9.6e-05,0.004877,0.003279,0.001355,0.007402,0.006225,0.005342,0.001063,0.018208,0.000813
628,0.00246,-0.000402,0.028587,0.025797,0.002543,0.001512,0.001412,0.000245,0.001809,0.003913,0.006266,0.003134,0.002898,0.013981,0.019159,0.001776
629,0.002898,0.000274,0.028043,0.024352,0.003044,0.003902,0.001348,0.002265,0.001233,0.001493,0.001272,0.003749,0.004954,-0.001657,0.018798,0.000256
630,0.003747,0.002666,0.029238,0.025264,0.001815,0.005742,0.003132,0.000843,0.001147,0.001597,0.002676,0.003685,-0.00411,-0.006549,0.019293,0.001289
631,0.003073,0.001537,0.029738,0.023259,0.003004,0.000467,0.00032,0.001404,0.005956,0.003378,0.00557,0.005114,-0.002635,-0.001746,0.020644,-0.000824
632,0.001839,-0.001338,0.030816,0.024915,0.00189,0.002078,0.002161,0.006399,0.001987,-0.001054,0.007209,-6.7e-05,0.002359,0.003621,0.021104,0.000912
633,0.000922,-0.000878,0.028916,0.025217,0.00184,0.003075,0.003021,0.003966,0.001845,5.3e-05,0.007321,0.005481,-0.001489,0.001371,0.019645,0.001248
634,0.002655,0.000874,0.028284,0.026987,0.00151,0.003749,0.000382,0.000634,0.003621,0.001035,0.005542,0.005539,0.002675,0.007317,0.018735,0.00302
635,0.00168,-0.000131,0.028563,0.023954,0.002916,0.001743,0.005556,0.00279,-0.001223,0.003662,0.001558,0.003067,0.000805,0.008384,0.019454,-0.000244
636,0.00084,-0.001516,0.027488,0.021913,0.003903,0.000702,0.000551,0.001191,0.004953,0.006045,0.00678,0.002272,0.000267,0.001968,0.018026,-0.002245
637,0.003908,-3.4e-05,0.029691,0.022121,0.000884,0.002384,0.004882,0.000353,0.001387,0.002296,0.005441,0.000609,0.004735,-0.004107,0.020417,-0.002063
638,0.003013,0.00062,0.031029,0.026384,0.002223,0.003431,0.000891,0.001514,0.002212,0.003567,0.004625,0.001958,0.001247,0.001713,0.021295,0.002491
639,-0.000188,0.001653,0.026985,0.024371,0.00083,0.005535,0.005188,0.001303,0.004245,3.9e-05,0.000932,0.006314,0.001998,0.004633,0.017737,0.000198
640,0.003836,-0.002015,0.028833,0.023699,0.000636,0.001408,0.003044,0.00247,0.001934,0.00097,0.006101,0.000793,0.006893,0.003728,0.019504,-0.000479
641,0.001677,0.000447,0.027369,0.023299,0.000769,0.001303,0.005273,0.003313,0.003651,0.00241,0.003567,0.002781,0.001415,0.000928,0.017365,-0.000752
642,0.004095,0.000709,0.029184,0.023868,0.000285,0.002238,0.003779,0.001984,0.002802,0.000715,0.001877,0.004128,0.005612,-9.8e-05,0.019902,-0.000301
643,0.00225,0.001884,0.028012,0.024493,0.00243,0.001137,0.001157,0.00405,0.003347,0.004238,0.002464,0.002398,0.006427,-0.00451,0.018268,0.000374
644,0.000252,-0.000505,0.028259,0.023901,-0.000163,0.002579,0.005941,0.000592,0.004195,0.00525,0.001387,0.005106,0.001867,0.011676,0.019046,-0.000357
645,0.001174,0.000483,0.026687,0.025149,0.002119,0.002762,0.003548,0.000901,0.00388,0.004036,0.000464,0.008919,-0.002014,0.001939,0.017076,0.001179
646,0.004013,0.00064,0.029009,0.022813,0.003185,0.004394,0.002058,-0.002764,0.004047,-0.001185,0.003924,0.006104,0.001533,-0.004409,0.019465,-0.001232
647,0.001454,0.002598,0.027623,0.026487,0.004568,0.00238,0.000422,0.000411,0.006064,0.00371,0.001841,0.000227,0.002887,0.00556,0.017981,0.002393
648,0.001955,0.000784,0.028806,0.02431,0.003816,0.003489,-0.001149,0.002519,0.003724,0.002269,0.004298,0.000581,0.003726,0.004005,0.019193,0.000163
649,0.005205,0.001457,0.029702,0.023894,0.001111,0.001689,0.001684,0.005203,0.000668,0.004145,-0.000389,0.000499,0.001576,0.002267,0.0205,-0.000135
650,0.001849,4e-05,0.027215,0.025941,0.003615,0.000911,0.004521,0.004655,0.00071,0.001284,0.003962,-0.001051,0.000678,0.005434,0.018216,0.00192
651,0.003244,-0.000427,0.030367,0.023665,0.000642,0.000647,0.004144,0.001514,0.006036,0.002318,-0.000978,0.003127,0.005281,0.00812,0.020966,-0.000465
652,0.003986,0.002463,0.028908,0.024157,0.001579,0.000274,0.004214,0.004362,0.000308,0.002297,0.000715,0.007268,-0.00162,0.002497,0.020004,-5e-06
653,0.000724,0.001486,0.027682,0.025285,0.003888,0.001666,0.00266,0.001821,-0.000191,0.005704,0.006583,0.000831,0.005792,-4.6e-05,0.018409,0.001249
654,0.002274,-0.002983,0.029247,0.022696,0.001179,0.001347,0.000411,0.001453,0.005953,0.001927,0.002841,0.008161,0.008382,0.003101,0.020259,-0.001477
655,0.003345,-0.001872,0.028767,0.02368,0.002819,0.001466,0.004301,0.002457,0.001224,0.004224,0.002489,-0.001408,0.001526,-0.003621,0.019472,-0.00045
656,0.002465,0.000763,0.029779,0.026036,0.002889,-0.000304,0.000744,0.003493,-0.001119,0.00692,0.005918,0.006408,0.003473,0.002167,0.020017,0.002036
657,0.001912,-0.000768,0.028263,0.023055,0.003209,0.00516,0.000272,-0.001245,0.00294,0.000618,0.002934,0.005436,0.009399,0.002988,0.019509,-0.001077
658,-0.000282,-0.00038,0.026319,0.025136,0.00109,0.000776,0.004576,0.002663,0.003026,0.00129,0.008606,0.004018,0.009524,0.003604,0.01719,0.001049
659,-8e-06,0.000751,0.026159,0.025033,0.004433,0.005732,0.001623,0.001087,0.002379,0.002606,0.002211,0.004875,-0.001937,0.000412,0.016877,0.000879
660,0.001774,-0.000403,0.027277,0.022781,0.003212,0.007176,0.005451,-0.002449,0.000947,0.001683,0.003743,-0.002539,-0.001122,0.001706,0.018019,-0.00137
661,0.002321,-0.000153,0.029657,0.023147,0.003512,0.001644,0.004226,0.001987,0.001597,0.000404,0.000691,0.006633,0.001328,0.003387,0.020114,-0.001012
662,0.001674,0.001234,0.031668,0.024812,0.000649,0.00541,0.002811,-7.9e-05,0.005357,0.002229,0.003409,0.003749,-0.001887,0.004115,0.022483,0.000826
663,0.001945,-0.000148,0.028437,0.023857,0.001084,-0.000197,0.001766,0.004342,0.005449,0.004573,0.001687,-0.000203,0.009239,0.008445,0.019323,-0.000156
664,0.002696,6.2e-05,0.028335,0.023175,0.004352,0.003541,0.003007,0.003805,0.001652,0.000704,-0.003797,0.001468,0.000679,0.003825,0.019079,-0.000819
665,-0.000131,-0.001417,0.026318,0.02307,0.002917,0.002694,0.002222,0.001622,0.008337,0.003993,0.004229,-0.000658,-0.002189,0.001949,0.016352,-0.001208
666,0.003301,-0.001664,0.029265,0.023488,0.002617,0.004126,0.003956,-0.000118,0.00104,0.003848,0.00364,0.001738,-0.004549,-0.003037,0.019854,-0.000637
667,0.002404,-0.000432,0.029945,0.023946,0.001279,0.003583,0.00271,0.000949,0.002634,0.002344,0.003756,0.002228,0.005479,0.003579,0.021183,-0.000215
668,0.001091,0.000489,0.026395,0.022428,0.001823,0.001589,0.003556,0.003662,0.002291,0.001717,0.003949,0.002875,0.00508,0.008042,0.017095,-0.001718
669,0.003726,-0.00019,0.029679,0.021606,0.001567,0.003886,0.003423,0.000558,0.001938,0.002202,0.001377,0.001136,0.001679,0.005757,0.020127,-0.002499
670,0.003332,-8e-05,0.026958,0.024722,-0.002258,0.001478,0.001537,0.006088,0.005017,0.0031,0.003919,0.006109,0.001017,-8.7e-05,0.017311,0.000664
671,0.001685,-0.000914,0.029899,0.022954,0.004265,0.005995,-0.000589,0.002951,-0.001763,0.000529,0.004062,0.001948,0.007767,0.002854,0.020456,-0.001189
672,0.00478,-7e-06,0.030796,0.024007,0.002333,0.002612,0.003291,0.001254,0.001932,-0.001763,0.000578,0.003544,0.003978,0.005293,0.021921,-0.000109
673,0.00317,0.001524,0.030156,0.022701,0.000991,0.001022,0.001778,0.002522,0.005353,0.00452,0.002529,0.006287,-0.003816,0.0017,0.020863,-0.00152
674,0.003124,-0.000122,0.028608,0.025403,-0.000466,0.001539,0.004419,0.00316,0.00335,0.000912,0.004434,0.004241,0.000919,0.005633,0.019706,0.001364
675,0.003213,-0.000639,0.027768,0.024829,0.003698,0.001413,0.001821,0.001424,0.004706,0.004768,-6.7e-05,0.001989,0.000707,-0.005363,0.018307,0.000741
676,0.002739,-0.000814,0.028002,0.022432,0.00168,0.001255,0.001356,0.005182,0.00229,0.003439,0.003486,0.002984,-2.2e-05,0.004391,0.018622,-0.0017
677,0.00113,0.001807,0.026821,0.025108,0.00095,0.002212,0.0037,0.000768,0.006102,0.001958,0.001753,0.003437,0.007124,0.008834,0.017651,0.001044
678,0.000803,0.001597,0.026106,0.025259,0.002108,0.003693,0.00224,-0.001192,0.002256,0.005471,0.002557,0.005895,0.006744,0.008723,0.016621,0.001137
679,0.003329,-0.002494,0.028402,0.022817,0.003119,0.00277,0.001541,0.004145,0.001065,0.002507,0.000335,-0.001086,0.00536,0.002161,0.019231,-0.001247
680,0.00197,-0.001902,0.027377,0.023332,0.003052,0.002491,0.003613,0.002472,0.003052,0.004052,0.002391,-0.002432,0.00117,-0.000421,0.018098,-0.000786
681,0.003678,0.000594,0.028399,0.023378,0.000263,0.001268,0.003115,0.003151,0.002116,0.003728,0.001197,0.003125,0.003237,0.010118,0.01941,-0.000648
682,0.001095,-0.001883,0.028476,0.021423,0.001119,0.004795,0.00373,0.004286,0.000838,0.003536,0.001989,0.000867,8.4e-05,0.003946,0.019304,-0.002752
683,0.001628,0.000729,0.027641,0.026572,0.003933,0.00107,0.003662,0.000615,0.002354,0.000391,0.002759,0.005101,0.003793,0.013108,0.018592,0.002401
684,0.001931,0.001236,0.028522,0.02354,0.004082,0.000843,0.003124,0.004155,0.00495,0.000774,0.004589,-0.006598,-0.000296,0.008373,0.018812,-0.000627
685,0.002503,-0.003949,0.027498,0.022513,0.003244,0.004063,0.005877,-0.001965,0.000348,0.002544,0.000848,0.000524,0.005521,0.002865,0.018535,-0.001678
686,0.001599,-0.002695,0.028706,0.023673,0.0038,0.001291,0.001383,0.004645,0.003804,-0.001102,-0.000606,0.005458,0.009603,0.002622,0.019343,-0.000377
687,0.000328,-0.002484,0.027766,0.024973,0.001204,0.005227,0.003783,0.004835,0.000368,0.001971,0.001539,0.000741,0.008714,-0.001156,0.017913,0.000928
688,0.001674,0.000258,0.029555,0.025873,0.000753,0.005088,0.002333,0.00574,0.001637,0.000796,0.006213,0.000537,-0.003544,-3.9e-05,0.020454,0.001792
689,0.00391,0.001268,0.027484,0.024072,0.001471,0.004719,0.001318,0.001225,0.003977,0.004505,0.000176,-2.2e-05,-0.001404,9.6e-05,0.018713,-0.0001
690,0.000198,-0.000824,0.028533,0.022379,0.001525,0.000728,0.006873,0.003377,0.003573,0.003163,0.000911,0.001755,0.003666,0.007399,0.01919,-0.001851
691,0.003677,-0.001802,0.029082,0.026774,0.0045,0.005625,-0.000344,0.004133,-0.001974,0.004401,-0.000363,-0.000546,-0.002974,-4.6e-05,0.019849,0.002722
692,0.001243,-0.001388,0.029208,0.022688,0.002183,0.002717,0.003034,0.001998,0.003145,0.005445,-0.000576,0.004318,0.001845,0.005038,0.0197,-0.001404
693,0.003112,0.000562,0.02663,0.023914,0.003288,0.002342,3e-06,0.00469,-0.000567,0.000583,0.006131,0.004365,0.000391,0.004523,0.01728,-0.000365
694,0.000753,2e-05,0.028742,0.022224,0.001023,0.005205,0.00294,0.002174,0.003172,0.00164,0.003634,0.003757,-0.001651,0.009707,0.019377,-0.001911
695,0.004168,0.000291,0.029492,0.02291,0.000395,0.003636,0.002258,0.000873,0.00404,0.001819,0.001862,0.000788,0.004881,0.003831,0.01998,-0.00126
696,0.004177,-0.003758,0.027656,0.021931,0.001147,0.003486,0.001389,-0.000227,0.003096,0.006402,0.001526,0.004515,-0.001711,-0.001615,0.017982,-0.002323
697,0.003667,-0.001182,0.028527,0.022337,0.001861,0.001336,0.002115,0.001389,0.004761,0.002153,0.004751,0.001915,0.002742,-0.003772,0.019555,-0.001806
698,0.001492,-0.001184,0.026996,0.02513,0.004212,0.002201,0.000595,0.003455,0.003694,0.004641,0.00264,-0.002426,0.003432,0.000888,0.017684,0.001014
699,0.002583,0.000979,0.028455,0.02316,0.005304,0.001351,0.000393,0.002236,0.004643,0.002585,-0.00099,-0.000634,0.005946,0.004417,0.019108,-0.001039
700,0.002245,0.000466,0.027339,0.025973,0.004754,0.001499,-0.000457,0.004944,0.001586,0.00144,0.005344,0.004137,-0.003674,0.003819,0.018541,0.001905
701,0.002798,0.000144,0.026539,0.025409,0.002971,0.000809,0.004848,0.003998,0.002556,0.001061,-0.001389,-0.001012,0.010088,-0.002966,0.017197,0.001412
702,0.004014,-0.000591,0.028407,0.02162,0.000279,0.001298,0.002644,0.003226,0.000936,0.004797,0.001048,0.005535,0.005057,0.000739,0.019352,-0.002642
703,0.002344,-0.002176,0.027794,0.022861,0.005253,0.001096,0.001678,0.003206,0.001906,0.00151,0.000786,0.001945,0.006622,-0.001722,0.018735,-0.001208
704,0.002381,-0.000642,0.027665,0.023938,0.003694,0.002109,0.000731,0.0037,0.000246,0.003835,0.00388,-1.7e-05,0.005733,0.002134,0.017843,-0.000142
705,0.003154,0.000228,0.028973,0.024564,9e-05,0.001092,0.002538,0.002552,0.004965,0.004469,0.001598,0.003547,0.002126,0.006581,0.019283,0.000519
706,0.001506,0.002074,0.028336,0.023469,0.001966,0.004599,0.001152,0.005303,-6.6e-05,0.003109,0.00337,0.004771,-0.002488,0.002144,0.018955,-0.000787
707,0.002745,0.000718,0.027292,0.027602,0.000603,0.001914,0.003632,0.001781,0.003199,0.001396,0.004246,0.005286,0.004248,0.001229,0.017724,0.003717
708,0.003684,0.000756,0.029859,0.025216,0.001117,0.002437,0.001865,0.003957,0.002124,0.00184,0.004064,-0.0016,0.004753,0.004432,0.02099,0.001145
709,0.002695,0.000129,0.028187,0.023563,0.003844,0.003637,-1e-06,0.000777,0.003063,0.002459,0.000795,-0.000907,0.006826,0.012502,0.018653,-0.000571
710,0.002893,0.001219,0.028311,0.027159,0.001366,0.001872,0.002365,0.000533,0.005056,0.003121,0.006199,-0.00265,0.006352,0.003108,0.019229,0.00309
711,0.000708,0.00014,0.027998,0.024207,0.002256,0.004197,0.003077,0.000511,0.003568,0.004817,0.001869,0.000928,0.000246,0.011007,0.019105,0.000129
712,0.003623,0.0023,0.026282,0.026592,0.001579,0.002163,-0.000631,0.001633,0.00379,0.007524,0.002475,0.003366,-7.9e-05,0.001887,0.016925,0.002582
713,0.003449,0.001515,0.028125,0.025213,0.002286,0.00216,0.003648,0.000498,0.005337,0.001507,0.000519,0.003415,0.002529,-0.00619,0.019147,0.001233
714,0.002502,0.001274,0.028067,0.025102,0.000515,0.00464,0.001646,0.002803,-0.000613,0.004934,0.004349,0.007043,-0.004457,0.005827,0.01829,0.001104
715,0.001125,-0.001323,0.027901,0.024357,0.001007,0.002064,0.005567,0.002653,0.00169,0.004915,0.006543,0.002088,-0.003882,7.2e-05,0.018699,0.000303
716,0.00333,0.000427,0.030287,0.025851,0.003121,0.001884,0.000167,0.001887,0.003096,-0.00143,0.004464,0.00489,0.007635,0.005001,0.021177,0.001934
717,-0.000225,0.000471,0.0273,0.025194,0.003438,0.002042,0.0042,0.005518,0.002408,0.001999,0.001597,0.000431,0.001209,0.006487,0.01859,0.001253
718,0.003109,0.001447,0.029855,0.027165,0.002123,0.000591,0.003436,0.003514,0.003118,0.005574,0.002588,-0.001145,-0.003309,0.004019,0.020481,0.003336
719,0.002234,0.00337,0.029533,0.024725,0.002138,0.001946,0.004113,0.003461,0.003429,0.003624,-0.000253,0.004259,-0.003479,-0.000286,0.020143,0.000673
720,0.001471,0.000806,0.027357,0.024445,0.002924,0.000787,0.003488,0.000279,0.006496,0.004924,0.001107,0.00173,0.000469,0.007109,0.017846,0.000369
721,0.000325,-4.8e-05,0.028838,0.02643,0.004467,0.003089,0.001776,0.003554,0.00165,0.000211,0.002439,0.004979,0.007072,-0.001325,0.019153,0.002443
722,0.002589,0.000971,0.028374,0.025327,0.002607,0.001651,0.004348,0.002924,0.002128,0.002971,-0.002744,0.003653,0.00274,0.005802,0.019303,0.001243
723,-0.000402,0.000901,0.02646,0.025166,0.002814,0.003017,0.002989,0.00204,0.000936,0.005453,0.003484,0.003829,0.007033,0.002244,0.017089,0.00109
724,0.004715,-0.002071,0.03055,0.022056,0.002885,0.001589,0.001255,0.001961,0.001384,0.003328,0.001158,0.002594,0.003589,0.000124,0.021634,-0.002087
725,0.000879,-0.001752,0.028839,0.025706,0.002985,0.002731,0.005034,0.003527,0.001913,0.003094,0.001389,0.000512,-0.00031,0.001058,0.019266,0.001761
726,0.001571,0.002648,0.029415,0.025599,0.003876,0.002422,0.002488,0.005344,0.00236,-0.000132,9.2e-05,0.003187,-0.002894,0.010792,0.020522,0.001592
727,0.004645,0.000749,0.02801,0.026276,0.003136,0.002046,0.00069,0.00302,0.002188,-0.000798,0.002403,0.000758,0.001565,0.011869,0.018486,0.00232
728,0.001987,-0.002508,0.027622,0.022115,0.000923,0.002133,0.004705,0.002462,0.003126,0.003005,0.003291,0.000719,0.004903,-0.000533,0.018235,-0.002149
729,0.004586,-0.003614,0.027997,0.022739,0.00295,0.00417,0.001146,0.001852,0.001367,-0.000873,0.004586,0.000248,0.000863,-0.000698,0.018721,-0.001297
730,0.00371,-0.001504,0.029752,0.024386,0.002219,0.003725,0.001354,0.004235,0.000892,-0.000665,0.007494,-0.001447,0.000383,-0.001879,0.020623,0.000271
731,0.000618,-0.001366,0.027511,0.024003,0.005151,0.002742,0.001572,0.000793,0.003353,0.004434,0.001164,0.004669,0.000812,-0.000198,0.017367,-0.000184
732,0.003069,-0.002219,0.028777,0.023184,0.00297,0.000355,0.003911,0.003809,0.003083,-0.000224,0.004715,0.000169,0.000488,0.001244,0.019058,-0.000997
733,0.003378,0.001982,0.028599,0.025173,0.000396,0.002357,0.005502,-0.001541,0.005991,0.004055,0.001952,-0.000813,0.000253,0.005956,0.019482,0.001214
734,0.000956,3.6e-05,0.029562,0.025026,0.002093,0.002018,0.000102,0.002088,0.005709,0.003138,0.004101,0.004391,0.005824,0.007798,0.020283,0.000938
735,0.003297,0.001277,0.028593,0.022653,0.002001,0.001396,0.002015,0.003516,0.005441,0.00107,0.00299,-0.000476,0.000198,0.005106,0.019674,-0.001504
736,0.002421,-0.001112,0.028047,0.022001,0.002259,0.000343,0.004292,0.000896,0.004586,0.003508,0.001069,0.005214,-0.000702,0.007174,0.018961,-0.002209
737,0.004409,0.003091,0.027781,0.025122,0.003333,0.001976,0.001984,0.000985,0.000157,0.001963,0.004267,-2e-06,0.002641,0.007999,0.018638,0.001166
738,0.00108,0.001514,0.025852,0.0255,0.001634,0.002186,0.006156,0.002287,0.003968,1.8e-05,0.003281,0.001972,0.003338,0.000835,0.016411,0.00144
739,0.001064,-0.000278,0.028552,0.024043,0.003273,0.004502,0.004348,-0.000954,0.002629,0.001678,0.00354,0.002109,0.000424,0.005055,0.019454,-0.000145
740,0.002233,-0.000575,0.028849,0.023833,0.0039,0.001429,0.004496,0.001655,0.001781,0.002027,-0.001044,0.003089,0.005593,0.002476,0.019458,-0.000133
741,0.001664,-0.000376,0.025764,0.024281,0.001945,0.000482,0.002432,0.00496,-0.000372,0.004917,0.003931,0.002846,0.004378,0.011885,0.016077,9.5e-05
742,0.000153,-0.000127,0.028579,0.024418,0.004422,-0.000892,0.001454,0.003162,0.00562,0.00549,0.004989,0.003359,0.002449,-0.004195,0.019307,0.000233
743,0.000187,-0.002875,0.027223,0.022917,0.002371,0.002519,0.003787,0.003737,0.003605,0.003983,0.000777,0.002778,0.001367,0.002933,0.018016,-0.001255
744,0.000993,-0.000586,0.026343,0.021405,0.001572,0.004546,0.003069,0.002471,0.001555,0.000836,0.003335,0.003207,0.003253,0.011201,0.017483,-0.0028
745,-0.000573,-0.000312,0.027836,0.021447,0.00187,0.003512,0.003973,0.003845,0.001803,0.005614,0.00403,-0.000167,0.00227,0.001812,0.018625,-0.002768
746,0.00064,0.001686,0.027219,0.024987,0.004832,0.002216,0.002086,0.000769,0.00493,-2e-06,0.005941,0.000741,0.001301,0.008121,0.017681,0.000967
747,0.004458,-0.000997,0.03012,0.022685,0.002185,0.001947,0.001907,0.001635,0.000456,0.003005,0.005365,-0.001427,0.003941,0.005748,0.020467,-0.001494
748,0.003741,0.001193,0.027405,0.025076,0.003121,0.002215,0.001038,0.00215,0.002273,0.002594,0.003155,-0.000503,0.006841,-0.003237,0.017892,0.000946
749,0.002616,-0.000184,0.029068,0.023514,0.002652,0.002484,0.003763,0.002037,0.00242,0.003773,0.001438,0.001029,0.00281,-0.006418,0.019442,-0.000445
750,0.002949,0.000276,0.027836,0.022683,0.003317,0.002073,0.000558,0.001245,0.002897,0.003699,0.005044,-0.000177,0.004009,0.002616,0.018125,-0.001512
751,0.002064,-0.000514,0.028576,0.024287,0.004002,0.002732,0.000121,0.000762,0.004352,0.002431,0.002421,0.001861,0.005073,0.006293,0.019218,0.000239
752,0.001265,-0.001443,0.027708,0.025901,0.003348,0.003222,0.00369,-0.000301,0.00351,-0.000141,0.00481,0.003745,0.006488,-0.004007,0.018036,0.001799
753,0.003321,0.001513,0.029713,0.025195,0.002926,0.000646,0.0043,0.001234,0.003246,0.001279,9.8e-05,0.003558,0.006264,-0.000552,0.020114,0.00103
754,0.001962,-0.000428,0.029322,0.023927,0.00404,0.003588,0.002589,0.002724,-0.000809,0.001878,0.003595,0.001631,0.003679,-0.001701,0.019789,-0.000112
755,0.001961,-0.00084,0.0291,0.024592,0.001969,0.002293,0.005106,0.001267,0.00128,0.00359,0.00497,0.004797,-0.003363,-0.001187,0.020074,0.000526
756,0.001227,0.001571,0.02642,0.025266,0.002303,0.000166,0.002049,0.002162,0.005655,0.003565,0.004444,0.005,0.001689,0.00619,0.017689,0.001197
757,0.006029,-0.000191,0.032173,0.024927,0.003721,0.001331,-0.000227,0.000615,0.004066,-0.000808,0.006295,0.000325,-0.00479,0.008598,0.022893,0.000779
758,0.002171,-0.002126,0.028477,0.023107,0.001966,0.003581,0.004974,0.002336,0.002077,-0.000345,0.002489,0.002448,0.004299,-0.004766,0.018806,-0.001149
759,0.003632,0.000366,0.028448,0.02371,0.002695,0.001221,0.001381,0.002892,0.002037,0.005392,0.001128,-0.001132,0.006289,0.001821,0.019265,-0.00037
760,0.001119,-0.001652,0.02827,0.022876,0.004018,0.001794,-0.001031,0.004491,0.000966,0.006993,0.004248,0.003636,-0.002153,0.007578,0.01884,-0.001316
761,0.005836,-0.001009,0.030599,0.023097,0.001856,0.003958,-0.000407,0.001867,-0.000805,0.001547,0.001329,0.005165,0.006584,-0.001559,0.021357,-0.001101
762,0.002272,0.000724,0.028929,0.024673,0.002258,0.00348,0.003103,0.002909,0.005419,0.000681,0.00152,-0.000116,0.001337,-0.005035,0.019583,0.00064
763,-3.8e-05,-0.001995,0.027326,0.022675,0.00145,0.002434,0.003334,0.003482,0.002805,0.006292,-0.000997,0.007898,0.003083,0.002462,0.018018,-0.001372
764,0.002701,0.000707,0.027839,0.026816,0.002385,0.003247,0.003519,0.002163,0.001893,0.002836,0.002257,0.002582,-0.003305,0.001795,0.018729,0.002847
765,0.001742,-0.000562,0.026167,0.02478,0.001838,0.001294,0.003659,0.002449,0.002654,0.001865,0.003746,0.005486,0.002213,0.006911,0.016667,0.000678
766,0.004994,-0.000518,0.028301,0.023289,0.003193,0.001183,0.000576,0.001609,0.004389,0.004868,0.001697,0.000118,-0.003267,-0.001235,0.018798,-0.000907
767,0.00146,-0.001233,0.02675,0.023897,-0.000459,0.002568,0.002582,0.002415,0.003534,0.00505,0.005878,0.002444,0.002683,0.00892,0.017671,-0.000191
768,0.002058,0.00156,0.028356,0.024289,0.002928,0.002,0.002475,0.00124,0.005555,0.001715,0.00134,0.00401,0.002781,0.00047,0.018785,0.000226
769,0.004199,-0.000236,0.028469,0.024603,0.003774,0.000969,0.002161,0.002982,0.003049,0.001957,0.001203,-0.002482,0.002701,0.001866,0.019512,0.00055
770,0.002563,0.001263,0.028236,0.023461,0.003812,0.002803,0.000725,0.003667,0.000717,0.001129,0.001053,0.002905,0.006838,0.003962,0.018291,-0.000773
771,0.002673,-1.6e-05,0.028515,0.023887,0.002784,-0.000144,0.004914,0.002917,0.002111,-0.000553,0.002802,0.001423,0.003681,0.015079,0.019562,-0.000138
772,0.002896,0.000701,0.02946,0.02321,0.002273,0.001093,-0.001684,0.003575,0.003255,0.006281,0.004395,0.005268,0.000453,0.002479,0.019081,-0.000767
773,0.001929,0.000733,0.028483,0.027342,0.001622,0.001083,0.001543,0.00561,0.004612,0.002377,0.004917,-0.001221,0.006955,-0.004658,0.019115,0.003418
774,0.003434,-0.001578,0.02799,0.023702,0.001843,0.001325,0.004663,-0.000157,0.000755,0.00302,0.000991,0.007846,0.001053,0.010209,0.018987,-0.000398
775,0.004173,-0.001501,0.029223,0.023538,0.003655,0.002541,-0.001136,0.001863,0.001182,0.003348,0.002484,0.00748,-0.004726,0.007466,0.020368,-0.000549
776,-0.000329,0.000541,0.027204,0.02466,0.002776,0.002272,0.002818,0.005713,0.001792,0.000862,0.003936,0.006607,0.000992,0.003752,0.01762,0.000605
777,0.002234,0.000612,0.027555,0.026908,0.003253,0.000931,0.005112,0.002114,0.004251,0.002357,0.004455,-0.00017,-0.003249,-0.005659,0.018887,0.002921
778,0.000156,-0.000727,0.025839,0.025108,0.004982,0.002429,0.003565,0.003557,-0.001706,0.006242,0.000648,0.004252,-0.001269,0.002953,0.016636,0.001065
779,0.001235,-0.002136,0.028259,0.023594,0.003205,0.00281,0.004788,0.004521,0.000521,-0.001129,0.004866,0.001641,-0.00296,0.006741,0.018786,-0.000583
780,0.001979,-0.003472,0.027821,0.022332,0.002512,0.003884,0.002497,0.003319,-2.7e-05,0.00324,0.003345,0.002143,0.000239,0.002255,0.018523,-0.001848
781,0.004695,-0.000523,0.027792,0.025046,0.001568,0.002083,0.003132,-0.000852,0.003396,0.00343,0.001535,0.002233,0.001707,0.004652,0.018682,0.000886
782,0.002786,0.001607,0.027589,0.026005,0.001957,0.001675,0.003659,0.003299,0.003878,0.001796,0.003687,-0.001465,0.000148,0.003049,0.018843,0.002025
783,0.000524,0.000164,0.028193,0.024488,0.004837,0.002147,0.001627,0.002174,0.0049,0.00263,0.000132,0.001759,0.001799,0.010233,0.019206,0.000398
784,0.001734,-0.000164,0.026684,0.024146,0.002351,0.001111,0.003761,0.002793,0.002971,0.002325,0.003814,-0.000494,0.001401,0.015351,0.017962,-2.6e-05
785,0.003077,0.000544,0.027604,0.022238,0.004083,0.001582,0.00231,0.001065,0.000476,0.004405,0.001496,0.004789,0.000134,0.003142,0.018949,-0.001967
786,0.002056,0.000102,0.030682,0.023966,0.001911,0.003739,0.004239,0.003875,0.001015,0.00152,-0.001007,0.003112,0.001182,0.00582,0.020977,-0.000234
787,0.00328,0.002062,0.030958,0.024991,0.002274,0.002297,0.003506,-0.000385,0.002249,0.002343,0.002261,0.00359,0.006017,0.001679,0.022112,0.000918
788,0.002713,-0.000672,0.02928,0.025416,0.000685,0.002393,0.002623,0.003925,0.002028,0.004862,0.001534,0.002743,0.004173,-0.002311,0.020141,0.001289
789,0.003014,0.001243,0.029471,0.024088,0.002751,0.003334,0.002172,0.001255,0.004437,0.000963,0.000515,0.003293,-0.003885,0.01119,0.020482,3.4e-05
790,0.001378,0.000385,0.028756,0.025981,0.00216,0.002603,0.004281,-0.001174,0.001078,0.006958,0.003162,0.003412,0.002323,0.008632,0.01952,0.001896
791,0.00034,0.00324,0.027734,0.02502,0.003227,0.003303,0.0036,0.001739,0.004408,-0.00161,0.005244,0.00224,-0.000791,0.012219,0.018457,0.000878
792,0.0019,0.00035,0.026308,0.024133,0.001361,0.003577,0.004364,0.003448,0.000726,0.004725,0.004723,0.0002,-0.004637,-0.000735,0.017318,1.3e-05
793,0.001662,0.000838,0.029114,0.02456,0.001788,0.002366,0.004662,0.003107,0.000674,0.00274,0.001446,0.005573,0.000543,0.005714,0.019243,0.000448
794,0.003029,0.000892,0.029727,0.024537,0.00265,0.001513,0.003018,0.003722,0.001357,0.005381,0.001117,0.00162,-0.002853,0.001315,0.02006,0.000496
795,0.001963,3.7e-05,0.028034,0.025548,0.001482,0.003252,0.003664,0.001137,0.004804,0.006369,0.000561,-0.00245,0.00048,0.004085,0.018748,0.001478
796,0.001018,0.003358,0.027717,0.026546,0.001199,0.002635,0.004985,0.000801,0.0045,0.006612,0.002186,-0.000458,0.003986,-0.004139,0.018706,0.002535
797,-0.000943,-0.001193,0.027137,0.022817,0.001405,0.002716,0.004581,0.002221,0.005088,0.004618,0.003015,0.005649,0.002445,-0.004095,0.017827,-0.001297
798,0.00093,-0.001203,0.029168,0.021907,0.003177,0.004358,0.003629,0.000407,0.00368,-0.000772,0.003679,0.003199,0.000668,0.006598,0.019219,-0.002425
799,0.003091,0.000681,0.028142,0.022464,0.000817,0.004199,0.002649,0.007001,-0.002577,0.000553,0.003122,0.001923,0.004607,-0.001381,0.018798,-0.001691
800,0.001236,0.002104,0.028922,0.023385,0.002411,0.000383,0.003832,0.00342,0.007879,0.004741,-0.002001,-0.002029,0.00278,0.005434,0.019204,-0.000845
801,0.001284,0.000246,0.028735,0.023642,0.003441,0.005103,0.001275,0.001722,0.00283,0.00333,0.001439,0.002195,-0.002073,0.004928,0.019337,-0.000426
802,0.001672,0.0014,0.029783,0.023133,0.004615,-0.000345,0.001947,0.004232,0.002424,0.004042,0.002066,0.002945,0.001581,0.002014,0.020112,-0.000932
803,0.00067,-0.002136,0.026922,0.024367,0.001257,0.001884,0.00517,0.003671,0.002245,0.003014,0.00348,0.001292,0.004854,0.00373,0.017979,0.000166
804,0.001185,-0.001304,0.02731,0.023891,0.003992,0.002183,0.002417,0.002807,0.001872,0.002044,0.004414,0.004754,0.002964,-0.007344,0.018678,-0.000161
805,0.002348,0.000231,0.02737,0.02394,0.001097,0.004593,0.004636,0.001129,-0.000137,0.00347,0.002053,0.004899,0.001912,-0.002847,0.018422,-0.000171
806,0.001527,-0.004413,0.028653,0.019977,0.003983,0.004828,0.001849,0.002821,0.005799,0.00252,-0.002158,-0.002877,0.003477,-0.008415,0.019007,-0.004242
807,0.00047,0.000322,0.028544,0.023417,0.004376,0.001881,0.001245,0.003755,-0.000869,0.00541,0.005501,0.003224,0.006925,-0.005838,0.019017,-0.000593
808,0.003697,-0.000438,0.031372,0.022583,0.002026,0.002931,0.003504,0.002046,0.00267,0.001769,0.002308,-0.001526,0.000633,0.0031,0.021376,-0.001556
809,0.000932,-3.1e-05,0.027085,0.023871,0.003449,0.001042,0.003895,0.003441,0.004318,0.00052,0.000676,0.00524,0.001656,0.003858,0.017942,-0.000214
810,0.002718,0.000539,0.027583,0.021946,0.004297,0.003004,0.003478,0.001694,0.002066,0.000544,0.003181,-0.001488,-0.001903,0.004263,0.018195,-0.002293
811,0.002207,-0.000743,0.028608,0.022997,0.005292,0.001536,0.00056,0.001047,0.003083,0.006653,-0.000606,0.000129,0.001946,0.007177,0.019739,-0.001201
812,0.000665,0.002611,0.027293,0.023665,0.001981,0.00218,0.004406,0.004727,-0.000204,0.004629,0.003861,-0.001074,0.003024,0.008537,0.018256,-0.000469
813,0.003504,0.001625,0.030193,0.024316,0.003669,0.001623,0.00223,0.001752,-0.000184,0.003375,0.003805,0.002799,0.000711,0.002885,0.020897,0.000247
814,0.003718,0.000312,0.030323,0.02375,0.00159,0.000601,0.001005,0.002894,0.005006,0.001609,0.001743,0.00251,0.007723,0.005146,0.020283,-0.000377
815,0.003211,-0.001022,0.030487,0.024393,0.002892,0.003835,0.003776,0.004954,0.003116,-0.003928,-0.002185,0.000353,0.003746,0.000981,0.020994,0.000228
816,0.003456,-0.000408,0.030901,0.023047,0.003076,0.001654,0.003669,0.002104,0.002216,0.00072,0.005274,-0.00246,0.002124,0.000917,0.021508,-0.00109
817,0.004796,-0.000556,0.027199,0.025011,0.003006,0.000497,0.00272,0.00333,0.00077,0.000615,-0.000446,0.006813,-0.003063,0.011051,0.018372,0.000965
818,0.002112,-0.000235,0.02714,0.022733,0.002885,0.000183,0.003769,0.002471,0.001365,0.003644,0.003462,0.006706,-0.000699,0.003363,0.017337,-0.001335
819,0.003357,0.000827,0.02809,0.024959,0.003221,0.000411,0.001388,0.001256,0.002052,0.003796,0.003456,0.004531,0.00489,0.002429,0.018958,0.000878
820,0.002908,-0.001564,0.027941,0.022285,0.003437,0.003256,1.3e-05,0.002056,0.00286,0.001026,0.001306,0.005162,0.001349,0.00779,0.0182,-0.001938
821,0.002117,-0.00042,0.02748,0.022851,0.001552,0.000414,0.002775,0.004706,0.004105,0.00203,0.000143,0.007068,0.001275,0.006857,0.018349,-0.001318
822,0.004322,0.00263,0.027821,0.023339,0.002072,0.001264,0.002155,0.00293,0.000822,0.002592,0.003622,0.000208,0.003728,0.005758,0.017847,-0.00069
823,0.00214,0.000458,0.026896,0.021191,0.00583,0.003275,0.00377,0.000448,-0.001103,0.001835,1.5e-05,0.001963,0.003702,0.002915,0.017374,-0.003066
824,0.004423,-0.001504,0.02934,0.022514,0.005033,0.002997,0.000428,0.000429,0.001815,0.003895,-0.000931,0.003315,-0.002658,-0.000134,0.020316,-0.001835
825,0.004407,-0.000349,0.028416,0.021578,0.003377,0.000796,0.001491,0.002172,0.003554,0.00433,0.001855,-0.00432,0.00301,0.003596,0.019002,-0.002564
826,0.002512,-0.002765,0.03026,0.023222,0.002518,0.003349,0.001628,-0.00015,0.001476,0.007104,0.002749,0.002281,-0.000809,0.008189,0.020507,-0.000957
827,0.002968,-0.002047,0.026808,0.022067,0.00203,0.000911,0.002263,0.005438,0.000594,0.002049,0.001156,0.005191,0.002859,0.006518,0.01767,-0.002165
828,0.003478,0.002426,0.028813,0.024578,0.004171,0.002034,0.000375,0.002909,0.001841,0.002468,0.002265,0.002115,0.002292,-0.001497,0.01951,0.0004
829,0.002667,-0.001722,0.027982,0.024438,0.005674,0.001974,0.004134,0.004312,0.000627,-0.000617,0.002397,-0.000396,-0.005091,-0.002349,0.018633,0.00027
830,0.003075,0.001366,0.029958,0.023417,0.001071,0.002557,0.001225,0.005091,0.000723,0.005232,0.000763,0.001711,0.00419,0.003642,0.020851,-0.000694
831,0.00114,0.003177,0.026855,0.024136,0.002631,0.001842,0.002296,0.002757,0.005106,0.001695,0.001062,0.006341,0.003747,0.000758,0.017725,2.9e-05
832,0.001235,0.00122,0.028068,0.024832,0.003004,0.00252,0.003836,0.002397,0.001322,0.002606,0.004316,-0.0021,0.007371,0.003122,0.018481,0.000767
833,0.002274,0.001408,0.027332,0.024936,0.002538,0.003282,0.002631,0.000594,0.002929,0.001837,0.003126,0.001931,0.005987,0.001436,0.017806,0.000905
834,0.002359,-0.000533,0.027456,0.023859,0.004457,-0.000808,0.002601,0.00382,0.00502,-0.001801,0.0032,0.002465,0.004254,0.00294,0.017775,-0.000231
835,0.001032,-0.001658,0.029894,0.02343,0.005295,0.000203,0.003179,0.004352,0.001767,0.003376,0.00399,0.000491,-0.001219,-0.000935,0.019778,-0.00067
836,0.00224,-0.00098,0.029945,0.025106,0.004039,0.002913,0.002106,0.00346,-0.001916,0.004838,0.001408,-0.000959,0.006568,0.002978,0.020512,0.001175
837,0.003858,-0.001689,0.026338,0.023737,0.003802,0.00222,0.00092,0.004663,0.002109,-0.000791,0.000744,0.001653,-0.001005,0.008531,0.017177,-0.000361
838,0.003734,0.002001,0.028324,0.024826,0.001957,0.001747,0.001979,0.001862,0.003184,0.000439,0.003948,0.004169,0.001237,0.006245,0.019256,0.000751
839,0.003449,-0.001491,0.029032,0.024859,0.000838,0.004428,0.000644,0.002238,0.001986,0.003168,0.002093,0.003065,0.005554,0.000249,0.020267,0.000796
840,0.003259,0.001205,0.027854,0.024105,0.002194,0.001799,0.001258,0.003222,-0.000104,0.004034,0.004644,0.002915,0.00332,0.003473,0.018995,-9e-05
841,0.003935,0.000752,0.028735,0.023834,0.003625,0.004098,-0.000219,0.001857,0.003006,-0.000764,0.003383,2.3e-05,0.000196,0.007635,0.019583,-0.000296
842,0.003395,0.000217,0.029759,0.025058,0.002918,0.001785,0.002237,0.00286,0.001805,0.001257,-0.001475,0.004318,0.008616,0.001586,0.020243,0.000955
843,0.002623,-0.001497,0.031084,0.026128,0.002192,0.002272,0.0039,0.002166,0.002989,0.000463,0.002172,0.001079,0.002567,0.008721,0.021914,0.002278
844,0.002345,0.000427,0.028413,0.026088,0.001345,0.001699,0.003723,0.00119,0.006303,0.002087,0.00096,0.002807,0.005454,-0.00039,0.019672,0.001975
845,0.002841,0.000798,0.030367,0.024503,0.003348,0.002793,0.001874,0.003854,0.002861,0.004133,0.002902,-0.002108,-0.005935,0.000564,0.020904,0.000454
846,-0.000334,0.001368,0.027102,0.022736,0.003085,0.002654,0.002274,0.005114,0.003165,0.001984,0.002122,-0.000268,0.007601,0.006722,0.018388,-0.001489
847,0.000744,0.001987,0.026425,0.025989,0.002726,0.003679,0.000972,0.001874,0.00174,0.00381,0.006679,0.004336,0.00045,0.004132,0.016625,0.001971
848,0.003693,-0.00097,0.027821,0.023723,0.005936,0.000981,0.000966,0.000899,0.002631,0.001167,0.002627,0.000777,0.000729,0.004926,0.018655,-0.00042
849,0.002085,-0.001249,0.028534,0.024548,0.002631,0.001356,0.003812,0.001167,0.002492,0.00764,0.000584,-1.8e-05,0.003082,0.001907,0.018813,0.000298
850,0.001052,0.000903,0.027743,0.024219,0.003336,0.001832,0.001638,0.005319,0.002319,0.000259,0.00301,0.00295,0.003639,0.008629,0.018522,0.000111
851,0.00181,0.000127,0.026942,0.026087,0.000689,0.003131,0.002789,0.00309,0.004571,-0.000279,0.006163,0.001686,0.000986,0.007038,0.017891,0.002018
852,0.000624,0.000278,0.028247,0.025855,0.001988,0.002781,0.003219,0.003606,0.00176,0.005142,0.00139,0.002308,0.004535,0.00314,0.018756,0.001902
853,-0.000501,0.002716,0.025776,0.026224,0.004165,0.003459,0.000264,0.003567,0.00675,-0.001349,0.004429,0.002727,0.003012,0.003587,0.016305,0.002285
854,-0.000809,0.000809,0.027133,0.024436,0.003107,0.00316,0.003169,0.003852,0.003116,0.001261,0.005666,0.000886,0.005023,0.000281,0.01769,0.000401
855,0.001494,0.000403,0.028484,0.023577,0.004561,0.004343,0.000856,0.003318,0.00237,0.001306,-0.000916,0.002949,0.00148,0.003471,0.01908,-0.000575
856,-0.000255,-0.000163,0.025686,0.023682,0.000474,0.002287,0.003927,0.005956,0.003444,0.001954,0.007895,-0.000936,0.001424,0.005977,0.016324,-0.000408
857,0.002957,-0.001765,0.029748,0.022429,0.003309,0.002246,0.003405,0.002349,0.002979,0.004384,0.002909,-0.003955,0.001198,-0.007832,0.020162,-0.001648
858,0.002298,0.001614,0.026907,0.024012,0.001927,0.006087,0.003121,0.000227,0.004617,-0.001117,0.005135,0.00253,-0.006472,0.000423,0.017586,-0.000116
859,0.002701,0.000214,0.029398,0.025729,0.002936,0.000443,0.001695,0.003351,0.000731,0.002222,0.002164,0.007194,0.007451,0.002959,0.020219,0.001678
860,0.001248,-0.001059,0.027949,0.023427,0.003328,0.004098,8.8e-05,0.005387,0.004577,0.000603,0.003773,-0.002499,0.000316,0.002645,0.019011,-0.000608
861,0.001372,0.000577,0.027695,0.022307,0.003333,-0.000327,0.001403,0.003172,0.003019,0.007048,0.002163,0.006252,-0.000422,0.004954,0.018205,-0.001808
862,0.003435,0.00028,0.028619,0.024889,0.004022,-9e-05,0.001104,0.005372,0.003531,-0.000551,0.002815,0.000988,0.000579,0.006164,0.01946,0.000831
863,0.00452,0.002742,0.027699,0.025713,0.003671,0.002837,0.001785,0.002594,0.003488,0.000897,0.001122,-0.001863,-0.002179,6e-06,0.018882,0.0016
864,0.003748,0.000754,0.028596,0.023785,0.000347,0.001846,0.00316,0.003997,0.004403,0.002099,0.005149,-0.000229,-0.003551,-0.000499,0.019558,-0.000438
865,0.001909,0.001076,0.029177,0.02454,0.001313,0.005183,0.001376,0.001665,0.000985,0.003883,0.001093,0.007145,0.003744,0.001707,0.020198,0.000478
866,0.002498,0.002513,0.02796,0.023377,0.002008,0.000742,0.003579,0.001562,0.002572,0.003526,0.002834,0.004018,0.004544,0.004324,0.018173,-0.000705
867,0.003705,-0.000842,0.029587,0.024438,0.003822,-0.000591,0.003146,0.004634,0.001251,0.002682,-0.000999,-0.000447,0.00406,0.008601,0.02048,0.000387
868,0.000857,-0.003184,0.027897,0.024321,0.002053,0.004347,0.003711,0.002381,0.002481,0.001429,0.002575,0.003473,0.00258,0.000284,0.018185,0.000234
869,0.002659,-0.001016,0.02892,0.02482,0.00122,0.002362,0.006719,0.002086,0.004121,0.002388,0.00026,-0.002171,0.002402,-0.003192,0.019463,0.000692
870,0.002451,-0.002132,0.02874,0.021995,0.002646,0.002434,0.002099,0.005387,0.000803,0.003078,-0.000487,0.000312,0.007247,0.000179,0.019955,-0.002197
871,0.001832,0.002123,0.029995,0.026809,0.001761,0.000478,0.004517,0.003931,0.002899,0.003071,0.001293,0.005313,0.002324,-0.000635,0.020865,0.002873
872,0.000108,-0.000535,0.0283,0.023541,0.002325,0.002886,0.002609,0.003953,0.004265,-0.001434,0.004584,0.005093,0.003792,0.005069,0.018746,-0.000607
873,0.00313,-0.000724,0.028463,0.022325,0.001046,0.000489,0.000453,0.004535,0.002025,0.005464,0.004357,0.002027,0.00769,0.000593,0.01952,-0.001822
874,0.002066,-0.001058,0.028004,0.023783,0.001591,0.002784,0.004527,0.001818,0.000427,0.003412,0.003503,0.00567,-0.001592,0.003452,0.019095,-0.000393
875,0.004194,-5.1e-05,0.0287,0.023652,0.000235,0.003477,0.000586,0.002997,0.005493,0.002836,0.000961,0.002719,-0.002519,0.004014,0.019217,-0.000474
876,0.001797,0.002931,0.028154,0.023369,0.001229,0.002707,0.005048,0.001142,0.003373,0.002636,0.002969,0.001308,0.003098,0.003382,0.019047,-0.000738
877,0.000326,-0.001527,0.028382,0.023739,0.00169,0.002007,0.003474,0.004916,0.005881,0.002261,0.002247,0.000115,0.002861,0.001166,0.01908,-0.000384
878,0.001724,-0.002268,0.027304,0.019169,0.000303,0.003063,0.004293,0.002969,0.0039,0.004125,0.001611,0.001702,0.000577,0.002265,0.017598,-0.0051
879,0.003133,-0.001342,0.027363,0.02275,0.003586,0.001733,0.002197,0.004598,0.00314,-4.5e-05,-0.000414,0.002214,0.000938,0.002412,0.017708,-0.001325
880,0.000443,0.002722,0.026601,0.025055,0.002645,0.003077,0.004517,0.006135,-0.002029,0.005072,0.001323,0.000783,0.001493,0.00174,0.017273,0.001
881,0.001211,0.002641,0.026609,0.022869,0.00214,0.005385,0.000446,0.002272,0.00241,0.003245,0.000497,0.00369,0.004385,0.0084,0.017099,-0.001166
882,0.002223,-0.001051,0.028307,0.022433,0.002723,0.003557,0.004072,0.000249,0.00268,0.000751,0.001772,0.007098,-0.002491,0.002331,0.019419,-0.001705
883,0.001617,0.003589,0.027085,0.027624,0.003737,0.002334,0.003832,0.001953,0.001347,-0.001326,0.006267,-0.00123,0.007051,0.006208,0.017943,0.003589
884,0.004255,-0.001787,0.029637,0.022335,0.000858,0.002398,-0.000263,0.004167,0.001801,-6.9e-05,0.002488,0.006718,0.007247,0.004516,0.01999,-0.001813
885,0.001316,-0.000429,0.027141,0.025066,0.002498,0.002875,0.00188,0.002888,0.003491,0.005805,0.001991,0.001752,-0.00023,0.000406,0.018106,0.000905
886,0.002797,-0.001168,0.030723,0.024711,0.00127,0.003182,0.001626,0.002196,0.003157,0.005008,0.001369,0.005632,0.001105,-0.005321,0.021318,0.00059
887,0.004995,-0.002395,0.026743,0.023891,0.000875,0.003287,0.001729,0.001984,0.00254,0.003508,0.000108,0.003379,-0.001229,0.001635,0.017402,-0.000271
888,0.002715,0.001661,0.027366,0.025327,0.001482,0.002493,0.000951,0.002891,0.001126,0.006706,-0.000907,0.005963,0.005064,0.00399,0.018018,0.001298
889,0.001442,0.000735,0.027344,0.023355,0.00211,0.001286,0.003313,0.003252,0.002493,0.001892,0.007128,0.004278,-0.000499,0.000931,0.018524,-0.000828
890,0.003844,0.000122,0.02971,0.023901,0.000258,0.002707,0.001936,0.004416,0.003216,0.004827,-5e-05,0.00404,-0.002157,-0.00326,0.020699,-0.000176
891,0.002106,-0.001455,0.029318,0.023786,0.003297,0.001554,0.001054,0.00209,0.004596,0.000117,0.00533,0.004802,0.003872,-0.001206,0.02047,-0.000373
892,0.001771,0.002076,0.026956,0.026797,0.002383,0.003261,0.002211,0.004782,0.003465,0.002547,0.001497,-0.005988,0.010386,-0.002705,0.017485,0.002806
893,0.001014,-0.002042,0.02896,0.022844,0.004351,0.005339,-1.2e-05,0.000361,0.003247,0.005255,-0.000457,7.1e-05,0.005083,0.004319,0.019545,-0.001451
894,0.001479,-0.000507,0.028132,0.028163,0.002001,0.002364,0.003605,0.000921,0.002142,0.002641,0.001426,0.005064,0.004337,0.015202,0.018775,0.004145
895,0.00403,0.001865,0.031165,0.02611,0.002595,0.001461,0.003574,0.00231,0.003654,-9.3e-05,0.000615,0.000615,0.002213,0.005307,0.02153,0.002052
896,0.004378,-0.000635,0.029156,0.023419,0.000442,-0.001192,0.005421,0.000763,0.004055,0.003661,0.004706,0.004733,-0.001489,0.0003,0.020302,-0.000708
897,0.000721,0.000135,0.028198,0.023396,0.003563,0.004353,0.002455,0.00226,0.002891,0.002346,-0.000222,0.0045,0.001274,0.001015,0.018343,-0.000653
898,0.002012,0.000467,0.028982,0.025426,0.000886,0.004766,0.003549,0.005402,0.000943,-0.001437,0.002212,0.001521,0.001792,0.007979,0.020141,0.001564
899,0.003871,0.001617,0.029761,0.024476,-0.000681,0.002526,0.004885,0.00452,0.001443,0.00313,-0.001166,0.000648,-0.000445,0.013696,0.020267,0.000339
900,0.001727,0.000551,0.028543,0.024459,0.004888,0.001653,0.001702,0.003578,0.003198,0.000263,0.002015,0.001786,0.004665,-0.000911,0.019152,0.00039
901,0.001957,0.000991,0.031417,0.019986,0.001958,0.002198,0.003937,-2.2e-05,0.002094,0.00303,0.005319,0.002969,0.002339,0.009169,0.023075,-0.004163
902,0.004723,-0.000263,0.029185,0.025974,0.003223,0.000491,0.002479,0.002557,0.002892,0.001901,0.001864,0.000147,-6e-05,0.002556,0.020468,0.001942
903,0.004136,0.002279,0.029142,0.025559,0.001617,0.001809,0.003345,0.002647,0.001885,0.001389,0.003007,-0.000198,0.000913,0.008783,0.020027,0.001484
904,0.004928,0.002157,0.030673,0.02529,0.000824,0.002599,0.003123,0.002036,0.002094,0.000836,0.004108,-0.001607,0.00302,0.004038,0.021184,0.001212
905,0.00252,0.000617,0.030288,0.025224,0.003456,0.000178,0.001226,0.003477,0.00476,0.00085,0.002956,0.004502,0.001319,0.004871,0.0205,0.00122
906,0.002468,0.001583,0.027469,0.022476,0.002239,0.003517,0.002346,3.5e-05,0.003551,0.003367,0.001976,0.003861,0.002811,0.000295,0.017957,-0.001673
907,0.004118,0.000113,0.027154,0.023641,0.001245,-0.000309,0.003199,0.002803,0.001762,0.004984,0.002069,0.001566,0.002001,0.011063,0.018172,-0.000482
908,0.000901,-0.000317,0.026895,0.023073,0.005071,0.004064,0.001688,0.001072,0.002228,0.002097,0.002786,0.001496,0.003702,-0.001455,0.017609,-0.000977
909,0.001977,0.003059,0.026123,0.023734,0.002388,0.002392,0.002343,0.002408,0.003968,0.003572,9.4e-05,0.004599,-0.002576,0.010141,0.016604,-0.000415
910,-0.000131,-0.000907,0.026157,0.023961,0.001134,0.001741,0.001947,-6.1e-05,0.008301,0.003963,0.006058,0.006148,0.000618,0.009523,0.017298,-0.000109
911,0.003684,-0.000189,0.029178,0.024547,0.003919,-0.000536,0.002556,0.005219,0.00139,0.000168,-0.001161,0.004588,0.003738,0.006056,0.019749,0.000601
912,0.003233,0.001298,0.027045,0.025309,0.00116,0.002887,0.002455,0.001508,0.003112,-0.000833,0.005125,0.003347,0.003652,0.007867,0.018184,0.001197
913,0.002539,0.002124,0.027749,0.023309,0.005296,0.001617,0.002186,0.001648,0.001955,0.003499,0.001207,-0.000413,0.003053,0.000185,0.018483,-0.000824
914,-2.3e-05,0.0009,0.027454,0.024981,0.001922,0.002676,0.001968,0.001721,0.004066,0.004338,0.006455,0.002375,0.004446,0.004837,0.018208,0.001
915,0.005301,-0.000952,0.030162,0.022393,0.001323,0.002032,0.004506,0.000625,6.4e-05,0.000848,0.004318,0.002063,0.000399,0.004372,0.021014,-0.001798
916,5.2e-05,-0.001889,0.029058,0.023724,0.002036,0.003396,0.00623,0.001827,0.003012,0.001795,0.004772,-0.003077,0.003868,0.004828,0.019362,-0.000465
917,0.00196,-0.000459,0.028152,0.026049,0.002565,0.002604,0.003937,0.001872,0.004382,0.0024,0.001837,0.00276,-0.002649,0.000276,0.018812,0.002066
918,0.001766,-0.001833,0.029272,0.02635,0.003271,0.00557,0.000336,0.004521,-0.001258,0.002363,0.003414,0.004204,-0.000318,-0.003022,0.01983,0.002372
919,0.002819,-0.000929,0.029894,0.023196,0.000671,0.002797,0.000854,0.004599,0.004202,0.000783,0.001155,0.001806,0.005365,0.011862,0.019994,-0.000911
920,0.002744,-0.00093,0.029948,0.025147,0.000982,0.00305,0.0025,0.004605,0.004044,0.000951,0.004965,0.000798,-0.00231,-0.003013,0.020222,0.001148
921,0.003977,-0.000724,0.029133,0.025547,0.000153,-0.001177,0.002596,0.003876,0.005709,0.003855,0.001748,0.002907,0.00415,0.003381,0.020239,0.001507
922,0.00067,0.001881,0.027609,0.023362,0.004675,0.004409,0.000486,0.00169,0.002401,0.003726,0.002288,0.002512,-0.000389,0.005122,0.018025,-0.000715
923,0.003108,-0.000587,0.029885,0.025221,0.000216,0.002393,0.00205,0.004615,0.002294,0.003847,0.001981,0.009361,-0.008287,0.004536,0.021248,0.001179
924,0.003427,-0.001741,0.028957,0.024952,-0.000678,0.001285,0.0036,0.004876,0.00242,0.002982,0.00249,0.004738,0.003527,-0.002645,0.019547,0.000919
925,0.000715,-0.001373,0.028582,0.021866,0.001219,0.003633,0.003528,0.003475,0.003164,0.004994,0.00484,0.001047,-0.002671,-0.00268,0.019474,-0.002314
926,0.003717,-0.001472,0.027965,0.024707,-0.002259,0.003273,0.002634,-0.000119,0.001088,0.004097,0.005074,0.006041,0.013527,0.002969,0.019011,0.000559
927,0.001931,0.000899,0.027365,0.024132,0.002398,0.001135,0.00659,0.002649,0.002727,0.002026,0.00161,0.001025,-0.001942,0.0051,0.018301,-3.9e-05
928,0.000164,-0.002148,0.027821,0.024373,0.004387,0.001102,0.00686,0.00068,0.003254,0.002215,0.003078,0.002098,0.000715,-0.002293,0.018415,0.00035
929,-0.000369,-0.000697,0.030063,0.024074,0.003249,0.002524,0.004769,0.001864,0.002213,0.002209,0.00332,0.002122,0.009643,-0.002003,0.020817,2.4e-05
930,0.006195,-0.000692,0.028815,0.022672,-1.4e-05,0.003767,0.001885,-0.000598,-0.002792,0.007008,0.002867,0.002255,0.001381,0.011522,0.019514,-0.001518
931,0.00408,-0.000743,0.029663,0.024648,0.003564,0.00169,0.000815,0.00573,0.001278,-0.002931,0.001205,0.000863,0.00565,0.009611,0.020731,0.000554
932,0.003779,-0.002738,0.029594,0.022557,0.005026,0.000536,0.000419,0.004215,0.004895,-0.00249,0.002422,0.002526,0.000862,-0.001835,0.019861,-0.00149
933,0.001612,0.001798,0.028402,0.022215,0.000447,0.001505,0.004351,0.002863,0.003738,0.005115,-0.001884,0.003654,0.008973,0.00366,0.019149,-0.001978
934,0.005099,0.001431,0.028405,0.023657,0.000833,0.002412,0.003786,0.001237,0.004,0.0017,0.001379,0.002706,-0.003231,-0.00123,0.019253,-0.000556
935,0.002917,0.000715,0.028605,0.025141,0.002885,0.003301,0.00155,-0.000484,0.003824,0.002214,0.000626,0.008049,0.003027,-0.002906,0.019203,0.00102
936,0.005322,-0.001582,0.030879,0.022325,-2.5e-05,0.000734,0.003273,0.006535,0.001235,0.00317,0.000795,-0.000287,0.00093,-0.000887,0.022168,-0.001834
937,0.004265,0.00138,0.029916,0.024033,0.001938,0.002635,0.00255,0.001801,0.001191,-0.000876,0.005567,0.002625,0.004486,-0.001398,0.020876,-0.000214
938,0.004088,-0.002163,0.030828,0.022385,0.002193,0.001771,0.003887,0.001838,0.001177,0.003399,0.002728,-0.001826,0.00269,0.001909,0.02135,-0.001828
939,0.002063,0.000365,0.025992,0.024545,0.001073,0.00321,0.000814,0.003414,0.0023,0.004906,0.004405,0.000466,0.003365,0.006946,0.016687,0.00043
940,0.002038,-0.000429,0.027378,0.022625,0.002958,0.000251,0.002175,0.004364,0.003377,0.007159,0.000928,0.001301,-0.002771,0.003213,0.018508,-0.001517
941,0.0017,-0.000922,0.027452,0.02291,0.003097,0.001452,0.00312,0.004565,0.002852,0.002329,0.00048,0.003841,-0.000156,0.002032,0.018167,-0.001043
942,0.001118,-0.00055,0.02732,0.023324,0.005347,0.002258,0.000493,0.001548,-0.000572,0.00456,0.000682,0.004946,0.008555,0.00869,0.017905,-0.000764
943,0.003254,0.000687,0.026915,0.02457,0.00301,0.004284,0.0032,0.003119,0.000861,0.000293,-0.002725,0.003297,0.002978,0.000114,0.018278,0.000549
944,0.002564,0.001468,0.025285,0.025478,0.004911,-7e-05,0.000291,0.003339,0.002063,0.003557,0.001569,0.001254,0.009926,0.001148,0.016074,0.001339
945,0.003005,-0.001605,0.026625,0.023273,0.002145,0.002338,0.001256,0.003713,0.002663,0.001379,0.004307,0.002482,-0.001557,0.007519,0.016978,-0.000719
946,0.004173,0.000576,0.030803,0.023312,0.003216,0.003005,0.003534,-0.000291,0.003922,-0.000599,-0.000558,0.000255,0.003318,0.006518,0.021412,-0.000805
947,0.001842,-0.000749,0.026134,0.023418,0.001007,0.003812,0.000613,0.005368,0.004671,2e-06,0.001414,0.004612,0.000151,0.008668,0.016744,-0.000665
948,0.003867,0.002879,0.028442,0.026956,0.002589,0.000898,0.00083,0.004903,0.002843,0.001858,-0.001546,0.002617,0.009386,-0.000771,0.019261,0.003017
949,0.002412,0.002617,0.029107,0.02739,0.000524,0.002723,0.003433,0.002984,0.001991,0.002292,0.005212,-0.001689,0.009416,0.000737,0.020583,0.003459
950,0.001283,0.000566,0.02861,0.025015,0.002699,0.001502,0.004175,0.002956,-0.000454,0.005659,0.002273,0.001087,0.003984,0.009009,0.019793,0.000996
951,0.001701,0.000418,0.026277,0.02301,0.001891,0.00226,0.001921,0.003159,0.001893,0.004094,0.005314,0.003575,0.000792,0.002805,0.016504,-0.001173
952,0.002668,0.001361,0.029406,0.025509,0.001901,0.001515,0.003063,0.00601,0.000115,-0.000745,0.003439,0.007887,-0.000551,0.001655,0.019805,0.001425
953,0.002494,0.000489,0.028885,0.022421,0.001552,0.004911,-0.000945,0.005635,-0.000199,0.002854,0.000729,0.003646,0.009338,-0.001133,0.019917,-0.001732
954,0.005563,0.001913,0.02785,0.023821,0.003204,-2.5e-05,0.00272,0.000645,0.001381,0.003885,0.003282,4.1e-05,-0.000125,0.003576,0.018651,-0.000239
955,0.004001,-0.002596,0.029853,0.022479,0.003063,-0.000671,-0.000371,0.003708,0.001829,0.005682,0.003751,0.001013,0.004601,0.005605,0.020718,-0.001571
956,0.001914,-0.001061,0.02654,0.023731,0.001434,0.004342,0.003404,0.001095,0.000544,0.004111,0.005992,0.001693,-0.000921,0.003321,0.017455,-0.000343
957,0.001475,-0.003303,0.028141,0.022986,0.001295,0.002053,0.001449,0.001852,0.007776,0.004788,0.003436,0.003024,0.001703,-0.005324,0.019555,-0.001211
958,0.001386,-0.000578,0.030379,0.024475,0.002703,0.004249,0.003548,0.004157,0.001501,0.001406,0.001844,0.00245,0.000559,-0.006387,0.020666,0.000366
959,0.000179,-0.001545,0.02691,0.022497,0.005566,0.00318,0.002893,0.002061,0.003266,0.001489,0.002207,0.001677,0.001647,-0.004265,0.01737,-0.001669
960,0.001523,-0.002162,0.027111,0.024429,0.004287,0.002404,0.002121,-7.9e-05,0.001503,0.003337,0.003831,0.00179,0.006161,0.007243,0.017962,0.000406
961,0.000368,0.000141,0.026516,0.023172,0.002843,0.002337,0.004178,0.00424,0.005352,0.000323,0.002657,0.001554,-0.001927,0.001768,0.017597,-0.000867
962,0.002863,0.000463,0.028312,0.022797,0.001233,-0.000486,0.004696,0.003533,0.002398,0.00167,0.00642,0.000358,0.001912,0.008505,0.018939,-0.001381
963,0.004272,-0.001417,0.030782,0.023717,0.00318,0.002955,0.003313,0.001519,-0.002018,0.002793,0.002039,0.001217,-0.000556,0.008465,0.02151,-0.000361
964,0.003639,0.000731,0.031035,0.025942,0.001433,0.002635,0.004093,0.000871,0.00166,0.003946,0.004062,0.000695,-0.001342,0.00133,0.021513,0.001984
965,0.001592,0.001047,0.026816,0.023154,0.002696,0.002248,0.002077,0.002985,0.003865,0.000509,0.003586,0.004764,-0.000652,0.008322,0.017441,-0.000996
966,0.000485,-0.003699,0.026617,0.023629,0.001788,0.003325,0.002302,0.005569,0.003524,0.002566,0.002741,0.004443,-0.003505,0.001701,0.01794,-0.000501
967,0.001031,-0.000497,0.026889,0.021755,0.002189,0.000291,0.002388,0.00563,0.004957,0.005607,-0.000993,0.002501,0.004043,-0.000156,0.017689,-0.002479
968,0.002043,0.001362,0.026484,0.025577,0.003061,0.00269,0.004092,0.001075,0.002501,0.001398,0.00232,0.00126,0.001256,0.008452,0.017262,0.001562
969,0.001508,0.001622,0.025541,0.025827,0.002635,-0.000444,-0.000712,0.004265,0.002868,0.006855,0.003915,0.006476,0.007295,-0.00059,0.016356,0.001772
970,0.001872,-1.9e-05,0.028143,0.025005,0.003192,0.001821,0.003573,0.002094,0.002837,0.004818,0.001724,0.000525,0.003463,-0.005101,0.018563,0.000982
971,0.003973,-0.000914,0.027849,0.023236,0.002679,0.000265,-0.000437,0.004244,0.002755,0.005416,0.002015,0.000282,0.00643,-0.000897,0.018413,-0.000836
972,0.000768,-0.001194,0.028209,0.020065,0.003306,0.003123,0.004487,0.001327,0.002966,0.001978,0.002416,0.000914,0.003102,0.002433,0.018994,-0.004175
973,0.001411,0.001766,0.026697,0.024558,0.002347,0.001155,0.003378,0.006491,0.002227,0.003626,0.001113,0.003998,-0.005705,0.005198,0.017228,0.000466
974,0.003051,-0.000357,0.030211,0.023927,0.002287,0.00404,-0.000577,0.004042,-0.000276,0.001981,0.002628,0.00484,0.003994,0.006006,0.021099,-0.000112
975,0.004248,0.002334,0.033051,0.02364,0.002025,0.000832,0.000758,0.003827,0.004275,0.001512,0.004123,-0.001241,-0.000214,0.01075,0.023441,-0.000552
976,0.000744,0.001555,0.027153,0.024872,0.002056,0.002938,-0.000391,0.002548,0.003855,0.006719,0.003973,0.004036,0.000782,0.007764,0.018167,0.000703
977,0.003917,0.000619,0.02649,0.023012,0.002215,0.000223,0.002747,-0.003151,0.003584,0.0041,0.006029,0.003657,0.009,0.001158,0.016495,-0.001095
978,0.003465,-0.00042,0.027491,0.024884,0.000507,0.003463,0.003336,0.001832,-0.000501,0.005407,0.006394,-0.000816,0.002327,-0.002153,0.018646,0.000797
979,0.002663,-0.001255,0.028791,0.026255,0.001932,0.002656,0.003801,0.001966,-0.000415,0.003502,0.002862,0.007894,-0.003302,0.003347,0.019216,0.002341
980,0.00212,0.002408,0.027751,0.025978,-0.000231,0.002349,0.002884,0.004518,0.00338,0.003452,0.001178,0.004521,0.002444,0.00625,0.017996,0.001922
981,-0.00018,-0.002537,0.026358,0.023117,0.005004,0.004256,0.000767,0.004163,3.6e-05,-0.000295,0.004979,0.007137,-0.000289,0.002513,0.017188,-0.001011
982,0.004033,0.000996,0.029941,0.023265,0.002185,0.001028,0.002744,0.000662,0.00199,0.003481,0.003883,0.005148,-0.001906,0.005027,0.020282,-0.000946
983,0.004399,0.001355,0.029122,0.024326,0.002114,0.002775,0.001789,0.003432,0.001437,0.00317,0.001861,-0.004071,0.00599,-0.000916,0.020117,0.000236
984,0.003976,-0.000269,0.026708,0.025125,0.001351,0.002467,0.005906,0.001285,0.001921,0.003069,-0.000475,0.000247,-0.003938,0.010186,0.017202,0.001099
985,0.003191,-0.000988,0.029086,0.021882,0.002456,0.001373,-5e-05,-0.002007,0.008142,0.002448,0.005711,0.002265,0.003401,0.008541,0.019625,-0.002211
986,0.002613,0.001309,0.029115,0.024489,0.003294,0.001962,0.006518,-0.001193,0.003268,0.001056,0.002371,0.001528,-0.000955,0.003301,0.019808,0.000385
987,-0.00031,0.001866,0.028534,0.025125,0.000725,0.003311,-3.3e-05,0.00599,0.002282,0.004757,0.005423,0.003334,0.006463,0.006444,0.018613,0.001101
988,0.005058,0.001991,0.029435,0.023416,0.003026,0.000378,0.003943,0.000528,0.002795,3.2e-05,-0.000423,0.004886,0.001954,0.005126,0.020289,-0.000704
989,0.003247,-0.000953,0.028912,0.024085,0.001059,0.002907,0.003352,-0.001029,0.002605,0.004572,0.002917,0.004582,-3.7e-05,0.007653,0.019314,-2.8e-05
990,0.003896,4.9e-05,0.029913,0.023859,0.002923,0.003421,0.004174,0.003985,-0.001552,0.000439,0.002577,-0.003242,0.003757,-0.001846,0.02053,-0.000255
991,0.003687,4e-05,0.029008,0.02508,0.00012,0.004129,0.004049,0.000645,0.003958,-0.000638,0.000976,0.00741,-0.00134,0.003664,0.02,0.001109
992,0.003202,-0.000317,0.028955,0.023406,0.002922,-0.001365,0.004427,0.002483,0.003444,0.004958,0.00033,0.004707,-0.001162,-6.9e-05,0.019507,-0.000734
993,0.002471,-0.000992,0.028286,0.024634,0.002972,0.00046,0.002011,0.002607,0.001223,4.1e-05,0.008864,0.004012,0.003426,0.006339,0.019567,0.000557
994,0.000843,-0.002123,0.027441,0.024208,0.002746,0.006226,0.00079,0.001995,0.002665,0.001613,0.002442,0.000849,0.004835,0.004526,0.018057,4.2e-05
995,0.004302,-0.002692,0.029833,0.023064,0.00444,0.002104,-0.001275,0.002119,0.002246,0.001374,0.004066,0.004373,0.001399,-0.00418,0.020336,-0.001183
996,0.001615,0.001191,0.027518,0.023323,0.000874,0.006104,0.001048,0.004198,0.001016,0.004883,-0.002477,0.003148,0.002998,0.008308,0.017606,-0.00084
997,0.000172,-0.000269,0.027968,0.022007,0.003835,0.004528,0.003331,0.003603,0.000889,0.002012,-0.0001,0.001371,0.004708,0.002015,0.018321,-0.002201
998,0.002059,-0.000151,0.028485,0.025544,0.00328,0.003013,0.001099,0.004249,0.001745,0.004839,-0.001027,0.002504,-0.000717,0.005967,0.018682,0.001554
999,0.003293,-0.000567,0.028805,0.023554,0.002146,0.000511,0.003378,0.003259,0.003578,0.000298,0.004144,0.001997,0.00335,-0.000847,0.01993,-0.000416
1000,0.00541,0.001134,0.029831,0.024772,0.002054,0.002617,0.001615,0.001005,0.001647,0.003578,0.000971,0.004093,0.000334,-0.004584,0.020975,0.000657
