場名,場コード,開催日,レース,枠,登録番号,級別,氏名,F数,L数,平均ST,全国勝率,全国2連率,全国3連率,当地勝率,当地2連率,当地3連率,モーターNo,モーター2連率,モーター3連率,ボートNo,ボート2連率,ボート3連率,1日目成績,2日目成績,3日目成績,4日目成績,5日目成績,6日目成績,支部,出身,年齢,締切時刻,節名,企画名,日目
桐生,01,20260725,1R,1,5301,B1,岩下　　巧斗,0,0,0.15,5.47,34.78,48.91,3.41,10.75,22.58,68,22.22,41.41,60,39.35,52.90,2R/4/.15/4 8R/2/.20/4,6R/5/.17/4,,,,,群馬,群馬,23,15:28,第２３回スカッとさわやか杯,予選,３日目
桐生,01,20260725,1R,2,4241,A2,大串　　重幸,0,0,0.17,5.72,33.04,59.13,5.15,40.00,55.00,25,24.04,36.54,11,29.14,52.98,1R/4/.10/4 8R/1/.11/1,5R/3/.16/2 11R/6/.08/4,,,,,長崎,長崎,41,15:28,第２３回スカッとさわやか杯,予選,３日目
桐生,01,20260725,1R,3,5378,B2,鈴木　結平太,1,0,0.21,1.70,1.32,5.26,1.71,4.17,4.17,19,24.51,36.27,58,30.67,46.67,4R/6/.09/6,1R/4/.17/5 7R/3/.27/4,,,,,静岡,愛知,22,15:28,第２３回スカッとさわやか杯,予選,３日目
桐生,01,20260725,1R,4,3381,B1,滝沢　　芳行,0,0,0.15,4.91,30.61,42.86,5.57,46.43,53.57,48,31.90,52.15,74,33.56,54.36,3R/1/.23/1 10R/4/.13/6,7R/5/.19/1,,,,,埼玉,埼玉,57,15:28,第２３回スカッとさわやか杯,予選,３日目
桐生,01,20260725,1R,5,3717,A2,立間　　充宏,0,0,0.18,5.53,31.52,47.83,0.00,0.00,0.00,44,28.36,45.52,75,30.46,49.01,10R/5/.10/2,1R/6/.12/3 11R/2/.06/3,,,,,岡山,岡山,51,15:28,第２３回スカッとさわやか杯,予選,３日目
桐生,01,20260725,1R,6,5411,B2,木下　虎之輔,0,0,0.19,1.89,1.33,4.00,1.81,0.00,6.25,47,29.68,43.87,65,22.15,36.91,8R/6/.09/6,2R/5/.11/3,,,,,東京,神奈川,20,15:28,第２３回スカッとさわやか杯,予選,３日目
桐生,01,20260725,2R,1,4948,B1,木場　　悠介,0,0,0.15,5.56,39.60,55.45,5.44,40.74,55.56,52,26.26,39.39,42,30.92,48.03,4R/2/.15/1 11R/6/.18/4,10R/5/.18/5,,,,,長崎,鹿児島,33,15:57,第２３回スカッとさわやか杯,予選,３日目
桐生,01,20260725,2R,2,4449,B1,中嶋　　達也,0,0,0.16,4.27,24.05,37.97,4.90,30.00,40.00,43,25.98,47.24,35,36.00,54.67,5R/2/.12/3,6R/6/.19/2 12R/6/.02/4,,,,,兵庫,兵庫,39,15:57,第２３回スカッとさわやか杯,予選,３日目
桐生,01,20260725,2R,3,4724,B1,吉田　　祐貴,0,0,0.18,3.27,6.25,23.44,3.73,0.00,46.67,22,26.42,35.85,53,28.95,44.74,4R/3/.20/4,3R/5/.16/4 11R/5/.12/6,,,,,佐賀,佐賀,40,15:57,第２３回スカッとさわやか杯,予選,３日目
桐生,01,20260725,2R,4,4318,A2,桑原　　将光,1,0,0.16,5.22,26.53,56.12,5.35,34.78,56.52,16,23.33,42.50,40,33.78,50.68,2R/6/.12/5 10R/3/.13/5,10R/2/.17/2,,,,,東京,東京,41,15:57,第２３回スカッとさわやか杯,予選,３日目
桐生,01,20260725,2R,5,5371,B2,早川　　颯太,0,0,0.22,1.72,1.32,3.95,1.50,0.00,0.00,73,48.78,71.54,39,33.12,48.05,6R/6/.13/6,4R/5/.12/6,,,,,東京,長野,23,15:57,第２３回スカッとさわやか杯,予選,３日目
桐生,01,20260725,2R,6,3659,A2,藤生　　雄人,0,0,0.17,5.67,34.72,61.11,5.77,40.43,56.74,62,41.56,59.74,49,25.85,43.54,9R/3/.21/4,2R/4/.07/2 8R/1/.17/1,,,,,群馬,群馬,51,15:57,第２３回スカッとさわやか杯,予選,３日目
桐生,01,20260725,3R,1,4649,B1,和田　　操拓,0,0,0.13,5.42,38.58,54.33,5.05,35.00,50.00,53,34.27,51.75,26,28.19,44.97,5R/3/.13/1 10R/6/.11/4,4R/4/.17/4,,,,,滋賀,京都,42,16:27,第２３回スカッとさわやか杯,予選,３日目
桐生,01,20260725,3R,2,3977,B1,山本　　兼士,0,0,0.18,4.38,19.05,38.10,4.12,17.65,35.29,31,38.56,51.63,67,30.46,48.34,2R/1/.19/2 7R/5/.03/3,3R/4/.20/3,,,,,大阪,大阪,49,16:27,第２３回スカッとさわやか杯,予選,３日目
桐生,01,20260725,3R,3,4452,A2,松尾　　　祭,0,0,0.17,5.02,31.97,44.26,4.33,26.67,40.00,55,22.61,33.04,43,27.45,43.14,7R/1/.28/6 11R/5/.17/5,5R/6/.19/4 10R/1/.16/1,,,,,香川,愛媛,38,16:27,第２３回スカッとさわやか杯,予選,３日目
桐生,01,20260725,3R,4,4397,A1,西村　　拓也,0,0,0.13,7.28,56.20,76.86,7.45,70.00,75.00,33,36.91,53.02,71,33.12,47.40,4R/5/.08/2 12R/3/.02/2,5R/1/.15/1 12R/1/.10/1,,,,,大阪,大阪,39,16:27,第２３回スカッとさわやか杯,予選,３日目
桐生,01,20260725,3R,5,3889,B1,須藤　　隆雄,0,0,0.18,3.70,17.72,27.85,4.44,22.12,36.54,63,22.32,37.50,13,25.83,41.06,7R/4/.08/2,1R/1/.18/2 6R/3/.16/6,,,,,群馬,栃木,51,16:27,第２３回スカッとさわやか杯,予選,３日目
桐生,01,20260725,3R,6,4410,B1,井上　　大輔,0,0,0.16,4.43,21.70,39.62,4.74,26.32,52.63,50,32.05,50.00,63,20.14,35.97,3R/5/.36/6 8R/3/.16/2,9R/1/.17/2,,,,,岡山,岡山,40,16:27,第２３回スカッとさわやか杯,予選,３日目
桐生,01,20260725,4R,1,4863,B1,三浦　　裕貴,1,0,0.16,4.68,20.97,45.16,4.65,29.73,45.95,75,29.93,43.80,73,38.16,54.61,3R/3/.31/5 9R/6/.16/5,6R/4/.21/3,,,,,東京,北海道,37,17:00,第２３回スカッとさわやか杯,予選,３日目
桐生,01,20260725,4R,2,4073,A1,大橋　純一郎,0,0,0.15,6.69,56.67,67.50,5.68,44.74,55.26,13,26.67,45.19,30,30.72,47.06,2R/3/.11/3 11R/1/.20/1,10R/4/.16/3,,,,,静岡,静岡,45,17:00,第２３回スカッとさわやか杯,予選,３日目
桐生,01,20260725,4R,3,5351,B1,齊藤　　　廉,0,0,0.16,4.99,35.92,47.57,3.33,11.11,11.11,42,26.12,38.06,72,31.94,49.31,2R/2/.14/1 9R/5/.11/2,11R/4/.07/5,,,,,福岡,福岡,21,17:00,第２３回スカッとさわやか杯,予選,３日目
桐生,01,20260725,4R,4,4588,A2,田中　　京介,0,0,0.15,5.37,38.26,55.65,5.89,33.33,55.56,37,32.03,49.67,41,32.89,51.01,9R/2/.22/6,1R/5/.11/1 10R/6/.21/6,,,,,福岡,福岡,35,17:00,第２３回スカッとさわやか杯,予選,３日目
桐生,01,20260725,4R,5,3664,B1,鈴木　　賢一,0,0,0.17,4.76,31.25,47.50,4.48,32.61,47.83,58,20.95,34.29,36,34.21,51.97,1R/2/.12/5 9R/4/.13/1,5R/2/.18/3,,,,,埼玉,埼玉,56,17:00,第２３回スカッとさわやか杯,予選,３日目
桐生,01,20260725,4R,6,4551,A2,三川　　昂暁,0,0,0.17,5.74,41.67,58.33,5.89,33.33,77.78,11,31.33,54.00,52,41.33,61.33,4R/4/.10/3 10R/1/.14/1,3R/2/.13/1 9R/3/.14/1,,,,,福岡,福岡,37,17:00,第２３回スカッとさわやか杯,予選,３日目
桐生,01,20260725,5R,1,4632,B1,長尾　京志郎,0,0,0.20,5.02,30.77,55.38,4.44,25.00,37.50,23,23.40,31.91,64,29.61,42.11,1R/6/.18/6 7R/2/.19/5,8R/6/.29/4,,,,,福岡,福岡,37,17:24,第２３回スカッとさわやか杯,予選,３日目
桐生,01,20260725,5R,2,4601,A1,森野　　正弘,0,0,0.13,6.60,52.89,65.29,6.30,60.00,60.00,26,30.52,48.70,59,36.24,55.03,5R/6/.18/4 12R/4/.01/3,7R/2/.22/5 11R/1/.09/1,,,,,山口,山口,41,17:24,第２３回スカッとさわやか杯,予選,３日目
桐生,01,20260725,5R,3,4643,A2,近江　　翔吾,0,0,0.13,6.83,52.63,67.37,7.03,62.07,65.52,17,31.76,50.59,45,43.42,60.53,5R/4/.11/2 9R/1/.25/3,4R/6/.14/5 12R/2/.07/2,,,,,香川,大阪,33,17:24,第２３回スカッとさわやか杯,予選,３日目
桐生,01,20260725,5R,4,4203,B1,小倉　　康典,0,0,0.14,4.19,22.22,35.80,4.75,30.48,47.62,34,38.42,58.76,54,38.16,55.26,1R/1/.09/1 6R/3/.21/2,9R/6/.23/5,,,,,群馬,群馬,43,17:24,第２３回スカッとさわやか杯,予選,３日目
桐生,01,20260725,5R,5,3642,B1,大塚　　浩二,0,0,0.20,4.24,16.00,33.33,3.79,21.43,21.43,46,39.13,52.17,14,40.94,52.35,6R/4/.30/5,3R/1/.30/6 8R/3/.24/3,,,,,静岡,静岡,55,17:24,第２３回スカッとさわやか杯,予選,３日目
桐生,01,20260725,5R,6,4106,B1,坂井　　康嗣,0,0,0.19,3.80,21.62,32.43,2.89,11.11,22.22,57,33.56,51.37,55,30.28,45.77,6R/2/.24/4,2R/1/.21/4 7R/4/.17/2,,,,,佐賀,佐賀,46,17:24,第２３回スカッとさわやか杯,予選,３日目
桐生,01,20260725,6R,1,4743,A1,木村　　仁紀,0,0,0.14,6.22,38.13,59.71,6.10,40.48,61.90,49,35.22,48.43,32,27.78,43.75,7R/3/.07/1 12R/6/.14/4,4R/2/.15/2 9R/4/.13/4,,,,,滋賀,京都,33,17:50,第２３回スカッとさわやか杯,ドラドキ目玉,３日目
桐生,01,20260725,6R,2,3381,B1,滝沢　　芳行,0,0,0.15,4.91,30.61,42.86,5.57,46.43,53.57,48,31.90,52.15,74,33.56,54.36,3R/1/.23/1 10R/4/.13/6,7R/5/.19/1,1R/4/.20/3,,,,埼玉,埼玉,57,17:50,第２３回スカッとさわやか杯,ドラドキ目玉,３日目
桐生,01,20260725,6R,3,4952,B1,吉武　　真也,0,0,0.19,4.49,22.22,35.80,0.00,0.00,0.00,40,34.36,52.15,56,43.42,55.26,6R/5/.19/3,2R/2/.19/5,,,,,福岡,福岡,32,17:50,第２３回スカッとさわやか杯,ドラドキ目玉,３日目
桐生,01,20260725,6R,4,3797,B1,岩井　　　繁,0,0,0.20,3.72,14.55,29.09,4.44,26.47,38.24,24,37.13,64.07,34,36.91,50.34,4R/1/.32/5,1R/3/.25/4 5R/5/.25/5,,,,,広島,広島,53,17:50,第２３回スカッとさわやか杯,ドラドキ目玉,３日目
桐生,01,20260725,6R,5,5375,B1,庄島　　潤成,0,0,0.19,2.76,5.95,16.67,0.00,0.00,0.00,36,31.82,45.45,12,28.95,43.42,7R/6/.02/4,3R/6/.22/5 7R/6/.25/3,,,,,山口,山口,22,17:50,第２３回スカッとさわやか杯,ドラドキ目玉,３日目
桐生,01,20260725,6R,6,5086,B1,本村　　　大,0,0,0.20,3.84,19.40,31.34,0.00,0.00,0.00,70,35.95,49.67,47,33.55,48.68,2R/5/.16/6,1R/2/.31/6 8R/5/.26/6,,,,,長崎,長崎,27,17:50,第２３回スカッとさわやか杯,ドラドキ目玉,３日目
桐生,01,20260725,7R,1,4949,A2,横田　　貴満,0,0,0.16,5.86,35.64,54.46,6.58,42.11,68.42,65,36.02,50.93,51,34.67,56.00,5R/1/.19/5 11R/3/.25/2,2R/6/.12/1 9R/5/.15/3,,,,,佐賀,熊本,33,18:14,第２３回スカッとさわやか杯,ドラドキ３,３日目
桐生,01,20260725,7R,2,3889,B1,須藤　　隆雄,0,0,0.18,3.70,17.72,27.85,4.44,22.12,36.54,63,22.32,37.50,13,25.83,41.06,7R/4/.08/2,1R/1/.18/2 6R/3/.16/6,3R/4/.16/4,,,,群馬,栃木,51,18:14,第２３回スカッとさわやか杯,ドラドキ３,３日目
桐生,01,20260725,7R,3,3499,A1,市川　　哲也,1,0,0.15,5.64,36.36,54.55,4.25,25.00,37.50,60,44.68,58.16,19,35.57,48.32,6R/1/.21/1 12R/5/.09/5,3R/3/.13/2 9R/2/.17/6,,,,,広島,広島,57,18:14,第２３回スカッとさわやか杯,ドラドキ３,３日目
桐生,01,20260725,7R,4,5411,B2,木下　虎之輔,0,0,0.19,1.89,1.33,4.00,1.81,0.00,6.25,47,29.68,43.87,65,22.15,36.91,8R/6/.09/6,2R/5/.11/3,1R/6/.12/5,,,,東京,神奈川,20,18:14,第２３回スカッとさわやか杯,ドラドキ３,３日目
桐生,01,20260725,7R,5,4449,B1,中嶋　　達也,0,0,0.16,4.27,24.05,37.97,4.90,30.00,40.00,43,25.98,47.24,35,36.00,54.67,5R/2/.12/3,6R/6/.19/2 12R/6/.02/4,2R/6/.25/2,,,,兵庫,兵庫,39,18:14,第２３回スカッとさわやか杯,ドラドキ３,３日目
桐生,01,20260725,7R,6,4458,B1,抹香　　雄三,0,0,0.15,5.34,31.11,52.22,6.05,47.62,57.14,54,21.21,38.38,66,34.93,47.26,1R/3/.10/3 11R/4/.19/3,4R/1/.18/1,,,,,広島,広島,40,18:14,第２３回スカッとさわやか杯,ドラドキ３,３日目
桐生,01,20260725,8R,1,4588,A2,田中　　京介,0,0,0.15,5.37,38.26,55.65,5.89,33.33,55.56,37,32.03,49.67,41,32.89,51.01,9R/2/.22/6,1R/5/.11/1 10R/6/.21/6,4R/4/.11/6,,,,福岡,福岡,35,18:40,第２３回スカッとさわやか杯,ドラドキ５,３日目
桐生,01,20260725,8R,2,4724,B1,吉田　　祐貴,0,0,0.18,3.27,6.25,23.44,3.73,0.00,46.67,22,26.42,35.85,53,28.95,44.74,4R/3/.20/4,3R/5/.16/4 11R/5/.12/6,2R/3/.20/3,,,,佐賀,佐賀,40,18:40,第２３回スカッとさわやか杯,ドラドキ５,３日目
桐生,01,20260725,8R,3,5371,B2,早川　　颯太,0,0,0.22,1.72,1.32,3.95,1.50,0.00,0.00,73,48.78,71.54,39,33.12,48.05,6R/6/.13/6,4R/5/.12/6,2R/5/.26/4,,,,東京,長野,23,18:40,第２３回スカッとさわやか杯,ドラドキ５,３日目
桐生,01,20260725,8R,4,5053,B1,山口　　広樹,1,0,0.17,3.51,15.87,28.57,5.41,47.06,52.94,72,32.45,51.66,44,42.11,60.53,5R/5/.17/6,2R/3/.17/6 6R/2/.19/5,,,,,福岡,福岡,30,18:40,第２３回スカッとさわやか杯,ドラドキ５,３日目
桐生,01,20260725,8R,5,3737,A1,上平　　真二,0,0,0.17,6.90,48.70,72.17,7.00,44.44,44.44,67,30.83,54.14,29,29.61,44.74,3R/6/.35/2 12R/2/.06/1,6R/1/.12/1 11R/3/.08/2,,,,,広島,広島,52,18:40,第２３回スカッとさわやか杯,ドラドキ５,３日目
桐生,01,20260725,8R,6,3977,B1,山本　　兼士,0,0,0.18,4.38,19.05,38.10,4.12,17.65,35.29,31,38.56,51.63,67,30.46,48.34,2R/1/.19/2 7R/5/.03/3,3R/4/.20/3,3R/2/.23/5,,,,大阪,大阪,49,18:40,第２３回スカッとさわやか杯,ドラドキ５,３日目
桐生,01,20260725,9R,1,3717,A2,立間　　充宏,0,0,0.18,5.53,31.52,47.83,0.00,0.00,0.00,44,28.36,45.52,75,30.46,49.01,10R/5/.10/2,1R/6/.12/3 11R/2/.06/3,1R/5/.18/1,,,,岡山,岡山,51,19:09,第２３回スカッとさわやか杯,予選特賞,３日目
桐生,01,20260725,9R,2,4203,B1,小倉　　康典,0,0,0.14,4.19,22.22,35.80,4.75,30.48,47.62,34,38.42,58.76,54,38.16,55.26,1R/1/.09/1 6R/3/.21/2,9R/6/.23/5,5R/4/.29/6,,,,群馬,群馬,43,19:09,第２３回スカッとさわやか杯,予選特賞,３日目
桐生,01,20260725,9R,3,4318,A2,桑原　　将光,1,0,0.16,5.22,26.53,56.12,5.35,34.78,56.52,16,23.33,42.50,37,36.42,52.32,2R/6/.12/5 10R/3/.13/5,10R/2/.17/2,,,,,東京,東京,41,19:09,第２３回スカッとさわやか杯,予選特賞,３日目
桐生,01,20260725,9R,4,4410,B1,井上　　大輔,0,0,0.16,4.43,21.70,39.62,4.74,26.32,52.63,50,32.05,50.00,63,20.14,35.97,3R/5/.36/6 8R/3/.16/2,9R/1/.17/2,3R/5/.20/3,,,,岡山,岡山,40,19:09,第２３回スカッとさわやか杯,予選特賞,３日目
桐生,01,20260725,9R,5,4864,B1,小川　日紀太,1,0,0.17,4.60,23.38,40.26,0.00,0.00,0.00,51,29.69,40.63,15,43.24,61.49,8R/4/.21/5,4R/3/.16/3 8R/2/.23/5,,,,,福岡,宮崎,36,19:09,第２３回スカッとさわやか杯,予選特賞,３日目
桐生,01,20260725,9R,6,3664,B1,鈴木　　賢一,0,0,0.17,4.76,31.25,47.50,4.48,32.61,47.83,58,20.95,34.29,36,34.21,51.97,1R/2/.12/5 9R/4/.13/1,5R/2/.18/3,4R/5/.13/3,,,,埼玉,埼玉,56,19:09,第２３回スカッとさわやか杯,予選特賞,３日目
桐生,01,20260725,10R,1,5126,A1,山下　　大輝,0,0,0.15,6.97,52.99,72.65,5.40,40.00,60.00,64,31.82,51.30,70,28.67,45.33,1R/5/.10/2 10R/2/.11/3,8R/4/.19/2 12R/3/.06/3,,,,,兵庫,兵庫,29,19:36,第２３回スカッとさわやか杯,予選特賞,３日目
桐生,01,20260725,10R,2,3659,A2,藤生　　雄人,0,0,0.17,5.67,34.72,61.11,5.77,40.43,56.74,62,41.56,59.74,49,25.85,43.54,9R/3/.21/4,2R/4/.07/2 8R/1/.17/1,2R/2/.15/5,,,,群馬,群馬,51,19:36,第２３回スカッとさわやか杯,予選特賞,３日目
桐生,01,20260725,10R,3,4649,B1,和田　　操拓,0,0,0.13,5.42,38.58,54.33,5.05,35.00,50.00,53,34.27,51.75,26,28.19,44.97,5R/3/.13/1 10R/6/.11/4,4R/4/.17/4,3R/1/.20/2,,,,滋賀,京都,42,19:36,第２３回スカッとさわやか杯,予選特賞,３日目
桐生,01,20260725,10R,4,4106,B1,坂井　　康嗣,0,0,0.19,3.80,21.62,32.43,2.89,11.11,22.22,57,33.56,51.37,55,30.28,45.77,6R/2/.24/4,2R/1/.21/4 7R/4/.17/2,5R/6/.29/4,,,,佐賀,佐賀,46,19:36,第２３回スカッとさわやか杯,予選特賞,３日目
桐生,01,20260725,10R,5,5312,B1,川辺　　郭人,1,0,0.17,3.78,14.14,29.29,6.11,44.44,66.67,41,33.56,48.63,21,32.00,54.67,3R/2/.33/4,5R/4/.21/6 10R/3/.16/4,,,,,佐賀,佐賀,25,19:36,第２３回スカッとさわやか杯,予選特賞,３日目
桐生,01,20260725,10R,6,4073,A1,大橋　純一郎,0,0,0.15,6.69,56.67,67.50,5.68,44.74,55.26,13,26.67,45.19,30,30.72,47.06,2R/3/.11/3 11R/1/.20/1,10R/4/.16/3,4R/2/.17/2,,,,静岡,静岡,45,19:36,第２３回スカッとさわやか杯,予選特賞,３日目
桐生,01,20260725,11R,1,4397,A1,西村　　拓也,0,0,0.13,7.28,56.20,76.86,7.45,70.00,75.00,33,36.91,53.02,71,33.12,47.40,4R/5/.08/2 12R/3/.02/2,5R/1/.15/1 12R/1/.10/1,3R/3/.18/1,,,,大阪,大阪,39,20:02,第２３回スカッとさわやか杯,一般特選,３日目
桐生,01,20260725,11R,2,4458,B1,抹香　　雄三,0,0,0.15,5.34,31.11,52.22,6.05,47.62,57.14,54,21.21,38.38,66,34.93,47.26,1R/3/.10/3 11R/4/.19/3,4R/1/.18/1,7R/6/.27/4,,,,広島,広島,40,20:02,第２３回スカッとさわやか杯,一般特選,３日目
桐生,01,20260725,11R,3,4241,A2,大串　　重幸,0,0,0.17,5.72,33.04,59.13,5.15,40.00,55.00,25,24.04,36.54,11,29.14,52.98,1R/4/.10/4 8R/1/.11/1,5R/3/.16/2 11R/6/.08/4,1R/2/.19/6,,,,長崎,長崎,41,20:02,第２３回スカッとさわやか杯,一般特選,３日目
桐生,01,20260725,11R,4,4601,A1,森野　　正弘,0,0,0.13,6.60,52.89,65.29,6.30,60.00,60.00,26,30.52,48.70,59,36.24,55.03,5R/6/.18/4 12R/4/.01/3,7R/2/.22/5 11R/1/.09/1,5R/2/.26/1,,,,山口,山口,41,20:02,第２３回スカッとさわやか杯,一般特選,３日目
桐生,01,20260725,11R,5,4551,A2,三川　　昂暁,0,0,0.17,5.74,41.67,58.33,5.89,33.33,77.78,11,31.33,54.00,52,41.33,61.33,4R/4/.10/3 10R/1/.14/1,3R/2/.13/1 9R/3/.14/1,4R/6/.15/5,,,,福岡,福岡,37,20:02,第２３回スカッとさわやか杯,一般特選,３日目
桐生,01,20260725,11R,6,5375,B1,庄島　　潤成,0,0,0.19,2.76,5.95,16.67,0.00,0.00,0.00,36,31.82,45.45,12,28.95,43.42,7R/6/.02/4,3R/6/.22/5 7R/6/.25/3,6R/6/.27/3,,,,山口,山口,22,20:02,第２３回スカッとさわやか杯,一般特選,３日目
桐生,01,20260725,12R,1,3737,A1,上平　　真二,0,0,0.17,6.90,48.70,72.17,7.00,44.44,44.44,67,30.83,54.14,29,29.61,44.74,3R/6/.35/2 12R/2/.06/1,6R/1/.12/1 11R/3/.08/2,8R/5/.16/3,,,,広島,広島,52,20:31,第２３回スカッとさわやか杯,一般桐生特選,３日目
桐生,01,20260725,12R,2,4743,A1,木村　　仁紀,0,0,0.14,6.22,38.13,59.71,6.10,40.48,61.90,49,35.22,48.43,32,27.78,43.75,7R/3/.07/1 12R/6/.14/4,4R/2/.15/2 9R/4/.13/4,6R/1/.16/1,,,,滋賀,京都,33,20:31,第２３回スカッとさわやか杯,一般桐生特選,３日目
桐生,01,20260725,12R,3,4948,B1,木場　　悠介,0,0,0.15,5.56,39.60,55.45,5.44,40.74,55.56,52,26.26,39.39,42,30.92,48.03,4R/2/.15/1 11R/6/.18/4,10R/5/.18/5,2R/1/.09/1,,,,長崎,鹿児島,33,20:31,第２３回スカッとさわやか杯,一般桐生特選,３日目
桐生,01,20260725,12R,4,4949,A2,横田　　貴満,0,0,0.16,5.86,35.64,54.46,6.58,42.11,68.42,65,36.02,50.93,51,34.67,56.00,5R/1/.19/5 11R/3/.25/2,2R/6/.12/1 9R/5/.15/3,7R/1/.23/1,,,,佐賀,熊本,33,20:31,第２３回スカッとさわやか杯,一般桐生特選,３日目
桐生,01,20260725,12R,5,4643,A2,近江　　翔吾,0,0,0.13,6.83,52.63,67.37,7.03,62.07,65.52,17,31.76,50.59,45,43.42,60.53,5R/4/.11/2 9R/1/.25/3,4R/6/.14/5 12R/2/.07/2,5R/3/.24/2,,,,香川,大阪,33,20:31,第２３回スカッとさわやか杯,一般桐生特選,３日目
桐生,01,20260725,12R,6,5351,B1,齊藤　　　廉,0,0,0.16,4.99,35.92,47.57,3.33,11.11,11.11,42,26.12,38.06,72,31.94,49.31,2R/2/.14/1 9R/5/.11/2,11R/4/.07/5,4R/3/.08/4,,,,福岡,福岡,21,20:31,第２３回スカッとさわやか杯,一般桐生特選,３日目
戸田,02,20260725,1R,1,3455,B1,谷本　　幸司,0,0,0.17,4.92,31.03,47.41,5.58,41.67,54.17,31,35.65,53.91,76,34.29,55.24,5R/2/.12/2 10R/6/.09/6,,,,,,愛知,愛知,55,10:47,第１０回週刊大衆杯,予選,２日目
戸田,02,20260725,1R,2,3647,B1,伊藤　　雄二,0,0,0.18,3.34,11.88,24.75,4.42,16.67,36.11,14,33.80,50.00,12,32.51,50.74,7R/5/.24/6,,,,,,埼玉,埼玉,53,10:47,第１０回週刊大衆杯,予選,２日目
戸田,02,20260725,1R,3,5138,B1,村本　　大成,0,0,0.19,3.83,13.85,35.38,0.00,0.00,0.00,25,34.04,48.51,68,35.55,51.18,4R/5/.31/3,,,,,,福岡,福岡,26,10:47,第１０回週刊大衆杯,予選,２日目
戸田,02,20260725,1R,4,3419,B2,栗原　　謙治,0,0,0.22,2.27,0.00,7.69,3.58,16.67,16.67,12,41.48,55.90,58,34.50,50.50,6R/2/.22/6,,,,,,群馬,群馬,56,10:47,第１０回週刊大衆杯,予選,２日目
戸田,02,20260725,1R,5,5433,B2,米本　　圭佑,0,0,0.24,1.92,2.78,5.56,2.13,12.50,12.50,4,46.44,65.27,16,37.61,54.59,7R/6/.19/5,,,,,,東京,東京,21,10:47,第１０回週刊大衆杯,予選,２日目
戸田,02,20260725,1R,6,5170,B1,佐藤　　太亮,0,0,0.15,5.16,28.57,53.85,2.38,0.00,0.00,62,34.16,49.01,18,29.14,45.14,3R/4/.16/4 8R/2/.11/6,,,,,,岡山,岡山,25,10:47,第１０回週刊大衆杯,予選,２日目
戸田,02,20260725,2R,1,5152,B1,丸山　　祐也,0,0,0.23,3.53,9.72,23.61,2.00,0.00,0.00,11,40.45,53.18,33,34.58,50.47,2R/3/.24/6,,,,,,福岡,福岡,30,11:16,第１０回週刊大衆杯,予選,２日目
戸田,02,20260725,2R,2,3983,A1,須藤　　博倫,0,0,0.15,6.97,50.41,74.38,6.72,52.00,70.40,42,31.60,51.52,40,32.00,48.00,5R/4/.26/4 12R/1/.19/2,,,,,,埼玉,埼玉,48,11:16,第１０回週刊大衆杯,予選,２日目
戸田,02,20260725,2R,3,3630,B1,黒田　　誠司,0,0,0.17,3.97,18.57,30.00,3.95,18.18,31.82,64,34.67,50.25,19,33.82,50.72,8R/5/.12/5,,,,,,静岡,静岡,56,11:16,第１０回週刊大衆杯,予選,２日目
戸田,02,20260725,2R,4,5385,B1,鈴木　　柊介,0,0,0.14,2.56,5.19,14.29,1.79,0.00,0.00,5,35.40,51.33,73,32.65,47.96,6R/6/.16/5,,,,,,静岡,静岡,21,11:16,第１０回週刊大衆杯,予選,２日目
戸田,02,20260725,2R,5,4911,A2,片岡　　大地,1,0,0.14,4.91,24.72,52.81,3.92,23.08,30.77,24,39.38,54.87,62,31.82,50.00,9R/4/.19/5,,,,,,東京,千葉,30,11:16,第１０回週刊大衆杯,予選,２日目
戸田,02,20260725,2R,6,4533,B1,峰重　　侑治,0,0,0.18,4.45,18.97,43.10,5.71,42.86,42.86,20,30.77,45.64,47,37.21,52.09,1R/5/.21/5 10R/2/.11/5,,,,,,岡山,岡山,37,11:16,第１０回週刊大衆杯,予選,２日目
戸田,02,20260725,3R,1,3745,B1,橋本　　年光,0,0,0.19,5.18,28.42,52.63,5.47,41.18,64.71,49,38.86,57.82,42,37.91,51.18,2R/4/.17/1 7R/2/.11/4,,,,,,兵庫,兵庫,51,11:45,第１０回週刊大衆杯,予選,２日目
戸田,02,20260725,3R,2,4055,A2,吉田　　俊彦,0,0,0.15,6.62,49.65,65.03,5.26,31.58,42.11,26,37.12,57.64,56,42.57,63.37,3R/3/.17/3 10R/5/.07/2,,,,,,兵庫,兵庫,48,11:45,第１０回週刊大衆杯,予選,２日目
戸田,02,20260725,3R,3,5178,B1,成貞　　琳平,0,0,0.19,4.18,19.27,36.70,4.36,25.00,42.86,8,34.62,54.81,35,29.21,46.63,1R/6/.29/6 6R/4/.15/3,,,,,,愛知,岡山,30,11:45,第１０回週刊大衆杯,予選,２日目
戸田,02,20260725,3R,4,5432,B1,安藤　　瑠希,0,0,0.17,2.83,6.41,17.95,1.33,0.00,0.00,18,31.07,48.06,37,34.91,48.58,5R/6/.43/5,,,,,,静岡,静岡,21,11:45,第１０回週刊大衆杯,予選,２日目
戸田,02,20260725,3R,5,4054,B1,福嶋　　智之,0,0,0.16,4.63,27.37,43.16,4.83,30.43,43.48,30,30.11,43.01,32,31.28,50.24,4R/6/.49/6 9R/2/.25/4,,,,,,岡山,岡山,48,11:45,第１０回週刊大衆杯,予選,２日目
戸田,02,20260725,3R,6,4095,A1,福来　　　剛,1,0,0.13,6.85,54.87,66.37,7.44,61.54,74.36,13,33.19,51.09,70,37.50,53.37,3R/5/.15/2 12R/2/.05/1,,,,,,東京,東京,45,11:45,第１０回週刊大衆杯,予選,２日目
戸田,02,20260725,4R,1,3202,B1,三品　　隆浩,0,0,0.20,4.37,25.51,34.69,4.52,26.09,39.13,23,32.87,52.78,63,34.80,54.41,4R/3/.33/5 11R/5/.24/1,,,,,,東京,東京,61,12:14,第１０回週刊大衆杯,予選,２日目
戸田,02,20260725,4R,2,4258,B1,関根　　彰人,0,0,0.18,4.88,33.33,47.78,5.01,30.69,46.53,43,34.87,55.90,52,37.26,53.30,1R/1/.16/1 11R/4/.47/3,,,,,,埼玉,埼玉,42,12:14,第１０回週刊大衆杯,予選,２日目
戸田,02,20260725,4R,3,4651,B1,佐藤　　大騎,0,0,0.18,3.73,11.90,25.00,3.70,10.00,26.67,9,40.43,57.87,54,30.48,44.29,6R/1/.22/1,,,,,,大阪,大阪,41,12:14,第１０回週刊大衆杯,予選,２日目
戸田,02,20260725,4R,4,4704,A1,河野　　　大,0,0,0.14,6.58,47.89,65.49,6.20,30.00,60.00,21,34.76,50.00,74,30.41,49.12,8R/6/.09/2 12R/3/.10/4,,,,,,徳島,徳島,38,12:14,第１０回週刊大衆杯,予選,２日目
戸田,02,20260725,4R,5,4043,A2,桐本　　康臣,0,0,0.17,5.74,40.37,58.72,6.35,45.16,67.74,29,38.39,56.70,53,34.83,51.74,9R/1/.24/2,,,,,,三重,三重,46,12:14,第１０回週刊大衆杯,予選,２日目
戸田,02,20260725,4R,6,3377,B1,塚田　　修二,0,0,0.21,4.54,23.60,43.82,3.10,15.00,20.00,54,35.56,49.33,49,41.71,54.98,5R/3/.15/3,,,,,,東京,東京,58,12:14,第１０回週刊大衆杯,予選,２日目
戸田,02,20260725,5R,1,4172,A2,森定　　晃史,0,0,0.17,6.15,43.28,66.42,5.57,42.86,71.43,53,36.82,55.91,77,32.23,51.66,6R/5/.15/2 11R/2/.35/5,,,,,,岡山,岡山,43,12:44,第１０回週刊大衆杯,ウインウイン５,２日目
戸田,02,20260725,5R,2,5031,B1,渡辺　　空依,0,0,0.18,4.87,29.21,46.07,5.83,33.33,50.00,55,40.79,59.65,14,34.45,55.02,3R/6/.35/6 7R/4/.15/2,,,,,,福岡,福岡,28,12:44,第１０回週刊大衆杯,ウインウイン５,２日目
戸田,02,20260725,5R,3,5209,B1,小野　　京平,0,0,0.21,3.61,9.09,27.27,3.33,0.00,16.67,3,32.55,50.00,59,43.19,58.22,5R/5/.23/1,,,,,,福岡,大分,28,12:44,第１０回週刊大衆杯,ウインウイン５,２日目
戸田,02,20260725,5R,4,3743,A1,林　　　美憲,0,0,0.15,5.07,36.61,47.32,6.86,42.86,85.71,37,40.43,60.43,69,33.18,49.07,4R/2/.22/1 12R/5/.16/5,,,,,,徳島,徳島,51,12:44,第１０回週刊大衆杯,ウインウイン５,２日目
戸田,02,20260725,5R,5,5007,B1,近藤　雄一郎,1,0,0.18,4.71,23.08,41.03,3.89,7.41,22.22,51,30.41,47.94,57,34.27,48.83,2R/6/.23/3 10R/3/.08/3,,,,,,東京,福島,29,12:44,第１０回週刊大衆杯,ウインウイン５,２日目
戸田,02,20260725,5R,6,3812,B1,山崎　　聖司,0,0,0.18,3.99,12.50,37.50,4.33,20.00,40.00,41,32.29,46.88,30,34.93,54.07,1R/4/.19/3 8R/1/.09/4,,,,,,東京,千葉,50,12:44,第１０回週刊大衆杯,ウインウイン５,２日目
戸田,02,20260725,6R,1,5273,B1,山下　　拓巳,0,0,0.17,3.83,17.92,30.19,5.13,25.00,56.25,27,29.58,46.48,44,32.69,50.00,1R/3/.15/2 9R/6/.19/6,,,,,,兵庫,兵庫,24,13:14,第１０回週刊大衆杯,予選,２日目
戸田,02,20260725,6R,2,4824,A2,松井　　洪弥,0,0,0.12,5.57,36.44,49.15,5.88,50.00,50.00,36,32.37,50.72,15,32.86,51.17,5R/1/.23/6 11R/3/.36/6,,,,,,三重,三重,33,13:14,第１０回週刊大衆杯,予選,２日目
戸田,02,20260725,6R,3,4910,A1,中村　　泰平,0,0,0.15,6.94,57.94,68.22,6.46,30.77,76.92,61,39.19,55.41,67,29.95,42.64,7R/1/.12/3 12R/4/.16/3,,,,,,愛知,愛知,30,13:14,第１０回週刊大衆杯,予選,２日目
戸田,02,20260725,6R,4,5152,B1,丸山　　祐也,0,0,0.23,3.53,9.72,23.61,2.00,0.00,0.00,11,40.45,53.18,33,34.58,50.47,2R/3/.24/6,2R/1/.20/4,,,,,福岡,福岡,30,13:14,第１０回週刊大衆杯,予選,２日目
戸田,02,20260725,6R,5,4122,A2,安東　　幸治,0,0,0.17,5.58,36.64,55.73,6.20,45.00,60.00,2,45.74,57.40,75,40.00,57.14,10R/4/.10/1,,,,,,福岡,福岡,44,13:14,第１０回週刊大衆杯,予選,２日目
戸田,02,20260725,6R,6,4231,B1,鈴木　　裕隆,0,0,0.17,5.44,32.84,55.22,5.56,33.33,51.85,7,30.59,46.12,27,38.76,55.50,3R/1/.25/5 9R/5/.20/1,,,,,,愛知,愛知,43,13:14,第１０回週刊大衆杯,予選,２日目
戸田,02,20260725,7R,1,4702,A1,三浦　　敬太,0,0,0.14,6.16,48.15,62.96,5.70,40.00,50.00,50,34.51,50.88,46,31.43,50.48,6R/3/.17/4 12R/6/.21/6,,,,,,東京,北海道,39,13:45,第１０回週刊大衆杯,ウインウイン７,２日目
戸田,02,20260725,7R,2,3630,B1,黒田　　誠司,0,0,0.17,3.97,18.57,30.00,3.95,18.18,31.82,64,34.67,50.25,19,33.82,50.72,8R/5/.12/5,2R/3/.20/6,,,,,静岡,静岡,56,13:45,第１０回週刊大衆杯,ウインウイン７,２日目
戸田,02,20260725,7R,3,5325,B1,澁川　　　夏,0,0,0.17,5.77,38.24,62.75,5.60,40.00,70.00,38,34.91,50.43,22,36.32,58.49,3R/2/.20/1 11R/6/.19/2,,,,,,大阪,大阪,23,13:45,第１０回週刊大衆杯,ウインウイン７,２日目
戸田,02,20260725,7R,4,5433,B2,米本　　圭佑,0,0,0.24,1.92,2.78,5.56,2.13,12.50,12.50,4,46.44,65.27,16,37.61,54.59,7R/6/.19/5,1R/5/.18/3,,,,,東京,東京,21,13:45,第１０回週刊大衆杯,ウインウイン７,２日目
戸田,02,20260725,7R,5,3745,B1,橋本　　年光,0,0,0.19,5.18,28.42,52.63,5.47,41.18,64.71,49,38.86,57.82,42,37.91,51.18,2R/4/.17/1 7R/2/.11/4,3R/1/.14/2,,,,,兵庫,兵庫,51,13:45,第１０回週刊大衆杯,ウインウイン７,２日目
戸田,02,20260725,7R,6,3538,B2,菊池　　峰晴,0,0,0.21,4.14,16.07,37.50,5.27,33.33,45.45,10,34.55,55.45,20,32.23,46.92,4R/1/.29/4,,,,,,群馬,栃木,58,13:45,第１０回週刊大衆杯,ウインウイン７,２日目
戸田,02,20260725,8R,1,4740,B1,齋藤　　達希,0,0,0.17,4.51,21.51,43.01,5.00,34.78,47.83,63,42.15,57.85,11,31.61,53.37,1R/2/.13/4 7R/3/.14/1,,,,,,静岡,静岡,34,14:16,第１０回週刊大衆杯,予選,２日目
戸田,02,20260725,8R,2,3715,A2,倉尾　　大介,0,0,0.17,5.60,36.36,61.04,3.83,16.67,27.78,58,35.44,50.49,36,34.76,56.19,8R/4/.14/3,,,,,,福岡,福岡,51,14:16,第１０回週刊大衆杯,予選,２日目
戸田,02,20260725,8R,3,3455,B1,谷本　　幸司,0,0,0.17,4.92,31.03,47.41,5.58,41.67,54.17,31,35.65,53.91,76,34.29,55.24,5R/2/.12/2 10R/6/.09/6,1R/1/.08/1,,,,,愛知,愛知,55,14:16,第１０回週刊大衆杯,予選,２日目
戸田,02,20260725,8R,4,4095,A1,福来　　　剛,1,0,0.13,6.85,54.87,66.37,7.44,61.54,74.36,13,33.19,51.09,70,37.50,53.37,3R/5/.15/2 12R/2/.05/1,3R/5/.09/1,,,,,東京,東京,45,14:16,第１０回週刊大衆杯,予選,２日目
戸田,02,20260725,8R,5,5385,B1,鈴木　　柊介,0,0,0.14,2.56,5.19,14.29,1.79,0.00,0.00,5,35.40,51.33,73,32.65,47.96,6R/6/.16/5,2R/4/.10/5,,,,,静岡,静岡,21,14:16,第１０回週刊大衆杯,予選,２日目
戸田,02,20260725,8R,6,4043,A2,桐本　　康臣,0,0,0.17,5.74,40.37,58.72,6.35,45.16,67.74,29,38.39,56.70,53,34.83,51.74,9R/1/.24/2,4R/5/.11/2,,,,,三重,三重,46,14:16,第１０回週刊大衆杯,予選,２日目
戸田,02,20260725,9R,1,4911,A2,片岡　　大地,1,0,0.14,4.91,24.72,52.81,3.92,23.08,30.77,24,39.38,54.87,62,31.82,50.00,9R/4/.19/5,2R/5/.14/3,,,,,東京,千葉,30,14:48,第１０回週刊大衆杯,戸田特賞,２日目
戸田,02,20260725,9R,2,4704,A1,河野　　　大,0,0,0.14,6.58,47.89,65.49,6.20,30.00,60.00,21,34.76,50.00,74,30.41,49.12,8R/6/.09/2 12R/3/.10/4,4R/4/.11/1,,,,,徳島,徳島,38,14:48,第１０回週刊大衆杯,戸田特賞,２日目
戸田,02,20260725,9R,3,4172,A2,森定　　晃史,0,0,0.17,6.15,43.28,66.42,5.57,42.86,71.43,53,36.82,55.91,77,32.23,51.66,6R/5/.15/2 11R/2/.35/5,5R/1/.13/1,,,,,岡山,岡山,43,14:48,第１０回週刊大衆杯,戸田特賞,２日目
戸田,02,20260725,9R,4,5138,B1,村本　　大成,0,0,0.19,3.83,13.85,35.38,0.00,0.00,0.00,25,34.04,48.51,68,35.55,51.18,4R/5/.31/3,1R/3/.12/6,,,,,福岡,福岡,26,14:48,第１０回週刊大衆杯,戸田特賞,２日目
戸田,02,20260725,9R,5,5432,B1,安藤　　瑠希,0,0,0.17,2.83,6.41,17.95,1.33,0.00,0.00,18,31.07,48.06,37,34.91,48.58,5R/6/.43/5,3R/4/.11/4,,,,,静岡,静岡,21,14:48,第１０回週刊大衆杯,戸田特賞,２日目
戸田,02,20260725,9R,6,5033,B1,藤原　　孝斗,0,0,0.18,4.35,27.16,35.80,4.47,26.67,33.33,17,30.99,53.05,41,33.64,45.79,2R/1/.19/5 8R/3/.10/1,,,,,,愛知,愛知,28,14:48,第１０回週刊大衆杯,戸田特賞,２日目
戸田,02,20260725,10R,1,4055,A2,吉田　　俊彦,0,0,0.15,6.62,49.65,65.03,5.26,31.58,42.11,26,37.12,57.64,56,42.57,63.37,3R/3/.17/3 10R/5/.07/2,3R/2/.18/3,,,,,兵庫,兵庫,48,15:21,第１０回週刊大衆杯,戸田特賞,２日目
戸田,02,20260725,10R,2,3502,A2,渡邉　　英児,0,0,0.16,5.98,41.24,67.01,3.88,18.75,31.25,6,35.14,51.80,17,38.00,56.00,4R/4/.25/2 10R/1/.21/4,,,,,,静岡,静岡,57,15:21,第１０回週刊大衆杯,戸田特賞,２日目
戸田,02,20260725,10R,3,3419,B2,栗原　　謙治,0,0,0.22,2.27,0.00,7.69,3.58,16.67,16.67,12,41.48,55.90,58,34.50,50.50,6R/2/.22/6,1R/4/.17/5,,,,,群馬,群馬,56,15:21,第１０回週刊大衆杯,戸田特賞,２日目
戸田,02,20260725,10R,4,5209,B1,小野　　京平,0,0,0.21,3.61,9.09,27.27,3.33,0.00,16.67,3,32.55,50.00,59,43.19,58.22,5R/5/.23/1,5R/3/.13/2,,,,,福岡,大分,28,15:21,第１０回週刊大衆杯,戸田特賞,２日目
戸田,02,20260725,10R,5,4258,B1,関根　　彰人,0,0,0.18,4.88,33.33,47.78,5.01,30.69,46.53,43,34.87,55.90,52,37.26,53.30,1R/1/.16/1 11R/4/.47/3,4R/2/.15/6,,,,,埼玉,埼玉,42,15:21,第１０回週刊大衆杯,戸田特賞,２日目
戸田,02,20260725,10R,6,4910,A1,中村　　泰平,0,0,0.15,6.94,57.94,68.22,6.46,30.77,76.92,61,39.19,55.41,67,29.95,42.64,7R/1/.12/3 12R/4/.16/3,6R/3/.09/2,,,,,愛知,愛知,30,15:21,第１０回週刊大衆杯,戸田特賞,２日目
戸田,02,20260725,11R,1,4122,A2,安東　　幸治,0,0,0.17,5.58,36.64,55.73,6.20,45.00,60.00,2,45.74,57.40,75,40.00,57.14,10R/4/.10/1,6R/5/.10/3,,,,,福岡,福岡,44,15:55,第１０回週刊大衆杯,戸田特選,２日目
戸田,02,20260725,11R,2,4058,A1,野末　　智一,0,0,0.19,5.99,42.86,61.43,3.75,20.00,30.00,40,34.56,53.46,29,40.09,54.72,2R/5/.19/4 11R/1/.42/4,,,,,,静岡,静岡,47,15:55,第１０回週刊大衆杯,戸田特選,２日目
戸田,02,20260725,11R,3,3538,B2,菊池　　峰晴,0,0,0.21,4.14,16.07,37.50,5.27,33.33,45.45,10,34.55,55.45,20,32.23,46.92,4R/1/.29/4,7R/6/.25/3,,,,,群馬,栃木,58,15:55,第１０回週刊大衆杯,戸田特選,２日目
戸田,02,20260725,11R,4,4651,B1,佐藤　　大騎,0,0,0.18,3.73,11.90,25.00,3.70,10.00,26.67,9,40.43,57.87,54,30.48,44.29,6R/1/.22/1,4R/3/.22/5,,,,,大阪,大阪,41,15:55,第１０回週刊大衆杯,戸田特選,２日目
戸田,02,20260725,11R,5,3983,A1,須藤　　博倫,0,0,0.15,6.97,50.41,74.38,6.72,52.00,70.40,42,31.60,51.52,40,32.00,48.00,5R/4/.26/4 12R/1/.19/2,2R/2/.09/1,,,,,埼玉,埼玉,48,15:55,第１０回週刊大衆杯,戸田特選,２日目
戸田,02,20260725,11R,6,3963,A2,原田　　秀弥,0,0,0.17,5.77,35.96,61.40,5.45,36.36,57.58,22,29.56,46.80,21,35.58,51.44,2R/2/.22/2 9R/3/.28/3,,,,,,大阪,奈良,47,15:55,第１０回週刊大衆杯,戸田特選,２日目
戸田,02,20260725,12R,1,3743,A1,林　　　美憲,0,0,0.15,5.07,36.61,47.32,6.86,42.86,85.71,37,40.43,60.43,69,33.18,49.07,4R/2/.22/1 12R/5/.16/5,5R/4/.15/4,,,,,徳島,徳島,51,16:30,第１０回週刊大衆杯,記者選抜戦,２日目
戸田,02,20260725,12R,2,4702,A1,三浦　　敬太,0,0,0.14,6.16,48.15,62.96,5.70,40.00,50.00,50,34.51,50.88,46,31.43,50.48,6R/3/.17/4 12R/6/.21/6,7R/1/.26/6,,,,,東京,北海道,39,16:30,第１０回週刊大衆杯,記者選抜戦,２日目
戸田,02,20260725,12R,3,3647,B1,伊藤　　雄二,0,0,0.18,3.34,11.88,24.75,4.42,16.67,36.11,14,33.80,50.00,12,32.51,50.74,7R/5/.24/6,1R/2/.07/2,,,,,埼玉,埼玉,53,16:30,第１０回週刊大衆杯,記者選抜戦,２日目
戸田,02,20260725,12R,4,3377,B1,塚田　　修二,0,0,0.21,4.54,23.60,43.82,3.10,15.00,20.00,54,35.56,49.33,49,41.71,54.98,5R/3/.15/3,4R/6/.13/3,,,,,東京,東京,58,16:30,第１０回週刊大衆杯,記者選抜戦,２日目
戸田,02,20260725,12R,5,4824,A2,松井　　洪弥,0,0,0.12,5.57,36.44,49.15,5.88,50.00,50.00,36,32.37,50.72,15,32.86,51.17,5R/1/.23/6 11R/3/.36/6,6R/2/.10/1,,,,,三重,三重,33,16:30,第１０回週刊大衆杯,記者選抜戦,２日目
戸田,02,20260725,12R,6,3715,A2,倉尾　　大介,0,0,0.17,5.60,36.36,61.04,3.83,16.67,27.78,58,35.44,50.49,36,34.76,56.19,8R/4/.14/3,8R/2/.16/4,,,,,福岡,福岡,51,16:30,第１０回週刊大衆杯,記者選抜戦,２日目
江戸川,03,20260725,1R,1,4401,A2,小林　　　泰,0,0,0.15,5.51,38.46,53.85,6.01,38.37,58.14,27,31.43,51.43,67,40.54,62.16,5R/4/.05/5 11R/5/.30/6,6R/2/.14/1,,,,,東京,山梨,41,11:14,第３５回アサヒビールカップ,予選,３日目
江戸川,03,20260725,1R,2,5207,B1,高山　　敬悟,1,0,0.16,5.37,38.95,50.53,0.00,0.00,0.00,38,30.56,44.44,35,38.10,59.52,2R/6/.18/5 8R/4/.14/6,5R/5/.25/4,,,,,福岡,福岡,28,11:14,第３５回アサヒビールカップ,予選,３日目
江戸川,03,20260725,1R,3,4345,A2,西舘　　　健,0,0,0.15,5.68,42.59,54.63,5.35,35.29,50.98,36,47.50,70.00,52,32.56,41.86,3R/2/.06/1 9R/1/.19/1,11R/5/.06/4,,,,,東京,神奈川,41,11:14,第３５回アサヒビールカップ,予選,３日目
江戸川,03,20260725,1R,4,4840,B1,鈴木　　秀茉,0,0,0.16,5.03,32.73,52.73,4.20,10.00,40.00,50,18.42,36.84,23,13.51,45.95,2R/1/.19/6 7R/3/.11/4,7R/2/.23/5,,,,,静岡,静岡,34,11:14,第３５回アサヒビールカップ,予選,３日目
江戸川,03,20260725,1R,5,4432,B1,黄金井　力良,0,0,0.16,5.43,31.91,56.38,6.05,39.68,57.14,40,8.82,23.53,33,41.67,63.89,4R/3/.04/6 8R/2/.07/3,9R/4/.09/4,,,,,埼玉,埼玉,40,11:14,第３５回アサヒビールカップ,予選,３日目
江戸川,03,20260725,1R,6,3964,B1,宮地　　博士,0,0,0.20,4.10,16.48,32.97,4.37,15.79,26.32,39,27.03,43.24,62,34.38,43.75,1R/2/.31/3 10R/3/.32/6,4R/1/.13/2,,,,,長崎,長崎,47,11:14,第３５回アサヒビールカップ,予選,３日目
江戸川,03,20260725,2R,1,4251,B1,川崎　　誠志,0,0,0.21,4.55,22.55,43.14,4.74,33.33,40.74,28,32.43,64.86,53,45.95,62.16,5R/2/.06/2 10R/4/.20/1,5R/6/.28/6,,,,,山口,山口,43,11:41,第３５回アサヒビールカップ,予選,３日目
江戸川,03,20260725,2R,2,4398,A1,船岡　洋一郎,0,0,0.14,6.52,49.17,61.67,6.20,53.33,60.00,34,51.35,70.27,36,30.95,47.62,5R/6/.04/1 12R/5/.12/4,7R/3/.19/3,,,,,広島,広島,39,11:41,第３５回アサヒビールカップ,予選,３日目
江戸川,03,20260725,2R,3,4614,A1,石倉　　洋行,1,0,0.13,6.91,52.25,72.97,5.59,29.73,54.05,31,32.50,47.50,12,26.47,47.06,4R/2/.03/2 10R/1/.21/2,3R/5/.17/1,,,,,福岡,福岡,46,11:41,第３５回アサヒビールカップ,予選,３日目
江戸川,03,20260725,2R,4,4374,B1,永田　　義紘,0,0,0.15,4.71,30.43,39.13,4.96,17.86,50.00,26,27.50,45.00,38,28.13,43.75,3R/5/.17/5 8R/3/.11/4,8R/6/.14/4,,,,,広島,広島,42,11:41,第３５回アサヒビールカップ,予選,３日目
江戸川,03,20260725,2R,5,5096,A2,上原　　　崚,0,0,0.16,6.12,34.91,60.38,6.89,51.11,66.67,48,20.51,33.33,24,27.78,41.67,2R/2/.12/1 11R/3/.19/5,9R/1/.08/1,,,,,東京,沖縄,31,11:41,第３５回アサヒビールカップ,予選,３日目
江戸川,03,20260725,2R,6,3796,B1,長野　　道臣,0,0,0.17,4.66,29.41,42.16,5.83,47.62,57.14,55,28.95,47.37,70,16.67,30.56,9R/4/.04/6,1R/2/.13/1 6R/1/.13/2,,,,,静岡,静岡,53,11:41,第３５回アサヒビールカップ,予選,３日目
江戸川,03,20260725,3R,1,5240,B1,高橋　　龍治,0,0,0.17,5.02,34.57,48.15,4.82,35.71,46.43,41,36.84,52.63,46,37.21,44.19,1R/6/.17/6 6R/4/.49/6,6R/5/.22/6,,,,,福岡,福岡,26,12:08,第３５回アサヒビールカップ,予選,３日目
江戸川,03,20260725,3R,2,4227,A2,安達　　裕樹,1,0,0.16,6.18,35.90,56.41,6.83,47.83,60.87,47,16.67,27.78,22,18.92,29.73,3R/4/.18/4 10R/6/.13/3,7R/5/.24/6,,,,,三重,三重,43,12:08,第３５回アサヒビールカップ,予選,３日目
江戸川,03,20260725,3R,3,4395,B1,下河　　雅史,0,0,0.18,5.54,37.86,53.40,5.89,42.11,63.16,70,20.51,35.90,66,35.56,57.78,7R/6/.27/6,4R/2/.09/3 11R/4/.08/5,,,,,福岡,福岡,40,12:08,第３５回アサヒビールカップ,予選,３日目
江戸川,03,20260725,3R,4,3946,A1,赤岩　　善生,0,0,0.15,7.07,50.45,69.37,7.17,50.00,83.33,45,30.23,46.51,64,46.34,63.41,7R/2/.11/1 12R/3/.08/3,9R/6/.12/3,,,,,愛知,愛知,50,12:08,第３５回アサヒビールカップ,予選,３日目
江戸川,03,20260725,3R,5,4067,A2,永井　　　源,0,0,0.17,6.27,44.44,65.19,6.56,53.70,70.37,37,41.46,65.85,10,46.34,58.54,5R/3/.05/4 9R/2/.17/2,8R/1/.11/1,,,,,愛知,福岡,46,12:08,第３５回アサヒビールカップ,予選,３日目
江戸川,03,20260725,3R,6,3771,B1,折下　　寛法,0,0,0.15,5.47,33.00,56.00,5.15,30.00,55.00,19,21.62,35.14,34,33.33,47.22,5R/1/.02/3,3R/2/.09/5 12R/3/.19/6,,,,,東京,東京,52,12:08,第３５回アサヒビールカップ,予選,３日目
江戸川,03,20260725,4R,1,4957,B1,竹之内　　極,0,0,0.17,5.55,34.78,56.52,6.26,54.29,68.57,52,38.10,47.62,20,15.38,30.77,4R/5/.06/4 11R/4/.23/3,7R/6/.25/1,,,,,福岡,鹿児島,31,12:35,第３５回アサヒビールカップ,予選,３日目
江戸川,03,20260725,4R,2,4711,A2,前出　　達吉,0,0,0.16,6.12,43.14,67.65,5.67,44.44,50.00,30,51.16,69.77,29,40.00,62.86,1R/3/.24/1 7R/1/.07/3,12R/4/.12/1,,,,,福井,石川,36,12:35,第３５回アサヒビールカップ,予選,３日目
江戸川,03,20260725,4R,3,4907,A1,小池　　修平,0,0,0.15,7.21,53.72,69.42,8.23,64.52,77.42,62,46.67,68.89,49,34.09,45.45,12R/1/.03/1,6R/4/.14/3 11R/2/.13/1,,,,,大阪,大阪,31,12:35,第３５回アサヒビールカップ,予選,３日目
江戸川,03,20260725,4R,4,3527,B1,中嶋　誠一郎,0,0,0.17,5.25,31.25,54.17,5.47,35.29,50.00,18,27.03,45.95,65,18.42,28.95,9R/3/.15/3,5R/1/.05/1 10R/2/.19/3,,,,,長崎,長崎,55,12:35,第３５回アサヒビールカップ,予選,３日目
江戸川,03,20260725,4R,5,5036,B1,福田　　翔吾,0,0,0.18,5.26,34.29,51.43,4.68,24.32,43.24,49,46.51,62.79,19,38.10,54.76,2R/3/.13/2 6R/1/.25/3,4R/6/.18/5,,,,,大阪,大阪,28,12:35,第３５回アサヒビールカップ,予選,３日目
江戸川,03,20260725,4R,6,4430,A2,永田　　秀二,0,0,0.17,5.89,36.07,59.84,6.20,41.12,58.88,14,11.43,34.29,50,30.95,45.24,10R/2/.28/4,1R/1/.13/3 8R/4/.13/2,,,,,東京,東京,40,12:35,第３５回アサヒビールカップ,予選,３日目
江戸川,03,20260725,5R,1,5107,B1,松本　　真広,1,0,0.16,4.26,18.52,40.74,3.67,16.67,25.00,21,26.83,48.78,59,33.33,52.38,3R/6/.29/6,4R/4/.22/4 9R/3/.12/6,,,,,福岡,熊本,27,13:02,第３５回アサヒビールカップ,予選,３日目
江戸川,03,20260725,5R,2,4297,A1,山田　　哲也,1,0,0.11,6.30,44.74,61.40,6.25,44.58,56.63,29,26.19,47.62,11,20.00,40.00,4R/4/.04/3 12R/6/.14/5,8R/3/.09/5,,,,,東京,千葉,43,13:02,第３５回アサヒビールカップ,予選,３日目
江戸川,03,20260725,5R,3,5167,B1,小川　竜太朗,0,0,0.16,5.51,36.67,53.33,4.96,33.33,44.44,51,19.05,28.57,68,28.57,40.48,1R/4/.18/4 9R/6/.14/5,3R/1/.05/4,,,,,埼玉,埼玉,26,13:02,第３５回アサヒビールカップ,予選,３日目
江戸川,03,20260725,5R,4,3964,B1,宮地　　博士,0,0,0.20,4.10,16.48,32.97,4.37,15.79,26.32,39,27.03,43.24,62,34.38,43.75,1R/2/.31/3 10R/3/.32/6,4R/1/.13/2,1R/6/.23/5,,,,長崎,長崎,47,13:02,第３５回アサヒビールカップ,予選,３日目
江戸川,03,20260725,5R,5,4269,A2,杉山　　裕也,0,0,0.15,6.74,51.89,65.09,7.19,53.13,81.25,65,39.02,46.34,47,35.71,52.38,6R/3/.23/1,7R/1/.14/2 12R/2/.12/4,,,,,愛知,愛知,40,13:02,第３５回アサヒビールカップ,予選,３日目
江戸川,03,20260725,5R,6,4958,A1,溝口　海義也,0,0,0.13,6.34,42.54,64.93,7.07,50.00,85.71,46,52.27,63.64,61,43.18,65.91,2R/4/.11/3 9R/5/.07/4,2R/2/.22/3,,,,,福岡,福岡,31,13:02,第３５回アサヒビールカップ,予選,３日目
江戸川,03,20260725,6R,1,5095,A2,小原　　聡将,0,0,0.15,6.40,42.71,64.58,6.55,50.57,64.37,43,28.95,47.37,56,32.56,53.49,1R/5/.18/5 8R/6/.16/2,11R/3/.11/3,,,,,東京,千葉,32,13:29,第３５回アサヒビールカップ,予選,３日目
江戸川,03,20260725,6R,2,4270,B1,岸本　　雄貴,0,0,0.18,4.95,28.57,48.05,0.00,0.00,0.00,63,32.56,44.19,60,46.34,53.66,4R/1/.05/1,6R/6/.22/5 10R/4/.12/4,,,,,三重,三重,44,13:29,第３５回アサヒビールカップ,予選,３日目
江戸川,03,20260725,6R,3,4204,B1,柴田　　大輔,0,0,0.19,5.02,30.43,41.30,6.59,54.55,63.64,69,40.00,50.00,15,25.64,38.46,3R/1/.07/2,2R/6/.38/5 12R/5/.13/5,,,,,福岡,福岡,43,13:29,第３５回アサヒビールカップ,予選,３日目
江戸川,03,20260725,6R,4,5096,A2,上原　　　崚,0,0,0.16,6.12,34.91,60.38,6.89,51.11,66.67,48,20.51,33.33,24,27.78,41.67,2R/2/.12/1 11R/3/.19/5,9R/1/.08/1,2R/5/.18/2,,,,東京,沖縄,31,13:29,第３５回アサヒビールカップ,予選,３日目
江戸川,03,20260725,6R,5,4645,A1,上村　　純一,0,0,0.14,6.44,44.35,59.68,6.59,48.78,60.98,35,38.89,52.78,63,30.95,42.86,3R/3/.05/3 11R/1/.24/2,5R/4/.16/3,,,,,群馬,千葉,46,13:29,第３５回アサヒビールカップ,予選,３日目
江戸川,03,20260725,6R,6,4840,B1,鈴木　　秀茉,0,0,0.16,5.03,32.73,52.73,4.20,10.00,40.00,50,18.42,36.84,23,13.51,45.95,2R/1/.19/6 7R/3/.11/4,7R/2/.23/5,1R/4/.16/4,,,,静岡,静岡,34,13:29,第３５回アサヒビールカップ,予選,３日目
江戸川,03,20260725,7R,1,4227,A2,安達　　裕樹,1,0,0.16,6.18,35.90,56.41,6.83,47.83,60.87,47,16.67,27.78,22,18.92,29.73,3R/4/.18/4 10R/6/.13/3,7R/5/.24/6,3R/2/.22/4,,,,三重,三重,43,13:56,第３５回アサヒビールカップ,予選,３日目
江戸川,03,20260725,7R,2,3813,A1,佐藤　　大介,0,0,0.16,6.74,49.14,73.28,6.87,51.85,75.93,61,29.73,51.35,28,36.84,57.89,10R/5/.15/5,2R/3/.19/1 11R/1/.11/2,,,,,愛知,愛知,50,13:56,第３５回アサヒビールカップ,予選,３日目
江戸川,03,20260725,7R,3,5207,B1,高山　　敬悟,1,0,0.16,5.37,38.95,50.53,0.00,0.00,0.00,38,30.56,44.44,35,38.10,59.52,2R/6/.18/5 8R/4/.14/6,5R/5/.25/4,1R/2/.14/6,,,,福岡,福岡,28,13:56,第３５回アサヒビールカップ,予選,３日目
江戸川,03,20260725,7R,4,4082,B1,濱崎　　　誠,1,0,0.18,5.91,43.59,62.39,5.90,42.86,59.52,56,47.62,64.29,41,46.34,56.10,11R/2/.23/1,3R/6/.27/3 8R/5/.09/6,,,,,大阪,大阪,46,13:56,第３５回アサヒビールカップ,予選,３日目
江戸川,03,20260725,7R,5,4688,A1,永井　　彪也,0,0,0.13,7.10,56.56,69.67,6.87,49.41,65.88,24,27.03,43.24,71,35.29,61.76,6R/2/.25/2 12R/4/.13/6,10R/3/.14/2,,,,,東京,東京,33,13:56,第３５回アサヒビールカップ,予選,３日目
江戸川,03,20260725,7R,6,4474,B1,渡辺　　　崇,1,0,0.19,5.64,40.21,54.64,6.30,50.00,66.67,58,26.83,48.78,30,33.33,53.85,,1R/6/.27/5 9R/5/.12/5,,,,,福岡,大分,38,13:56,第３５回アサヒビールカップ,予選,３日目
江戸川,03,20260725,8R,1,5083,B1,柳瀬　　幹太,1,0,0.17,4.61,28.00,38.67,4.47,20.00,53.33,53,38.89,55.56,43,41.46,58.54,2R/5/.12/4,1R/4/.18/4 11R/6/.17/6,,,,,山口,山口,27,14:24,第３５回アサヒビールカップ,予選,３日目
江戸川,03,20260725,8R,2,4374,B1,永田　　義紘,0,0,0.15,4.71,30.43,39.13,4.96,17.86,50.00,26,27.50,45.00,38,28.13,43.75,3R/5/.17/5 8R/3/.11/4,8R/6/.14/4,2R/4/.19/6,,,,広島,広島,42,14:24,第３５回アサヒビールカップ,予選,３日目
江戸川,03,20260725,8R,3,4472,A1,尾嶋　　一広,0,0,0.16,6.19,40.32,58.87,6.10,34.15,58.54,68,36.36,45.45,48,18.60,32.56,11R/6/.29/4,4R/5/.16/1 10R/1/.07/1,,,,,兵庫,兵庫,39,14:24,第３５回アサヒビールカップ,予選,３日目
江戸川,03,20260725,8R,4,3880,B1,浅見　　宗孝,1,0,0.19,4.76,22.62,46.43,4.71,25.42,38.98,54,32.56,48.84,31,24.32,54.05,7R/5/.18/2,2R/1/.16/4 6R/3/.13/4,,,,,埼玉,埼玉,53,14:24,第３５回アサヒビールカップ,予選,３日目
江戸川,03,20260725,8R,5,4335,A1,若林　　　将,0,0,0.12,7.18,54.13,76.15,7.02,50.62,70.37,71,33.33,55.56,27,50.00,63.89,12R/2/.03/2,5R/3/.09/2 12R/1/.08/2,,,,,東京,千葉,42,14:24,第３５回アサヒビールカップ,予選,３日目
江戸川,03,20260725,8R,6,4656,A2,大崎　　　翔,0,0,0.16,5.20,33.70,48.91,6.03,40.00,60.00,67,18.42,39.47,14,27.27,33.33,6R/5/.17/5,3R/4/.17/6 9R/2/.09/2,,,,,兵庫,兵庫,39,14:24,第３５回アサヒビールカップ,予選,３日目
江戸川,03,20260725,9R,1,4564,B1,山本　景士郎,0,0,0.19,4.64,23.81,43.81,4.78,34.15,41.46,59,31.82,47.73,37,33.33,54.76,4R/6/.15/5,1R/5/.22/6 5R/2/.11/5,,,,,広島,広島,38,14:52,第３５回アサヒビールカップ,予選,３日目
江戸川,03,20260725,9R,2,3740,A1,大澤　　普司,0,0,0.18,6.16,41.91,59.56,7.00,55.00,72.50,64,52.50,72.50,57,24.32,43.24,8R/5/.15/5,4R/3/.15/6 12R/6/.11/3,,,,,群馬,群馬,52,14:52,第３５回アサヒビールカップ,予選,３日目
江戸川,03,20260725,9R,3,5240,B1,高橋　　龍治,0,0,0.17,5.02,34.57,48.15,4.82,35.71,46.43,41,36.84,52.63,46,37.21,44.19,1R/6/.17/6 6R/4/.49/6,6R/5/.22/6,3R/1/.19/5,,,,福岡,福岡,26,14:52,第３５回アサヒビールカップ,予選,３日目
江戸川,03,20260725,9R,4,4398,A1,船岡　洋一郎,0,0,0.14,6.52,49.17,61.67,6.20,53.33,60.00,34,51.35,70.27,36,30.95,47.62,5R/6/.04/1 12R/5/.12/4,7R/3/.19/3,2R/2/.17/1,,,,広島,広島,39,14:52,第３５回アサヒビールカップ,予選,３日目
江戸川,03,20260725,9R,5,5167,B1,小川　竜太朗,0,0,0.16,5.51,36.67,53.33,4.96,33.33,44.44,51,19.05,28.57,68,28.57,40.48,1R/4/.18/4 9R/6/.14/5,3R/1/.05/4,5R/3/.06/6,,,,埼玉,埼玉,26,14:52,第３５回アサヒビールカップ,予選,３日目
江戸川,03,20260725,9R,6,4345,A2,西舘　　　健,0,0,0.15,5.68,42.59,54.63,5.35,35.29,50.98,36,47.50,70.00,52,32.56,41.86,3R/2/.06/1 9R/1/.19/1,11R/5/.06/4,1R/3/.11/2,,,,東京,神奈川,41,14:52,第３５回アサヒビールカップ,予選,３日目
江戸川,03,20260725,10R,1,3946,A1,赤岩　　善生,0,0,0.15,7.07,50.45,69.37,7.17,50.00,83.33,45,30.23,46.51,64,46.34,63.41,7R/2/.11/1 12R/3/.08/3,9R/6/.12/3,3R/4/.25/6,,,,愛知,愛知,50,15:22,第３５回アサヒビールカップ,予選特賞,３日目
江戸川,03,20260725,10R,2,4575,A2,戸塚　　邦好,0,0,0.16,6.28,44.66,61.17,6.49,49.02,64.71,57,46.15,61.54,54,19.51,48.78,7R/4/.09/5,1R/3/.11/2 10R/6/.21/6,,,,,東京,東京,37,15:22,第３５回アサヒビールカップ,予選特賞,３日目
江戸川,03,20260725,10R,3,4401,A2,小林　　　泰,0,0,0.15,5.51,38.46,53.85,6.01,38.37,58.14,27,31.43,51.43,67,40.54,62.16,5R/4/.05/5 11R/5/.30/6,6R/2/.14/1,1R/1/.18/1,,,,東京,山梨,41,15:22,第３５回アサヒビールカップ,予選特賞,３日目
江戸川,03,20260725,10R,4,5036,B1,福田　　翔吾,0,0,0.18,5.26,34.29,51.43,4.68,24.32,43.24,49,46.51,62.79,19,38.10,54.76,2R/3/.13/2 6R/1/.25/3,4R/6/.18/5,4R/5/.04/3,,,,大阪,大阪,28,15:22,第３５回アサヒビールカップ,予選特賞,３日目
江戸川,03,20260725,10R,5,5311,B1,小林　　京平,0,0,0.18,5.25,32.14,48.81,3.74,15.79,21.05,22,35.00,45.00,51,23.68,42.11,6R/6/.38/4,2R/4/.27/2 8R/2/.11/3,,,,,山口,山口,28,15:22,第３５回アサヒビールカップ,予選特賞,３日目
江戸川,03,20260725,10R,6,4614,A1,石倉　　洋行,1,0,0.13,6.91,52.25,72.97,5.59,29.73,54.05,31,32.50,47.50,12,26.47,47.06,4R/2/.03/2 10R/1/.21/2,3R/5/.17/1,2R/3/.15/4,,,,福岡,福岡,46,15:22,第３５回アサヒビールカップ,予選特賞,３日目
江戸川,03,20260725,11R,1,4297,A1,山田　　哲也,1,0,0.11,6.30,44.74,61.40,6.25,44.58,56.63,29,26.19,47.62,11,20.00,40.00,4R/4/.04/3 12R/6/.14/5,8R/3/.09/5,5R/2/.09/3,,,,東京,千葉,43,15:53,第３５回アサヒビールカップ,予選特選,３日目
江戸川,03,20260725,11R,2,4645,A1,上村　　純一,0,0,0.14,6.44,44.35,59.68,6.59,48.78,60.98,35,38.89,52.78,63,30.95,42.86,3R/3/.05/3 11R/1/.24/2,5R/4/.16/3,6R/5/.19/2,,,,群馬,千葉,46,15:53,第３５回アサヒビールカップ,予選特選,３日目
江戸川,03,20260725,11R,3,5047,B1,國分　将太郎,0,0,0.17,5.73,34.02,58.76,5.96,38.78,65.31,20,36.84,52.63,18,18.42,28.95,1R/1/.23/2,2R/5/.22/6 7R/4/.31/4,,,,,東京,福島,32,15:53,第３５回アサヒビールカップ,予選特選,３日目
江戸川,03,20260725,11R,4,5038,A2,金田　　智博,0,0,0.16,6.27,47.06,61.34,6.44,45.76,66.10,16,33.33,58.33,25,20.59,41.18,8R/1/.04/1,3R/3/.05/2 10R/5/.11/5,,,,,福井,石川,28,15:53,第３５回アサヒビールカップ,予選特選,３日目
江戸川,03,20260725,11R,5,4711,A2,前出　　達吉,0,0,0.16,6.12,43.14,67.65,5.67,44.44,50.00,30,51.16,69.77,29,40.00,62.86,1R/3/.24/1 7R/1/.07/3,12R/4/.12/1,4R/2/.09/5,,,,福井,石川,36,15:53,第３５回アサヒビールカップ,予選特選,３日目
江戸川,03,20260725,11R,6,4432,B1,黄金井　力良,0,0,0.16,5.43,31.91,56.38,6.05,39.68,57.14,40,8.82,23.53,33,41.67,63.89,4R/3/.04/6 8R/2/.07/3,9R/4/.09/4,1R/5/.18/3,,,,埼玉,埼玉,40,15:53,第３５回アサヒビールカップ,予選特選,３日目
江戸川,03,20260725,12R,1,4688,A1,永井　　彪也,0,0,0.13,7.10,56.56,69.67,6.87,49.41,65.88,24,27.03,43.24,71,35.29,61.76,6R/2/.25/2 12R/4/.13/6,10R/3/.14/2,7R/5/.18/1,,,,東京,東京,33,16:25,第３５回アサヒビールカップ,記者選抜戦,３日目
江戸川,03,20260725,12R,2,4957,B1,竹之内　　極,0,0,0.17,5.55,34.78,56.52,6.26,54.29,68.57,52,38.10,47.62,20,15.38,30.77,4R/5/.06/4 11R/4/.23/3,7R/6/.25/1,4R/1/.11/1,,,,福岡,鹿児島,31,16:25,第３５回アサヒビールカップ,記者選抜戦,３日目
江戸川,03,20260725,12R,3,4958,A1,溝口　海義也,0,0,0.13,6.34,42.54,64.93,7.07,50.00,85.71,46,52.27,63.64,61,43.18,65.91,2R/4/.11/3 9R/5/.07/4,2R/2/.22/3,5R/6/.07/5,,,,福岡,福岡,31,16:25,第３５回アサヒビールカップ,記者選抜戦,３日目
江戸川,03,20260725,12R,4,5095,A2,小原　　聡将,0,0,0.15,6.40,42.71,64.58,6.55,50.57,64.37,43,28.95,47.37,56,32.56,53.49,1R/5/.18/5 8R/6/.16/2,11R/3/.11/3,6R/1/.29/1,,,,東京,千葉,32,16:25,第３５回アサヒビールカップ,記者選抜戦,３日目
江戸川,03,20260725,12R,5,4251,B1,川崎　　誠志,0,0,0.21,4.55,22.55,43.14,4.74,33.33,40.74,28,32.43,64.86,53,45.95,62.16,5R/2/.06/2 10R/4/.20/1,5R/6/.28/6,2R/1/.22/3,,,,山口,山口,43,16:25,第３５回アサヒビールカップ,記者選抜戦,３日目
江戸川,03,20260725,12R,6,4067,A2,永井　　　源,0,0,0.17,6.27,44.44,65.19,6.56,53.70,70.37,37,41.46,65.85,10,46.34,58.54,5R/3/.05/4 9R/2/.17/2,8R/1/.11/1,3R/5/.16/1,,,,愛知,福岡,46,16:25,第３５回アサヒビールカップ,記者選抜戦,３日目
平和島,04,20260725,1R,1,4878,B1,西岡　　育未,0,0,0.17,4.61,23.00,42.00,5.32,36.84,52.63,17,40.00,50.00,14,35.71,57.14,,,,,,,徳島,徳島,31,11:54,マクール杯 ヴィーナスシリーズ第９戦,予選,初日
平和島,04,20260725,1R,2,5362,B2,中嶋　　世奈,1,0,0.22,2.53,4.94,13.58,1.64,0.00,0.00,27,51.85,62.96,47,18.18,31.82,,,,,,,静岡,北海道,19,11:54,マクール杯 ヴィーナスシリーズ第９戦,予選,初日
平和島,04,20260725,1R,3,5251,B2,沼田　　七華,0,0,0.17,2.12,0.00,8.82,1.92,0.00,8.00,51,38.10,52.38,15,33.33,59.26,,,,,,,福井,石川,23,11:54,マクール杯 ヴィーナスシリーズ第９戦,予選,初日
平和島,04,20260725,1R,4,4419,A2,原　　加央理,0,0,0.16,5.77,38.04,59.78,6.90,60.00,80.00,23,39.13,78.26,45,40.91,40.91,,,,,,,埼玉,埼玉,38,11:54,マクール杯 ヴィーナスシリーズ第９戦,予選,初日
平和島,04,20260725,1R,5,4853,B1,前原　　　哉,0,0,0.22,4.69,22.50,43.75,4.75,25.00,37.50,37,33.33,54.17,74,39.13,69.57,,,,,,,岡山,岡山,31,11:54,マクール杯 ヴィーナスシリーズ第９戦,予選,初日
平和島,04,20260725,1R,6,5314,B1,中曽　　瑠華,0,0,0.19,3.42,12.99,23.38,2.00,4.00,8.00,56,26.32,36.84,37,45.83,58.33,,,,,,,東京,千葉,25,11:54,マクール杯 ヴィーナスシリーズ第９戦,予選,初日
平和島,04,20260725,2R,1,4123,A1,細川　　裕子,0,0,0.19,6.57,48.94,70.92,6.35,47.06,64.71,60,50.00,63.64,53,36.36,54.55,,,,,,,愛知,愛知,44,12:23,マクール杯 ヴィーナスシリーズ第９戦,東京ベイランチ,初日
平和島,04,20260725,2R,2,5287,B1,滝沢　　織寧,1,0,0.16,3.53,11.69,24.68,8.00,50.00,100.00,45,18.18,18.18,73,36.00,60.00,,,,,,,埼玉,埼玉,26,12:23,マクール杯 ヴィーナスシリーズ第９戦,東京ベイランチ,初日
平和島,04,20260725,2R,3,5203,B1,神里　　琴音,0,0,0.16,5.54,33.33,57.78,3.57,9.52,23.81,75,20.83,33.33,16,40.74,59.26,,,,,,,福岡,沖縄,22,12:23,マクール杯 ヴィーナスシリーズ第９戦,東京ベイランチ,初日
平和島,04,20260725,2R,4,4546,B1,浜田　亜理沙,0,0,0.17,7.03,54.95,74.73,6.42,46.15,57.69,18,31.82,59.09,68,30.43,52.17,,,,,,,埼玉,広島,38,12:23,マクール杯 ヴィーナスシリーズ第９戦,東京ベイランチ,初日
平和島,04,20260725,2R,5,4893,B1,渡邉　真奈美,0,0,0.16,4.97,29.35,42.39,5.34,34.29,48.57,31,30.43,43.48,46,31.82,40.91,,,,,,,東京,千葉,35,12:23,マクール杯 ヴィーナスシリーズ第９戦,東京ベイランチ,初日
平和島,04,20260725,2R,6,5324,B1,畑田　　希咲,0,0,0.21,2.36,1.69,6.78,0.00,0.00,0.00,68,41.38,72.41,44,47.83,60.87,,,,,,,兵庫,兵庫,23,12:23,マクール杯 ヴィーナスシリーズ第９戦,東京ベイランチ,初日
平和島,04,20260725,3R,1,4244,B2,鈴木　　成美,0,0,0.16,4.03,28.57,34.29,4.88,34.62,46.15,25,26.09,65.22,38,60.87,60.87,,,,,,,静岡,静岡,39,12:53,マクール杯 ヴィーナスシリーズ第９戦,予選,初日
平和島,04,20260725,3R,2,4286,A2,平田　さやか,0,0,0.15,6.02,42.65,61.76,5.50,33.33,53.33,29,54.17,54.17,61,30.43,52.17,,,,,,,東京,東京,42,12:53,マクール杯 ヴィーナスシリーズ第９戦,予選,初日
平和島,04,20260725,3R,3,4746,B1,大豆生田　蒼,0,0,0.20,5.42,32.05,53.85,6.23,48.39,67.74,30,50.00,66.67,11,16.67,33.33,,,,,,,埼玉,栃木,31,12:53,マクール杯 ヴィーナスシリーズ第９戦,予選,初日
平和島,04,20260725,3R,4,5265,B1,大廣　　咲季,0,0,0.15,3.69,13.83,31.91,3.37,21.05,21.05,32,22.73,36.36,56,23.53,41.18,,,,,,,香川,香川,26,12:53,マクール杯 ヴィーナスシリーズ第９戦,予選,初日
平和島,04,20260725,3R,5,5297,B1,南　　　彩寧,0,0,0.22,3.64,17.00,31.00,1.33,0.00,0.00,28,27.27,45.45,41,27.27,54.55,,,,,,,兵庫,兵庫,24,12:53,マクール杯 ヴィーナスシリーズ第９戦,予選,初日
平和島,04,20260725,3R,6,5317,B1,長尾　　萌加,0,0,0.17,4.86,24.32,46.85,4.64,9.09,54.55,20,16.00,36.00,62,30.77,65.38,,,,,,,岡山,岡山,25,12:53,マクール杯 ヴィーナスシリーズ第９戦,予選,初日
平和島,04,20260725,4R,1,5322,B1,根岸　　真優,0,0,0.19,2.99,10.87,22.83,2.13,0.00,12.50,43,50.00,61.54,65,40.91,54.55,,,,,,,埼玉,埼玉,24,13:23,マクール杯 ヴィーナスシリーズ第９戦,予選,初日
平和島,04,20260725,4R,2,4714,B1,喜多須　杏奈,0,0,0.17,5.03,25.58,48.84,5.41,45.45,54.55,63,27.27,36.36,54,30.43,43.48,,,,,,,徳島,徳島,35,13:23,マクール杯 ヴィーナスシリーズ第９戦,予選,初日
平和島,04,20260725,4R,3,4569,B1,中澤　　宏奈,0,0,0.17,4.88,31.86,43.36,5.23,34.29,48.57,36,42.86,61.90,72,27.27,63.64,,,,,,,東京,東京,38,13:23,マクール杯 ヴィーナスシリーズ第９戦,予選,初日
平和島,04,20260725,4R,4,5241,B1,門田　　　栞,1,0,0.18,5.11,29.25,49.06,5.08,32.00,52.00,40,56.52,69.57,60,40.91,54.55,,,,,,,香川,愛媛,26,13:23,マクール杯 ヴィーナスシリーズ第９戦,予選,初日
平和島,04,20260725,4R,5,5436,B2,市川　　瑚幸,0,0,0.22,1.28,0.00,0.00,1.27,0.00,0.00,15,39.13,56.52,40,19.05,42.86,,,,,,,東京,神奈川,21,13:23,マクール杯 ヴィーナスシリーズ第９戦,予選,初日
平和島,04,20260725,4R,6,4961,A1,西橋　　奈未,1,0,0.15,6.37,41.59,55.75,0.00,0.00,0.00,14,21.74,39.13,52,39.13,47.83,,,,,,,福井,石川,30,13:23,マクール杯 ヴィーナスシリーズ第９戦,予選,初日
平和島,04,20260725,5R,1,5194,B1,大久保　佑香,1,0,0.18,4.22,25.61,35.37,3.44,11.11,22.22,71,22.73,36.36,50,18.18,36.36,,,,,,,埼玉,埼玉,24,13:54,マクール杯 ヴィーナスシリーズ第９戦,予選,初日
平和島,04,20260725,5R,2,4680,A2,後藤　　美翼,0,0,0.21,5.37,33.64,51.40,5.40,40.00,47.50,61,48.28,58.62,48,9.52,28.57,,,,,,,東京,東京,36,13:54,マクール杯 ヴィーナスシリーズ第９戦,予選,初日
平和島,04,20260725,5R,3,4443,B1,津田　　裕絵,0,0,0.19,5.61,37.98,56.59,4.71,28.57,57.14,21,29.17,70.83,69,41.67,54.17,,,,,,,山口,山口,39,13:54,マクール杯 ヴィーナスシリーズ第９戦,予選,初日
平和島,04,20260725,5R,4,5326,B1,三嶌　さらら,0,0,0.19,5.19,32.31,46.15,1.29,0.00,0.00,73,39.13,56.52,51,42.31,57.69,,,,,,,香川,香川,22,13:54,マクール杯 ヴィーナスシリーズ第９戦,予選,初日
平和島,04,20260725,5R,5,4190,B2,長嶋　　万記,0,0,0.16,6.85,46.81,68.09,5.22,27.78,55.56,12,61.29,77.42,70,40.91,68.18,,,,,,,静岡,静岡,45,13:54,マクール杯 ヴィーナスシリーズ第９戦,予選,初日
平和島,04,20260725,5R,6,5389,B1,恵良　　琴美,0,0,0.19,2.24,0.00,10.67,0.00,0.00,0.00,66,29.17,45.83,66,18.18,22.73,,,,,,,福岡,福岡,19,13:54,マクール杯 ヴィーナスシリーズ第９戦,予選,初日
平和島,04,20260725,6R,1,5361,B1,植竹　　玲奈,0,0,0.23,2.53,2.94,11.76,1.96,1.96,3.92,54,27.27,36.36,49,13.64,27.27,,,,,,,東京,神奈川,19,14:25,マクール杯 ヴィーナスシリーズ第９戦,予選,初日
平和島,04,20260725,6R,2,4419,A2,原　　加央理,0,0,0.16,5.77,38.04,59.78,6.90,60.00,80.00,23,39.13,78.26,45,40.91,40.91,1R/4/.21/2,,,,,,埼玉,埼玉,38,14:25,マクール杯 ヴィーナスシリーズ第９戦,予選,初日
平和島,04,20260725,6R,3,4891,B1,寺島　　美里,0,0,0.16,5.00,26.92,42.31,4.17,20.69,31.03,67,22.73,45.45,63,39.13,39.13,,,,,,,東京,福島,36,14:25,マクール杯 ヴィーナスシリーズ第９戦,予選,初日
平和島,04,20260725,6R,4,4765,B1,野田部　宏子,1,0,0.13,4.50,24.32,40.54,4.36,18.18,36.36,38,50.00,59.09,39,45.83,70.83,,,,,,,福岡,福岡,36,14:25,マクール杯 ヴィーナスシリーズ第９戦,予選,初日
平和島,04,20260725,6R,5,4464,A1,山下　　友貴,0,0,0.19,6.12,41.07,66.07,5.50,40.00,45.00,65,28.00,56.00,59,27.27,31.82,,,,,,,静岡,静岡,40,14:25,マクール杯 ヴィーナスシリーズ第９戦,予選,初日
平和島,04,20260725,6R,6,5347,B2,井澤　　聖奈,0,0,0.21,1.58,0.00,3.03,1.46,0.00,0.00,48,33.33,50.00,67,43.48,65.22,,,,,,,愛知,長野,22,14:25,マクール杯 ヴィーナスシリーズ第９戦,予選,初日
平和島,04,20260725,7R,1,5203,B1,神里　　琴音,0,0,0.16,5.54,33.33,57.78,3.57,9.52,23.81,75,20.83,33.33,16,40.74,59.26,2R/3/.19/4,,,,,,福岡,沖縄,22,14:57,マクール杯 ヴィーナスシリーズ第９戦,予選,初日
平和島,04,20260725,7R,2,4117,A2,廣中　智紗衣,0,0,0.22,5.96,46.09,64.84,5.94,38.78,59.18,58,48.00,56.00,43,37.50,58.33,,,,,,,東京,愛知,45,14:57,マクール杯 ヴィーナスシリーズ第９戦,予選,初日
平和島,04,20260725,7R,3,5165,B1,小林　　愛実,0,0,0.16,3.76,16.85,29.21,5.25,25.00,60.00,11,44.83,58.62,75,31.82,40.91,,,,,,,岡山,岡山,26,14:57,マクール杯 ヴィーナスシリーズ第９戦,予選,初日
平和島,04,20260725,7R,4,5362,B2,中嶋　　世奈,1,0,0.22,2.53,4.94,13.58,1.64,0.00,0.00,27,51.85,62.96,47,18.18,31.82,1R/2/.27/4,,,,,,静岡,北海道,19,14:57,マクール杯 ヴィーナスシリーズ第９戦,予選,初日
平和島,04,20260725,7R,5,5380,B2,野田　　亜湖,0,0,0.28,1.24,0.00,0.00,1.17,0.00,0.00,35,23.81,38.10,17,40.00,60.00,,,,,,,徳島,徳島,21,14:57,マクール杯 ヴィーナスシリーズ第９戦,予選,初日
平和島,04,20260725,7R,6,4845,A1,前田　　紗希,1,0,0.13,7.48,64.20,74.07,7.33,66.67,66.67,22,23.81,33.33,12,28.57,51.43,,,,,,,埼玉,埼玉,33,14:57,マクール杯 ヴィーナスシリーズ第９戦,予選,初日
平和島,04,20260725,8R,1,4286,A2,平田　さやか,0,0,0.15,6.02,42.65,61.76,5.50,33.33,53.33,29,54.17,54.17,61,30.43,52.17,3R/2/.10/3,,,,,,東京,東京,42,15:30,マクール杯 ヴィーナスシリーズ第９戦,ベイブレイク,初日
平和島,04,20260725,8R,2,5251,B2,沼田　　七華,0,0,0.17,2.12,0.00,8.82,1.92,0.00,8.00,51,38.10,52.38,15,33.33,59.26,1R/3/.27/6,,,,,,福井,石川,23,15:30,マクール杯 ヴィーナスシリーズ第９戦,ベイブレイク,初日
平和島,04,20260725,8R,3,5287,B1,滝沢　　織寧,1,0,0.16,3.53,11.69,24.68,8.00,50.00,100.00,45,18.18,18.18,73,36.00,60.00,2R/2/.26/3,,,,,,埼玉,埼玉,26,15:30,マクール杯 ヴィーナスシリーズ第９戦,ベイブレイク,初日
平和島,04,20260725,8R,4,4825,A1,倉持　　莉々,0,0,0.14,6.79,47.93,70.25,5.84,44.90,59.18,50,47.83,73.91,57,36.36,50.00,,,,,,,東京,茨城,32,15:30,マクール杯 ヴィーナスシリーズ第９戦,ベイブレイク,初日
平和島,04,20260725,8R,5,5174,B2,川井　　　萌,1,0,0.19,5.37,28.05,52.44,6.80,50.00,80.00,47,40.91,54.55,19,33.33,51.85,,,,,,,静岡,静岡,24,15:30,マクール杯 ヴィーナスシリーズ第９戦,ベイブレイク,初日
平和島,04,20260725,8R,6,5241,B1,門田　　　栞,1,0,0.18,5.11,29.25,49.06,5.08,32.00,52.00,40,56.52,69.57,60,40.91,54.55,4R/4/.21/4,,,,,,香川,愛媛,26,15:30,マクール杯 ヴィーナスシリーズ第９戦,ベイブレイク,初日
平和島,04,20260725,9R,1,4853,B1,前原　　　哉,0,0,0.22,4.69,22.50,43.75,4.75,25.00,37.50,37,33.33,54.17,74,39.13,69.57,1R/5/.22/3,,,,,,岡山,岡山,31,16:04,マクール杯 ヴィーナスシリーズ第９戦,予選特賞,初日
平和島,04,20260725,9R,2,5322,B1,根岸　　真優,0,0,0.19,2.99,10.87,22.83,2.13,0.00,12.50,43,50.00,61.54,65,40.91,54.55,4R/1/.29/5,,,,,,埼玉,埼玉,24,16:04,マクール杯 ヴィーナスシリーズ第９戦,予選特賞,初日
平和島,04,20260725,9R,3,4208,A1,三浦　　永理,0,0,0.15,7.05,55.88,74.26,7.20,60.00,80.00,74,15.38,30.77,55,32.00,60.00,,,,,,,静岡,静岡,43,16:04,マクール杯 ヴィーナスシリーズ第９戦,予選特賞,初日
平和島,04,20260725,9R,4,4893,B1,渡邉　真奈美,0,0,0.16,4.97,29.35,42.39,5.34,34.29,48.57,31,30.43,43.48,46,31.82,40.91,2R/5/.17/6,,,,,,東京,千葉,35,16:04,マクール杯 ヴィーナスシリーズ第９戦,予選特賞,初日
平和島,04,20260725,9R,5,5231,B1,寺田　　空詩,0,0,0.17,6.48,46.84,69.62,4.80,30.00,40.00,55,32.00,48.00,18,29.41,41.18,,,,,,,山口,山口,22,16:04,マクール杯 ヴィーナスシリーズ第９戦,予選特賞,初日
平和島,04,20260725,9R,6,5265,B1,大廣　　咲季,0,0,0.15,3.69,13.83,31.91,3.37,21.05,21.05,32,22.73,36.36,56,23.53,41.18,3R/4/.18/5,,,,,,香川,香川,26,16:04,マクール杯 ヴィーナスシリーズ第９戦,予選特賞,初日
平和島,04,20260725,10R,1,4443,B1,津田　　裕絵,0,0,0.19,5.61,37.98,56.59,4.71,28.57,57.14,21,29.17,70.83,69,41.67,54.17,5R/3/.13/5,,,,,,山口,山口,39,16:39,マクール杯 ヴィーナスシリーズ第９戦,予選特賞,初日
平和島,04,20260725,10R,2,4689,B1,豊田　　　結,0,0,0.16,5.15,31.91,53.19,5.93,41.38,62.07,52,40.00,40.00,10,32.26,41.94,,,,,,,静岡,静岡,33,16:39,マクール杯 ヴィーナスシリーズ第９戦,予選特賞,初日
平和島,04,20260725,10R,3,5314,B1,中曽　　瑠華,0,0,0.19,3.42,12.99,23.38,2.00,4.00,8.00,56,26.32,36.84,37,45.83,58.33,1R/6/.21/5,,,,,,東京,千葉,25,16:39,マクール杯 ヴィーナスシリーズ第９戦,予選特賞,初日
平和島,04,20260725,10R,4,5297,B1,南　　　彩寧,0,0,0.22,3.64,17.00,31.00,1.33,0.00,0.00,28,27.27,45.45,41,27.27,54.55,3R/5/.21/6,,,,,,兵庫,兵庫,24,16:39,マクール杯 ヴィーナスシリーズ第９戦,予選特賞,初日
平和島,04,20260725,10R,5,4123,A1,細川　　裕子,0,0,0.19,6.57,48.94,70.92,6.35,47.06,64.71,60,50.00,63.64,53,36.36,54.55,2R/1/.18/1,,,,,,愛知,愛知,44,16:39,マクール杯 ヴィーナスシリーズ第９戦,予選特賞,初日
平和島,04,20260725,10R,6,4569,B1,中澤　　宏奈,0,0,0.17,4.88,31.86,43.36,5.23,34.29,48.57,36,42.86,61.90,72,27.27,63.64,4R/3/.20/1,,,,,,東京,東京,38,16:39,マクール杯 ヴィーナスシリーズ第９戦,予選特賞,初日
平和島,04,20260725,11R,1,4546,B1,浜田　亜理沙,0,0,0.17,7.03,54.95,74.73,6.42,46.15,57.69,18,31.82,59.09,68,30.43,52.17,2R/4/.20/2,,,,,,埼玉,広島,38,17:08,マクール杯 ヴィーナスシリーズ第９戦,予選特選,初日
平和島,04,20260725,11R,2,4891,B1,寺島　　美里,0,0,0.16,5.00,26.92,42.31,4.17,20.69,31.03,67,22.73,45.45,63,39.13,39.13,6R/3/.18/5,,,,,,東京,福島,36,17:08,マクール杯 ヴィーナスシリーズ第９戦,予選特選,初日
平和島,04,20260725,11R,3,4961,A1,西橋　　奈未,1,0,0.15,6.37,41.59,55.75,0.00,0.00,0.00,14,21.74,39.13,52,39.13,47.83,4R/6/.14/2,,,,,,福井,石川,30,17:08,マクール杯 ヴィーナスシリーズ第９戦,予選特選,初日
平和島,04,20260725,11R,4,5317,B1,長尾　　萌加,0,0,0.17,4.86,24.32,46.85,4.64,9.09,54.55,20,16.00,36.00,62,30.77,65.38,3R/6/.27/4,,,,,,岡山,岡山,25,17:08,マクール杯 ヴィーナスシリーズ第９戦,予選特選,初日
平和島,04,20260725,11R,5,4878,B1,西岡　　育未,0,0,0.17,4.61,23.00,42.00,5.32,36.84,52.63,17,40.00,50.00,14,35.71,57.14,1R/1/.31/1,,,,,,徳島,徳島,31,17:08,マクール杯 ヴィーナスシリーズ第９戦,予選特選,初日
平和島,04,20260725,11R,6,4190,B2,長嶋　　万記,0,0,0.16,6.85,46.81,68.09,5.22,27.78,55.56,12,61.29,77.42,70,40.91,68.18,5R/5/.12/2,,,,,,静岡,静岡,45,17:08,マクール杯 ヴィーナスシリーズ第９戦,予選特選,初日
平和島,04,20260725,12R,1,4825,A1,倉持　　莉々,0,0,0.14,6.79,47.93,70.25,5.84,44.90,59.18,50,47.83,73.91,57,36.36,50.00,8R/4/.12/1,,,,,,東京,茨城,32,17:42,マクール杯 ヴィーナスシリーズ第９戦,ヴィーナスＤＲ,初日
平和島,04,20260725,12R,2,4845,A1,前田　　紗希,1,0,0.13,7.48,64.20,74.07,7.33,66.67,66.67,22,23.81,33.33,12,28.57,51.43,7R/6/.11/5,,,,,,埼玉,埼玉,33,17:42,マクール杯 ヴィーナスシリーズ第９戦,ヴィーナスＤＲ,初日
平和島,04,20260725,12R,3,4464,A1,山下　　友貴,0,0,0.19,6.12,41.07,66.07,5.50,40.00,45.00,65,28.00,56.00,59,27.27,31.82,6R/5/.28/2,,,,,,静岡,静岡,40,17:42,マクール杯 ヴィーナスシリーズ第９戦,ヴィーナスＤＲ,初日
平和島,04,20260725,12R,4,4627,A2,藤原　　菜希,0,0,0.15,6.53,51.61,64.52,5.85,40.74,48.15,33,40.00,65.00,71,37.50,50.00,,,,,,,東京,大阪,40,17:42,マクール杯 ヴィーナスシリーズ第９戦,ヴィーナスＤＲ,初日
平和島,04,20260725,12R,5,4225,A2,土屋　　千明,0,0,0.15,6.40,45.33,66.67,6.52,55.17,72.41,19,48.00,64.00,58,13.64,27.27,,,,,,,群馬,群馬,44,17:42,マクール杯 ヴィーナスシリーズ第９戦,ヴィーナスＤＲ,初日
平和島,04,20260725,12R,6,4680,A2,後藤　　美翼,0,0,0.21,5.37,33.64,51.40,5.40,40.00,47.50,61,48.28,58.62,48,9.52,28.57,5R/2/.12/6,,,,,,東京,東京,36,17:42,マクール杯 ヴィーナスシリーズ第９戦,ヴィーナスＤＲ,初日
浜名湖,06,20260725,1R,1,5076,B1,石原　　　光,0,0,0.17,5.11,33.33,50.00,5.00,32.43,51.35,9,27.69,35.38,41,31.61,53.45,4R/3/.14/5,,,,,,静岡,静岡,30,11:32,日本モーターボート選手会代表杯,予選,２日目
浜名湖,06,20260725,1R,2,3441,B1,土屋　　太朗,0,0,0.18,4.61,22.64,41.51,4.88,25.00,53.13,15,28.57,49.21,64,31.67,48.33,3R/5/.31/3 7R/1/.32/5,,,,,,群馬,群馬,56,11:32,日本モーターボート選手会代表杯,予選,２日目
浜名湖,06,20260725,1R,3,3878,B1,胡本　　悟志,0,0,0.17,4.48,21.95,35.37,2.80,0.00,20.00,38,41.43,57.14,21,45.00,58.33,4R/6/.33/4 8R/2/.03/3,,,,,,山口,山口,49,11:32,日本モーターボート選手会代表杯,予選,２日目
浜名湖,06,20260725,1R,4,5434,B1,藤田　　康生,0,0,0.16,3.21,10.29,23.53,2.26,0.00,11.11,64,22.41,44.83,27,30.94,48.62,7R/5/.12/4,,,,,,静岡,静岡,21,11:32,日本モーターボート選手会代表杯,予選,２日目
浜名湖,06,20260725,1R,5,5153,B1,佐藤　ほのか,1,0,0.16,3.97,19.32,34.09,4.67,33.33,33.33,36,27.87,36.07,55,26.92,41.76,2R/3/.21/4 9R/6/.16/5,,,,,,東京,東京,30,11:32,日本モーターボート選手会代表杯,予選,２日目
浜名湖,06,20260725,1R,6,5455,B2,澁澤　　周羽,0,0,,1.42,0.00,2.78,1.17,0.00,0.00,50,24.56,42.11,63,35.56,56.11,5R/6/.20/6,,,,,,群馬,群馬,20,11:32,日本モーターボート選手会代表杯,予選,２日目
浜名湖,06,20260725,2R,1,4778,B1,堤　　　啓輔,0,0,0.16,5.18,32.93,51.22,4.22,22.22,44.44,51,32.88,54.79,17,39.01,57.69,5R/3/.17/3 10R/6/.12/4,,,,,,佐賀,佐賀,40,12:06,日本モーターボート選手会代表杯,予選,２日目
浜名湖,06,20260725,2R,2,4560,A2,庄司　樹良々,1,0,0.15,5.78,34.02,59.79,6.44,55.56,55.56,58,28.36,46.27,20,27.44,39.63,6R/6/.23/3 10R/4/.12/6,,,,,,東京,東京,35,12:06,日本モーターボート選手会代表杯,予選,２日目
浜名湖,06,20260725,2R,3,3687,B1,花田　　和明,0,0,0.16,5.02,29.35,48.91,0.00,0.00,0.00,2,36.21,55.17,39,26.32,46.78,4R/2/.24/2 11R/4/.17/2,,,,,,愛知,愛知,56,12:06,日本モーターボート選手会代表杯,予選,２日目
浜名湖,06,20260725,2R,4,4389,A2,伊藤　　喜智,0,0,0.18,5.77,33.33,64.58,7.22,55.56,77.78,60,16.28,32.56,18,39.08,58.05,3R/6/.32/6 9R/2/.18/6,,,,,,大阪,大阪,40,12:06,日本モーターボート選手会代表杯,予選,２日目
浜名湖,06,20260725,2R,5,4772,A1,石丸　　海渡,0,0,0.11,6.88,53.98,70.80,5.47,26.32,47.37,49,31.82,50.00,23,31.11,47.78,7R/6/.08/1 12R/3/.08/3,,,,,,香川,愛媛,33,12:06,日本モーターボート選手会代表杯,予選,２日目
浜名湖,06,20260725,2R,6,5341,B1,山道　　諄也,1,0,0.18,2.91,12.00,16.00,2.13,4.35,8.70,52,36.62,56.34,65,36.87,55.87,1R/3/.28/3 6R/4/.23/4,,,,,,群馬,群馬,24,12:06,日本モーターボート選手会代表杯,予選,２日目
浜名湖,06,20260725,3R,1,3684,A2,清水　　攻二,0,0,0.18,5.54,37.74,58.49,5.66,39.47,55.26,63,50.00,66.67,28,29.12,47.25,10R/3/.14/2,,,,,,山口,山口,52,12:40,日本モーターボート選手会代表杯,予選,２日目
浜名湖,06,20260725,3R,2,3391,B2,鈴木　　茂正,0,0,,0.00,0.00,0.00,0.00,0.00,0.00,39,20.00,30.00,48,38.67,53.04,1R/6/.25/5,,,,,,東京,東京,61,12:40,日本モーターボート選手会代表杯,予選,２日目
浜名湖,06,20260725,3R,3,3284,B1,渡邊　伸太郎,1,0,0.18,5.16,29.55,45.45,6.50,50.00,65.00,56,32.39,56.34,68,37.70,56.28,6R/1/.21/1,,,,,,佐賀,佐賀,58,12:40,日本モーターボート選手会代表杯,予選,２日目
浜名湖,06,20260725,3R,4,3784,B1,中島　　友和,0,0,0.16,4.86,27.66,50.00,5.07,26.67,56.67,19,36.23,49.28,25,36.46,53.59,5R/1/.20/2 11R/3/.16/1,,,,,,佐賀,佐賀,49,12:40,日本モーターボート選手会代表杯,予選,２日目
浜名湖,06,20260725,3R,5,4826,A1,井上　　一輝,0,0,0.13,7.13,50.89,71.43,0.00,0.00,0.00,65,12.50,35.71,31,29.55,51.14,6R/3/.17/5 12R/6/.15/6,,,,,,大阪,大阪,32,12:40,日本モーターボート選手会代表杯,予選,２日目
浜名湖,06,20260725,3R,6,5427,B1,港　　　理樹,0,0,0.22,2.78,1.12,14.61,2.11,0.00,0.00,43,16.98,33.96,51,30.77,44.51,4R/4/.38/6 9R/5/.17/2,,,,,,東京,東京,24,12:40,日本モーターボート選手会代表杯,予選,２日目
浜名湖,06,20260725,4R,1,3965,A1,北中　　元樹,0,0,0.17,6.04,45.16,60.48,7.27,63.64,81.82,33,21.54,33.85,74,29.28,44.75,11R/2/.28/5,,,,,,滋賀,滋賀,47,13:09,日本モーターボート選手会代表杯,ランチタイム戦,２日目
浜名湖,06,20260725,4R,2,5332,B1,村松　　遥輝,1,0,0.16,3.90,21.25,33.75,3.94,21.35,30.34,11,47.14,61.43,43,30.46,47.70,1R/1/.28/1 8R/5/.04/1,,,,,,静岡,静岡,22,13:09,日本モーターボート選手会代表杯,ランチタイム戦,２日目
浜名湖,06,20260725,4R,3,4690,B2,高石　　梨菜,0,0,,5.19,32.26,51.61,5.71,42.86,47.62,45,39.39,56.06,16,27.84,43.18,2R/6/.21/5 10R/2/.18/5,,,,,,東京,東京,32,13:09,日本モーターボート選手会代表杯,ランチタイム戦,２日目
浜名湖,06,20260725,4R,4,5382,B1,山下　　心一,0,0,0.17,2.13,2.50,8.75,0.00,0.00,0.00,48,42.86,57.14,30,39.44,54.44,8R/3/.13/5,,,,,,福岡,福岡,21,13:09,日本モーターボート選手会代表杯,ランチタイム戦,２日目
浜名湖,06,20260725,4R,5,4414,B1,大澤　　真菜,0,0,0.19,4.15,27.16,35.80,0.00,0.00,0.00,8,29.85,43.28,26,29.24,45.03,6R/2/.17/6,,,,,,東京,埼玉,39,13:09,日本モーターボート選手会代表杯,ランチタイム戦,２日目
浜名湖,06,20260725,4R,6,5131,B1,江藤　　敦宏,0,0,0.18,4.35,20.24,34.52,3.25,18.75,25.00,41,23.73,38.98,22,35.91,52.49,1R/5/.23/6 7R/3/.14/3,,,,,,福岡,福岡,27,13:09,日本モーターボート選手会代表杯,ランチタイム戦,２日目
浜名湖,06,20260725,5R,1,3503,B1,堂原　　洋史,0,0,0.16,3.69,13.68,25.26,4.44,18.75,31.25,31,30.30,43.94,50,34.81,54.14,1R/2/.26/4 5R/5/.22/4,,,,,,埼玉,千葉,56,13:38,日本モーターボート選手会代表杯,予選,２日目
浜名湖,06,20260725,5R,2,4888,B1,金児　　隆太,0,0,0.19,5.05,32.94,43.53,5.40,35.71,52.38,17,45.45,57.58,75,23.46,44.44,9R/1/.16/1,,,,,,群馬,長野,38,13:38,日本モーターボート選手会代表杯,予選,２日目
浜名湖,06,20260725,5R,3,3277,B1,齋藤　　　勇,0,0,0.18,4.44,21.88,36.46,3.75,8.33,22.92,44,33.87,48.39,56,35.52,50.27,3R/1/.24/5 11R/5/.16/4,,,,,,東京,東京,59,13:38,日本モーターボート選手会代表杯,予選,２日目
浜名湖,06,20260725,5R,4,4000,A2,松本　　博昭,0,0,0.17,6.07,43.36,59.44,5.11,22.22,55.56,62,48.44,56.25,59,30.60,45.90,7R/4/.09/2,,,,,,広島,広島,49,13:38,日本モーターボート選手会代表杯,予選,２日目
浜名湖,06,20260725,5R,5,5455,B2,澁澤　　周羽,0,0,,1.42,0.00,2.78,1.17,0.00,0.00,50,24.56,42.11,63,35.56,56.11,5R/6/.20/6,1R/6/.09/5,,,,,群馬,群馬,20,13:38,日本モーターボート選手会代表杯,予選,２日目
浜名湖,06,20260725,5R,6,3556,A1,田中　信一郎,0,0,0.14,6.99,52.50,70.83,6.42,47.37,57.89,27,10.42,31.25,36,22.88,43.79,8R/4/.05/6 12R/1/.09/1,,,,,,大阪,大阪,53,13:38,日本モーターボート選手会代表杯,予選,２日目
浜名湖,06,20260725,6R,1,3687,B1,花田　　和明,0,0,0.16,5.02,29.35,48.91,0.00,0.00,0.00,2,36.21,55.17,39,26.32,46.78,4R/2/.24/2 11R/4/.17/2,2R/3/.08/2,,,,,愛知,愛知,56,14:04,日本モーターボート選手会代表杯,予選,２日目
浜名湖,06,20260725,6R,2,4230,A2,濱崎　　直矢,0,0,0.16,7.02,56.82,71.59,6.36,45.45,63.64,35,16.00,28.00,54,27.84,44.89,8R/1/.14/2,,,,,,埼玉,埼玉,43,14:04,日本モーターボート選手会代表杯,予選,２日目
浜名湖,06,20260725,6R,3,3939,B2,渡辺　　真至,0,0,0.14,5.36,36.36,52.27,5.64,36.00,64.00,61,40.00,61.43,11,27.10,42.58,3R/4/.24/2 8R/6/.09/4,,,,,,愛知,愛知,48,14:04,日本モーターボート選手会代表杯,予選,２日目
浜名湖,06,20260725,6R,4,4347,A2,魚谷　　香織,0,0,0.18,6.05,40.95,60.95,6.00,25.00,43.75,6,26.32,43.86,72,32.39,50.57,2R/1/.14/3,,,,,,福岡,山口,41,14:04,日本モーターボート選手会代表杯,予選,２日目
浜名湖,06,20260725,6R,5,5434,B1,藤田　　康生,0,0,0.16,3.21,10.29,23.53,2.26,0.00,11.11,64,22.41,44.83,27,30.94,48.62,7R/5/.12/4,1R/5/.07/2,,,,,静岡,静岡,21,14:04,日本モーターボート選手会代表杯,予選,２日目
浜名湖,06,20260725,6R,6,3811,A1,石田　　章央,0,0,0.16,6.37,50.00,63.43,6.18,45.04,64.12,16,30.43,46.38,57,35.59,48.59,4R/1/.18/1 12R/4/.05/5,,,,,,静岡,静岡,50,14:04,日本モーターボート選手会代表杯,予選,２日目
浜名湖,06,20260725,7R,1,4901,B1,出口　舞有子,0,0,0.17,5.51,30.43,57.97,0.00,0.00,0.00,12,17.86,48.21,38,27.53,44.38,2R/5/.19/1,,,,,,愛知,愛知,33,14:31,日本モーターボート選手会代表杯,予選,２日目
浜名湖,06,20260725,7R,2,4826,A1,井上　　一輝,0,0,0.13,7.13,50.89,71.43,0.00,0.00,0.00,65,12.50,35.71,31,29.55,51.14,6R/3/.17/5 12R/6/.15/6,3R/5/.16/2,,,,,大阪,大阪,32,14:31,日本モーターボート選手会代表杯,予選,２日目
浜名湖,06,20260725,7R,3,4874,B1,池田　奈津美,0,0,0.15,5.14,27.84,54.64,5.14,28.57,57.14,21,25.45,43.64,46,34.07,48.90,2R/2/.16/6 7R/2/.26/6,,,,,,福岡,福岡,32,14:31,日本モーターボート選手会代表杯,予選,２日目
浜名湖,06,20260725,7R,4,4778,B1,堤　　　啓輔,0,0,0.16,5.18,32.93,51.22,4.22,22.22,44.44,51,32.88,54.79,17,39.01,57.69,5R/3/.17/3 10R/6/.12/4,,,,,,佐賀,佐賀,40,14:31,日本モーターボート選手会代表杯,予選,２日目
浜名湖,06,20260725,7R,5,5104,A2,山田　　　丈,0,0,0.16,5.56,36.11,48.61,4.80,30.00,50.00,40,33.80,43.66,37,33.15,50.56,5R/2/.17/1 9R/4/.18/3,,,,,,福岡,福岡,27,14:31,日本モーターボート選手会代表杯,予選,２日目
浜名湖,06,20260725,7R,6,3606,B1,川北　　浩貴,0,0,0.16,5.71,42.59,56.48,5.10,35.48,54.84,26,48.05,61.04,34,34.97,53.55,4R/5/.19/3 10R/1/.12/1,,,,,,滋賀,滋賀,54,14:31,日本モーターボート選手会代表杯,予選,２日目
浜名湖,06,20260725,8R,1,4240,A2,今井　　裕梨,0,0,0.15,5.48,35.80,56.79,5.25,31.25,43.75,25,19.64,33.93,52,25.15,44.44,2R/4/.12/2 11R/6/.12/6,,,,,,群馬,群馬,42,15:02,日本モーターボート選手会代表杯,ブレイクタイム,２日目
浜名湖,06,20260725,8R,2,5341,B1,山道　　諄也,1,0,0.18,2.91,12.00,16.00,2.13,4.35,8.70,52,36.62,56.34,65,36.87,55.87,1R/3/.28/3 6R/4/.23/4,2R/6/.11/5,,,,,群馬,群馬,24,15:02,日本モーターボート選手会代表杯,ブレイクタイム,２日目
浜名湖,06,20260725,8R,3,4414,B1,大澤　　真菜,0,0,0.19,4.15,27.16,35.80,0.00,0.00,0.00,8,29.85,43.28,26,29.24,45.03,6R/2/.17/6,4R/5/.11/4,,,,,東京,埼玉,39,15:02,日本モーターボート選手会代表杯,ブレイクタイム,２日目
浜名湖,06,20260725,8R,4,4734,A1,安河内　　将,0,0,0.14,6.80,52.76,71.65,6.78,38.89,66.67,54,26.56,50.00,14,34.27,52.25,3R/2/.21/1 12R/5/.09/4,,,,,,佐賀,佐賀,36,15:02,日本モーターボート選手会代表杯,ブレイクタイム,２日目
浜名湖,06,20260725,8R,5,5076,B1,石原　　　光,0,0,0.17,5.11,33.33,50.00,5.00,32.43,51.35,9,27.69,35.38,41,31.61,53.45,4R/3/.14/5,1R/1/.26/6,,,,,静岡,静岡,30,15:02,日本モーターボート選手会代表杯,ブレイクタイム,２日目
浜名湖,06,20260725,8R,6,3784,B1,中島　　友和,0,0,0.16,4.86,27.66,50.00,5.07,26.67,56.67,19,36.23,49.28,25,36.46,53.59,5R/1/.20/2 11R/3/.16/1,3R/4/.09/1,,,,,佐賀,佐賀,49,15:02,日本モーターボート選手会代表杯,ブレイクタイム,２日目
浜名湖,06,20260725,9R,1,3747,A2,國崎　　良春,0,0,0.16,5.43,37.23,56.38,4.35,23.53,47.06,13,35.71,60.00,40,26.29,43.43,3R/3/.21/4 10R/5/.19/3,,,,,,福岡,福岡,51,15:35,日本モーターボート選手会代表杯,予選特賞,２日目
浜名湖,06,20260725,9R,2,5153,B1,佐藤　ほのか,1,0,0.16,3.97,19.32,34.09,4.67,33.33,33.33,36,27.87,36.07,55,26.92,41.76,2R/3/.21/4 9R/6/.16/5,1R/4/.20/4,,,,,東京,東京,30,15:35,日本モーターボート選手会代表杯,予選特賞,２日目
浜名湖,06,20260725,9R,3,4389,A2,伊藤　　喜智,0,0,0.18,5.77,33.33,64.58,7.22,55.56,77.78,60,16.28,32.56,18,39.08,58.05,3R/6/.32/6 9R/2/.18/6,2R/4/.09/4,,,,,大阪,大阪,40,15:35,日本モーターボート選手会代表杯,予選特賞,２日目
浜名湖,06,20260725,9R,4,3391,B2,鈴木　　茂正,0,0,,0.00,0.00,0.00,0.00,0.00,0.00,39,20.00,30.00,48,38.67,53.04,1R/6/.25/5,3R/2/.25/5,,,,,東京,東京,61,15:35,日本モーターボート選手会代表杯,予選特賞,２日目
浜名湖,06,20260725,9R,5,5382,B1,山下　　心一,0,0,0.17,2.13,2.50,8.75,0.00,0.00,0.00,48,42.86,57.14,30,39.44,54.44,8R/3/.13/5,4R/4/.06/6,,,,,福岡,福岡,21,15:35,日本モーターボート選手会代表杯,予選特賞,２日目
浜名湖,06,20260725,9R,6,4042,A2,丸岡　　正典,1,0,0.17,6.63,45.60,66.40,6.22,40.74,55.56,32,36.11,50.00,49,26.44,45.40,6R/5/.15/2 11R/1/.28/3,,,,,,大阪,大阪,46,15:35,日本モーターボート選手会代表杯,予選特賞,２日目
浜名湖,06,20260725,10R,1,3543,B1,福田　　雅一,0,0,0.16,4.75,30.36,44.64,5.03,27.03,48.65,59,25.86,43.10,45,40.33,51.93,1R/4/.26/2 9R/3/.21/4,,,,,,香川,香川,57,16:08,日本モーターボート選手会代表杯,予選特賞,２日目
浜名湖,06,20260725,10R,2,4772,A1,石丸　　海渡,0,0,0.11,6.88,53.98,70.80,5.47,26.32,47.37,49,31.82,50.00,23,31.11,47.78,7R/6/.08/1 12R/3/.08/3,2R/5/.05/1,,,,,香川,愛媛,33,16:08,日本モーターボート選手会代表杯,予選特賞,２日目
浜名湖,06,20260725,10R,3,3441,B1,土屋　　太朗,0,0,0.18,4.61,22.64,41.51,4.88,25.00,53.13,15,28.57,49.21,64,31.67,48.33,3R/5/.31/3 7R/1/.32/5,1R/2/.14/1,,,,,群馬,群馬,56,16:08,日本モーターボート選手会代表杯,予選特賞,２日目
浜名湖,06,20260725,10R,4,3684,A2,清水　　攻二,0,0,0.18,5.54,37.74,58.49,5.66,39.47,55.26,63,50.00,66.67,28,29.12,47.25,10R/3/.14/2,3R/1/.16/4,,,,,山口,山口,52,16:08,日本モーターボート選手会代表杯,予選特賞,２日目
浜名湖,06,20260725,10R,5,4230,A2,濱崎　　直矢,0,0,0.16,7.02,56.82,71.59,6.36,45.45,63.64,35,16.00,28.00,54,27.84,44.89,8R/1/.14/2,6R/2/.13/1,,,,,埼玉,埼玉,43,16:08,日本モーターボート選手会代表杯,予選特賞,２日目
浜名湖,06,20260725,10R,6,5332,B1,村松　　遥輝,1,0,0.16,3.90,21.25,33.75,3.94,21.35,30.34,11,47.14,61.43,43,30.46,47.70,1R/1/.28/1 8R/5/.04/1,4R/2/.08/1,,,,,静岡,静岡,22,16:08,日本モーターボート選手会代表杯,予選特賞,２日目
浜名湖,06,20260725,11R,1,3641,A1,一瀬　　　明,0,0,0.17,6.28,43.33,63.33,5.68,41.94,54.84,30,21.67,41.67,13,30.29,48.00,5R/4/.28/5 12R/2/.16/2,,,,,,東京,神奈川,55,16:35,日本モーターボート選手会代表杯,予選特選,２日目
浜名湖,06,20260725,11R,2,4901,B1,出口　舞有子,0,0,0.17,5.51,30.43,57.97,0.00,0.00,0.00,12,17.86,48.21,38,27.53,44.38,2R/5/.19/1,7R/1/.22/1,,,,,愛知,愛知,33,16:35,日本モーターボート選手会代表杯,予選特選,２日目
浜名湖,06,20260725,11R,3,3811,A1,石田　　章央,0,0,0.16,6.37,50.00,63.43,6.18,45.04,64.12,16,30.43,46.38,57,35.59,48.59,4R/1/.18/1 12R/4/.05/5,6R/6/.12/4,,,,,静岡,静岡,50,16:35,日本モーターボート選手会代表杯,予選特選,２日目
浜名湖,06,20260725,11R,4,3878,B1,胡本　　悟志,0,0,0.17,4.48,21.95,35.37,2.80,0.00,20.00,38,41.43,57.14,21,45.00,58.33,4R/6/.33/4 8R/2/.03/3,1R/3/.09/3,,,,,山口,山口,49,16:35,日本モーターボート選手会代表杯,予選特選,２日目
浜名湖,06,20260725,11R,5,4560,A2,庄司　樹良々,1,0,0.15,5.78,34.02,59.79,6.44,55.56,55.56,58,28.36,46.27,20,27.44,39.63,6R/6/.23/3 10R/4/.12/6,2R/2/.01/3,,,,,東京,東京,35,16:35,日本モーターボート選手会代表杯,予選特選,２日目
浜名湖,06,20260725,11R,6,4000,A2,松本　　博昭,0,0,0.17,6.07,43.36,59.44,5.11,22.22,55.56,62,48.44,56.25,59,30.60,45.90,7R/4/.09/2,5R/4/.22/1,,,,,広島,広島,49,16:35,日本モーターボート選手会代表杯,予選特選,２日目
浜名湖,06,20260725,12R,1,4734,A1,安河内　　将,0,0,0.14,6.80,52.76,71.65,6.78,38.89,66.67,54,26.56,50.00,14,34.27,52.25,3R/2/.21/1 12R/5/.09/4,8R/3/.31/2,,,,,佐賀,佐賀,36,17:02,日本モーターボート選手会代表杯,予選特選,２日目
浜名湖,06,20260725,12R,2,4347,A2,魚谷　　香織,0,0,0.18,6.05,40.95,60.95,6.00,25.00,43.75,6,26.32,43.86,72,32.39,50.57,2R/1/.14/3,6R/4/.14/2,,,,,福岡,山口,41,17:02,日本モーターボート選手会代表杯,予選特選,２日目
浜名湖,06,20260725,12R,3,4888,B1,金児　　隆太,0,0,0.19,5.05,32.94,43.53,5.40,35.71,52.38,17,45.45,57.58,75,23.46,44.44,9R/1/.16/1,5R/2/.33/3,,,,,群馬,長野,38,17:02,日本モーターボート選手会代表杯,予選特選,２日目
浜名湖,06,20260725,12R,4,3965,A1,北中　　元樹,0,0,0.17,6.04,45.16,60.48,7.27,63.64,81.82,33,21.54,33.85,74,29.28,44.75,11R/2/.28/5,4R/1/.07/3,,,,,滋賀,滋賀,47,17:02,日本モーターボート選手会代表杯,予選特選,２日目
浜名湖,06,20260725,12R,5,3284,B1,渡邊　伸太郎,1,0,0.18,5.16,29.55,45.45,6.50,50.00,65.00,56,32.39,56.34,68,37.70,56.28,6R/1/.21/1,3R/3/.26/3,,,,,佐賀,佐賀,58,17:02,日本モーターボート選手会代表杯,予選特選,２日目
浜名湖,06,20260725,12R,6,5104,A2,山田　　　丈,0,0,0.16,5.56,36.11,48.61,4.80,30.00,50.00,40,33.80,43.66,37,33.15,50.56,5R/2/.17/1 9R/4/.18/3,7R/5/.23/3,,,,,福岡,福岡,27,17:02,日本モーターボート選手会代表杯,予選特選,２日目
常滑,08,20260725,1R,1,4369,A2,丹下　　　将,0,0,0.16,5.72,37.19,58.68,6.49,45.88,68.24,16,37.04,53.97,15,11.76,17.65,11R/1/.07/1,4R/2/.26/1 9R/4/.12/4,3R/5/.30/3 8R/4/.30/3,,,,愛知,愛知,40,10:41,てるみちゃんカップ,朝トコ小判Ｒ,４日目
常滑,08,20260725,1R,2,4918,B1,川島　　拓郎,1,0,0.16,4.73,27.27,45.45,5.17,26.67,60.00,17,30.94,47.51,68,14.29,14.29,6R/5/.18/5 11R/3/.13/5,2R/1/.23/1 7R/4/.29/5,7R/5/.30/5,,,,静岡,静岡,37,10:41,てるみちゃんカップ,朝トコ小判Ｒ,４日目
常滑,08,20260725,1R,3,3804,B1,中渡　　修作,0,0,0.16,4.89,29.09,48.18,3.35,13.04,17.39,31,42.86,55.10,70,5.88,52.94,2R/1/.26/5 8R/3/.03/3,7R/5/.22/2,2R/6/.03/6 9R/2/.20/3,,,,福岡,鹿児島,52,10:41,てるみちゃんカップ,朝トコ小判Ｒ,４日目
常滑,08,20260725,1R,4,5388,B1,佐野　　優都,1,0,0.14,3.97,17.24,34.48,0.00,0.00,0.00,51,36.56,52.69,45,6.67,20.00,4R/2/.13/2 9R/6/.45/5,8R/4/.25/6,2R/3/.12/3 11R/5/.15/4,,,,徳島,高知,19,10:41,てるみちゃんカップ,朝トコ小判Ｒ,４日目
常滑,08,20260725,1R,5,5077,B1,滝沢　　　崚,0,0,0.18,3.81,14.93,29.85,3.40,10.00,20.00,49,26.95,40.72,51,22.22,38.89,7R/5/.32/4,1R/4/.18/1 7R/3/.30/6,9R/1/.20/4,,,,埼玉,埼玉,29,10:41,てるみちゃんカップ,朝トコ小判Ｒ,４日目
常滑,08,20260725,1R,6,5419,B1,櫻井　　　隼,0,0,0.24,2.06,0.00,6.06,2.69,0.00,18.75,6,34.66,48.86,24,36.84,42.11,4R/6/.25/6,1R/5/.21/6 5R/4/.22/6,8R/6/.30/6,,,,埼玉,埼玉,20,10:41,てるみちゃんカップ,朝トコ小判Ｒ,４日目
常滑,08,20260725,2R,1,3982,B1,福田　　　理,0,0,0.18,3.79,18.60,30.23,5.28,38.89,44.44,57,33.70,52.17,28,22.22,38.89,6R/3/.16/1,6R/4/.19/3 12R/5/.16/5,6R/2/.16/5,,,,岡山,岡山,48,11:10,てるみちゃんカップ,一般,４日目
常滑,08,20260725,2R,2,4193,A2,郷原　　章平,0,0,0.15,5.85,39.84,54.47,7.35,52.17,82.61,25,28.34,46.52,41,15.00,20.00,5R/1/.20/3 9R/5/.21/3,5R/6/.30/4,7R/2/.17/4 11R/3/.10/2,,,,福岡,福岡,44,11:10,てるみちゃんカップ,一般,４日目
常滑,08,20260725,2R,3,4346,B1,前田　健太郎,0,0,0.17,4.28,29.81,37.50,3.20,13.33,26.67,36,29.35,51.63,47,41.18,58.82,1R/5/.18/5 8R/1/.15/4,1R/6/.11/3,1R/2/.05/1 10R/5/.27/5,,,,福岡,福岡,41,11:10,てるみちゃんカップ,一般,４日目
常滑,08,20260725,2R,4,4064,A1,原田　　篤志,0,0,0.17,6.45,45.83,66.67,6.50,50.00,64.29,24,33.33,47.31,64,40.91,54.55,6R/6/.22/6 12R/2/.12/5,2R/5/.30/3 8R/3/.23/5,1R/1/.07/4 12R/4/.21/2,,,,山口,山口,46,11:10,てるみちゃんカップ,一般,４日目
常滑,08,20260725,2R,5,4358,B1,松本　　庸平,0,0,0.22,4.09,29.27,35.37,4.00,29.03,35.48,29,35.79,58.42,33,20.00,40.00,1R/3/.27/6 9R/3/.33/6,9R/1/.13/3,6R/4/.21/6,,,,三重,三重,41,11:10,てるみちゃんカップ,一般,４日目
常滑,08,20260725,2R,6,5360,B1,高木　　茉白,1,0,0.17,3.22,8.47,23.73,0.00,0.00,0.00,60,33.67,53.06,27,33.33,50.00,1R/4/.27/4 6R/4/.24/4,5R/2/.10/5,3R/4/.38/4,,,,埼玉,埼玉,19,11:10,てるみちゃんカップ,一般,４日目
常滑,08,20260725,3R,1,3721,A1,守田　　俊介,0,0,0.13,6.51,41.96,55.36,7.24,60.00,76.00,23,28.57,45.05,53,47.37,57.89,4R/4/.17/3 12R/3/.10/6,7R/2/.16/3 12R/1/.07/1,5R/4/.22/1 9R/5/.12/6,,,,滋賀,京都,50,11:39,てるみちゃんカップ,一般,４日目
常滑,08,20260725,3R,2,4317,B1,木村　紗友希,0,0,0.18,4.35,27.55,34.69,3.83,16.67,29.17,55,26.59,45.66,14,45.00,75.00,3R/4/.18/4 8R/4/.09/6,8R/2/.27/3,5R/3/.15/2 10R/1/.11/1,,,,静岡,静岡,42,11:39,てるみちゃんカップ,一般,４日目
常滑,08,20260725,3R,3,3319,A2,山崎　　義明,0,0,0.16,5.61,38.18,60.91,5.33,27.78,50.00,41,31.91,47.87,73,50.00,75.00,8R/5/.13/2,2R/3/.23/4 10R/2/.23/3,6R/1/.11/1 12R/5/.22/6,,,,埼玉,埼玉,59,11:39,てるみちゃんカップ,一般,４日目
常滑,08,20260725,3R,4,3848,B1,川上　　聡介,0,0,0.15,4.83,34.00,47.00,5.67,33.33,62.96,52,33.70,53.04,34,46.67,53.33,1R/6/.18/2 7R/1/.16/1,9R/2/.05/6,3R/6/.32/5 12R/6/.23/5,,,,愛知,愛知,49,11:39,てるみちゃんカップ,一般,４日目
常滑,08,20260725,3R,5,4040,A2,廣瀬　　将亨,0,0,0.15,5.92,42.02,55.46,6.18,58.82,58.82,58,33.16,47.37,42,18.18,36.36,10R/1/.19/1,3R/3/.19/3 12R/6/.21/6,2R/4/.04/4 10R/3/.13/4,,,,兵庫,兵庫,47,11:39,てるみちゃんカップ,一般,４日目
常滑,08,20260725,3R,6,5357,B2,田中　瀬里奈,0,0,0.19,1.61,1.43,2.86,1.45,0.00,0.00,46,29.49,50.00,46,38.89,50.00,2R/6/.26/6,3R/4/.27/6 10R/3/.21/6,4R/5/.09/5,,,,埼玉,北海道,21,11:39,てるみちゃんカップ,一般,４日目
常滑,08,20260725,4R,1,3590,A1,濱野谷　憲吾,0,0,0.14,6.80,43.36,59.29,5.86,28.57,57.14,48,21.05,32.24,65,25.00,41.67,7R/3/.28/3 12R/1/.14/1,5R/5/.33/2 12R/3/.14/2,4R/6/.14/3 10R/2/.13/3,,,,東京,東京,52,12:05,てるみちゃんカップ,一般,４日目
常滑,08,20260725,4R,2,5210,A2,藤井　　公人,0,0,0.15,5.63,41.67,55.56,4.50,25.00,41.67,14,49.47,66.49,39,72.73,81.82,2R/5/.09/2 10R/3/.18/5,10R/1/.20/1,5R/5/.16/4 11R/2/.14/5,,,,福岡,福岡,27,12:05,てるみちゃんカップ,一般,４日目
常滑,08,20260725,4R,3,4940,B2,白石　　有美,0,0,0.18,3.66,13.79,34.48,2.71,0.00,0.00,18,28.40,43.21,16,26.32,42.11,3R/2/.11/2 9R/4/.23/2,5R/3/.42/3,6R/6/.15/4 10R/4/.28/6,,,,東京,東京,28,12:05,てるみちゃんカップ,一般,４日目
常滑,08,20260725,4R,4,4234,B1,野相　　弘司,0,0,0.17,4.92,30.67,45.33,5.75,37.50,58.33,26,34.90,52.60,59,26.32,42.11,5R/6/.28/5,1R/2/.27/4 9R/6/.10/5,2R/1/.01/1 8R/3/.18/5,,,,福岡,福岡,42,12:05,てるみちゃんカップ,一般,４日目
常滑,08,20260725,4R,5,4782,B1,浜崎　　準也,1,0,0.18,4.31,17.95,37.18,6.18,42.42,60.61,39,42.08,57.38,13,11.11,44.44,4R/5/.26/4,2R/6/.36/5 6R/3/.34/2,3R/1/.33/6,,,,岡山,岡山,39,12:05,てるみちゃんカップ,一般,４日目
常滑,08,20260725,4R,6,4448,A1,青木　　玄太,0,0,0.16,7.07,54.46,70.54,6.53,53.33,73.33,59,39.47,57.37,36,6.25,12.50,8R/2/.04/1 12R/6/.23/2,3R/6/.16/1 9R/3/.12/1,7R/4/.29/6 12R/1/.15/1,,,,滋賀,滋賀,39,12:05,てるみちゃんカップ,一般,４日目
常滑,08,20260725,5R,1,4796,A1,春園　　功太,0,0,0.15,6.38,49.58,67.23,7.50,56.25,81.25,20,31.15,47.54,26,44.44,61.11,5R/2/.12/1 12R/5/.21/4,4R/3/.27/6 10R/5/.14/2,3R/3/.27/2 11R/1/.09/1,,,,三重,三重,34,12:32,てるみちゃんカップ,三Ａ傑戦,４日目
常滑,08,20260725,5R,2,4839,A2,四宮　　与寛,0,0,0.15,5.81,41.41,58.59,4.86,42.86,42.86,9,43.48,57.61,54,11.11,33.33,7R/2/.27/2 11R/4/.18/4,7R/6/.18/4,2R/5/.00/5 7R/1/.15/1,,,,徳島,徳島,36,12:32,てるみちゃんカップ,三Ａ傑戦,４日目
常滑,08,20260725,5R,3,3790,B1,佐口　　達也,0,0,0.20,4.76,26.42,43.40,4.47,21.05,44.74,5,36.08,55.67,63,38.10,57.14,6R/2/.15/3,3R/1/.27/4 11R/4/.19/5,1R/4/.17/5 7R/6/.25/3,,,,群馬,群馬,54,12:32,てるみちゃんカップ,三Ａ傑戦,４日目
常滑,08,20260725,5R,4,4323,B1,山田　　佑樹,0,0,0.17,5.63,44.76,55.24,0.00,0.00,0.00,7,33.88,51.91,57,50.00,66.67,5R/3/.36/6,3R/5/.17/2 7R/1/.17/1,1R/6/.15/3 8R/2/.16/1,,,,岡山,岡山,39,12:32,てるみちゃんカップ,三Ａ傑戦,４日目
常滑,08,20260725,5R,5,5327,B2,西田　　和加,1,0,0.19,1.70,0.00,1.59,1.19,0.00,0.00,19,35.03,56.35,78,61.90,71.43,3R/5/.44/5 7R/6/.31/5,6R/2/.35/6,9R/4/.18/2,,,,埼玉,埼玉,22,12:32,てるみちゃんカップ,三Ａ傑戦,４日目
常滑,08,20260725,5R,6,4011,A2,堀之内紀代子,0,0,0.16,6.16,43.81,60.00,5.64,21.43,50.00,30,42.16,60.54,32,20.00,40.00,3R/3/.13/1,5R/1/.06/1 11R/5/.04/4,3R/2/.26/1 10R/6/.12/2,,,,岡山,岡山,46,12:32,てるみちゃんカップ,三Ａ傑戦,４日目
常滑,08,20260725,6R,1,4644,A1,山田　　亮太,0,0,0.14,6.57,48.12,70.68,6.00,40.74,62.96,10,40.63,54.17,11,31.58,42.11,5R/5/.17/2 11R/2/.09/2,1R/1/.32/2,6R/3/.18/3 11R/4/.13/3,,,,東京,東京,47,12:59,てるみちゃんカップ,昼トコ小判Ｒ,４日目
常滑,08,20260725,6R,2,4114,B1,深澤　　達徳,0,0,0.19,4.93,25.00,48.81,5.56,44.44,44.44,21,35.71,54.40,31,20.00,30.00,2R/4/.15/3 9R/1/.22/1,4R/4/.33/3 12R/2/.14/4,9R/6/.19/5,,,,東京,山梨,45,12:59,てるみちゃんカップ,昼トコ小判Ｒ,４日目
常滑,08,20260725,6R,3,3793,B1,高橋　　真吾,0,0,0.16,4.09,21.59,38.64,5.50,42.86,64.29,42,40.10,55.73,58,42.86,66.67,8R/6/.11/5,3R/2/.29/5 8R/1/.20/2,1R/5/.04/2 11R/6/.12/6,,,,埼玉,東京,53,12:59,てるみちゃんカップ,昼トコ小判Ｒ,４日目
常滑,08,20260725,6R,4,5419,B1,櫻井　　　隼,0,0,0.24,2.06,0.00,6.06,2.69,0.00,18.75,6,34.66,48.86,24,36.84,42.11,4R/6/.25/6,1R/5/.21/6 5R/4/.22/6,8R/6/.30/6,1R/6/.03/3,,,埼玉,埼玉,20,12:59,てるみちゃんカップ,昼トコ小判Ｒ,４日目
常滑,08,20260725,6R,5,4381,A2,田路　　朋史,0,0,0.17,5.25,32.99,47.42,6.14,50.00,64.29,3,45.92,61.73,38,17.65,29.41,4R/1/.17/1 11R/6/.18/3,6R/1/.24/5,4R/4/.11/4 9R/3/.19/1,,,,兵庫,兵庫,41,12:59,てるみちゃんカップ,昼トコ小判Ｒ,４日目
常滑,08,20260725,6R,6,3713,A1,伊藤　　誠二,1,0,0.15,5.73,44.79,57.29,5.68,39.02,57.32,45,30.26,47.69,44,55.56,72.22,1R/1/.19/1,4R/6/.29/5 11R/2/.08/2,8R/5/.33/4 12R/3/.13/3,,,,愛知,愛知,51,12:59,てるみちゃんカップ,昼トコ小判Ｒ,４日目
常滑,08,20260725,7R,1,4607,A2,鶴田　　勇雄,0,0,0.18,5.89,37.90,60.48,6.35,35.00,75.00,33,26.42,38.99,20,31.58,52.63,9R/2/.17/4,8R/6/.16/1 12R/4/.17/3,4R/3/.11/1 8R/1/.17/2,,,,福岡,福岡,37,13:28,てるみちゃんカップ,一般,４日目
常滑,08,20260725,7R,2,3696,B1,白井　　友晴,0,0,0.17,4.86,26.19,42.86,5.31,28.57,54.29,40,34.07,51.65,35,45.45,72.73,5R/4/.23/4 10R/6/.25/4,4R/1/.29/2 8R/5/.22/4,4R/2/.14/2,,,,埼玉,埼玉,54,13:28,てるみちゃんカップ,一般,４日目
常滑,08,20260725,7R,3,4360,A2,庄司　　孝輔,0,0,0.18,5.52,31.19,55.05,3.48,13.04,30.43,56,26.16,47.09,62,35.00,50.00,6R/1/.10/2 10R/5/.24/2,11R/3/.09/3,5R/6/.18/6 12R/2/.11/4,,,,静岡,静岡,41,13:28,てるみちゃんカップ,一般,４日目
常滑,08,20260725,7R,4,4358,B1,松本　　庸平,0,0,0.22,4.09,29.27,35.37,4.00,29.03,35.48,29,35.79,58.42,33,20.00,40.00,1R/3/.27/6 9R/3/.33/6,9R/1/.13/3,6R/4/.21/6,2R/5/.24/4,,,三重,三重,41,13:28,てるみちゃんカップ,一般,４日目
常滑,08,20260725,7R,5,4346,B1,前田　健太郎,0,0,0.17,4.28,29.81,37.50,3.20,13.33,26.67,36,29.35,51.63,47,41.18,58.82,1R/5/.18/5 8R/1/.15/4,1R/6/.11/3,1R/2/.05/1 10R/5/.27/5,2R/3/.23/5,,,福岡,福岡,41,13:28,てるみちゃんカップ,一般,４日目
常滑,08,20260725,7R,6,4787,A1,椎名　　　豊,0,0,0.14,7.55,66.38,79.31,8.29,78.57,78.57,38,28.50,44.56,76,11.76,23.53,2R/2/.10/1 12R/4/.20/3,6R/5/.14/1 11R/1/.10/1,2R/2/.12/2 6R/5/.15/2,,,,群馬,群馬,37,13:28,てるみちゃんカップ,一般,４日目
常滑,08,20260725,8R,1,4253,B1,西川　　真人,0,0,0.18,4.14,17.27,36.36,4.57,22.86,34.29,12,42.55,61.70,77,16.67,27.78,1R/2/.18/3 10R/4/.24/3,4R/5/.31/4,7R/3/.27/2,,,,滋賀,滋賀,43,13:59,てるみちゃんカップ,一般,４日目
常滑,08,20260725,8R,2,4040,A2,廣瀬　　将亨,0,0,0.15,5.92,42.02,55.46,6.18,58.82,58.82,58,33.16,47.37,42,18.18,36.36,10R/1/.19/1,3R/3/.19/3 12R/6/.21/6,2R/4/.04/4 10R/3/.13/4,3R/4/.27/4,,,兵庫,兵庫,47,13:59,てるみちゃんカップ,一般,４日目
常滑,08,20260725,8R,3,3982,B1,福田　　　理,0,0,0.18,3.79,18.60,30.23,5.28,38.89,44.44,57,33.70,52.17,28,22.22,38.89,6R/3/.16/1,6R/4/.19/3 12R/5/.16/5,6R/2/.16/5,2R/1/.22/1,,,岡山,岡山,48,13:59,てるみちゃんカップ,一般,４日目
常滑,08,20260725,8R,4,4782,B1,浜崎　　準也,1,0,0.18,4.31,17.95,37.18,6.18,42.42,60.61,39,42.08,57.38,13,11.11,44.44,4R/5/.26/4,2R/6/.36/5 6R/3/.34/2,3R/1/.33/6,4R/5/.35/4,,,岡山,岡山,39,13:59,てるみちゃんカップ,一般,４日目
常滑,08,20260725,8R,5,3848,B1,川上　　聡介,0,0,0.15,4.83,34.00,47.00,5.67,33.33,62.96,52,33.70,53.04,34,46.67,53.33,1R/6/.18/2 7R/1/.16/1,9R/2/.05/6,3R/6/.32/5 12R/6/.23/5,3R/6/.22/5,,,愛知,愛知,49,13:59,てるみちゃんカップ,一般,４日目
常滑,08,20260725,8R,6,4064,A1,原田　　篤志,0,0,0.17,6.45,45.83,66.67,6.50,50.00,64.29,24,33.33,47.31,64,40.91,54.55,6R/6/.22/6 12R/2/.12/5,2R/5/.30/3 8R/3/.23/5,1R/1/.07/4 12R/4/.21/2,2R/4/.23/2,,,山口,山口,46,13:59,てるみちゃんカップ,一般,４日目
常滑,08,20260725,9R,1,5327,B2,西田　　和加,1,0,0.19,1.70,0.00,1.59,1.19,0.00,0.00,19,35.03,56.35,78,61.90,71.43,3R/5/.44/5 7R/6/.31/5,6R/2/.35/6,9R/4/.18/2,5R/5/.18/4,,,埼玉,埼玉,22,14:30,てるみちゃんカップ,一般,４日目
常滑,08,20260725,9R,2,4730,B1,土屋　実沙希,0,0,0.17,5.42,34.12,50.59,6.20,40.00,70.00,35,45.69,65.48,61,20.00,40.00,3R/1/.09/3 11R/5/.26/6,6R/6/.19/4 10R/4/.12/4,5R/2/.21/3,,,,静岡,静岡,37,14:30,てるみちゃんカップ,一般,４日目
常滑,08,20260725,9R,3,5360,B1,高木　　茉白,1,0,0.17,3.22,8.47,23.73,0.00,0.00,0.00,60,33.67,53.06,27,33.33,50.00,1R/4/.27/4 6R/4/.24/4,5R/2/.10/5,3R/4/.38/4,2R/6/.26/6,,,埼玉,埼玉,19,14:30,てるみちゃんカップ,一般,４日目
常滑,08,20260725,9R,4,4065,B1,金田　　幸子,0,0,0.17,5.44,40.48,57.14,5.96,50.00,57.69,53,39.89,51.91,52,33.33,58.33,3R/6/.25/6 10R/2/.19/6,2R/4/.30/2 9R/5/.11/2,5R/1/.26/5,,,,岡山,岡山,46,14:30,てるみちゃんカップ,一般,４日目
常滑,08,20260725,9R,5,5357,B2,田中　瀬里奈,0,0,0.19,1.61,1.43,2.86,1.45,0.00,0.00,46,29.49,50.00,46,38.89,50.00,2R/6/.26/6,3R/4/.27/6 10R/3/.21/6,4R/5/.09/5,3R/5/.34/6,,,埼玉,北海道,21,14:30,てるみちゃんカップ,一般,４日目
常滑,08,20260725,9R,6,4940,B2,白石　　有美,0,0,0.18,3.66,13.79,34.48,2.71,0.00,0.00,18,28.40,43.21,16,26.32,42.11,3R/2/.11/2 9R/4/.23/2,5R/3/.42/3,6R/6/.15/4 10R/4/.28/6,4R/3/.30/6,,,東京,東京,28,14:30,てるみちゃんカップ,一般,４日目
常滑,08,20260725,10R,1,4011,A2,堀之内紀代子,0,0,0.16,6.16,43.81,60.00,5.64,21.43,50.00,30,42.16,60.54,32,20.00,40.00,3R/3/.13/1,5R/1/.06/1 11R/5/.04/4,3R/2/.26/1 10R/6/.12/2,5R/6/.13/3,,,岡山,岡山,46,15:09,てるみちゃんカップ,準優勝戦,４日目
常滑,08,20260725,10R,2,3590,A1,濱野谷　憲吾,0,0,0.14,6.80,43.36,59.29,5.86,28.57,57.14,48,21.05,32.24,65,25.00,41.67,7R/3/.28/3 12R/1/.14/1,5R/5/.33/2 12R/3/.14/2,4R/6/.14/3 10R/2/.13/3,4R/1/.20/1,,,東京,東京,52,15:09,てるみちゃんカップ,準優勝戦,４日目
常滑,08,20260725,10R,3,4323,B1,山田　　佑樹,0,0,0.17,5.63,44.76,55.24,0.00,0.00,0.00,7,33.88,51.91,57,50.00,66.67,5R/3/.36/6,3R/5/.17/2 7R/1/.17/1,1R/6/.15/3 8R/2/.16/1,5R/4/.14/2,,,岡山,岡山,39,15:09,てるみちゃんカップ,準優勝戦,４日目
常滑,08,20260725,10R,4,3721,A1,守田　　俊介,0,0,0.13,6.51,41.96,55.36,7.24,60.00,76.00,23,28.57,45.05,53,47.37,57.89,4R/4/.17/3 12R/3/.10/6,7R/2/.16/3 12R/1/.07/1,5R/4/.22/1 9R/5/.12/6,3R/1/.23/1,,,滋賀,京都,50,15:09,てるみちゃんカップ,準優勝戦,４日目
常滑,08,20260725,10R,5,4114,B1,深澤　　達徳,0,0,0.19,4.93,25.00,48.81,5.56,44.44,44.44,21,35.71,54.40,31,20.00,30.00,2R/4/.15/3 9R/1/.22/1,4R/4/.33/3 12R/2/.14/4,9R/6/.19/5,6R/2/.20/3,,,東京,山梨,45,15:09,てるみちゃんカップ,準優勝戦,４日目
常滑,08,20260725,10R,6,4193,A2,郷原　　章平,0,0,0.15,5.85,39.84,54.47,7.35,52.17,82.61,25,28.34,46.52,41,15.00,20.00,5R/1/.20/3 9R/5/.21/3,5R/6/.30/4,7R/2/.17/4 11R/3/.10/2,2R/2/.20/3,,,福岡,福岡,44,15:09,てるみちゃんカップ,準優勝戦,４日目
常滑,08,20260725,11R,1,4448,A1,青木　　玄太,0,0,0.16,7.07,54.46,70.54,6.53,53.33,73.33,59,39.47,57.37,36,6.25,12.50,8R/2/.04/1 12R/6/.23/2,3R/6/.16/1 9R/3/.12/1,7R/4/.29/6 12R/1/.15/1,4R/6/.31/3,,,滋賀,滋賀,39,15:43,てるみちゃんカップ,準優勝戦,４日目
常滑,08,20260725,11R,2,4607,A2,鶴田　　勇雄,0,0,0.18,5.89,37.90,60.48,6.35,35.00,75.00,33,26.42,38.99,20,31.58,52.63,9R/2/.17/4,8R/6/.16/1 12R/4/.17/3,4R/3/.11/1 8R/1/.17/2,7R/1/.18/1,,,福岡,福岡,37,15:43,てるみちゃんカップ,準優勝戦,４日目
常滑,08,20260725,11R,3,4369,A2,丹下　　　将,0,0,0.16,5.72,37.19,58.68,6.49,45.88,68.24,16,37.04,53.97,15,11.76,17.65,11R/1/.07/1,4R/2/.26/1 9R/4/.12/4,3R/5/.30/3 8R/4/.30/3,1R/1/.14/4,,,愛知,愛知,40,15:43,てるみちゃんカップ,準優勝戦,４日目
常滑,08,20260725,11R,4,3319,A2,山崎　　義明,0,0,0.16,5.61,38.18,60.91,5.33,27.78,50.00,41,31.91,47.87,73,50.00,75.00,8R/5/.13/2,2R/3/.23/4 10R/2/.23/3,6R/1/.11/1 12R/5/.22/6,3R/3/.21/3,,,埼玉,埼玉,59,15:43,てるみちゃんカップ,準優勝戦,４日目
常滑,08,20260725,11R,5,4839,A2,四宮　　与寛,0,0,0.15,5.81,41.41,58.59,4.86,42.86,42.86,9,43.48,57.61,54,11.11,33.33,7R/2/.27/2 11R/4/.18/4,7R/6/.18/4,2R/5/.00/5 7R/1/.15/1,5R/2/.22/5,,,徳島,徳島,36,15:43,てるみちゃんカップ,準優勝戦,４日目
常滑,08,20260725,11R,6,5210,A2,藤井　　公人,0,0,0.15,5.63,41.67,55.56,4.50,25.00,41.67,14,49.47,66.49,39,72.73,81.82,2R/5/.09/2 10R/3/.18/5,10R/1/.20/1,5R/5/.16/4 11R/2/.14/5,4R/2/.21/2,,,福岡,福岡,27,15:43,てるみちゃんカップ,準優勝戦,４日目
常滑,08,20260725,12R,1,4787,A1,椎名　　　豊,0,0,0.14,7.55,66.38,79.31,8.29,78.57,78.57,38,28.50,44.56,76,11.76,23.53,2R/2/.10/1 12R/4/.20/3,6R/5/.14/1 11R/1/.10/1,2R/2/.12/2 6R/5/.15/2,7R/5/.24/2,,,群馬,群馬,37,16:17,てるみちゃんカップ,準優勝戦,４日目
常滑,08,20260725,12R,2,4796,A1,春園　　功太,0,0,0.15,6.38,49.58,67.23,7.50,56.25,81.25,20,31.15,47.54,26,44.44,61.11,5R/2/.12/1 12R/5/.21/4,4R/3/.27/6 10R/5/.14/2,3R/3/.27/2 11R/1/.09/1,5R/1/.12/1,,,三重,三重,34,16:17,てるみちゃんカップ,準優勝戦,４日目
常滑,08,20260725,12R,3,4644,A1,山田　　亮太,0,0,0.14,6.57,48.12,70.68,6.00,40.74,62.96,10,40.63,54.17,11,31.58,42.11,5R/5/.17/2 11R/2/.09/2,1R/1/.32/2,6R/3/.18/3 11R/4/.13/3,6R/1/.11/1,,,東京,東京,47,16:17,てるみちゃんカップ,準優勝戦,４日目
常滑,08,20260725,12R,4,4253,B1,西川　　真人,0,0,0.18,4.14,17.27,36.36,4.57,22.86,34.29,12,42.55,61.70,77,16.67,27.78,1R/2/.18/3 10R/4/.24/3,4R/5/.31/4,7R/3/.27/2,8R/1/.12/1,,,滋賀,滋賀,43,16:17,てるみちゃんカップ,準優勝戦,４日目
常滑,08,20260725,12R,5,4317,B1,木村　紗友希,0,0,0.18,4.35,27.55,34.69,3.83,16.67,29.17,55,26.59,45.66,14,45.00,75.00,3R/4/.18/4 8R/4/.09/6,8R/2/.27/3,5R/3/.15/2 10R/1/.11/1,3R/2/.31/2,,,静岡,静岡,42,16:17,てるみちゃんカップ,準優勝戦,４日目
常滑,08,20260725,12R,6,3696,B1,白井　　友晴,0,0,0.17,4.86,26.19,42.86,5.31,28.57,54.29,40,34.07,51.65,35,45.45,72.73,5R/4/.23/4 10R/6/.25/4,4R/1/.29/2 8R/5/.22/4,4R/2/.14/2,7R/2/.17/6,,,埼玉,埼玉,54,16:17,てるみちゃんカップ,準優勝戦,４日目
住之江,12,20260725,1R,1,3950,B1,石川　　哲秀,0,0,0.15,4.04,22.83,35.87,0.00,0.00,0.00,20,52.00,69.33,35,32.31,49.23,3R/4/.12/5,,,,,,大阪,大阪,50,15:18,豊中市制９０周年記念競走,予選,２日目
住之江,12,20260725,1R,2,5098,B1,大江　　　純,0,0,0.15,5.28,32.32,53.54,4.96,15.38,50.00,51,42.11,60.53,61,27.40,41.10,10R/5/.10/6,,,,,,愛知,愛知,30,15:18,豊中市制９０周年記念競走,予選,２日目
住之江,12,20260725,1R,3,4181,B1,花本　　夏樹,0,0,0.21,3.58,11.11,28.28,4.06,18.75,25.00,55,44.00,56.00,55,38.24,55.88,7R/5/.24/5,,,,,,三重,三重,42,15:18,豊中市制９０周年記念競走,予選,２日目
住之江,12,20260725,1R,4,4872,B1,山下　　流心,1,0,0.18,4.34,25.64,38.46,4.71,28.57,57.14,14,28.77,57.53,77,33.90,57.63,2R/2/.24/3 9R/5/.13/6,,,,,,広島,広島,33,15:18,豊中市制９０周年記念競走,予選,２日目
住之江,12,20260725,1R,5,3656,B1,伯母　　芳恒,1,0,0.19,5.20,31.03,49.43,3.67,11.11,22.22,75,30.00,47.14,18,31.15,49.18,11R/2/.29/4,,,,,,東京,山梨,52,15:18,豊中市制９０周年記念競走,予選,２日目
住之江,12,20260725,1R,6,5460,B2,早川　　理稀,0,0,,1.74,0.00,6.98,0.00,0.00,0.00,68,31.34,43.28,52,29.41,47.06,2R/6/.08/6,,,,,,滋賀,京都,19,15:18,豊中市制９０周年記念競走,予選,２日目
住之江,12,20260725,2R,1,4015,A2,前野　　竜一,0,0,0.16,6.06,39.02,62.60,5.66,37.93,58.62,26,32.88,54.79,25,27.14,41.43,9R/6/.12/3,,,,,,山口,山口,46,15:48,豊中市制９０周年記念競走,予選,２日目
住之江,12,20260725,2R,2,4465,B1,大西　　　賢,0,0,0.20,4.69,25.00,41.67,3.88,16.00,24.00,57,47.37,67.11,57,33.82,55.88,8R/4/.27/4,,,,,,東京,茨城,39,15:48,豊中市制９０周年記念競走,予選,２日目
住之江,12,20260725,2R,3,4039,B1,村上　　功祐,0,0,0.15,5.48,41.18,54.62,4.49,25.53,42.55,81,21.88,40.63,23,30.65,46.77,2R/1/.26/1,,,,,,大阪,大阪,47,15:48,豊中市制９０周年記念競走,予選,２日目
住之江,12,20260725,2R,4,3967,B1,鈴木　　茂高,1,0,0.19,4.69,30.23,43.02,5.45,36.36,63.64,53,35.62,53.42,83,34.85,48.48,4R/6/.31/4 8R/2/.27/3,,,,,,愛知,愛知,46,15:48,豊中市制９０周年記念競走,予選,２日目
住之江,12,20260725,2R,5,5343,B1,小林　　礼央,0,0,0.16,3.78,19.28,28.92,1.88,0.00,6.25,84,34.25,56.16,22,40.98,59.02,5R/2/.26/2,,,,,,広島,広島,23,15:48,豊中市制９０周年記念競走,予選,２日目
住之江,12,20260725,2R,6,4033,A2,伊藤　　将吉,0,0,0.15,6.09,47.41,62.07,6.96,52.17,82.61,80,50.67,70.67,78,36.07,50.82,4R/1/.13/2 11R/3/.16/1,,,,,,静岡,静岡,47,15:48,豊中市制９０周年記念競走,予選,２日目
住之江,12,20260725,3R,1,5376,B1,吉田　　一心,0,0,0.17,5.00,30.53,47.37,4.29,22.22,36.51,33,33.33,42.67,87,36.36,50.00,7R/6/.18/2,,,,,,大阪,大阪,22,16:31,豊中市制９０周年記念競走,予選,２日目
住之江,12,20260725,3R,2,5190,B1,大月　　遊雅,0,0,0.18,4.40,21.51,40.86,0.00,0.00,0.00,70,42.67,64.00,85,38.10,61.90,6R/5/.19/6,,,,,,東京,茨城,25,16:31,豊中市制９０周年記念競走,予選,２日目
住之江,12,20260725,3R,3,3769,A2,佐竹　　恒彦,0,0,0.17,5.62,37.93,51.72,5.15,26.42,52.83,52,36.49,58.11,21,37.50,53.13,7R/1/.16/4,,,,,,滋賀,滋賀,52,16:31,豊中市制９０周年記念競走,予選,２日目
住之江,12,20260725,3R,4,5400,B2,高村　　　諒,0,0,0.18,2.14,4.35,8.70,1.80,0.00,10.00,69,37.31,53.73,16,29.58,47.89,3R/6/.11/3,,,,,,滋賀,京都,23,16:31,豊中市制９０周年記念競走,予選,２日目
住之江,12,20260725,3R,5,5179,B1,藤本　　元輝,0,0,0.20,4.20,23.91,39.13,4.95,29.55,47.73,82,34.72,61.11,65,32.31,50.77,2R/3/.24/2 10R/2/.07/3,,,,,,兵庫,兵庫,29,16:31,豊中市制９０周年記念競走,予選,２日目
住之江,12,20260725,3R,6,4581,A1,吉村　　　誠,1,0,0.14,6.38,49.59,62.81,6.50,53.57,67.86,37,31.34,38.81,88,37.29,61.02,2R/4/.15/4 11R/1/.17/2,,,,,,静岡,静岡,37,16:31,豊中市制９０周年記念競走,予選,２日目
住之江,12,20260725,4R,1,4463,A2,三苫　　晃幸,0,0,0.15,6.56,50.51,71.72,5.81,38.46,57.69,64,52.24,65.67,89,28.79,43.94,8R/6/.21/6,,,,,,福岡,福岡,40,17:04,豊中市制９０周年記念競走,予選,２日目
住之江,12,20260725,4R,2,3652,B1,森下　　　勇,0,0,0.19,3.77,14.81,28.40,2.60,0.00,13.33,71,39.39,56.06,64,28.00,40.00,5R/5/.21/6,,,,,,群馬,群馬,52,17:04,豊中市制９０周年記念競走,予選,２日目
住之江,12,20260725,4R,3,4124,A2,池田　　雄一,0,0,0.16,6.05,39.81,64.08,6.18,51.28,64.10,38,46.48,67.61,51,32.43,51.35,10R/1/.03/1,,,,,,静岡,静岡,44,17:04,豊中市制９０周年記念競走,予選,２日目
住之江,12,20260725,4R,4,4831,A1,羽野　　直也,0,0,0.15,7.19,51.14,67.05,7.50,44.44,66.67,61,34.33,53.73,67,36.76,52.94,7R/3/.24/1 12R/1/.14/1,,,,,,福岡,福岡,31,17:04,豊中市制９０周年記念競走,予選,２日目
住之江,12,20260725,4R,5,3467,B1,森　　　弘行,0,0,0.20,3.90,12.66,36.71,3.13,25.00,25.00,27,42.25,64.79,90,32.35,52.94,4R/3/.24/5,,,,,,東京,東京,57,17:04,豊中市制９０周年記念競走,予選,２日目
住之江,12,20260725,4R,6,3948,B1,大町　　利克,0,0,0.18,3.60,12.05,31.33,4.00,22.22,33.33,17,43.84,56.16,68,30.88,54.41,1R/1/.09/2 5R/3/.22/3,,,,,,大阪,長崎,50,17:04,豊中市制９０周年記念競走,予選,２日目
住之江,12,20260725,5R,1,4108,A1,吉村　　正明,0,0,0.14,6.40,48.35,63.74,5.16,42.11,47.37,73,38.16,53.95,39,27.54,55.07,10R/6/.10/5,,,,,,山口,山口,46,17:28,豊中市制９０周年記念競走,住之江ファイブ,２日目
住之江,12,20260725,5R,2,5236,B1,小宮　　涼雅,0,0,0.17,4.32,23.42,38.74,3.81,12.50,31.25,85,35.48,51.61,76,37.31,52.24,4R/5/.18/6,,,,,,広島,岡山,27,17:28,豊中市制９０周年記念競走,住之江ファイブ,２日目
住之江,12,20260725,5R,3,3656,B1,伯母　　芳恒,1,0,0.19,5.20,31.03,49.43,3.67,11.11,22.22,75,30.00,47.14,18,31.15,49.18,11R/2/.29/4,1R/5/.27/5,,,,,東京,山梨,52,17:28,豊中市制９０周年記念競走,住之江ファイブ,２日目
住之江,12,20260725,5R,4,4815,B1,伏島　　祐介,0,0,0.20,4.23,25.00,36.54,6.35,47.06,58.82,15,30.00,47.14,80,39.68,46.03,2R/5/.13/5 6R/2/.25/5,,,,,,東京,栃木,36,17:28,豊中市制９０周年記念競走,住之江ファイブ,２日目
住之江,12,20260725,5R,5,5169,B2,堀本　　翔太,0,0,0.19,3.89,13.89,27.78,3.38,0.00,12.50,83,28.57,48.57,15,33.33,55.07,1R/4/.15/6 7R/2/.22/6,,,,,,愛知,愛知,25,17:28,豊中市制９０周年記念競走,住之江ファイブ,２日目
住之江,12,20260725,5R,6,4413,A2,水摩　　　敦,0,0,0.18,5.82,36.36,62.12,5.54,42.31,50.00,59,23.61,43.06,33,39.71,50.00,4R/2/.17/1 9R/1/.17/1,,,,,,福岡,福岡,40,17:28,豊中市制９０周年記念競走,住之江ファイブ,２日目
住之江,12,20260725,6R,1,3505,A2,山田　　竜一,0,0,0.14,5.33,33.33,52.08,0.00,0.00,0.00,62,28.38,40.54,54,30.88,54.41,5R/6/.23/4 11R/4/.15/6,,,,,,東京,東京,55,17:55,豊中市制９０周年記念競走,予選特別Ｂ戦,２日目
住之江,12,20260725,6R,2,3863,B1,海老澤　泰行,0,0,0.17,4.51,21.11,41.11,4.00,37.50,37.50,23,27.94,42.65,70,23.53,36.76,1R/5/.14/3 10R/4/.06/4,,,,,,東京,東京,52,17:55,豊中市制９０周年記念競走,予選特別Ｂ戦,２日目
住之江,12,20260725,6R,3,5115,B1,香川　　颯太,0,0,0.16,5.62,40.48,55.95,5.75,39.29,50.00,74,28.36,43.28,29,32.84,47.76,3R/3/.24/2 7R/4/.18/3,,,,,,滋賀,京都,26,17:55,豊中市制９０周年記念競走,予選特別Ｂ戦,２日目
住之江,12,20260725,6R,4,4184,A1,渡邊　雄一郎,0,0,0.17,7.10,53.57,74.11,5.54,36.96,54.35,34,30.43,50.72,50,37.14,58.57,5R/1/.22/1 12R/3/.09/4,,,,,,大阪,大阪,40,17:55,豊中市制９０周年記念競走,予選特別Ｂ戦,２日目
住之江,12,20260725,6R,5,5109,B1,川崎　　智稔,0,0,0.15,5.08,29.17,51.67,5.39,33.33,55.56,28,21.33,46.67,84,20.00,41.43,9R/3/.12/4,,,,,,岡山,岡山,27,17:55,豊中市制９０周年記念競走,予選特別Ｂ戦,２日目
住之江,12,20260725,6R,6,4039,B1,村上　　功祐,0,0,0.15,5.48,41.18,54.62,4.49,25.53,42.55,81,21.88,40.63,23,30.65,46.77,2R/1/.26/1,2R/3/.03/6,,,,,大阪,大阪,47,17:55,豊中市制９０周年記念競走,予選特別Ｂ戦,２日目
住之江,12,20260725,7R,1,4574,A2,東　　　潤樹,0,0,0.17,5.44,34.58,57.01,4.71,20.83,50.00,67,31.88,46.38,66,28.57,38.57,1R/6/.15/4 8R/3/.20/2,,,,,,広島,愛媛,37,18:19,豊中市制９０周年記念競走,予選,２日目
住之江,12,20260725,7R,2,5400,B2,高村　　　諒,0,0,0.18,2.14,4.35,8.70,1.80,0.00,10.00,69,37.31,53.73,16,29.58,47.89,3R/6/.11/3,3R/4/.24/6,,,,,滋賀,京都,23,18:19,豊中市制９０周年記念競走,予選,２日目
住之江,12,20260725,7R,3,3950,B1,石川　　哲秀,0,0,0.15,4.04,22.83,35.87,0.00,0.00,0.00,20,52.00,69.33,35,32.31,49.23,3R/4/.12/5,1R/1/.23/2,,,,,大阪,大阪,50,18:19,豊中市制９０周年記念競走,予選,２日目
住之江,12,20260725,7R,4,5343,B1,小林　　礼央,0,0,0.16,3.78,19.28,28.92,1.88,0.00,6.25,84,34.25,56.16,22,40.98,59.02,5R/2/.26/2,2R/5/.10/3,,,,,広島,広島,23,18:19,豊中市制９０周年記念競走,予選,２日目
住之江,12,20260725,7R,5,5044,B1,渡邉　　　健,0,0,0.14,4.30,23.38,40.26,0.00,0.00,0.00,18,27.78,43.06,75,44.83,58.62,5R/4/.21/5 9R/2/.17/5,,,,,,東京,東京,27,18:19,豊中市制９０周年記念競走,予選,２日目
住之江,12,20260725,7R,6,4156,A2,浜野　　孝志,0,0,0.17,5.34,29.90,50.52,4.80,20.45,45.45,39,38.57,48.57,72,30.30,37.88,6R/1/.17/2 10R/3/.06/2,,,,,,三重,三重,45,18:19,豊中市制９０周年記念競走,予選,２日目
住之江,12,20260725,8R,1,4288,A1,永田　　啓二,0,0,0.12,7.52,60.48,78.23,6.16,48.00,64.00,35,33.78,50.00,20,31.88,46.38,6R/3/.18/1 11R/6/.14/3,,,,,,福岡,福岡,41,18:45,豊中市制９０周年記念競走,予選,２日目
住之江,12,20260725,8R,2,4902,B1,山川　　雄大,0,0,0.20,4.75,31.31,46.46,5.58,47.37,52.63,72,33.78,45.95,38,27.78,40.28,3R/5/.21/4 8R/5/.23/5,,,,,,兵庫,兵庫,33,18:45,豊中市制９０周年記念競走,予選,２日目
住之江,12,20260725,8R,3,3467,B1,森　　　弘行,0,0,0.20,3.90,12.66,36.71,3.13,25.00,25.00,27,42.25,64.79,90,32.35,52.94,4R/3/.24/5,4R/5/.22/3,,,,,東京,東京,57,18:45,豊中市制９０周年記念競走,予選,２日目
住之江,12,20260725,8R,4,5376,B1,吉田　　一心,0,0,0.17,5.00,30.53,47.37,4.29,22.22,36.51,33,33.33,42.67,87,36.36,50.00,7R/6/.18/2,3R/1/.20/2,,,,,大阪,大阪,22,18:45,豊中市制９０周年記念競走,予選,２日目
住之江,12,20260725,8R,5,5460,B2,早川　　理稀,0,0,,1.74,0.00,6.98,0.00,0.00,0.00,68,31.34,43.28,52,29.41,47.06,2R/6/.08/6,1R/6/.20/6,,,,,滋賀,京都,19,18:45,豊中市制９０周年記念競走,予選,２日目
住之江,12,20260725,8R,6,4539,A1,金子　　賢志,0,0,0.13,6.57,45.90,59.84,5.43,32.14,50.00,22,35.53,50.00,19,18.84,36.23,8R/1/.23/1 12R/5/.09/6,,,,,,群馬,群馬,35,18:45,豊中市制９０周年記念競走,予選,２日目
住之江,12,20260725,9R,1,3961,A1,谷村　　一哉,0,0,0.17,6.63,46.10,69.50,4.75,25.00,25.00,29,43.42,55.26,62,28.81,45.76,3R/2/.17/6 12R/6/.15/2,,,,,,山口,山口,47,19:14,豊中市制９０周年記念競走,予選,２日目
住之江,12,20260725,9R,2,5245,B1,倉富　　大誠,0,0,0.18,5.33,34.44,52.22,5.14,33.33,52.38,25,33.78,47.30,58,32.26,58.06,1R/3/.09/5 11R/5/.15/5,,,,,,愛知,愛知,24,19:14,豊中市制９０周年記念競走,予選,２日目
住之江,12,20260725,9R,3,3652,B1,森下　　　勇,0,0,0.19,3.77,14.81,28.40,2.60,0.00,13.33,71,39.39,56.06,64,28.00,40.00,5R/5/.21/6,4R/2/.19/4,,,,,群馬,群馬,52,19:14,豊中市制９０周年記念競走,予選,２日目
住之江,12,20260725,9R,4,5098,B1,大江　　　純,0,0,0.15,5.28,32.32,53.54,4.96,15.38,50.00,51,42.11,60.53,61,27.40,41.10,10R/5/.10/6,1R/2/.23/1,,,,,愛知,愛知,30,19:14,豊中市制９０周年記念競走,予選,２日目
住之江,12,20260725,9R,5,4465,B1,大西　　　賢,0,0,0.20,4.69,25.00,41.67,3.88,16.00,24.00,57,47.37,67.11,57,33.82,55.88,8R/4/.27/4,2R/2/.11/5,,,,,東京,茨城,39,19:14,豊中市制９０周年記念競走,予選,２日目
住之江,12,20260725,9R,6,4834,A2,浜本　　裕己,0,0,0.15,5.57,37.59,53.90,5.06,30.21,41.67,58,30.43,44.93,31,40.30,58.21,3R/1/.16/1 9R/4/.10/2,,,,,,大阪,大阪,38,19:14,豊中市制９０周年記念競走,予選,２日目
住之江,12,20260725,10R,1,4877,A1,鈴谷　　一平,0,0,0.14,6.05,44.14,57.66,6.24,45.45,66.67,11,43.48,56.52,27,21.74,33.33,4R/4/.16/3 12R/4/.11/5,,,,,,兵庫,兵庫,31,19:41,豊中市制９０周年記念競走,予選特別Ｂ戦,２日目
住之江,12,20260725,10R,2,4181,B1,花本　　夏樹,0,0,0.21,3.58,11.11,28.28,4.06,18.75,25.00,55,44.00,56.00,55,38.24,55.88,7R/5/.24/5,1R/3/.28/3,,,,,三重,三重,42,19:41,豊中市制９０周年記念競走,予選特別Ｂ戦,２日目
住之江,12,20260725,10R,3,4463,A2,三苫　　晃幸,0,0,0.15,6.56,50.51,71.72,5.81,38.46,57.69,64,52.24,65.67,89,28.79,43.94,8R/6/.21/6,4R/1/.18/1,,,,,福岡,福岡,40,19:41,豊中市制９０周年記念競走,予選特別Ｂ戦,２日目
住之江,12,20260725,10R,4,3544,B1,豊田　　訓靖,0,0,0.20,3.57,12.77,27.66,4.67,33.33,33.33,24,50.00,64.71,14,32.86,45.71,1R/2/.08/1 6R/6/.14/4,,,,,,静岡,静岡,57,19:41,豊中市制９０周年記念競走,予選特別Ｂ戦,２日目
住之江,12,20260725,10R,5,5236,B1,小宮　　涼雅,0,0,0.17,4.32,23.42,38.74,3.81,12.50,31.25,85,35.48,51.61,76,37.31,52.24,4R/5/.18/6,5R/2/.13/3,,,,,広島,岡山,27,19:41,豊中市制９０周年記念競走,予選特別Ｂ戦,２日目
住之江,12,20260725,10R,6,3769,A2,佐竹　　恒彦,0,0,0.17,5.62,37.93,51.72,5.15,26.42,52.83,52,36.49,58.11,21,37.50,53.13,7R/1/.16/4,3R/2/.19/4,,,,,滋賀,滋賀,52,19:41,豊中市制９０周年記念競走,予選特別Ｂ戦,２日目
住之江,12,20260725,11R,1,3822,A1,平尾　　崇典,0,0,0.15,6.18,41.90,57.14,6.95,53.85,79.49,56,32.43,47.30,81,41.94,58.06,6R/4/.16/3 12R/2/.13/3,,,,,,岡山,岡山,53,20:07,豊中市制９０周年記念競走,予選特別Ａ戦,２日目
住之江,12,20260725,11R,2,5109,B1,川崎　　智稔,0,0,0.15,5.08,29.17,51.67,5.39,33.33,55.56,28,21.33,46.67,84,20.00,41.43,9R/3/.12/4,6R/5/.08/2,,,,,岡山,岡山,27,20:07,豊中市制９０周年記念競走,予選特別Ａ戦,２日目
住之江,12,20260725,11R,3,4108,A1,吉村　　正明,0,0,0.14,6.40,48.35,63.74,5.16,42.11,47.37,73,38.16,53.95,39,27.54,55.07,10R/6/.10/5,5R/1/.14/1,,,,,山口,山口,46,20:07,豊中市制９０周年記念競走,予選特別Ａ戦,２日目
住之江,12,20260725,11R,4,4015,A2,前野　　竜一,0,0,0.16,6.06,39.02,62.60,5.66,37.93,58.62,26,32.88,54.79,25,27.14,41.43,9R/6/.12/3,2R/1/.05/1,,,,,山口,山口,46,20:07,豊中市制９０周年記念競走,予選特別Ａ戦,２日目
住之江,12,20260725,11R,5,5190,B1,大月　　遊雅,0,0,0.18,4.40,21.51,40.86,0.00,0.00,0.00,70,42.67,64.00,85,38.10,61.90,6R/5/.19/6,3R/3/.18/5,,,,,東京,茨城,25,20:07,豊中市制９０周年記念競走,予選特別Ａ戦,２日目
住之江,12,20260725,11R,6,4124,A2,池田　　雄一,0,0,0.16,6.05,39.81,64.08,6.18,51.28,64.10,38,46.48,67.61,51,32.43,51.35,10R/1/.03/1,4R/3/.20/5,,,,,静岡,静岡,44,20:07,豊中市制９０周年記念競走,予選特別Ａ戦,２日目
住之江,12,20260725,12R,1,4184,A1,渡邊　雄一郎,0,0,0.17,7.10,53.57,74.11,5.54,36.96,54.35,34,30.43,50.72,50,37.14,58.57,5R/1/.22/1 12R/3/.09/4,6R/4/.10/3,,,,,大阪,大阪,40,20:36,豊中市制９０周年記念競走,一般特別戦,２日目
住之江,12,20260725,12R,2,4413,A2,水摩　　　敦,0,0,0.18,5.82,36.36,62.12,5.54,42.31,50.00,59,23.61,43.06,33,39.71,50.00,4R/2/.17/1 9R/1/.17/1,5R/5/.24/2,,,,,福岡,福岡,40,20:36,豊中市制９０周年記念競走,一般特別戦,２日目
住之江,12,20260725,12R,3,4581,A1,吉村　　　誠,1,0,0.14,6.38,49.59,62.81,6.50,53.57,67.86,37,31.34,38.81,88,37.29,61.02,2R/4/.15/4 11R/1/.17/2,3R/6/.16/3,,,,,静岡,静岡,37,20:36,豊中市制９０周年記念競走,一般特別戦,２日目
住之江,12,20260725,12R,4,4033,A2,伊藤　　将吉,0,0,0.15,6.09,47.41,62.07,6.96,52.17,82.61,80,50.67,70.67,78,36.07,50.82,4R/1/.13/2 11R/3/.16/1,2R/6/.08/4,,,,,静岡,静岡,47,20:36,豊中市制９０周年記念競走,一般特別戦,２日目
住之江,12,20260725,12R,5,4574,A2,東　　　潤樹,0,0,0.17,5.44,34.58,57.01,4.71,20.83,50.00,67,31.88,46.38,66,28.57,38.57,1R/6/.15/4 8R/3/.20/2,7R/1/.17/1,,,,,広島,愛媛,37,20:36,豊中市制９０周年記念競走,一般特別戦,２日目
住之江,12,20260725,12R,6,4831,A1,羽野　　直也,0,0,0.15,7.19,51.14,67.05,7.50,44.44,66.67,61,34.33,53.73,67,36.76,52.94,7R/3/.24/1 12R/1/.14/1,4R/4/.11/2,,,,,福岡,福岡,31,20:36,豊中市制９０周年記念競走,一般特別戦,２日目
尼崎,13,20260725,1R,1,3620,B1,信濃　　由行,0,0,0.18,3.68,17.28,30.86,4.50,27.27,45.45,10,34.85,50.00,67,32.39,52.11,1R/4/.29/4,6R/2/.12/3,3R/5/.11/5 11R/3/.19/4,,,,福井,石川,52,10:36,ＵＨＡ味覚糖杯,朝からセンプル,４日目
尼崎,13,20260725,1R,2,4263,B1,武重　　雄介,0,0,0.18,4.52,27.47,40.66,5.20,35.00,40.00,48,35.62,53.42,37,42.86,53.97,7R/1/.16/3,2R/3/.21/2 11R/6/.29/6,1R/4/.18/4,,,,山口,山口,42,10:36,ＵＨＡ味覚糖杯,朝からセンプル,４日目
尼崎,13,20260725,1R,3,4732,A2,堀本　　和也,0,0,0.12,6.64,46.55,63.79,6.21,47.37,68.42,26,43.08,60.00,75,37.68,52.17,5R/2/.21/2 10R/6/.07/2,5R/3/.08/3 9R/1/.19/1,12R/5/.10/3,,,,徳島,徳島,37,10:36,ＵＨＡ味覚糖杯,朝からセンプル,４日目
尼崎,13,20260725,1R,4,5127,B1,沼田　　大都,0,0,0.22,4.67,20.99,46.91,4.44,11.11,44.44,25,42.03,66.67,28,25.00,37.50,7R/6/.26/5,1R/6/.21/5 5R/4/.14/4,4R/1/.15/2,,,,愛知,広島,29,10:36,ＵＨＡ味覚糖杯,朝からセンプル,４日目
尼崎,13,20260725,1R,5,3572,B1,安田　　政彦,0,0,0.20,4.93,26.45,46.28,5.35,31.76,54.12,5,31.82,51.52,46,40.00,60.00,4R/1/.08/1,4R/6/.12/6 12R/2/.09/1,8R/3/.15/2,,,,兵庫,大阪,54,10:36,ＵＨＡ味覚糖杯,朝からセンプル,４日目
尼崎,13,20260725,1R,6,5014,B1,梶山　　涼斗,1,0,0.14,5.07,33.33,49.33,4.00,11.11,33.33,6,23.08,49.23,54,37.88,50.00,1R/1/.40/6 8R/5/.19/5,7R/3/.19/6,1R/2/.17/6 5R/6/.16/6,,,,佐賀,佐賀,28,10:36,ＵＨＡ味覚糖杯,朝からセンプル,４日目
尼崎,13,20260725,2R,1,4339,B1,平瀬　　城啓,0,0,0.19,3.49,11.90,26.19,4.19,25.00,43.75,34,32.43,51.35,16,21.21,34.85,7R/5/.22/4,1R/2/.21/4,2R/4/.14/5 7R/3/.19/4,,,,福井,富山,42,11:03,ＵＨＡ味覚糖杯,一般,４日目
尼崎,13,20260725,2R,2,4822,A2,百武　　　翔,0,0,0.17,5.85,44.35,60.00,4.78,33.33,40.74,8,32.35,51.47,43,41.27,57.14,7R/4/.19/2,4R/5/.13/3 8R/1/.18/1,6R/4/.24/3 12R/6/.15/6,,,,佐賀,佐賀,33,11:03,ＵＨＡ味覚糖杯,一般,４日目
尼崎,13,20260725,2R,3,3568,B1,木村　　光宏,0,0,0.17,3.95,20.62,34.02,3.56,16.67,33.33,38,27.69,44.62,17,26.47,51.47,6R/2/.18/5,1R/1/.18/1 8R/4/.17/4,8R/5/.17/5,,,,香川,香川,55,11:03,ＵＨＡ味覚糖杯,一般,４日目
尼崎,13,20260725,2R,4,3605,B1,中村　　守成,0,0,0.19,3.98,16.87,28.92,4.08,24.00,32.00,7,30.77,49.23,49,39.06,53.13,5R/4/.28/3,3R/2/.25/5 12R/6/.11/5,6R/3/.19/4,,,,三重,三重,54,11:03,ＵＨＡ味覚糖杯,一般,４日目
尼崎,13,20260725,2R,5,4296,A2,岡崎　　恭裕,0,0,0.14,6.45,45.00,62.50,5.33,22.22,22.22,51,18.84,34.78,47,10.94,25.00,1R/3/.21/1 10R/4/.13/3,4R/2/.13/4 9R/6/.29/3,11R/1/.16/1,,,,福岡,福岡,39,11:03,ＵＨＡ味覚糖杯,一般,４日目
尼崎,13,20260725,2R,6,4917,B1,岩橋　　裕馬,0,0,0.17,4.46,22.58,32.26,4.74,25.29,43.68,16,44.12,72.06,60,32.31,50.77,2R/1/.19/1,6R/3/.10/1 10R/5/.13/4,12R/4/.07/5,,,,兵庫,大阪,37,11:03,ＵＨＡ味覚糖杯,一般,４日目
尼崎,13,20260725,3R,1,4865,B2,立具　　敬司,1,0,0.17,4.42,15.38,42.31,0.00,0.00,0.00,17,40.91,50.00,41,38.46,49.23,2R/4/.22/6,1R/5/.24/6 9R/2/.23/5,5R/5/.12/2,,,,大阪,和歌山,36,11:27,ＵＨＡ味覚糖杯,一般,４日目
尼崎,13,20260725,3R,2,4089,A2,妹尾　　忠幸,0,0,0.16,6.16,41.07,64.29,6.70,50.00,80.00,23,60.29,72.06,50,21.74,46.38,5R/3/.26/4 11R/6/.11/3,7R/4/.23/2,6R/1/.21/1 10R/5/.21/4,,,,岡山,岡山,45,11:27,ＵＨＡ味覚糖杯,一般,４日目
尼崎,13,20260725,3R,3,3892,B1,草場　　康幸,0,0,0.17,5.15,29.17,52.08,0.00,0.00,0.00,57,33.82,55.88,15,37.68,60.87,6R/5/.14/4,2R/1/.23/1 9R/4/.22/6,10R/6/.18/6,,,,佐賀,佐賀,50,11:27,ＵＨＡ味覚糖杯,一般,４日目
尼崎,13,20260725,3R,4,3434,B1,松尾　　宣邦,0,0,0.18,4.29,22.12,37.50,2.25,0.00,0.00,36,35.38,53.85,53,30.43,42.03,3R/1/.19/3 9R/6/.23/4,2R/4/.23/5,3R/3/.14/2 7R/2/.20/6,,,,福岡,福岡,57,11:27,ＵＨＡ味覚糖杯,一般,４日目
尼崎,13,20260725,3R,5,5137,A2,川原　　　涼,0,0,0.17,5.20,35.29,52.94,4.60,30.00,50.00,15,37.31,49.25,21,43.48,53.62,8R/1/.19/1,3R/4/.10/1 11R/3/.18/2,5R/4/.09/4 11R/6/.16/6,,,,愛知,愛知,26,11:27,ＵＨＡ味覚糖杯,一般,４日目
尼崎,13,20260725,3R,6,4828,A1,松山　　将吾,1,0,0.15,7.01,51.52,70.71,5.89,33.33,55.56,12,52.11,69.01,56,45.31,50.00,3R/2/.11/1 12R/6/.19/6,12R/1/.18/4,2R/5/.08/2,,,,滋賀,京都,31,11:27,ＵＨＡ味覚糖杯,一般,４日目
尼崎,13,20260725,4R,1,4367,B1,山口　　修路,0,0,0.23,4.36,17.81,41.10,4.68,5.26,47.37,52,25.76,37.88,27,14.06,26.56,6R/3/.25/6,1R/4/.22/3 7R/5/.23/5,9R/2/.11/5,,,,福岡,福岡,40,11:51,ＵＨＡ味覚糖杯,一般,４日目
尼崎,13,20260725,4R,2,4356,A2,長岡　　良也,0,0,0.18,5.28,35.82,53.73,5.88,38.00,64.00,2,35.71,54.29,19,31.88,50.72,9R/1/.16/1,1R/3/.21/2 11R/4/.23/3,5R/3/.10/5 10R/2/.19/3,,,,兵庫,兵庫,42,11:51,ＵＨＡ味覚糖杯,一般,４日目
尼崎,13,20260725,4R,3,3473,A1,石川　　真二,0,0,0.14,6.27,47.58,65.32,6.55,36.36,90.91,54,41.79,50.75,74,41.79,50.75,7R/2/.11/1 12R/2/.15/4,5R/1/.04/1 10R/2/.24/5,5R/2/.12/1 12R/1/.13/1,,,,福岡,福岡,56,11:51,ＵＨＡ味覚糖杯,一般,４日目
尼崎,13,20260725,4R,4,3699,B1,富永　　正人,0,0,0.19,4.06,20.29,33.33,4.13,25.00,25.00,62,26.47,45.59,22,36.23,57.97,5R/6/.38/6,4R/3/.14/5 10R/4/.20/6,7R/1/.24/2,,,,埼玉,埼玉,53,11:51,ＵＨＡ味覚糖杯,一般,４日目
尼崎,13,20260725,4R,5,4572,B1,渡部　　　悟,0,0,0.16,5.46,36.19,52.38,6.67,55.56,66.67,33,27.14,48.57,59,36.36,54.55,6R/6/.17/2 10R/2/.15/4,10R/6/.20/3,2R/1/.30/4 11R/4/.14/5,,,,大阪,大阪,37,11:51,ＵＨＡ味覚糖杯,一般,４日目
尼崎,13,20260725,4R,6,5423,B2,高橋　　嗣穏,1,0,0.22,1.16,0.00,0.00,0.00,0.00,0.00,49,37.68,50.72,62,29.41,45.59,4R/6/.14/5,2R/6/.34/6,2R/6/.02/6 9R/6/.03/6,,,,徳島,高知,24,11:51,ＵＨＡ味覚糖杯,一般,４日目
尼崎,13,20260725,5R,1,5051,A1,松本　　純平,0,0,0.16,6.73,48.21,66.96,8.00,100.00,100.00,9,46.48,64.79,34,37.68,59.42,6R/1/.21/3 12R/4/.21/3,2R/5/.26/3 8R/2/.23/2,1R/3/.15/2 11R/5/.15/3,,,,埼玉,兵庫,31,12:21,ＵＨＡ味覚糖杯,一般,４日目
尼崎,13,20260725,5R,2,4636,B1,赤池　　修平,0,0,0.18,3.68,18.84,31.88,2.67,8.33,16.67,35,43.48,60.87,48,44.62,63.08,3R/4/.19/4 8R/3/.23/6,8R/5/.16/5,3R/1/.15/6,,,,徳島,徳島,36,12:21,ＵＨＡ味覚糖杯,一般,４日目
尼崎,13,20260725,5R,3,5026,A1,安河内　　健,0,0,0.16,6.21,46.53,64.36,7.00,42.86,85.71,4,49.28,60.87,69,20.00,40.00,2R/2/.54/4 9R/5/.11/2,10R/1/.22/1,4R/5/.01/4 11R/2/.17/2,,,,佐賀,佐賀,30,12:21,ＵＨＡ味覚糖杯,一般,４日目
尼崎,13,20260725,5R,4,3635,B1,石田　　政吾,0,0,0.17,4.32,24.39,43.90,4.00,16.00,36.00,19,24.07,31.48,68,15.79,26.32,5R/1/.20/1,5R/5/.10/6 11R/2/.19/5,2R/3/.07/3 6R/6/.19/5,,,,福井,石川,55,12:21,ＵＨＡ味覚糖杯,一般,４日目
尼崎,13,20260725,5R,5,4363,A2,大野　　芳顕,0,0,0.17,5.52,36.36,55.37,5.20,30.00,30.00,59,17.54,31.58,12,26.15,41.54,4R/3/.12/3 11R/4/.11/5,8R/6/.31/3,2R/2/.13/1 8R/1/.19/1,,,,福岡,福岡,41,12:21,ＵＨＡ味覚糖杯,一般,４日目
尼崎,13,20260725,5R,6,5467,B2,野村　　羽玖,0,0,,2.61,0.00,16.13,0.00,0.00,0.00,30,29.23,46.15,13,37.14,52.86,3R/6/.15/6,3R/6/.23/3,1R/6/.26/5 8R/6/.18/6,,,,大阪,大阪,19,12:21,ＵＨＡ味覚糖杯,一般,４日目
尼崎,13,20260725,6R,1,3931,A2,黒崎　　竜也,0,0,0.15,5.92,39.13,56.52,5.40,33.33,56.67,44,35.21,53.52,18,35.94,59.38,8R/6/.22/4,6R/1/.13/4 11R/5/.23/4,3R/4/.04/1 10R/3/.13/2,,,,三重,三重,50,12:51,ＵＨＡ味覚糖杯,昼どきピンクル,４日目
尼崎,13,20260725,6R,2,5091,B1,為本　　智也,0,0,0.17,6.38,49.06,66.04,7.63,62.50,100.00,47,19.67,40.98,42,35.38,55.38,3R/3/.09/2 11R/5/.06/4,4R/1/.13/1,1R/5/.17/3 10R/4/.15/5,,,,福井,石川,25,12:51,ＵＨＡ味覚糖杯,昼どきピンクル,４日目
尼崎,13,20260725,6R,3,5127,B1,沼田　　大都,0,0,0.22,4.67,20.99,46.91,4.44,11.11,44.44,25,42.03,66.67,28,25.00,37.50,7R/6/.26/5,1R/6/.21/5 5R/4/.14/4,4R/1/.15/2,1R/4/.30/5,,,愛知,広島,29,12:51,ＵＨＡ味覚糖杯,昼どきピンクル,４日目
尼崎,13,20260725,6R,4,4847,A1,佐藤　隆太郎,0,0,0.16,7.09,49.44,71.91,4.56,11.11,44.44,53,31.34,43.28,64,33.33,59.09,8R/4/.17/2 12R/1/.14/1,3R/5/.13/2 9R/3/.18/2,7R/5/.13/1 12R/2/.10/2,,,,東京,東京,32,12:51,ＵＨＡ味覚糖杯,昼どきピンクル,４日目
尼崎,13,20260725,6R,5,3568,B1,木村　　光宏,0,0,0.17,3.95,20.62,34.02,3.56,16.67,33.33,38,27.69,44.62,17,26.47,51.47,6R/2/.18/5,1R/1/.18/1 8R/4/.17/4,8R/5/.17/5,2R/3/.11/6,,,香川,香川,55,12:51,ＵＨＡ味覚糖杯,昼どきピンクル,４日目
尼崎,13,20260725,6R,6,5302,B1,秋末　　秦悟,1,0,0.17,3.85,20.25,32.91,2.71,14.29,14.29,22,17.65,33.82,70,30.30,59.09,1R/5/.27/5,6R/6/.12/2,7R/6/.15/5,,,,大阪,大阪,23,12:51,ＵＨＡ味覚糖杯,昼どきピンクル,４日目
尼崎,13,20260725,7R,1,4529,A1,嶋　　　義信,0,0,0.14,5.61,37.78,54.44,5.38,38.10,57.14,14,32.84,46.27,33,29.41,47.06,3R/5/.12/5 10R/1/.06/1,2R/2/.18/4 12R/5/.13/3,9R/3/.06/2,,,,香川,香川,37,13:20,ＵＨＡ味覚糖杯,一般,４日目
尼崎,13,20260725,7R,2,3814,B1,金子　　貴志,0,0,0.20,5.02,28.43,48.04,4.30,18.52,29.63,58,25.86,31.03,65,38.81,59.70,4R/4/.11/4 9R/2/.18/3,3R/1/.29/6,4R/3/.02/5 8R/4/.19/4,,,,福井,福井,50,13:20,ＵＨＡ味覚糖杯,一般,４日目
尼崎,13,20260725,7R,3,4865,B2,立具　　敬司,1,0,0.17,4.42,15.38,42.31,0.00,0.00,0.00,17,40.91,50.00,41,38.46,49.23,2R/4/.22/6,1R/5/.24/6 9R/2/.23/5,5R/5/.12/2,3R/1/.16/1,,,大阪,和歌山,36,13:20,ＵＨＡ味覚糖杯,一般,４日目
尼崎,13,20260725,7R,4,3620,B1,信濃　　由行,0,0,0.18,3.68,17.28,30.86,4.50,27.27,45.45,10,34.85,50.00,67,32.39,52.11,1R/4/.29/4,6R/2/.12/3,3R/5/.11/5 11R/3/.19/4,1R/1/.26/3,,,福井,石川,52,13:20,ＵＨＡ味覚糖杯,一般,４日目
尼崎,13,20260725,7R,5,4012,A2,中村　　有裕,0,0,0.16,6.12,45.92,58.16,6.73,45.45,81.82,18,40.58,62.32,35,32.86,51.43,6R/4/.13/1 11R/3/.06/1,10R/3/.19/2,4R/2/.06/1 9R/1/.01/1,,,,滋賀,滋賀,46,13:20,ＵＨＡ味覚糖杯,一般,４日目
尼崎,13,20260725,7R,6,5186,B1,遠藤　　圭吾,0,0,0.19,4.71,28.75,42.50,4.71,29.41,47.06,43,16.67,31.82,61,30.88,39.71,1R/2/.25/2 9R/4/.16/6,8R/3/.15/6,6R/5/.20/6,,,,東京,神奈川,26,13:20,ＵＨＡ味覚糖杯,一般,４日目
尼崎,13,20260725,8R,1,4384,A1,鶴本　　崇文,0,0,0.16,5.86,38.38,60.61,6.08,40.54,62.16,21,13.89,38.89,72,33.82,52.94,5R/5/.38/5 12R/3/.23/2,4R/4/.11/2 11R/1/.10/1,3R/6/.21/4 8R/2/.17/3,,,,大阪,大阪,41,13:53,ＵＨＡ味覚糖杯,一般,４日目
尼崎,13,20260725,8R,2,4710,A2,福田　　宗平,0,0,0.14,5.60,38.02,53.72,5.93,44.83,51.72,1,38.89,50.00,66,25.00,36.11,9R/3/.14/5,5R/2/.09/2 12R/4/.09/2,3R/2/.19/3 9R/5/.02/3,,,,大阪,大阪,36,13:53,ＵＨＡ味覚糖杯,一般,４日目
尼崎,13,20260725,8R,3,4396,B1,大田　　直弥,0,0,0.20,4.86,25.96,43.27,4.89,22.22,55.56,32,40.30,55.22,55,30.77,60.00,1R/6/.29/3 11R/2/.09/6,9R/5/.24/4,5R/1/.08/3 9R/4/.05/4,,,,山口,山口,40,13:53,ＵＨＡ味覚糖杯,一般,４日目
尼崎,13,20260725,8R,4,3912,B1,川原　　正明,0,0,0.15,5.91,42.59,57.41,4.04,15.38,34.62,61,36.92,49.23,26,44.12,52.94,2R/3/.16/2 10R/5/.05/5,7R/1/.21/1,4R/6/.02/6 12R/3/.19/4,,,,福井,石川,52,13:53,ＵＨＡ味覚糖杯,一般,４日目
尼崎,13,20260725,8R,5,4263,B1,武重　　雄介,0,0,0.18,4.52,27.47,40.66,5.20,35.00,40.00,48,35.62,53.42,37,42.86,53.97,7R/1/.16/3,2R/3/.21/2 11R/6/.29/6,1R/4/.18/4,1R/2/.25/2,,,山口,山口,42,13:53,ＵＨＡ味覚糖杯,一般,４日目
尼崎,13,20260725,8R,6,4339,B1,平瀬　　城啓,0,0,0.19,3.49,11.90,26.19,4.19,25.00,43.75,34,32.43,51.35,16,21.21,34.85,7R/5/.22/4,1R/2/.21/4,2R/4/.14/5 7R/3/.19/4,2R/1/.21/3,,,福井,富山,42,13:53,ＵＨＡ味覚糖杯,一般,４日目
尼崎,13,20260725,9R,1,3605,B1,中村　　守成,0,0,0.19,3.98,16.87,28.92,4.08,24.00,32.00,7,30.77,49.23,49,39.06,53.13,5R/4/.28/3,3R/2/.25/5 12R/6/.11/5,6R/3/.19/4,2R/4/.09/5,,,三重,三重,54,14:45,ＵＨＡ味覚糖杯,一般,４日目
尼崎,13,20260725,9R,2,3892,B1,草場　　康幸,0,0,0.17,5.15,29.17,52.08,0.00,0.00,0.00,57,33.82,55.88,15,37.68,60.87,6R/5/.14/4,2R/1/.23/1 9R/4/.22/6,10R/6/.18/6,3R/3/.11/6,,,佐賀,佐賀,50,14:45,ＵＨＡ味覚糖杯,一般,４日目
尼崎,13,20260725,9R,3,4570,A1,前田　　聖文,0,0,0.16,6.27,40.24,63.41,6.75,37.50,75.00,50,21.62,41.89,14,32.35,47.06,4R/2/.12/2 12R/5/.22/5,7R/6/.18/3 12R/3/.25/6,4R/4/.06/3 10R/1/.22/1,,,,愛知,愛知,38,14:45,ＵＨＡ味覚糖杯,一般,４日目
尼崎,13,20260725,9R,4,5181,B1,森　　　智哉,0,0,0.16,5.10,28.57,51.95,4.11,11.11,33.33,13,40.00,51.43,36,52.38,61.90,4R/5/.13/6 10R/3/.13/6,5R/6/.10/5,1R/1/.14/1 6R/2/.20/2,,,,岡山,岡山,28,14:45,ＵＨＡ味覚糖杯,一般,４日目
尼崎,13,20260725,9R,5,3699,B1,富永　　正人,0,0,0.19,4.06,20.29,33.33,4.13,25.00,25.00,62,26.47,45.59,22,36.23,57.97,5R/6/.38/6,4R/3/.14/5 10R/4/.20/6,7R/1/.24/2,4R/4/.21/4,,,埼玉,埼玉,53,14:45,ＵＨＡ味覚糖杯,一般,４日目
尼崎,13,20260725,9R,6,3333,A1,丸尾　　義孝,0,0,0.15,6.41,47.93,65.29,6.03,43.33,66.67,41,17.24,34.48,52,30.43,49.28,2R/5/.19/5 11R/1/.05/2,3R/3/.22/4 7R/2/.22/4,7R/4/.12/3,,,,徳島,徳島,58,14:45,ＵＨＡ味覚糖杯,一般,４日目
尼崎,13,20260725,10R,1,3473,A1,石川　　真二,0,0,0.14,6.27,47.58,65.32,6.55,36.36,90.91,54,41.79,50.75,74,41.79,50.75,7R/2/.11/1 12R/2/.15/4,5R/1/.04/1 10R/2/.24/5,5R/2/.12/1 12R/1/.13/1,4R/2/.16/1,,,福岡,福岡,56,15:16,ＵＨＡ味覚糖杯,準優勝戦,４日目
尼崎,13,20260725,10R,2,4732,A2,堀本　　和也,0,0,0.12,6.64,46.55,63.79,6.21,47.37,68.42,26,43.08,60.00,75,37.68,52.17,5R/2/.21/2 10R/6/.07/2,5R/3/.08/3 9R/1/.19/1,12R/5/.10/3,1R/3/.25/1,,,徳島,徳島,37,15:16,ＵＨＡ味覚糖杯,準優勝戦,４日目
尼崎,13,20260725,10R,3,4363,A2,大野　　芳顕,0,0,0.17,5.52,36.36,55.37,5.20,30.00,30.00,59,17.54,31.58,12,26.15,41.54,4R/3/.12/3 11R/4/.11/5,8R/6/.31/3,2R/2/.13/1 8R/1/.19/1,5R/5/.18/4,,,福岡,福岡,41,15:16,ＵＨＡ味覚糖杯,準優勝戦,４日目
尼崎,13,20260725,10R,4,4917,B1,岩橋　　裕馬,0,0,0.17,4.46,22.58,32.26,4.74,25.29,43.68,16,44.12,72.06,60,32.31,50.77,2R/1/.19/1,6R/3/.10/1 10R/5/.13/4,12R/4/.07/5,2R/6/.03/4,,,兵庫,大阪,37,15:16,ＵＨＡ味覚糖杯,準優勝戦,４日目
尼崎,13,20260725,10R,5,4089,A2,妹尾　　忠幸,0,0,0.16,6.16,41.07,64.29,6.70,50.00,80.00,23,60.29,72.06,50,21.74,46.38,5R/3/.26/4 11R/6/.11/3,7R/4/.23/2,6R/1/.21/1 10R/5/.21/4,3R/2/.18/3,,,岡山,岡山,45,15:16,ＵＨＡ味覚糖杯,準優勝戦,４日目
尼崎,13,20260725,10R,6,5091,B1,為本　　智也,0,0,0.17,6.38,49.06,66.04,7.63,62.50,100.00,47,19.67,40.98,42,35.38,55.38,3R/3/.09/2 11R/5/.06/4,4R/1/.13/1,1R/5/.17/3 10R/4/.15/5,6R/2/.14/2,,,福井,石川,25,15:16,ＵＨＡ味覚糖杯,準優勝戦,４日目
尼崎,13,20260725,11R,1,4847,A1,佐藤　隆太郎,0,0,0.16,7.09,49.44,71.91,4.56,11.11,44.44,53,31.34,43.28,64,33.33,59.09,8R/4/.17/2 12R/1/.14/1,3R/5/.13/2 9R/3/.18/2,7R/5/.13/1 12R/2/.10/2,6R/4/.09/5,,,東京,東京,32,15:47,ＵＨＡ味覚糖杯,準優勝戦,４日目
尼崎,13,20260725,11R,2,3572,B1,安田　　政彦,0,0,0.20,4.93,26.45,46.28,5.35,31.76,54.12,5,31.82,51.52,46,40.00,60.00,4R/1/.08/1,4R/6/.12/6 12R/2/.09/1,8R/3/.15/2,1R/5/.29/4,,,兵庫,大阪,54,15:47,ＵＨＡ味覚糖杯,準優勝戦,４日目
尼崎,13,20260725,11R,3,5137,A2,川原　　　涼,0,0,0.17,5.20,35.29,52.94,4.60,30.00,50.00,15,37.31,49.25,21,43.48,53.62,8R/1/.19/1,3R/4/.10/1 11R/3/.18/2,5R/4/.09/4 11R/6/.16/6,3R/5/.12/4,,,愛知,愛知,26,15:47,ＵＨＡ味覚糖杯,準優勝戦,４日目
尼崎,13,20260725,11R,4,5026,A1,安河内　　健,0,0,0.16,6.21,46.53,64.36,7.00,42.86,85.71,4,49.28,60.87,69,20.00,40.00,2R/2/.54/4 9R/5/.11/2,10R/1/.22/1,4R/5/.01/4 11R/2/.17/2,5R/3/.17/1,,,佐賀,佐賀,30,15:47,ＵＨＡ味覚糖杯,準優勝戦,４日目
尼崎,13,20260725,11R,5,4822,A2,百武　　　翔,0,0,0.17,5.85,44.35,60.00,4.78,33.33,40.74,8,32.35,51.47,43,41.27,57.14,7R/4/.19/2,4R/5/.13/3 8R/1/.18/1,6R/4/.24/3 12R/6/.15/6,2R/2/.14/1,,,佐賀,佐賀,33,15:47,ＵＨＡ味覚糖杯,準優勝戦,４日目
尼崎,13,20260725,11R,6,4529,A1,嶋　　　義信,0,0,0.14,5.61,37.78,54.44,5.38,38.10,57.14,14,32.84,46.27,33,29.41,47.06,3R/5/.12/5 10R/1/.06/1,2R/2/.18/4 12R/5/.13/3,9R/3/.06/2,7R/1/.11/2,,,香川,香川,37,15:47,ＵＨＡ味覚糖杯,準優勝戦,４日目
尼崎,13,20260725,12R,1,4012,A2,中村　　有裕,0,0,0.16,6.12,45.92,58.16,6.73,45.45,81.82,18,40.58,62.32,35,32.86,51.43,6R/4/.13/1 11R/3/.06/1,10R/3/.19/2,4R/2/.06/1 9R/1/.01/1,7R/5/.06/1,,,滋賀,滋賀,46,16:24,ＵＨＡ味覚糖杯,準優勝戦,４日目
尼崎,13,20260725,12R,2,4296,A2,岡崎　　恭裕,0,0,0.14,6.45,45.00,62.50,5.33,22.22,22.22,51,18.84,34.78,47,10.94,25.00,1R/3/.21/1 10R/4/.13/3,4R/2/.13/4 9R/6/.29/3,11R/1/.16/1,2R/5/.05/2,,,福岡,福岡,39,16:24,ＵＨＡ味覚糖杯,準優勝戦,４日目
尼崎,13,20260725,12R,3,5051,A1,松本　　純平,0,0,0.16,6.73,48.21,66.96,8.00,100.00,100.00,9,46.48,64.79,34,37.68,59.42,6R/1/.21/3 12R/4/.21/3,2R/5/.26/3 8R/2/.23/2,1R/3/.15/2 11R/5/.15/3,5R/1/.22/3,,,埼玉,兵庫,31,16:24,ＵＨＡ味覚糖杯,準優勝戦,４日目
尼崎,13,20260725,12R,4,4384,A1,鶴本　　崇文,0,0,0.16,5.86,38.38,60.61,6.08,40.54,62.16,21,13.89,38.89,72,33.82,52.94,5R/5/.38/5 12R/3/.23/2,4R/4/.11/2 11R/1/.10/1,3R/6/.21/4 8R/2/.17/3,8R/1/.15/2,,,大阪,大阪,41,16:24,ＵＨＡ味覚糖杯,準優勝戦,４日目
尼崎,13,20260725,12R,5,4356,A2,長岡　　良也,0,0,0.18,5.28,35.82,53.73,5.88,38.00,64.00,2,35.71,54.29,19,31.88,50.72,9R/1/.16/1,1R/3/.21/2 11R/4/.23/3,5R/3/.10/5 10R/2/.19/3,4R/3/.16/2,,,兵庫,兵庫,42,16:24,ＵＨＡ味覚糖杯,準優勝戦,４日目
尼崎,13,20260725,12R,6,3931,A2,黒崎　　竜也,0,0,0.15,5.92,39.13,56.52,5.40,33.33,56.67,44,35.21,53.52,18,35.94,59.38,8R/6/.22/4,6R/1/.13/4 11R/5/.23/4,3R/4/.04/1 10R/3/.13/2,6R/1/.15/1,,,三重,三重,50,16:24,ＵＨＡ味覚糖杯,準優勝戦,４日目
鳴門,14,20260725,1R,1,4939,A1,宮之原　輝紀,0,0,0.14,7.06,51.02,63.27,7.12,60.00,72.00,77,26.92,48.08,83,32.00,40.00,8R/5/.13/1 12R/1/.11/1,7R/6/.16/5,5R/3/.16/1 11R/2/.13/1,,,,東京,東京,28,08:46,にっぽん未来プロジェクト競走ｉｎ鳴門,とるならなると,４日目
鳴門,14,20260725,1R,2,5143,B1,常盤　　海心,0,0,0.19,4.02,19.30,37.72,3.98,15.38,39.56,84,22.00,48.00,71,23.40,38.30,6R/1/.12/3,1R/3/.17/2 8R/4/.15/5,5R/6/.21/5 12R/5/.15/6,,,,徳島,徳島,25,08:46,にっぽん未来プロジェクト競走ｉｎ鳴門,とるならなると,４日目
鳴門,14,20260725,1R,3,2878,B1,富山　　弘幸,0,0,0.17,5.52,33.33,58.59,5.00,14.29,57.14,21,18.18,40.91,68,27.08,43.75,8R/6/.22/5,1R/4/.19/3 9R/1/.10/2,3R/3/.12/4,,,,大阪,大阪,68,08:46,にっぽん未来プロジェクト競走ｉｎ鳴門,とるならなると,４日目
鳴門,14,20260725,1R,4,3569,B1,増田　　　進,0,0,0.18,4.15,18.68,34.07,3.58,15.79,26.32,34,32.14,44.64,21,40.74,51.85,1R/5/.26/2 10R/2/.09/4,4R/5/.23/4,4R/3/.11/6,,,,東京,東京,55,08:46,にっぽん未来プロジェクト競走ｉｎ鳴門,とるならなると,４日目
鳴門,14,20260725,1R,5,5172,B1,田村　　　慶,0,0,0.19,4.87,28.74,43.68,5.45,34.38,52.50,73,14.58,43.75,64,33.33,58.33,3R/3/.13/2 7R/6/.11/3,7R/1/.16/1,4R/4/.12/5 8R/2/.23/2,,,,徳島,徳島,25,08:46,にっぽん未来プロジェクト競走ｉｎ鳴門,とるならなると,４日目
鳴門,14,20260725,1R,6,4176,B2,樋口　　喜彦,0,0,0.18,3.34,17.07,24.39,4.25,25.00,37.50,75,22.92,39.58,22,24.53,35.85,1R/2/.24/6 7R/5/.09/6,5R/3/.14/2,7R/1/.17/6,,,,兵庫,大阪,43,08:46,にっぽん未来プロジェクト競走ｉｎ鳴門,とるならなると,４日目
鳴門,14,20260725,2R,1,4105,B1,松下　　直也,0,0,0.19,5.29,31.73,56.73,5.55,38.64,54.55,68,24.00,36.00,61,29.31,48.28,8R/4/.12/4,4R/2/.19/3 11R/4/.14/5,3R/6/.24/6,,,,兵庫,兵庫,46,09:12,にっぽん未来プロジェクト競走ｉｎ鳴門,どーなるなると,４日目
鳴門,14,20260725,2R,2,4391,A1,松田　　祐季,0,0,0.15,6.42,44.64,58.04,3.20,0.00,0.00,25,25.86,44.83,10,38.46,59.62,4R/1/.17/2 11R/5/.18/5,2R/3/.11/1 7R/3/.16/3,7R/2/.12/1 12R/6/.21/4,,,,福井,福井,40,09:12,にっぽん未来プロジェクト競走ｉｎ鳴門,どーなるなると,４日目
鳴門,14,20260725,2R,3,4342,A2,谷野　　錬志,0,0,0.15,6.06,35.79,52.63,7.17,63.89,77.78,31,40.00,62.00,73,13.33,17.78,6R/5/.06/4 11R/2/.17/3,3R/4/.19/4,4R/6/.14/2 10R/3/.06/2,,,,静岡,静岡,41,09:12,にっぽん未来プロジェクト競走ｉｎ鳴門,どーなるなると,４日目
鳴門,14,20260725,2R,4,3563,B1,堤　　　　昇,0,0,0.15,5.50,33.63,56.64,4.79,26.32,47.37,32,28.57,57.14,34,25.81,45.16,4R/4/.13/3,2R/4/.11/2 10R/1/.07/1,2R/2/.03/1 11R/5/.14/3,,,,静岡,静岡,56,09:12,にっぽん未来プロジェクト競走ｉｎ鳴門,どーなるなると,４日目
鳴門,14,20260725,2R,5,5063,B1,大塚　　雅治,0,0,0.21,4.45,19.74,39.47,6.36,36.36,72.73,72,25.49,37.25,65,34.62,50.00,2R/6/.17/6 7R/3/.12/2,4R/4/.24/6,6R/2/.08/2,,,,東京,神奈川,28,09:12,にっぽん未来プロジェクト競走ｉｎ鳴門,どーなるなると,４日目
鳴門,14,20260725,2R,6,4261,A2,岡　　　祐臣,0,0,0.16,6.36,46.40,64.00,5.00,30.77,53.85,55,45.28,58.49,63,25.00,36.54,2R/4/.16/4 11R/3/.21/6,3R/2/.15/3 9R/5/.17/4,9R/1/.13/1,,,,三重,三重,42,09:12,にっぽん未来プロジェクト競走ｉｎ鳴門,どーなるなると,４日目
鳴門,14,20260725,3R,1,4483,A1,北野　　輝季,0,0,0.15,6.73,50.86,64.66,6.50,50.00,70.00,69,28.00,42.00,30,15.25,33.90,7R/4/.11/5 12R/2/.14/3,6R/3/.11/1 12R/1/.11/2,7R/6/.15/5,,,,愛知,愛知,37,09:38,にっぽん未来プロジェクト競走ｉｎ鳴門,どきどきなると,４日目
鳴門,14,20260725,3R,2,4523,A2,中村　　辰也,0,0,0.15,5.75,38.00,63.00,6.76,55.17,65.52,30,47.06,54.90,39,28.57,49.21,8R/1/.14/2,2R/5/.14/3 12R/2/.09/4,2R/6/.13/5 8R/3/.13/3,,,,長崎,長崎,38,09:38,にっぽん未来プロジェクト競走ｉｎ鳴門,どきどきなると,４日目
鳴門,14,20260725,3R,3,4407,B1,鹿島　　敏弘,0,0,0.18,4.92,27.36,45.28,3.75,37.50,37.50,78,36.00,48.00,72,34.48,51.72,1R/4/.25/3,3R/5/.16/5 8R/1/.12/2,1R/3/.11/3 10R/6/.14/5,,,,群馬,青森,40,09:38,にっぽん未来プロジェクト競走ｉｎ鳴門,どきどきなると,４日目
鳴門,14,20260725,3R,4,3906,B1,飯山　　晃三,1,0,0.21,4.04,23.76,36.63,4.42,23.68,42.11,11,33.33,50.00,36,21.57,49.02,4R/3/.11/4,3R/3/.15/2 7R/5/.20/6,2R/1/.05/6,,,,長崎,長崎,48,09:38,にっぽん未来プロジェクト競走ｉｎ鳴門,どきどきなると,４日目
鳴門,14,20260725,3R,5,4736,A1,高倉　　和士,0,0,0.14,7.11,56.25,75.00,6.81,43.75,68.75,83,23.91,34.78,69,28.00,50.00,3R/1/.09/1 12R/4/.09/2,4R/6/.13/2 9R/2/.10/3,6R/3/.11/4 12R/1/.04/1,,,,福岡,福岡,35,09:38,にっぽん未来プロジェクト競走ｉｎ鳴門,どきどきなると,４日目
鳴門,14,20260725,3R,6,5366,B2,塩嶋　　泰空,0,0,0.19,1.34,1.47,2.94,1.04,0.00,0.00,81,25.00,37.50,81,34.48,56.90,3R/6/.15/6,2R/2/.10/6 8R/5/.13/6,6R/1/.12/1,,,,福井,石川,24,09:38,にっぽん未来プロジェクト競走ｉｎ鳴門,どきどきなると,４日目
鳴門,14,20260725,4R,1,4099,A2,吉永　　則雄,0,0,0.17,5.62,37.14,56.19,5.68,42.86,50.00,22,27.42,45.16,12,32.73,41.82,5R/3/.13/2 10R/5/.17/3,5R/2/.17/3 11R/6/.15/3,7R/4/.12/4,,,,大阪,大阪,47,10:04,にっぽん未来プロジェクト競走ｉｎ鳴門,とにかくなると,４日目
鳴門,14,20260725,4R,2,3156,B1,金子　　良昭,0,0,0.17,4.49,26.37,40.66,4.00,25.00,25.00,39,14.00,36.00,55,33.33,39.22,2R/1/.13/5 10R/4/.12/6,6R/4/.07/4,1R/5/.15/5 9R/3/.13/3,,,,静岡,静岡,61,10:04,にっぽん未来プロジェクト競走ｉｎ鳴門,とにかくなると,４日目
鳴門,14,20260725,4R,3,4220,B1,深川　　和仁,0,0,0.18,4.92,33.00,40.00,4.00,21.43,35.71,20,32.00,50.00,26,37.25,56.86,5R/5/.14/3,7R/2/.16/2 12R/6/.10/5,2R/4/.04/4 10R/1/.11/1,,,,香川,香川,44,10:04,にっぽん未来プロジェクト競走ｉｎ鳴門,とにかくなると,４日目
鳴門,14,20260725,4R,4,4081,B1,樋口　　範政,0,0,0.19,4.88,26.61,44.04,3.67,22.22,33.33,23,25.42,40.68,58,25.45,41.82,5R/1/.16/1 9R/4/.21/4,5R/5/.14/4 10R/3/.09/2,8R/5/.23/5,,,,愛知,愛知,47,10:04,にっぽん未来プロジェクト競走ｉｎ鳴門,とにかくなると,４日目
鳴門,14,20260725,4R,5,4713,A1,白神　　　優,0,0,0.14,6.55,45.45,65.29,6.07,41.38,62.07,26,22.03,38.98,33,60.00,68.00,12R/3/.14/5,11R/3/.13/2,1R/1/.13/1 6R/5/.16/5,,,,岡山,岡山,35,10:04,にっぽん未来プロジェクト競走ｉｎ鳴門,とにかくなると,４日目
鳴門,14,20260725,4R,6,4584,A1,村岡　　賢人,1,0,0.12,6.10,38.20,56.18,6.54,46.15,64.10,36,16.98,24.53,11,40.98,57.38,10R/3/.08/1,4R/1/.22/1 12R/5/.13/1,8R/4/.23/6 12R/2/.04/3,,,,岡山,鳥取,36,10:04,にっぽん未来プロジェクト競走ｉｎ鳴門,とにかくなると,４日目
鳴門,14,20260725,5R,1,4239,A1,竹田　　辰也,0,0,0.15,6.47,54.81,66.35,6.65,59.46,70.27,18,27.12,45.76,20,25.53,38.30,6R/2/.11/2 12R/6/.16/4,3R/1/.13/1 10R/4/.15/6,2R/3/.02/3,,,,山口,山口,42,10:30,にっぽん未来プロジェクト競走ｉｎ鳴門,予選,４日目
鳴門,14,20260725,5R,2,5183,B1,中野　　孝二,0,0,0.17,4.92,32.00,48.00,0.00,0.00,0.00,14,44.44,59.26,31,29.41,50.98,3R/4/.14/5 10R/1/.07/2,8R/6/.15/4,7R/5/.11/3 11R/3/.13/2,,,,三重,三重,27,10:30,にっぽん未来プロジェクト競走ｉｎ鳴門,予選,４日目
鳴門,14,20260725,5R,3,4404,B1,岸蔭　　　亮,1,0,0.20,3.74,13.41,31.71,3.82,23.53,29.41,17,34.55,61.82,38,29.17,50.00,4R/6/.12/6 9R/1/.09/2,3R/6/.24/6,1R/2/.15/2 5R/4/.26/4,,,,兵庫,兵庫,41,10:30,にっぽん未来プロジェクト競走ｉｎ鳴門,予選,４日目
鳴門,14,20260725,5R,4,4154,B1,森安　　弘雅,0,0,0.20,5.19,37.08,53.93,4.38,15.38,53.85,57,44.90,59.18,53,49.06,62.26,2R/5/.16/2 8R/2/.18/6,9R/4/.17/1,1R/6/.21/6 7R/3/.13/2,,,,香川,香川,46,10:30,にっぽん未来プロジェクト競走ｉｎ鳴門,予選,４日目
鳴門,14,20260725,5R,5,4052,A2,興津　　　藍,0,0,0.16,5.62,37.70,53.28,5.95,41.61,59.73,80,25.86,39.66,23,34.62,48.08,1R/1/.21/1 11R/4/.18/2,4R/3/.16/5 10R/6/.19/4,9R/2/.11/2,,,,徳島,兵庫,45,10:30,にっぽん未来プロジェクト競走ｉｎ鳴門,予選,４日目
鳴門,14,20260725,5R,6,5421,B2,原田　　朱理,0,0,0.24,1.31,1.96,1.96,0.00,0.00,0.00,76,33.33,50.00,75,46.15,69.23,1R/6/.39/5 6R/6/.22/6,5R/6/.26/6,6R/6/.23/6 10R/5/.11/3,,,,兵庫,大阪,24,10:30,にっぽん未来プロジェクト競走ｉｎ鳴門,予選,４日目
鳴門,14,20260725,6R,1,3569,B1,増田　　　進,0,0,0.18,4.15,18.68,34.07,3.58,15.79,26.32,34,32.14,44.64,21,40.74,51.85,1R/5/.26/2 10R/2/.09/4,4R/5/.23/4,4R/3/.11/6,1R/4/.15/3,,,東京,東京,55,10:59,にっぽん未来プロジェクト競走ｉｎ鳴門,予選,４日目
鳴門,14,20260725,6R,2,4428,A2,有賀　　達也,0,0,0.14,6.13,42.86,57.14,7.60,70.00,80.00,35,34.62,51.92,57,23.26,30.23,7R/2/.13/4 11R/6/.15/4,10R/5/.12/3,3R/4/.15/3 11R/1/.19/5,,,,埼玉,埼玉,40,10:59,にっぽん未来プロジェクト競走ｉｎ鳴門,予選,４日目
鳴門,14,20260725,6R,3,3257,A1,田頭　　　実,0,0,0.13,6.91,59.34,67.03,5.82,47.06,58.82,62,33.96,47.17,17,35.29,56.86,4R/2/.05/1,1R/1/.08/1 11R/2/.15/6,3R/2/.16/1 10R/2/.08/4,,,,福岡,福岡,59,10:59,にっぽん未来プロジェクト競走ｉｎ鳴門,予選,４日目
鳴門,14,20260725,6R,4,4180,A2,上野　　秀和,0,0,0.17,5.41,31.07,53.40,4.38,25.00,31.25,38,40.00,60.00,51,32.73,52.73,10R/6/.18/5,5R/1/.17/1 12R/3/.10/3,5R/5/.17/3 10R/4/.14/6,,,,福岡,福岡,43,10:59,にっぽん未来プロジェクト競走ｉｎ鳴門,予選,４日目
鳴門,14,20260725,6R,5,3660,B1,長谷川　親王,0,0,0.19,3.18,9.72,19.44,3.52,13.64,25.00,13,25.53,46.81,25,22.00,40.00,7R/1/.12/1,2R/6/.21/4 9R/3/.14/5,5R/2/.20/2 9R/4/.17/5,,,,香川,香川,57,10:59,にっぽん未来プロジェクト競走ｉｎ鳴門,予選,４日目
鳴門,14,20260725,6R,6,3692,B1,竹腰　　正樹,0,0,0.18,4.97,26.85,51.85,5.00,41.18,47.06,10,21.28,46.81,84,30.36,42.86,6R/3/.07/5,1R/5/.14/6 10R/2/.06/5,1R/4/.11/4 8R/1/.15/1,,,,福井,石川,55,10:59,にっぽん未来プロジェクト競走ｉｎ鳴門,予選,４日目
鳴門,14,20260725,7R,1,5063,B1,大塚　　雅治,0,0,0.21,4.45,19.74,39.47,6.36,36.36,72.73,72,25.49,37.25,65,34.62,50.00,2R/6/.17/6 7R/3/.12/2,4R/4/.24/6,6R/2/.08/2,2R/5/.19/4,,,東京,神奈川,28,11:28,にっぽん未来プロジェクト競走ｉｎ鳴門,予選,４日目
鳴門,14,20260725,7R,2,4407,B1,鹿島　　敏弘,0,0,0.18,4.92,27.36,45.28,3.75,37.50,37.50,78,36.00,48.00,72,34.48,51.72,1R/4/.25/3,3R/5/.16/5 8R/1/.12/2,1R/3/.11/3 10R/6/.14/5,3R/3/.10/2,,,群馬,青森,40,11:28,にっぽん未来プロジェクト競走ｉｎ鳴門,予選,４日目
鳴門,14,20260725,7R,3,3655,B1,本橋　　克洋,1,0,0.17,4.95,26.92,47.12,4.26,21.74,39.13,29,53.33,60.00,60,32.65,57.14,3R/5/.10/4 8R/3/.13/3,6R/1/.18/2,4R/2/.17/3 9R/6/.21/4,,,,群馬,群馬,52,11:28,にっぽん未来プロジェクト競走ｉｎ鳴門,予選,４日目
鳴門,14,20260725,7R,4,4121,A2,富永　　修一,0,0,0.14,5.99,46.15,59.34,5.52,33.33,57.14,19,34.62,55.77,78,29.63,38.89,2R/3/.12/1 9R/2/.08/1,2R/1/.09/5 11R/5/.12/4,6R/4/.09/3 11R/6/.17/4,,,,福岡,福岡,44,11:28,にっぽん未来プロジェクト競走ｉｎ鳴門,予選,４日目
鳴門,14,20260725,7R,5,2878,B1,富山　　弘幸,0,0,0.17,5.52,33.33,58.59,5.00,14.29,57.14,21,18.18,40.91,68,27.08,43.75,8R/6/.22/5,1R/4/.19/3 9R/1/.10/2,3R/3/.12/4,1R/3/.21/5,,,大阪,大阪,68,11:28,にっぽん未来プロジェクト競走ｉｎ鳴門,予選,４日目
鳴門,14,20260725,7R,6,4794,A1,和田　　拓也,0,0,0.13,6.85,52.94,72.94,6.62,50.00,66.67,64,25.53,40.43,62,29.41,37.25,2R/2/.13/3 12R/5/.12/6,8R/3/.16/3,4R/1/.11/1 11R/4/.16/6,,,,兵庫,兵庫,36,11:28,にっぽん未来プロジェクト競走ｉｎ鳴門,予選,４日目
鳴門,14,20260725,8R,1,4342,A2,谷野　　錬志,0,0,0.15,6.06,35.79,52.63,7.17,63.89,77.78,31,40.00,62.00,73,13.33,17.78,6R/5/.06/4 11R/2/.17/3,3R/4/.19/4,4R/6/.14/2 10R/3/.06/2,2R/3/.17/3,,,静岡,静岡,41,11:58,にっぽん未来プロジェクト競走ｉｎ鳴門,予選,４日目
鳴門,14,20260725,8R,2,3792,A1,田中　　　豪,0,0,0.16,6.00,42.17,62.65,5.74,36.84,57.89,63,32.14,62.50,19,29.41,45.10,9R/3/.14/3,8R/2/.16/1 12R/4/.11/6,3R/1/.17/2 9R/5/.18/6,,,,東京,東京,53,11:58,にっぽん未来プロジェクト競走ｉｎ鳴門,予選,４日目
鳴門,14,20260725,8R,3,5366,B2,塩嶋　　泰空,0,0,0.19,1.34,1.47,2.94,1.04,0.00,0.00,81,25.00,37.50,81,34.48,56.90,3R/6/.15/6,2R/2/.10/6 8R/5/.13/6,6R/1/.12/1,3R/6/.17/6,,,福井,石川,24,11:58,にっぽん未来プロジェクト競走ｉｎ鳴門,予選,４日目
鳴門,14,20260725,8R,4,4220,B1,深川　　和仁,0,0,0.18,4.92,33.00,40.00,4.00,21.43,35.71,20,32.00,50.00,26,37.25,56.86,5R/5/.14/3,7R/2/.16/2 12R/6/.10/5,2R/4/.04/4 10R/1/.11/1,4R/3/.15/3,,,香川,香川,44,11:58,にっぽん未来プロジェクト競走ｉｎ鳴門,予選,４日目
鳴門,14,20260725,8R,5,4939,A1,宮之原　輝紀,0,0,0.14,7.06,51.02,63.27,7.12,60.00,72.00,77,26.92,48.08,83,32.00,40.00,8R/5/.13/1 12R/1/.11/1,7R/6/.16/5,5R/3/.16/1 11R/2/.13/1,1R/1/.15/1,,,東京,東京,28,11:58,にっぽん未来プロジェクト競走ｉｎ鳴門,予選,４日目
鳴門,14,20260725,8R,6,5337,B1,出畑　　孝成,0,0,0.20,4.35,21.43,38.78,3.63,18.75,25.00,28,20.93,41.86,59,42.59,55.56,6R/4/.06/1,5R/4/.12/5 9R/6/.24/6,4R/5/.12/4 12R/4/.09/2,,,,福岡,福岡,20,11:58,にっぽん未来プロジェクト競走ｉｎ鳴門,予選,４日目
鳴門,14,20260725,9R,1,4390,B1,松本　　弓雄,0,0,0.20,4.38,20.00,40.91,4.69,24.03,45.74,56,28.30,45.28,79,18.18,50.00,1R/3/.29/4 9R/5/.15/6,6R/2/.32/5,3R/5/.15/5 8R/6/.21/4,,,,徳島,高知,40,12:27,にっぽん未来プロジェクト競走ｉｎ鳴門,特賞,４日目
鳴門,14,20260725,9R,2,4081,B1,樋口　　範政,0,0,0.19,4.88,26.61,44.04,3.67,22.22,33.33,23,25.42,40.68,58,25.45,41.82,5R/1/.16/1 9R/4/.21/4,5R/5/.14/4 10R/3/.09/2,8R/5/.23/5,4R/4/.14/5,,,愛知,愛知,47,12:27,にっぽん未来プロジェクト競走ｉｎ鳴門,特賞,４日目
鳴門,14,20260725,9R,3,4441,A2,末永　　由楽,0,0,0.14,5.67,33.06,53.23,0.00,0.00,0.00,74,28.57,48.98,35,22.22,31.48,3R/2/.08/3 9R/6/.25/5,6R/5/.07/3 11R/1/.06/1,2R/5/.05/2 12R/3/.03/5,,,,岡山,岡山,39,12:27,にっぽん未来プロジェクト競走ｉｎ鳴門,特賞,４日目
鳴門,14,20260725,9R,4,5143,B1,常盤　　海心,0,0,0.19,4.02,19.30,37.72,3.98,15.38,39.56,84,22.00,48.00,71,23.40,38.30,6R/1/.12/3,1R/3/.17/2 8R/4/.15/5,5R/6/.21/5 12R/5/.15/6,1R/2/.19/2,,,徳島,徳島,25,12:27,にっぽん未来プロジェクト競走ｉｎ鳴門,特賞,４日目
鳴門,14,20260725,9R,5,4105,B1,松下　　直也,0,0,0.19,5.29,31.73,56.73,5.55,38.64,54.55,68,24.00,36.00,61,29.31,48.28,8R/4/.12/4,4R/2/.19/3 11R/4/.14/5,3R/6/.24/6,2R/1/.23/2,,,兵庫,兵庫,46,12:27,にっぽん未来プロジェクト競走ｉｎ鳴門,特賞,４日目
鳴門,14,20260725,9R,6,4239,A1,竹田　　辰也,0,0,0.15,6.47,54.81,66.35,6.65,59.46,70.27,18,27.12,45.76,20,25.53,38.30,6R/2/.11/2 12R/6/.16/4,3R/1/.13/1 10R/4/.15/6,2R/3/.02/3,5R/1/.06/2,,,山口,山口,42,12:27,にっぽん未来プロジェクト競走ｉｎ鳴門,特賞,４日目
鳴門,14,20260725,10R,1,4154,B1,森安　　弘雅,0,0,0.20,5.19,37.08,53.93,4.38,15.38,53.85,57,44.90,59.18,53,49.06,62.26,2R/5/.16/2 8R/2/.18/6,9R/4/.17/1,1R/6/.21/6 7R/3/.13/2,5R/4/.19/4,,,香川,香川,46,13:05,にっぽん未来プロジェクト競走ｉｎ鳴門,特賞,４日目
鳴門,14,20260725,10R,2,4584,A1,村岡　　賢人,1,0,0.12,6.10,38.20,56.18,6.54,46.15,64.10,36,16.98,24.53,11,40.98,57.38,10R/3/.08/1,4R/1/.22/1 12R/5/.13/1,8R/4/.23/6 12R/2/.04/3,4R/6/.10/4,,,岡山,鳥取,36,13:05,にっぽん未来プロジェクト競走ｉｎ鳴門,特賞,４日目
鳴門,14,20260725,10R,3,4261,A2,岡　　　祐臣,0,0,0.16,6.36,46.40,64.00,5.00,30.77,53.85,55,45.28,58.49,63,25.00,36.54,2R/4/.16/4 11R/3/.21/6,3R/2/.15/3 9R/5/.17/4,9R/1/.13/1,2R/6/.23/6,,,三重,三重,42,13:05,にっぽん未来プロジェクト競走ｉｎ鳴門,特賞,４日目
鳴門,14,20260725,10R,4,4176,B2,樋口　　喜彦,0,0,0.18,3.34,17.07,24.39,4.25,25.00,37.50,75,22.92,39.58,22,24.53,35.85,1R/2/.24/6 7R/5/.09/6,5R/3/.14/2,7R/1/.17/6,1R/6/.17/6,,,兵庫,大阪,43,13:05,にっぽん未来プロジェクト競走ｉｎ鳴門,特賞,４日目
鳴門,14,20260725,10R,5,4428,A2,有賀　　達也,0,0,0.14,6.13,42.86,57.14,7.60,70.00,80.00,35,34.62,51.92,57,23.26,30.23,7R/2/.13/4 11R/6/.15/4,10R/5/.12/3,3R/4/.15/3 11R/1/.19/5,6R/3/.07/4,,,埼玉,埼玉,40,13:05,にっぽん未来プロジェクト競走ｉｎ鳴門,特賞,４日目
鳴門,14,20260725,10R,6,3906,B1,飯山　　晃三,1,0,0.21,4.04,23.76,36.63,4.42,23.68,42.11,11,33.33,50.00,36,21.57,49.02,4R/3/.11/4,3R/3/.15/2 7R/5/.20/6,2R/1/.05/6,3R/4/.13/5,,,長崎,長崎,48,13:05,にっぽん未来プロジェクト競走ｉｎ鳴門,特賞,４日目
鳴門,14,20260725,11R,1,4713,A1,白神　　　優,0,0,0.14,6.55,45.45,65.29,6.07,41.38,62.07,26,22.03,38.98,33,60.00,68.00,12R/3/.14/5,11R/3/.13/2,1R/1/.13/1 6R/5/.16/5,4R/5/.09/2,,,岡山,岡山,35,13:35,にっぽん未来プロジェクト競走ｉｎ鳴門,特選,４日目
鳴門,14,20260725,11R,2,4180,A2,上野　　秀和,0,0,0.17,5.41,31.07,53.40,4.38,25.00,31.25,38,40.00,60.00,51,32.73,52.73,10R/6/.18/5,5R/1/.17/1 12R/3/.10/3,5R/5/.17/3 10R/4/.14/6,6R/4/.17/6,,,福岡,福岡,43,13:35,にっぽん未来プロジェクト競走ｉｎ鳴門,特選,４日目
鳴門,14,20260725,11R,3,4052,A2,興津　　　藍,0,0,0.16,5.62,37.70,53.28,5.95,41.61,59.73,80,25.86,39.66,23,34.62,48.08,1R/1/.21/1 11R/4/.18/2,4R/3/.16/5 10R/6/.19/4,9R/2/.11/2,5R/5/.19/3,,,徳島,兵庫,45,13:35,にっぽん未来プロジェクト競走ｉｎ鳴門,特選,４日目
鳴門,14,20260725,11R,4,3655,B1,本橋　　克洋,1,0,0.17,4.95,26.92,47.12,4.26,21.74,39.13,29,53.33,60.00,60,32.65,57.14,3R/5/.10/4 8R/3/.13/3,6R/1/.18/2,4R/2/.17/3 9R/6/.21/4,7R/3/.17/3,,,群馬,群馬,52,13:35,にっぽん未来プロジェクト競走ｉｎ鳴門,特選,４日目
鳴門,14,20260725,11R,5,4483,A1,北野　　輝季,0,0,0.15,6.73,50.86,64.66,6.50,50.00,70.00,69,28.00,42.00,30,15.25,33.90,7R/4/.11/5 12R/2/.14/3,6R/3/.11/1 12R/1/.11/2,7R/6/.15/5,3R/1/.11/1,,,愛知,愛知,37,13:35,にっぽん未来プロジェクト競走ｉｎ鳴門,特選,４日目
鳴門,14,20260725,11R,6,3563,B1,堤　　　　昇,0,0,0.15,5.50,33.63,56.64,4.79,26.32,47.37,32,28.57,57.14,34,25.81,45.16,4R/4/.13/3,2R/4/.11/2 10R/1/.07/1,2R/2/.03/1 11R/5/.14/3,2R/4/.19/5,,,静岡,静岡,56,13:35,にっぽん未来プロジェクト競走ｉｎ鳴門,特選,４日目
鳴門,14,20260725,12R,1,3257,A1,田頭　　　実,0,0,0.13,6.91,59.34,67.03,5.82,47.06,58.82,62,33.96,47.17,17,35.29,56.86,4R/2/.05/1,1R/1/.08/1 11R/2/.15/6,3R/2/.16/1 10R/2/.08/4,6R/2/.11/1,,,福岡,福岡,59,14:13,にっぽん未来プロジェクト競走ｉｎ鳴門,特選,４日目
鳴門,14,20260725,12R,2,4794,A1,和田　　拓也,0,0,0.13,6.85,52.94,72.94,6.62,50.00,66.67,64,25.53,40.43,62,29.41,37.25,2R/2/.13/3 12R/5/.12/6,8R/3/.16/3,4R/1/.11/1 11R/4/.16/6,7R/6/.17/5,,,兵庫,兵庫,36,14:13,にっぽん未来プロジェクト競走ｉｎ鳴門,特選,４日目
鳴門,14,20260725,12R,3,4099,A2,吉永　　則雄,0,0,0.17,5.62,37.14,56.19,5.68,42.86,50.00,22,27.42,45.16,12,32.73,41.82,5R/3/.13/2 10R/5/.17/3,5R/2/.17/3 11R/6/.15/3,7R/4/.12/4,4R/1/.21/1,,,大阪,大阪,47,14:13,にっぽん未来プロジェクト競走ｉｎ鳴門,特選,４日目
鳴門,14,20260725,12R,4,5172,B1,田村　　　慶,0,0,0.19,4.87,28.74,43.68,5.45,34.38,52.50,73,14.58,43.75,64,33.33,58.33,3R/3/.13/2 7R/6/.11/3,7R/1/.16/1,4R/4/.12/5 8R/2/.23/2,1R/5/.15/4,,,徳島,徳島,25,14:13,にっぽん未来プロジェクト競走ｉｎ鳴門,特選,４日目
鳴門,14,20260725,12R,5,4523,A2,中村　　辰也,0,0,0.15,5.75,38.00,63.00,6.76,55.17,65.52,30,47.06,54.90,39,28.57,49.21,8R/1/.14/2,2R/5/.14/3 12R/2/.09/4,2R/6/.13/5 8R/3/.13/3,3R/2/.10/4,,,長崎,長崎,38,14:13,にっぽん未来プロジェクト競走ｉｎ鳴門,特選,４日目
鳴門,14,20260725,12R,6,3792,A1,田中　　　豪,0,0,0.16,6.00,42.17,62.65,5.74,36.84,57.89,63,32.14,62.50,19,29.41,45.10,9R/3/.14/3,8R/2/.16/1 12R/4/.11/6,3R/1/.17/2 9R/5/.18/6,8R/2/.15/2,,,東京,東京,53,14:13,にっぽん未来プロジェクト競走ｉｎ鳴門,特選,４日目
丸亀,15,20260725,1R,1,5352,B1,西岡　　蒼志,0,0,0.16,5.10,32.69,43.27,3.25,12.68,23.94,24,37.84,56.22,61,0.00,0.00,3R/2/.17/2 8R/3/.17/2,6R/4/.13/2,3R/4/.12/2 10R/5/.11/3,4R/1/.15/1,1R/5/.28/2 9R/2/.08/4,,香川,香川,21,15:27,にっぽん未来プロジェクト競走ｉｎまるがめ,一般,最終日
丸亀,15,20260725,1R,2,3516,B1,吉原　　聖人,0,0,0.19,4.59,34.78,39.13,4.24,24.00,40.00,53,34.47,49.51,11,11.11,22.22,1R/2/.16/3 8R/5/.20/5,7R/6/.16/6,1R/1/.17/3 7R/3/.18/5,3R/4/.08/5,8R/3/.15/2,,広島,広島,58,15:27,にっぽん未来プロジェクト競走ｉｎまるがめ,一般,最終日
丸亀,15,20260725,1R,3,4214,B1,林　　　祐介,0,0,0.16,5.71,36.73,58.16,5.38,34.00,52.00,2,35.64,50.00,51,0.00,0.00,5R/4/.16/3,4R/3/.09/4 9R/6/.20/4,5R/1/.12/1,1R/2/.25/3 9R/5/.09/4,6R/3/.09/5,,岡山,岡山,41,15:27,にっぽん未来プロジェクト競走ｉｎまるがめ,一般,最終日
丸亀,15,20260725,1R,4,4186,B1,小川　　時光,0,0,0.17,3.57,14.67,28.00,2.71,14.29,14.29,25,33.51,49.47,8,40.00,50.00,4R/5/.19/6,1R/2/.09/3 6R/6/.12/6,3R/5/.19/5,2R/1/.13/2 8R/3/.19/6,5R/6/.31/6,,埼玉,埼玉,45,15:27,にっぽん未来プロジェクト競走ｉｎまるがめ,一般,最終日
丸亀,15,20260725,1R,5,4103,B1,山崎　　善庸,0,0,0.23,3.40,9.09,24.68,4.34,31.03,34.48,40,33.66,50.50,59,0.00,0.00,1R/3/.15/6 6R/4/.27/6,5R/6/.27/6,3R/1/.12/3 8R/5/.21/3,6R/2/.17/5,4R/3/.21/6,,埼玉,東京,47,15:27,にっぽん未来プロジェクト競走ｉｎまるがめ,一般,最終日
丸亀,15,20260725,1R,6,5443,B2,西村　　仁吾,0,0,0.24,1.47,1.96,1.96,0.00,0.00,0.00,46,37.86,50.97,17,50.00,70.00,2R/6/.22/6 8R/6/.19/6,2R/6/.14/6,3R/6/.17/6 7R/6/.15/6,1R/6/.14/2,2R/6/.18/6 8R/6/.16/6,,長崎,佐賀,18,15:27,にっぽん未来プロジェクト競走ｉｎまるがめ,一般,最終日
丸亀,15,20260725,2R,1,3772,B1,一柳　　和孝,0,0,0.16,4.72,20.00,44.44,0.00,0.00,0.00,41,28.21,41.03,55,0.00,0.00,2R/1/.21/1 9R/5/.12/4,3R/4/.13/3,1R/3/.15/6 9R/2/.14/1,4R/6/.18/4,2R/1/.12/2 12R/6/.24/2,,埼玉,埼玉,52,15:58,にっぽん未来プロジェクト競走ｉｎまるがめ,一般,最終日
丸亀,15,20260725,2R,2,5244,B1,黒田　　　剛,1,0,0.16,4.03,20.00,32.00,2.83,8.33,16.67,10,30.00,48.95,49,0.00,0.00,6R/5/.21/4,1R/3/.07/2 7R/2/.15/4,4R/1/.12/1,2R/4/.23/4 10R/6/.09/4,6R/4/.14/6,,福岡,福岡,25,15:58,にっぽん未来プロジェクト競走ｉｎまるがめ,一般,最終日
丸亀,15,20260725,2R,3,4009,A2,小林　　一樹,0,0,0.13,5.73,41.11,57.78,5.24,32.00,48.00,30,38.69,59.30,3,20.00,30.00,1R/5/.12/2 10R/5/.18/5,8R/2/.13/4,6R/4/.05/6 12R/3/.14/1,7R/1/.08/3,4R/5/.09/3 8R/2/.14/4,,山口,山口,47,15:58,にっぽん未来プロジェクト競走ｉｎまるがめ,一般,最終日
丸亀,15,20260725,2R,4,4944,B1,田代　　達也,0,0,0.17,4.03,18.42,32.89,3.24,9.52,19.05,59,37.93,59.61,28,20.00,40.00,4R/2/.16/4,2R/3/.08/4 8R/5/.16/5,2R/1/.17/4,7R/5/.19/5,2R/4/.17/5,,東京,東京,35,15:58,にっぽん未来プロジェクト競走ｉｎまるがめ,一般,最終日
丸亀,15,20260725,2R,5,4319,A2,三宅　　　潤,0,0,0.18,5.69,35.45,57.27,6.68,51.35,75.68,12,40.21,58.20,30,11.11,22.22,3R/4/.13/5 9R/3/.12/5,4R/2/.13/1 11R/6/.26/6,7R/1/.19/1,4R/5/.14/3 12R/3/.12/5,3R/6/.17/3,,大阪,大阪,41,15:58,にっぽん未来プロジェクト競走ｉｎまるがめ,一般,最終日
丸亀,15,20260725,2R,6,4164,B1,岩永　　節也,0,0,0.19,3.85,14.29,31.87,4.35,19.23,38.46,19,27.92,46.19,20,45.45,63.64,3R/1/.14/3,3R/2/.15/4 7R/5/.23/5,2R/3/.18/2,2R/6/.25/6 9R/4/.12/6,1R/2/.12/3,,長崎,長崎,44,15:58,にっぽん未来プロジェクト競走ｉｎまるがめ,一般,最終日
丸亀,15,20260725,3R,1,3546,B1,中里　　昌志,0,0,0.19,4.41,18.37,42.86,4.14,27.03,35.14,7,42.49,62.18,9,0.00,33.33,5R/3/.18/2,2R/1/.09/1 11R/4/.27/4,6R/6/.12/3,3R/2/.17/1 10R/5/.05/5,5R/3/.25/3 9R/4/.12/5,,埼玉,埼玉,57,16:33,にっぽん未来プロジェクト競走ｉｎまるがめ,一般,最終日
丸亀,15,20260725,3R,2,5175,B1,島崎　丈一朗,0,0,0.18,5.24,27.94,55.88,0.00,0.00,0.00,35,30.88,48.53,23,36.36,36.36,7R/1/.15/5,2R/2/.12/3 9R/5/.28/3,5R/4/.16/3,4R/3/.16/5 8R/6/.15/5,3R/5/.11/6,,東京,東京,22,16:33,にっぽん未来プロジェクト競走ｉｎまるがめ,一般,最終日
丸亀,15,20260725,3R,3,4189,A1,川上　　　剛,1,0,0.16,5.94,35.19,58.33,6.56,53.66,65.85,27,37.31,55.44,46,0.00,0.00,2R/5/.15/4 10R/3/.19/4,5R/4/.20/4 11R/5/.27/3,8R/1/.16/1 12R/2/.14/6,9R/2/.13/2,7R/4/.15/1 12R/1/.21/1,,福岡,福岡,45,16:33,にっぽん未来プロジェクト競走ｉｎまるがめ,一般,最終日
丸亀,15,20260725,3R,4,4169,B1,多田　　有佑,0,0,0.23,4.24,21.79,30.77,2.96,8.33,12.50,37,34.62,47.60,63,0.00,0.00,2R/2/.27/5,1R/4/.08/6 10R/6/.14/5,6R/3/.08/5,3R/1/.27/4 8R/5/.15/4,7R/3/.12/4,,東京,山形,43,16:33,にっぽん未来プロジェクト競走ｉｎまるがめ,一般,最終日
丸亀,15,20260725,3R,5,4861,A2,田中　　宏樹,0,0,0.17,5.42,33.67,53.06,5.49,40.54,54.05,54,42.79,58.71,47,50.00,87.50,5R/2/.11/4 11R/5/.12/4,8R/4/.17/2,3R/3/.09/4 9R/1/.13/3,5R/6/.20/5 10R/3/.01/6,8R/4/.13/3,,福岡,宮崎,38,16:33,にっぽん未来プロジェクト競走ｉｎまるがめ,一般,最終日
丸亀,15,20260725,3R,6,5372,B2,上岡　　巧汰,1,0,0.15,1.91,0.00,5.66,2.78,11.11,22.22,34,39.90,55.44,12,11.11,22.22,4R/4/.17/2 9R/6/.19/6,4R/5/.14/6,1R/6/.12/5 8R/6/.19/6,2R/5/.21/5,1R/4/.21/5,,広島,広島,23,16:33,にっぽん未来プロジェクト競走ｉｎまるがめ,一般,最終日
丸亀,15,20260725,4R,1,4348,A2,宮崎　　　奨,0,0,0.17,5.84,41.53,58.47,6.00,39.20,59.20,66,30.69,46.53,1,0.00,22.22,2R/4/.15/3 11R/2/.16/2,9R/1/.09/2,1R/4/.14/1 11R/3/.16/5,5R/3/.24/4 11R/2/.18/5,2R/2/.13/1 11R/5/.14/4,,香川,香川,40,17:06,にっぽん未来プロジェクト競走ｉｎまるがめ,一般,最終日
丸亀,15,20260725,4R,2,3614,B1,谷　　　勝幸,0,0,0.17,4.26,21.30,36.11,3.97,17.24,27.59,32,41.41,56.57,54,0.00,0.00,2R/3/.19/2 7R/2/.11/1,5R/1/.15/1,4R/6/.12/4 9R/4/.11/6,6R/4/.09/3,3R/1/.25/4 9R/6/.08/6,,広島,広島,53,17:06,にっぽん未来プロジェクト競走ｉｎまるがめ,一般,最終日
丸亀,15,20260725,4R,3,3857,B1,阿波　　勝哉,0,0,0.21,4.52,28.09,38.20,5.50,40.91,54.55,14,36.17,53.19,26,27.27,63.64,1R/6/.16/4 11R/6/.25/6,3R/1/.17/1,4R/5/.17/5 8R/3/.16/5,5R/4/.28/6,6R/2/.12/4 12R/5/.23/3,,東京,東京,53,17:06,にっぽん未来プロジェクト競走ｉｎまるがめ,一般,最終日
丸亀,15,20260725,4R,4,5177,B1,松井　　貫太,0,0,0.20,4.30,16.67,39.68,0.00,0.00,0.00,64,31.53,44.83,13,20.00,30.00,4R/1/.17/5,1R/5/.14/4 9R/3/.21/5,7R/2/.29/4,4R/4/.17/6 9R/6/.15/5,4R/2/.18/4,,福岡,福岡,30,17:06,にっぽん未来プロジェクト競走ｉｎまるがめ,一般,最終日
丸亀,15,20260725,4R,5,5452,B2,上馬場　風依,1,0,,1.16,0.00,0.00,0.00,0.00,0.00,39,33.51,44.50,6,54.55,81.82,5R/6/.34/6,3R/6/.22/6 8R/6/.20/6,5R/6/.12/6,3R/6/.32/6 7R/6/.10/6,1R/6/.27/6,,広島,広島,20,17:06,にっぽん未来プロジェクト競走ｉｎまるがめ,一般,最終日
丸亀,15,20260725,4R,6,4654,A1,篠田　　優也,0,0,0.17,6.40,43.81,67.62,6.25,45.83,70.83,31,26.56,38.02,52,0.00,0.00,7R/5/.07/2 11R/4/.14/5,4R/6/.13/3 12R/2/.14/3,10R/1/.12/2,2R/2/.12/1 12R/4/.21/2,8R/1/.13/1,,兵庫,兵庫,40,17:06,にっぽん未来プロジェクト競走ｉｎまるがめ,一般,最終日
丸亀,15,20260725,5R,1,4394,A2,永嶋　　裕一,0,0,0.15,5.92,38.61,64.36,4.09,9.09,36.36,45,38.89,61.62,7,40.00,60.00,8R/4/.16/3,5R/2/.13/3 12R/6/.11/4,5R/5/.11/4 10R/3/.08/1,6R/1/.03/1 11R/4/.13/4,3R/3/.08/1 11R/4/.15/5,,福岡,福岡,40,17:33,にっぽん未来プロジェクト競走ｉｎまるがめ,一般,最終日
丸亀,15,20260725,5R,2,4631,B1,新井　　英孝,0,0,0.16,5.20,36.59,51.22,4.78,33.33,44.44,6,31.22,44.97,50,0.00,0.00,5R/1/.08/1 10R/4/.19/3,5R/3/.17/2,1R/2/.20/2 10R/6/.17/6,5R/5/.15/3,4R/1/.11/1 10R/6/.07/6,,大阪,大阪,39,17:33,にっぽん未来プロジェクト競走ｉｎまるがめ,一般,最終日
丸亀,15,20260725,5R,3,4729,B1,佐藤　謙史朗,0,0,0.19,4.30,18.92,37.84,5.13,31.25,50.00,4,30.89,51.83,29,37.50,37.50,1R/4/.18/5 7R/4/.10/3,4R/1/.13/2,1R/5/.15/4 6R/2/.11/4,,3R/2/.22/5 8R/5/.16/5,,福岡,大分,37,17:33,にっぽん未来プロジェクト競走ｉｎまるがめ,一般,最終日
丸亀,15,20260725,5R,4,3854,A1,吉川　　元浩,1,0,0.14,7.09,43.96,67.03,6.54,38.46,46.15,57,37.07,51.71,65,0.00,0.00,5R/5/.25/5 12R/2/.12/5,10R/1/.18/4,5R/3/.13/2 12R/1/.25/4,7R/4/.20/2 11R/6/.11/3,5R/5/.31/4 12R/3/.21/5,,兵庫,兵庫,53,17:33,にっぽん未来プロジェクト競走ｉｎまるがめ,一般,最終日
丸亀,15,20260725,5R,5,3516,B1,吉原　　聖人,0,0,0.19,4.59,34.78,39.13,4.24,24.00,40.00,53,34.47,49.51,11,11.11,22.22,1R/2/.16/3 8R/5/.20/5,7R/6/.16/6,1R/1/.17/3 7R/3/.18/5,3R/4/.08/5,8R/3/.15/2,1R/2/.01/2,広島,広島,58,17:33,にっぽん未来プロジェクト競走ｉｎまるがめ,一般,最終日
丸亀,15,20260725,5R,6,4471,A1,新田　　泰章,0,0,0.15,6.36,45.32,61.15,6.17,50.00,61.11,21,30.61,48.98,2,100.00,100.00,6R/3/.23/2 11R/1/.12/1,3R/5/.15/2 9R/2/.17/6,7R/5/.15/2 12R/4/.11/3,10R/2/.03/2,6R/1/.11/1 10R/2/.11/3,,広島,広島,39,17:33,にっぽん未来プロジェクト競走ｉｎまるがめ,一般,最終日
丸亀,15,20260725,6R,1,4152,A2,深水　慎一郎,0,0,0.18,5.30,38.37,45.35,4.80,20.00,46.67,17,28.50,44.56,5,25.00,25.00,6R/1/.21/1 10R/2/.18/2,6R/3/.08/4 12R/5/.11/2,8R/4/.17/4,6R/5/.12/4 12R/5/.16/6,5R/2/.21/2 10R/5/.06/5,,東京,神奈川,46,18:00,にっぽん未来プロジェクト競走ｉｎまるがめ,かけうどん６,最終日
丸亀,15,20260725,6R,2,4103,B1,山崎　　善庸,0,0,0.23,3.40,9.09,24.68,4.34,31.03,34.48,40,33.66,50.50,59,0.00,0.00,1R/3/.15/6 6R/4/.27/6,5R/6/.27/6,3R/1/.12/3 8R/5/.21/3,6R/2/.17/5,4R/3/.21/6,1R/5/.12/3,埼玉,東京,47,18:00,にっぽん未来プロジェクト競走ｉｎまるがめ,かけうどん６,最終日
丸亀,15,20260725,6R,3,4944,B1,田代　　達也,0,0,0.17,4.03,18.42,32.89,3.24,9.52,19.05,59,37.93,59.61,28,20.00,40.00,4R/2/.16/4,2R/3/.08/4 8R/5/.16/5,2R/1/.17/4,7R/5/.19/5,2R/4/.17/5,2R/4/.17/3,東京,東京,35,18:00,にっぽん未来プロジェクト競走ｉｎまるがめ,かけうどん６,最終日
丸亀,15,20260725,6R,4,3907,B1,村越　　　篤,0,0,0.16,5.13,33.91,49.57,5.57,38.89,50.79,8,41.27,55.56,15,30.00,50.00,6R/6/.25/5,1R/1/.09/1 8R/3/.15/3,5R/2/.12/5,1R/5/.17/1 10R/4/.09/3,1R/1/.12/1,,香川,愛媛,48,18:00,にっぽん未来プロジェクト競走ｉｎまるがめ,かけうどん６,最終日
丸亀,15,20260725,6R,5,3523,B1,寳田　　亮治,0,0,0.20,4.51,20.90,46.27,4.97,37.14,40.00,9,34.21,55.26,64,0.00,0.00,3R/3/.16/4 10R/6/.18/6,6R/2/.09/5,2R/4/.35/6 9R/6/.12/5,5R/1/.22/2,1R/3/.21/4 7R/2/.18/3,,福岡,福岡,57,18:00,にっぽん未来プロジェクト競走ｉｎまるがめ,かけうどん６,最終日
丸亀,15,20260725,6R,6,4096,A1,石橋　　道友,0,0,0.15,6.06,43.00,57.00,6.60,53.33,70.00,36,35.44,54.37,66,0.00,0.00,8R/1/.20/1 12R/4/.14/4,6R/5/.11/3 11R/2/.19/5,9R/3/.13/4,3R/3/.15/2 11R/1/.11/1,2R/5/.09/3 9R/5/.06/3,,長崎,長崎,44,18:00,にっぽん未来プロジェクト競走ｉｎまるがめ,かけうどん６,最終日
丸亀,15,20260725,7R,1,4314,A2,青木　幸太郎,0,0,0.16,5.55,37.86,56.31,6.00,57.14,61.90,43,29.50,48.00,53,0.00,0.00,9R/1/.19/1,3R/3/.15/5 10R/4/.13/3,2R/6/.11/1 11R/5/.06/4,8R/2/.15/2,2R/3/.09/4 10R/4/.06/4,,福岡,福岡,42,18:24,にっぽん未来プロジェクト競走ｉｎまるがめ,ざるうどん７,最終日
丸亀,15,20260725,7R,2,4186,B1,小川　　時光,0,0,0.17,3.57,14.67,28.00,2.71,14.29,14.29,25,33.51,49.47,8,40.00,50.00,4R/5/.19/6,1R/2/.09/3 6R/6/.12/6,3R/5/.19/5,2R/1/.13/2 8R/3/.19/6,5R/6/.31/6,1R/4/.06/4,埼玉,埼玉,45,18:24,にっぽん未来プロジェクト競走ｉｎまるがめ,ざるうどん７,最終日
丸亀,15,20260725,7R,3,4163,A2,山崎　　裕司,0,0,0.16,5.61,38.52,54.92,6.36,48.72,64.10,62,33.33,49.75,16,11.11,33.33,8R/2/.18/4,1R/6/.19/5 11R/3/.21/2,6R/1/.16/2 10R/4/.11/4,2R/3/.13/3 11R/5/.12/2,7R/5/.13/2 12R/2/.21/6,,広島,広島,44,18:24,にっぽん未来プロジェクト競走ｉｎまるがめ,ざるうどん７,最終日
丸亀,15,20260725,7R,4,5372,B2,上岡　　巧汰,1,0,0.15,1.91,0.00,5.66,2.78,11.11,22.22,34,39.90,55.44,12,11.11,22.22,4R/4/.17/2 9R/6/.19/6,4R/5/.14/6,1R/6/.12/5 8R/6/.19/6,2R/5/.21/5,1R/4/.21/5,3R/6/.11/6,広島,広島,23,18:24,にっぽん未来プロジェクト競走ｉｎまるがめ,ざるうどん７,最終日
丸亀,15,20260725,7R,5,5175,B1,島崎　丈一朗,0,0,0.18,5.24,27.94,55.88,0.00,0.00,0.00,35,30.88,48.53,23,36.36,36.36,7R/1/.15/5,2R/2/.12/3 9R/5/.28/3,5R/4/.16/3,4R/3/.16/5 8R/6/.15/5,3R/5/.11/6,3R/2/.13/2,東京,東京,22,18:24,にっぽん未来プロジェクト競走ｉｎまるがめ,ざるうどん７,最終日
丸亀,15,20260725,7R,6,4337,A1,平本　　真之,0,0,0.13,7.41,47.41,69.63,7.40,44.00,56.00,20,49.73,68.65,25,11.11,22.22,7R/3/.08/4 12R/1/.12/2,9R/4/.24/1,6R/5/.11/1 11R/2/.08/1,6R/3/.08/2 10R/1/.04/1,11R/1/.11/1,,愛知,愛知,42,18:24,にっぽん未来プロジェクト競走ｉｎまるがめ,ざるうどん７,最終日
丸亀,15,20260725,8R,1,4302,A1,西野　　翔太,0,0,0.15,6.84,53.51,70.18,6.67,50.00,66.67,3,34.21,48.42,21,25.00,25.00,10R/1/.15/1,2R/5/.13/5 12R/3/.18/5,3R/2/.08/1 11R/4/.01/6,7R/3/.07/4 12R/2/.21/4,3R/4/.09/2 12R/4/.15/4,,広島,広島,43,18:50,にっぽん未来プロジェクト競走ｉｎまるがめ,釜揚げ８,最終日
丸亀,15,20260725,8R,2,4861,A2,田中　　宏樹,0,0,0.17,5.42,33.67,53.06,5.49,40.54,54.05,54,42.79,58.71,47,50.00,87.50,5R/2/.11/4 11R/5/.12/4,8R/4/.17/2,3R/3/.09/4 9R/1/.13/3,5R/6/.20/5 10R/3/.01/6,8R/4/.13/3,3R/5/.12/4,福岡,宮崎,38,18:50,にっぽん未来プロジェクト競走ｉｎまるがめ,釜揚げ８,最終日
丸亀,15,20260725,8R,3,4169,B1,多田　　有佑,0,0,0.23,4.24,21.79,30.77,2.96,8.33,12.50,37,34.62,47.60,63,0.00,0.00,2R/2/.27/5,1R/4/.08/6 10R/6/.14/5,6R/3/.08/5,3R/1/.27/4 8R/5/.15/4,7R/3/.12/4,3R/4/.12/3,東京,山形,43,18:50,にっぽん未来プロジェクト競走ｉｎまるがめ,釜揚げ８,最終日
丸亀,15,20260725,8R,4,4009,A2,小林　　一樹,0,0,0.13,5.73,41.11,57.78,5.24,32.00,48.00,30,38.69,59.30,3,20.00,30.00,1R/5/.12/2 10R/5/.18/5,8R/2/.13/4,6R/4/.05/6 12R/3/.14/1,7R/1/.08/3,4R/5/.09/3 8R/2/.14/4,2R/3/.12/2,山口,山口,47,18:50,にっぽん未来プロジェクト競走ｉｎまるがめ,釜揚げ８,最終日
丸亀,15,20260725,8R,5,5177,B1,松井　　貫太,0,0,0.20,4.30,16.67,39.68,0.00,0.00,0.00,64,31.53,44.83,13,20.00,30.00,4R/1/.17/5,1R/5/.14/4 9R/3/.21/5,7R/2/.29/4,4R/4/.17/6 9R/6/.15/5,4R/2/.18/4,4R/4/.18/3,福岡,福岡,30,18:50,にっぽん未来プロジェクト競走ｉｎまるがめ,釜揚げ８,最終日
丸亀,15,20260725,8R,6,5452,B2,上馬場　風依,1,0,,1.16,0.00,0.00,0.00,0.00,0.00,39,33.51,44.50,6,54.55,81.82,5R/6/.34/6,3R/6/.22/6 8R/6/.20/6,5R/6/.12/6,3R/6/.32/6 7R/6/.10/6,1R/6/.27/6,4R/6/.07/6,広島,広島,20,18:50,にっぽん未来プロジェクト競走ｉｎまるがめ,釜揚げ８,最終日
丸亀,15,20260725,9R,1,3854,A1,吉川　　元浩,1,0,0.14,7.09,43.96,67.03,6.54,38.46,46.15,57,37.07,51.71,65,0.00,0.00,5R/5/.25/5 12R/2/.12/5,10R/1/.18/4,5R/3/.13/2 12R/1/.25/4,7R/4/.20/2 11R/6/.11/3,5R/5/.31/4 12R/3/.21/5,5R/4/.25/2,兵庫,兵庫,53,19:19,にっぽん未来プロジェクト競走ｉｎまるがめ,まるがめ選抜,最終日
丸亀,15,20260725,9R,2,4319,A2,三宅　　　潤,0,0,0.18,5.69,35.45,57.27,6.68,51.35,75.68,12,40.21,58.20,30,11.11,22.22,3R/4/.13/5 9R/3/.12/5,4R/2/.13/1 11R/6/.26/6,7R/1/.19/1,4R/5/.14/3 12R/3/.12/5,3R/6/.17/3,2R/5/.19/5,大阪,大阪,41,19:19,にっぽん未来プロジェクト競走ｉｎまるがめ,まるがめ選抜,最終日
丸亀,15,20260725,9R,3,4654,A1,篠田　　優也,0,0,0.17,6.40,43.81,67.62,6.25,45.83,70.83,31,26.56,38.02,52,0.00,0.00,7R/5/.07/2 11R/4/.14/5,4R/6/.13/3 12R/2/.14/3,10R/1/.12/2,2R/2/.12/1 12R/4/.21/2,8R/1/.13/1,4R/5/.14/2,兵庫,兵庫,40,19:19,にっぽん未来プロジェクト競走ｉｎまるがめ,まるがめ選抜,最終日
丸亀,15,20260725,9R,4,4214,B1,林　　　祐介,0,0,0.16,5.71,36.73,58.16,5.38,34.00,52.00,2,35.64,50.00,51,0.00,0.00,5R/4/.16/3,4R/3/.09/4 9R/6/.20/4,5R/1/.12/1,1R/2/.25/3 9R/5/.09/4,6R/3/.09/5,,岡山,岡山,41,19:19,にっぽん未来プロジェクト競走ｉｎまるがめ,まるがめ選抜,最終日
丸亀,15,20260725,9R,5,5244,B1,黒田　　　剛,1,0,0.16,4.03,20.00,32.00,2.83,8.33,16.67,10,30.00,48.95,49,0.00,0.00,6R/5/.21/4,1R/3/.07/2 7R/2/.15/4,4R/1/.12/1,2R/4/.23/4 10R/6/.09/4,6R/4/.14/6,2R/2/.14/4,福岡,福岡,25,19:19,にっぽん未来プロジェクト競走ｉｎまるがめ,まるがめ選抜,最終日
丸亀,15,20260725,9R,6,4189,A1,川上　　　剛,1,0,0.16,5.94,35.19,58.33,6.56,53.66,65.85,27,37.31,55.44,46,0.00,0.00,2R/5/.15/4 10R/3/.19/4,5R/4/.20/4 11R/5/.27/3,8R/1/.16/1 12R/2/.14/6,9R/2/.13/2,7R/4/.15/1 12R/1/.21/1,3R/3/.11/1,福岡,福岡,45,19:19,にっぽん未来プロジェクト競走ｉｎまるがめ,まるがめ選抜,最終日
丸亀,15,20260725,10R,1,4096,A1,石橋　　道友,0,0,0.15,6.06,43.00,57.00,6.60,53.33,70.00,36,35.44,54.37,66,0.00,0.00,8R/1/.20/1 12R/4/.14/4,6R/5/.11/3 11R/2/.19/5,9R/3/.13/4,3R/3/.15/2 11R/1/.11/1,2R/5/.09/3 9R/5/.06/3,6R/6/.17/2,長崎,長崎,44,19:46,にっぽん未来プロジェクト競走ｉｎまるがめ,特別選抜戦,最終日
丸亀,15,20260725,10R,2,5352,B1,西岡　　蒼志,0,0,0.16,5.10,32.69,43.27,3.25,12.68,23.94,24,37.84,56.22,61,0.00,0.00,3R/2/.17/2 8R/3/.17/2,6R/4/.13/2,3R/4/.12/2 10R/5/.11/3,4R/1/.15/1,1R/5/.28/2 9R/2/.08/4,1R/1/.11/1,香川,香川,21,19:46,にっぽん未来プロジェクト競走ｉｎまるがめ,特別選抜戦,最終日
丸亀,15,20260725,10R,3,3546,B1,中里　　昌志,0,0,0.19,4.41,18.37,42.86,4.14,27.03,35.14,7,42.49,62.18,9,0.00,33.33,5R/3/.18/2,2R/1/.09/1 11R/4/.27/4,6R/6/.12/3,3R/2/.17/1 10R/5/.05/5,5R/3/.25/3 9R/4/.12/5,3R/1/.21/5,埼玉,埼玉,57,19:46,にっぽん未来プロジェクト競走ｉｎまるがめ,特別選抜戦,最終日
丸亀,15,20260725,10R,4,4394,A2,永嶋　　裕一,0,0,0.15,5.92,38.61,64.36,4.09,9.09,36.36,45,38.89,61.62,7,40.00,60.00,8R/4/.16/3,5R/2/.13/3 12R/6/.11/4,5R/5/.11/4 10R/3/.08/1,6R/1/.03/1 11R/4/.13/4,3R/3/.08/1 11R/4/.15/5,5R/1/.15/1,福岡,福岡,40,19:46,にっぽん未来プロジェクト競走ｉｎまるがめ,特別選抜戦,最終日
丸亀,15,20260725,10R,5,4631,B1,新井　　英孝,0,0,0.16,5.20,36.59,51.22,4.78,33.33,44.44,6,31.22,44.97,50,0.00,0.00,5R/1/.08/1 10R/4/.19/3,5R/3/.17/2,1R/2/.20/2 10R/6/.17/6,5R/5/.15/3,4R/1/.11/1 10R/6/.07/6,5R/2/.17/3,大阪,大阪,39,19:46,にっぽん未来プロジェクト競走ｉｎまるがめ,特別選抜戦,最終日
丸亀,15,20260725,10R,6,3907,B1,村越　　　篤,0,0,0.16,5.13,33.91,49.57,5.57,38.89,50.79,8,41.27,55.56,15,30.00,50.00,6R/6/.25/5,1R/1/.09/1 8R/3/.15/3,5R/2/.12/5,1R/5/.17/1 10R/4/.09/3,1R/1/.12/1,6R/4/.12/1,香川,愛媛,48,19:46,にっぽん未来プロジェクト競走ｉｎまるがめ,特別選抜戦,最終日
丸亀,15,20260725,11R,1,4471,A1,新田　　泰章,0,0,0.15,6.36,45.32,61.15,6.17,50.00,61.11,21,30.61,48.98,2,100.00,100.00,6R/3/.23/2 11R/1/.12/1,3R/5/.15/2 9R/2/.17/6,7R/5/.15/2 12R/4/.11/3,10R/2/.03/2,6R/1/.11/1 10R/2/.11/3,5R/6/.27/4,広島,広島,39,20:12,にっぽん未来プロジェクト競走ｉｎまるがめ,特別選抜戦,最終日
丸亀,15,20260725,11R,2,4314,A2,青木　幸太郎,0,0,0.16,5.55,37.86,56.31,6.00,57.14,61.90,43,29.50,48.00,53,0.00,0.00,9R/1/.19/1,3R/3/.15/5 10R/4/.13/3,2R/6/.11/1 11R/5/.06/4,8R/2/.15/2,2R/3/.09/4 10R/4/.06/4,7R/1/.15/1,福岡,福岡,42,20:12,にっぽん未来プロジェクト競走ｉｎまるがめ,特別選抜戦,最終日
丸亀,15,20260725,11R,3,4348,A2,宮崎　　　奨,0,0,0.17,5.84,41.53,58.47,6.00,39.20,59.20,66,30.69,46.53,1,0.00,22.22,2R/4/.15/3 11R/2/.16/2,9R/1/.09/2,1R/4/.14/1 11R/3/.16/5,5R/3/.24/4 11R/2/.18/5,2R/2/.13/1 11R/5/.14/4,4R/1/.19/1,香川,香川,40,20:12,にっぽん未来プロジェクト競走ｉｎまるがめ,特別選抜戦,最終日
丸亀,15,20260725,11R,4,4152,A2,深水　慎一郎,0,0,0.18,5.30,38.37,45.35,4.80,20.00,46.67,17,28.50,44.56,5,25.00,25.00,6R/1/.21/1 10R/2/.18/2,6R/3/.08/4 12R/5/.11/2,8R/4/.17/4,6R/5/.12/4 12R/5/.16/6,5R/2/.21/2 10R/5/.06/5,6R/1/.21/5,東京,神奈川,46,20:12,にっぽん未来プロジェクト競走ｉｎまるがめ,特別選抜戦,最終日
丸亀,15,20260725,11R,5,3614,B1,谷　　　勝幸,0,0,0.17,4.26,21.30,36.11,3.97,17.24,27.59,32,41.41,56.57,54,0.00,0.00,2R/3/.19/2 7R/2/.11/1,5R/1/.15/1,4R/6/.12/4 9R/4/.11/6,6R/4/.09/3,3R/1/.25/4 9R/6/.08/6,4R/2/.19/4,広島,広島,53,20:12,にっぽん未来プロジェクト競走ｉｎまるがめ,特別選抜戦,最終日
丸亀,15,20260725,11R,6,3772,B1,一柳　　和孝,0,0,0.16,4.72,20.00,44.44,0.00,0.00,0.00,41,28.21,41.03,55,0.00,0.00,2R/1/.21/1 9R/5/.12/4,3R/4/.13/3,1R/3/.15/6 9R/2/.14/1,4R/6/.18/4,2R/1/.12/2 12R/6/.24/2,2R/1/.09/1,埼玉,埼玉,52,20:12,にっぽん未来プロジェクト競走ｉｎまるがめ,特別選抜戦,最終日
丸亀,15,20260725,12R,1,4361,A1,柳生　　泰二,0,0,0.14,7.19,53.85,68.27,6.86,52.78,61.11,15,32.98,50.26,31,40.00,60.00,6R/2/.21/3 12R/3/.08/1,7R/4/.25/3 12R/1/.12/1,9R/5/.05/2,8R/1/.13/1 12R/6/.16/3,6R/6/.21/2 10R/1/.15/1,,山口,山口,41,20:41,にっぽん未来プロジェクト競走ｉｎまるがめ,優勝戦,最終日
丸亀,15,20260725,12R,2,4537,A1,渡邉　　和将,0,0,0.14,7.16,50.43,70.09,6.80,60.00,66.67,52,38.21,57.55,24,50.00,90.00,4R/3/.14/1 12R/5/.11/6,10R/2/.13/2,7R/4/.15/3 11R/1/.05/2,5R/2/.21/1 12R/1/.11/1,4R/6/.17/5 9R/1/.05/1,,岡山,岡山,36,20:41,にっぽん未来プロジェクト競走ｉｎまるがめ,優勝戦,最終日
丸亀,15,20260725,12R,3,4075,A1,中野　　次郎,0,0,0.13,6.44,42.27,57.73,5.74,26.32,52.63,51,33.50,54.85,27,50.00,50.00,3R/5/.07/1 12R/6/.05/3,7R/3/.14/2 11R/1/.13/1,4R/4/.09/6 10R/2/.10/5,9R/1/.05/1,6R/5/.15/3 11R/2/.08/2,,東京,東京,45,20:41,にっぽん未来プロジェクト競走ｉｎまるがめ,優勝戦,最終日
丸亀,15,20260725,12R,4,5037,B1,田頭　　虎親,0,0,0.18,5.82,47.19,59.55,5.87,41.13,58.87,48,44.44,63.64,56,0.00,0.00,1R/1/.15/1 9R/4/.10/3,5R/5/.21/5,4R/3/.07/2 11R/6/.05/3,7R/2/.08/1,5R/4/.28/5 10R/3/.05/2,,香川,兵庫,28,20:41,にっぽん未来プロジェクト競走ｉｎまるがめ,優勝戦,最終日
丸亀,15,20260725,12R,5,4788,A2,小池　　哲也,0,0,0.16,5.25,30.00,51.82,6.58,45.16,64.52,29,45.45,62.63,62,0.00,0.00,,6R/1/.15/1 10R/3/.15/1,4R/2/.09/3 12R/5/.12/2,8R/4/.13/3,4R/4/.11/2 9R/3/.12/2,,大阪,大阪,37,20:41,にっぽん未来プロジェクト競走ｉｎまるがめ,優勝戦,最終日
丸亀,15,20260725,12R,6,3988,A2,古川　　誠之,0,0,0.15,6.03,42.74,62.39,6.09,46.88,56.25,58,35.58,54.33,57,0.00,0.00,4R/6/.15/3 11R/3/.12/3,2R/4/.11/2 7R/1/.07/1,8R/2/.15/2,3R/5/.07/3 9R/3/.07/3,5R/1/.06/1 11R/3/.11/3,,愛知,愛知,47,20:41,にっぽん未来プロジェクト競走ｉｎまるがめ,優勝戦,最終日
宮島,17,20260725,1R,1,4276,A2,鈴木　　勝博,0,0,0.16,5.72,40.57,55.66,6.29,53.57,60.71,61,35.79,50.00,37,36.87,54.55,4R/4/.15/1 11R/6/.16/4,,,,,,愛知,愛知,43,10:56,第１６回みやじマリンカップ,ファーストＢ,２日目
宮島,17,20260725,1R,2,4835,B1,橋本　　　明,0,0,0.15,5.01,25.96,50.00,5.06,23.44,50.00,66,43.18,56.25,29,46.89,59.81,8R/1/.19/1,,,,,,広島,広島,38,10:56,第１６回みやじマリンカップ,ファーストＢ,２日目
宮島,17,20260725,1R,3,4982,B1,中村　　将隆,1,0,0.15,4.66,27.14,48.57,6.91,63.64,81.82,13,26.09,44.72,72,40.63,53.13,6R/1/.15/1,,,,,,兵庫,兵庫,29,10:56,第１６回みやじマリンカップ,ファーストＢ,２日目
宮島,17,20260725,1R,4,3891,B1,谷口　　健一,0,0,0.18,3.55,14.56,25.24,5.14,28.57,42.86,34,37.99,55.31,67,35.24,57.14,8R/2/.31/6,,,,,,福井,福井,50,10:56,第１６回みやじマリンカップ,ファーストＢ,２日目
宮島,17,20260725,1R,5,4943,B1,八木　　治樹,0,0,0.15,4.30,17.50,31.25,0.00,0.00,0.00,71,33.91,52.30,79,30.46,44.83,6R/3/.11/2,,,,,,愛知,愛知,35,10:56,第１６回みやじマリンカップ,ファーストＢ,２日目
宮島,17,20260725,1R,6,5448,B2,福田　　柊人,0,0,,1.16,0.00,0.00,0.00,0.00,0.00,35,27.65,45.88,22,34.30,50.72,7R/6/.21/6,,,,,,山口,山口,23,10:56,第１６回みやじマリンカップ,ファーストＢ,２日目
宮島,17,20260725,2R,1,4094,B1,中島　　真二,0,0,0.18,4.97,33.33,46.67,4.42,21.05,36.84,65,41.09,51.98,21,34.00,49.50,4R/2/.24/5,,,,,,福岡,福岡,45,11:36,第１６回みやじマリンカップ,予選,２日目
宮島,17,20260725,2R,2,3976,B1,内田　　　圭,0,0,0.17,3.38,15.56,24.44,3.64,27.27,31.82,51,37.31,54.92,61,35.08,54.45,8R/4/.24/4,,,,,,山口,山口,49,11:36,第１６回みやじマリンカップ,予選,２日目
宮島,17,20260725,2R,3,4904,B1,松本　　一毅,0,0,0.17,5.30,34.40,51.20,5.25,30.56,55.56,70,36.21,49.43,58,37.56,54.63,3R/1/.28/3,,,,,,大阪,大阪,31,11:36,第１６回みやじマリンカップ,予選,２日目
宮島,17,20260725,2R,4,4109,A2,谷津　　幸宏,1,0,0.13,5.50,32.28,55.12,5.10,30.00,50.00,24,33.33,49.15,77,34.31,50.98,2R/3/.09/1 7R/1/.21/1,,,,,,埼玉,埼玉,46,11:36,第１６回みやじマリンカップ,予選,２日目
宮島,17,20260725,2R,5,5457,B2,山田　　陽翔,0,0,,1.07,0.00,0.00,0.00,0.00,0.00,56,34.04,51.06,14,30.23,47.09,5R/6/.29/6,,,,,,長崎,長崎,20,11:36,第１６回みやじマリンカップ,予選,２日目
宮島,17,20260725,2R,6,3757,A2,畑　　　和宏,0,0,0.16,5.47,34.67,58.67,5.62,38.46,58.46,29,30.68,51.14,71,31.43,44.76,6R/2/.18/5 11R/3/.05/5,,,,,,広島,広島,54,11:36,第１６回みやじマリンカップ,予選,２日目
宮島,17,20260725,3R,1,4674,B1,池田　　剛規,0,0,0.15,5.14,30.63,47.75,6.13,39.13,78.26,15,34.20,51.30,69,29.21,50.56,5R/5/.23/2,,,,,,福岡,福岡,38,12:02,第１６回みやじマリンカップ,予選,２日目
宮島,17,20260725,3R,2,3833,A2,中辻　　博訓,0,0,0.13,6.24,46.43,63.57,7.25,62.50,79.17,32,43.46,57.59,53,31.25,47.60,3R/4/.22/2 10R/1/.11/5,,,,,,福井,福井,51,12:02,第１６回みやじマリンカップ,予選,２日目
宮島,17,20260725,3R,3,4179,A2,広次　　　修,0,0,0.15,5.38,33.65,55.77,5.82,45.45,54.55,54,35.38,56.41,26,26.67,48.67,2R/5/.18/3 11R/2/.09/2,,,,,,山口,山口,43,12:02,第１６回みやじマリンカップ,予選,２日目
宮島,17,20260725,3R,4,4299,B1,中島　　浩哉,0,0,0.15,4.33,18.75,38.75,2.88,6.25,18.75,37,42.63,57.37,73,35.92,52.91,4R/5/.18/2,,,,,,長崎,長崎,43,12:02,第１６回みやじマリンカップ,予選,２日目
宮島,17,20260725,3R,5,3776,B1,横井　　健太,0,0,0.20,3.47,11.83,22.58,3.00,13.33,20.00,17,43.65,61.42,38,34.33,56.22,7R/2/.41/4,,,,,,愛知,愛知,51,12:02,第１６回みやじマリンカップ,予選,２日目
宮島,17,20260725,3R,6,4555,B1,富永　　大一,0,0,0.18,5.23,33.33,51.22,6.32,48.39,64.52,55,38.50,58.00,20,32.16,49.71,2R/1/.11/5 10R/5/.16/3,,,,,,福岡,福岡,37,12:02,第１６回みやじマリンカップ,予選,２日目
宮島,17,20260725,4R,1,4715,A1,村上　　　遼,0,0,0.15,6.04,36.11,59.72,6.47,46.88,53.13,11,37.50,52.60,55,24.84,45.86,2R/2/.08/2 12R/5/.11/4,,,,,,長崎,長崎,34,12:34,第１６回みやじマリンカップ,ランチ特賞,２日目
宮島,17,20260725,4R,2,5336,B1,瀬川　　大地,1,0,0.15,3.53,14.14,25.25,1.47,0.00,0.00,81,32.58,48.88,16,40.10,56.93,1R/4/.35/4 6R/6/.16/6,,,,,,山口,山口,20,12:34,第１６回みやじマリンカップ,ランチ特賞,２日目
宮島,17,20260725,4R,3,4706,A2,三浦　洋次朗,1,0,0.17,5.72,41.60,54.40,5.00,20.00,40.00,67,34.67,55.28,12,36.26,49.45,9R/5/.20/4,,,,,,愛知,愛知,37,12:34,第１６回みやじマリンカップ,ランチ特賞,２日目
宮島,17,20260725,4R,4,4672,B1,守屋　　大地,0,0,0.18,4.35,24.76,35.24,5.04,26.92,50.00,82,31.28,46.93,68,36.04,48.22,3R/6/.21/1 9R/4/.16/1,,,,,,岡山,岡山,40,12:34,第１６回みやじマリンカップ,ランチ特賞,２日目
宮島,17,20260725,4R,5,4066,A2,東本　　勝利,0,0,0.18,6.18,41.38,66.38,7.27,54.55,81.82,72,45.26,63.16,76,35.35,55.56,10R/4/.12/1,,,,,,三重,三重,46,12:34,第１６回みやじマリンカップ,ランチ特賞,２日目
宮島,17,20260725,4R,6,4652,B1,酒見　　峻介,0,0,0.17,4.54,21.18,38.82,5.60,30.00,60.00,53,30.93,42.78,31,27.39,43.31,5R/1/.25/1,,,,,,佐賀,兵庫,41,12:34,第１６回みやじマリンカップ,ランチ特賞,２日目
宮島,17,20260725,5R,1,4161,B1,黒柳　　浩孝,0,0,0.16,5.34,34.38,52.34,6.17,39.13,73.91,25,40.20,58.33,54,28.64,45.15,1R/6/.33/2 10R/3/.22/4,,,,,,愛知,愛知,44,13:13,第１６回みやじマリンカップ,予選,２日目
宮島,17,20260725,5R,2,4930,A2,佐藤　　　悠,0,0,0.16,5.95,39.42,58.65,5.41,29.63,51.85,57,37.63,56.19,81,28.47,49.31,7R/3/.18/2,,,,,,福井,石川,30,13:13,第１６回みやじマリンカップ,予選,２日目
宮島,17,20260725,5R,3,4351,A1,里岡　　右貴,1,0,0.13,6.92,52.05,71.92,7.11,53.57,64.29,63,31.38,46.28,59,34.52,51.78,6R/5/.09/4 12R/1/.13/2,,,,,,福岡,福岡,40,13:13,第１６回みやじマリンカップ,予選,２日目
宮島,17,20260725,5R,4,5420,B2,吉原　　快誓,0,0,0.17,2.04,0.00,8.82,0.80,0.00,0.00,60,36.59,55.12,70,28.36,38.06,3R/5/.24/6 8R/6/.12/2,,,,,,長崎,長崎,20,13:13,第１６回みやじマリンカップ,予選,２日目
宮島,17,20260725,5R,5,4708,B1,半田　　尚也,1,0,0.18,3.81,13.51,25.68,4.73,25.00,48.21,58,43.81,57.73,51,37.50,54.33,8R/3/.20/3,,,,,,広島,広島,37,13:13,第１６回みやじマリンカップ,予選,２日目
宮島,17,20260725,5R,6,4580,B1,長谷川　雅和,0,0,0.17,5.62,38.20,59.55,3.90,30.00,30.00,79,35.00,53.33,56,32.32,46.97,6R/4/.15/3,,,,,,岡山,岡山,37,13:13,第１６回みやじマリンカップ,予選,２日目
宮島,17,20260725,6R,1,4565,B1,西村　　豪洋,0,0,0.18,3.94,12.87,33.66,0.00,0.00,0.00,39,33.68,52.85,57,36.41,54.35,2R/4/.17/6 8R/5/.22/5,,,,,,愛知,愛知,38,13:42,第１６回みやじマリンカップ,予選,２日目
宮島,17,20260725,6R,2,3777,A2,樋口　　　亮,1,0,0.17,5.79,40.71,54.87,5.10,38.10,42.86,59,31.05,46.32,34,28.57,46.10,1R/1/.36/5 11R/5/.15/6,,,,,,長崎,長崎,50,13:42,第１６回みやじマリンカップ,予選,２日目
宮島,17,20260725,6R,3,4786,A1,佐藤　　博亮,0,0,0.14,6.63,54.48,69.40,7.33,61.90,66.67,73,27.33,46.00,18,35.50,52.07,3R/2/.35/4 12R/6/.09/5,,,,,,愛知,愛知,38,13:42,第１６回みやじマリンカップ,予選,２日目
宮島,17,20260725,6R,4,3574,A1,大神　　康司,0,0,0.16,6.17,48.54,64.08,5.62,42.86,57.14,23,31.87,51.10,13,34.10,52.60,9R/2/.11/2,,,,,,福岡,福岡,53,13:42,第１６回みやじマリンカップ,予選,２日目
宮島,17,20260725,6R,5,3211,B1,北川　　敏弘,0,0,0.18,4.20,16.00,32.00,3.22,11.11,16.67,16,35.96,52.81,65,32.50,50.50,4R/6/.21/4 10R/2/.14/6,,,,,,佐賀,佐賀,64,13:42,第１６回みやじマリンカップ,予選,２日目
宮島,17,20260725,6R,6,4982,B1,中村　　将隆,1,0,0.15,4.66,27.14,48.57,6.91,63.64,81.82,13,26.09,44.72,78,40.31,58.64,6R/1/.15/1,1R/3/.17/5,,,,,兵庫,兵庫,29,13:42,第１６回みやじマリンカップ,予選,２日目
宮島,17,20260725,7R,1,4703,A1,森永　　　隆,0,0,0.16,6.90,60.00,71.82,5.56,29.63,48.15,33,34.69,50.51,64,29.77,49.77,5R/2/.13/3 12R/4/.18/6,,,,,,山口,山口,38,14:11,第１６回みやじマリンカップ,予選,２日目
宮島,17,20260725,7R,2,4866,B1,橋本　　英一,0,0,0.17,3.99,15.79,34.21,6.00,45.45,63.64,78,29.47,45.79,75,30.61,51.02,1R/3/.31/1 7R/5/.21/5,,,,,,福岡,福岡,36,14:11,第１６回みやじマリンカップ,予選,２日目
宮島,17,20260725,7R,3,4422,B1,永井　　亮次,0,0,0.18,4.29,25.88,38.82,5.14,46.43,50.00,21,41.84,59.69,35,38.78,55.61,2R/6/.22/4 9R/3/.07/3,,,,,,大阪,大阪,37,14:11,第１６回みやじマリンカップ,予選,２日目
宮島,17,20260725,7R,4,3757,A2,畑　　　和宏,0,0,0.16,5.47,34.67,58.67,5.62,38.46,58.46,29,30.68,51.14,71,31.43,44.76,6R/2/.18/5 11R/3/.05/5,2R/5/.19/2,,,,,広島,広島,54,14:11,第１６回みやじマリンカップ,予選,２日目
宮島,17,20260725,7R,5,3891,B1,谷口　　健一,0,0,0.18,3.55,14.56,25.24,5.14,28.57,42.86,34,37.99,55.31,67,35.24,57.14,8R/2/.31/6,1R/4/.09/1,,,,,福井,福井,50,14:11,第１６回みやじマリンカップ,予選,２日目
宮島,17,20260725,7R,6,4638,B1,小林　　遼太,0,0,0.18,5.43,34.62,57.69,0.00,0.00,0.00,36,33.17,48.24,23,33.33,56.90,3R/3/.33/5 11R/4/.25/3,,,,,,福岡,福岡,35,14:11,第１６回みやじマリンカップ,予選,２日目
宮島,17,20260725,8R,1,4179,A2,広次　　　修,0,0,0.15,5.38,33.65,55.77,5.82,45.45,54.55,54,35.38,56.41,26,26.67,48.67,2R/5/.18/3 11R/2/.09/2,3R/3/.22/3,,,,,山口,山口,43,14:38,第１６回みやじマリンカップ,予選,２日目
宮島,17,20260725,8R,2,4943,B1,八木　　治樹,0,0,0.15,4.30,17.50,31.25,0.00,0.00,0.00,71,33.91,52.30,79,30.46,44.83,6R/3/.11/2,1R/5/.20/2,,,,,愛知,愛知,35,14:38,第１６回みやじマリンカップ,予選,２日目
宮島,17,20260725,8R,3,5020,B1,宮村　　勇哉,0,0,0.18,4.77,27.47,48.35,3.13,12.50,12.50,20,29.57,51.08,32,34.50,51.50,1R/5/.36/3 9R/1/.09/5,,,,,,三重,三重,34,14:38,第１６回みやじマリンカップ,予選,２日目
宮島,17,20260725,8R,4,4405,B1,南野　　利騰,0,0,0.16,4.69,22.34,41.49,0.00,0.00,0.00,18,36.13,54.45,24,31.22,49.74,4R/3/.18/6 9R/6/.15/6,,,,,,福井,石川,41,14:38,第１６回みやじマリンカップ,予選,２日目
宮島,17,20260725,8R,5,4446,A1,和田　　兼輔,1,0,0.13,6.81,49.55,68.47,7.17,58.62,79.31,38,49.02,66.67,33,26.09,39.86,7R/4/.19/3 12R/2/.10/3,,,,,,兵庫,兵庫,39,14:38,第１６回みやじマリンカップ,予選,２日目
宮島,17,20260725,8R,6,5457,B2,山田　　陽翔,0,0,,1.07,0.00,0.00,0.00,0.00,0.00,56,34.04,51.06,14,30.23,47.09,5R/6/.29/6,2R/6/.25/6,,,,,長崎,長崎,20,14:38,第１６回みやじマリンカップ,予選,２日目
宮島,17,20260725,9R,1,3776,B1,横井　　健太,0,0,0.20,3.47,11.83,22.58,3.00,13.33,20.00,17,43.65,61.42,38,34.33,56.22,7R/2/.41/4,3R/5/.40/5,,,,,愛知,愛知,51,15:06,第１６回みやじマリンカップ,予選,２日目
宮島,17,20260725,9R,2,4215,A2,吉島　　祥之,0,0,0.16,5.27,31.53,51.35,6.33,42.86,71.43,27,30.98,46.74,30,27.50,46.88,5R/3/.16/5 10R/6/.19/2,,,,,,愛知,愛知,41,15:06,第１６回みやじマリンカップ,予選,２日目
宮島,17,20260725,9R,3,4652,B1,酒見　　峻介,0,0,0.17,4.54,21.18,38.82,5.60,30.00,60.00,53,30.93,42.78,31,27.39,43.31,5R/1/.25/1,4R/6/.13/3,,,,,佐賀,兵庫,41,15:06,第１６回みやじマリンカップ,予選,２日目
宮島,17,20260725,9R,4,4094,B1,中島　　真二,0,0,0.18,4.97,33.33,46.67,4.42,21.05,36.84,65,41.09,51.98,21,34.00,49.50,4R/2/.24/5,2R/1/.26/3,,,,,福岡,福岡,45,15:06,第１６回みやじマリンカップ,予選,２日目
宮島,17,20260725,9R,5,5448,B2,福田　　柊人,0,0,,1.16,0.00,0.00,0.00,0.00,0.00,35,27.65,45.88,22,34.30,50.72,7R/6/.21/6,1R/6/.34/6,,,,,山口,山口,23,15:06,第１６回みやじマリンカップ,予選,２日目
宮島,17,20260725,9R,6,4600,A1,井内　将太郎,1,0,0.12,6.39,46.00,69.00,6.98,53.21,72.44,52,32.84,53.43,36,32.71,48.60,4R/1/.20/3 12R/3/.11/1,,,,,,広島,広島,41,15:06,第１６回みやじマリンカップ,予選,２日目
宮島,17,20260725,10R,1,4299,B1,中島　　浩哉,0,0,0.15,4.33,18.75,38.75,2.88,6.25,18.75,37,42.63,57.37,73,35.92,52.91,4R/5/.18/2,3R/4/.20/6,,,,,長崎,長崎,43,15:40,第１６回みやじマリンカップ,特賞,２日目
宮島,17,20260725,10R,2,4580,B1,長谷川　雅和,0,0,0.17,5.62,38.20,59.55,3.90,30.00,30.00,79,35.00,53.33,56,32.32,46.97,6R/4/.15/3,5R/6/.31/5,,,,,岡山,岡山,37,15:40,第１６回みやじマリンカップ,特賞,２日目
宮島,17,20260725,10R,3,4191,A1,赤羽　　克也,0,0,0.16,6.28,48.60,64.49,5.33,33.33,40.00,30,41.21,59.30,63,37.76,55.61,5R/4/.15/4 11R/1/.06/1,,,,,,埼玉,埼玉,45,15:40,第１６回みやじマリンカップ,特賞,２日目
宮島,17,20260725,10R,4,4835,B1,橋本　　　明,0,0,0.15,5.01,25.96,50.00,5.06,23.44,50.00,66,43.18,56.25,29,46.89,59.81,8R/1/.19/1,1R/2/.16/4,,,,,広島,広島,38,15:40,第１６回みやじマリンカップ,特賞,２日目
宮島,17,20260725,10R,5,4706,A2,三浦　洋次朗,1,0,0.17,5.72,41.60,54.40,5.00,20.00,40.00,67,34.67,55.28,12,36.26,49.45,9R/5/.20/4,4R/3/.24/6,,,,,愛知,愛知,37,15:40,第１６回みやじマリンカップ,特賞,２日目
宮島,17,20260725,10R,6,3976,B1,内田　　　圭,0,0,0.17,3.38,15.56,24.44,3.64,27.27,31.82,51,37.31,54.92,61,35.08,54.45,8R/4/.24/4,2R/2/.27/5,,,,,山口,山口,49,15:40,第１６回みやじマリンカップ,特賞,２日目
宮島,17,20260725,11R,1,3574,A1,大神　　康司,0,0,0.16,6.17,48.54,64.08,5.62,42.86,57.14,23,31.87,51.10,13,34.10,52.60,9R/2/.11/2,6R/3/.18/6,,,,,福岡,福岡,53,16:13,第１６回みやじマリンカップ,特選,２日目
宮島,17,20260725,11R,2,4351,A1,里岡　　右貴,1,0,0.13,6.92,52.05,71.92,7.11,53.57,64.29,63,31.38,46.28,59,34.52,51.78,6R/5/.09/4 12R/1/.13/2,5R/3/.15/2,,,,,福岡,福岡,40,16:13,第１６回みやじマリンカップ,特選,２日目
宮島,17,20260725,11R,3,4276,A2,鈴木　　勝博,0,0,0.16,5.72,40.57,55.66,6.29,53.57,60.71,61,35.79,50.00,37,36.87,54.55,4R/4/.15/1 11R/6/.16/4,1R/1/.21/3,,,,,愛知,愛知,43,16:13,第１６回みやじマリンカップ,特選,２日目
宮島,17,20260725,11R,4,4715,A1,村上　　　遼,0,0,0.15,6.04,36.11,59.72,6.47,46.88,53.13,11,37.50,52.60,55,24.84,45.86,2R/2/.08/2 12R/5/.11/4,4R/1/.16/1,,,,,長崎,長崎,34,16:13,第１６回みやじマリンカップ,特選,２日目
宮島,17,20260725,11R,5,4904,B1,松本　　一毅,0,0,0.17,5.30,34.40,51.20,5.25,30.56,55.56,70,36.21,49.43,58,37.56,54.63,3R/1/.28/3,2R/3/.27/4,,,,,大阪,大阪,31,16:13,第１６回みやじマリンカップ,特選,２日目
宮島,17,20260725,11R,6,3833,A2,中辻　　博訓,0,0,0.13,6.24,46.43,63.57,7.25,62.50,79.17,32,43.46,57.59,53,31.25,47.60,3R/4/.22/2 10R/1/.11/5,3R/2/.20/2,,,,,福井,福井,51,16:13,第１６回みやじマリンカップ,特選,２日目
宮島,17,20260725,12R,1,4786,A1,佐藤　　博亮,0,0,0.14,6.63,54.48,69.40,7.33,61.90,66.67,73,27.33,46.00,18,35.50,52.07,3R/2/.35/4 12R/6/.09/5,6R/2/.14/3,,,,,愛知,愛知,38,16:53,第１６回みやじマリンカップ,特選,２日目
宮島,17,20260725,12R,2,4066,A2,東本　　勝利,0,0,0.18,6.18,41.38,66.38,7.27,54.55,81.82,72,45.26,63.16,76,35.35,55.56,10R/4/.12/1,4R/5/.12/4,,,,,三重,三重,46,16:53,第１６回みやじマリンカップ,特選,２日目
宮島,17,20260725,12R,3,4703,A1,森永　　　隆,0,0,0.16,6.90,60.00,71.82,5.56,29.63,48.15,33,34.69,50.51,64,29.77,49.77,5R/2/.13/3 12R/4/.18/6,7R/1/.05/1,,,,,山口,山口,38,16:53,第１６回みやじマリンカップ,特選,２日目
宮島,17,20260725,12R,4,4674,B1,池田　　剛規,0,0,0.15,5.14,30.63,47.75,6.13,39.13,78.26,15,34.20,51.30,69,29.21,50.56,5R/5/.23/2,3R/1/.14/1,,,,,福岡,福岡,38,16:53,第１６回みやじマリンカップ,特選,２日目
宮島,17,20260725,12R,5,4109,A2,谷津　　幸宏,1,0,0.13,5.50,32.28,55.12,5.10,30.00,50.00,24,33.33,49.15,77,34.31,50.98,2R/3/.09/1 7R/1/.21/1,2R/4/.18/1,,,,,埼玉,埼玉,46,16:53,第１６回みやじマリンカップ,特選,２日目
宮島,17,20260725,12R,6,4930,A2,佐藤　　　悠,0,0,0.16,5.95,39.42,58.65,5.41,29.63,51.85,57,37.63,56.19,81,28.47,49.31,7R/3/.18/2,5R/2/.11/1,,,,,福井,石川,30,16:53,第１６回みやじマリンカップ,特選,２日目
若松,20,20260725,1R,1,3519,B1,冨田　　秀幸,1,0,0.16,4.09,15.79,32.89,4.30,10.00,35.00,16,25.19,34.35,40,31.82,36.36,,,,,,,愛知,愛知,58,15:24,中間市行橋市ＢＲ組合施行５７周年記念競走,予選,初日
若松,20,20260725,1R,2,5320,B1,岩崎　　麗子,0,0,0.18,3.31,12.94,21.18,3.44,11.11,33.33,48,35.25,53.96,43,37.04,44.44,,,,,,,群馬,群馬,25,15:24,中間市行橋市ＢＲ組合施行５７周年記念競走,予選,初日
若松,20,20260725,1R,3,4247,B1,齊藤　　　優,0,0,0.17,5.20,28.00,49.00,5.00,31.58,42.11,17,28.57,42.86,23,55.56,74.07,,,,,,,徳島,徳島,44,15:24,中間市行橋市ＢＲ組合施行５７周年記念競走,予選,初日
若松,20,20260725,1R,4,4705,B1,吉川　　勇作,0,0,0.15,3.41,17.31,25.00,4.20,30.00,30.00,3,36.05,53.74,42,10.34,24.14,,,,,,,長崎,長崎,37,15:24,中間市行橋市ＢＲ組合施行５７周年記念競走,予選,初日
若松,20,20260725,1R,5,5157,B1,市川　　健太,0,0,0.17,4.13,25.29,34.48,4.60,20.00,40.00,15,35.42,54.86,18,12.00,28.00,,,,,,,滋賀,京都,28,15:24,中間市行橋市ＢＲ組合施行５７周年記念競走,予選,初日
若松,20,20260725,1R,6,5370,B2,日隈　　　茜,0,0,0.19,1.31,3.13,3.13,1.06,0.00,0.00,1,28.77,47.26,45,35.71,64.29,,,,,,,福岡,大分,24,15:24,中間市行橋市ＢＲ組合施行５７周年記念競走,予選,初日
若松,20,20260725,2R,1,3947,B1,寺本　　昇平,0,0,0.19,4.52,18.75,38.54,3.33,16.67,33.33,36,32.00,47.33,64,16.67,20.00,,,,,,,群馬,神奈川,50,16:03,中間市行橋市ＢＲ組合施行５７周年記念競走,予選,初日
若松,20,20260725,2R,2,4188,A1,久田　　敏之,0,0,0.12,7.80,62.71,77.12,6.58,33.33,66.67,19,35.66,51.05,39,34.78,43.48,,,,,,,群馬,群馬,45,16:03,中間市行橋市ＢＲ組合施行５７周年記念競走,予選,初日
若松,20,20260725,2R,3,4079,A2,出畑　　孝典,0,0,0.19,5.73,35.04,60.68,5.93,44.26,63.93,50,33.09,47.06,73,10.53,15.79,,,,,,,福岡,福岡,47,16:03,中間市行橋市ＢＲ組合施行５７周年記念競走,予選,初日
若松,20,20260725,2R,4,5070,B1,中島　　　航,0,0,0.22,3.77,18.92,31.08,4.56,22.22,55.56,2,35.62,45.21,14,26.09,39.13,,,,,,,東京,千葉,32,16:03,中間市行橋市ＢＲ組合施行５７周年記念競走,予選,初日
若松,20,20260725,2R,5,5268,B1,山本　　幸也,0,0,0.20,4.08,21.79,30.77,3.55,21.43,26.19,25,42.66,56.64,70,45.16,58.06,,,,,,,福岡,福岡,25,16:03,中間市行橋市ＢＲ組合施行５７周年記念競走,予選,初日
若松,20,20260725,2R,6,3841,A2,佐々木　和伸,0,0,0.16,6.20,45.53,65.85,6.20,40.00,60.00,5,44.52,65.07,62,30.00,45.00,,,,,,,徳島,徳島,50,16:03,中間市行橋市ＢＲ組合施行５７周年記念競走,予選,初日
若松,20,20260725,3R,1,4325,B1,新出　　浩司,0,0,0.19,4.52,20.48,42.17,0.00,0.00,0.00,43,34.44,56.95,51,41.38,48.28,,,,,,,大阪,大阪,43,16:37,中間市行橋市ＢＲ組合施行５７周年記念競走,予選,初日
若松,20,20260725,3R,2,3489,A2,大場　　　敏,0,0,0.16,5.81,39.26,56.30,5.21,34.48,41.38,41,34.64,52.94,44,56.00,64.00,,,,,,,静岡,静岡,59,16:37,中間市行橋市ＢＲ組合施行５７周年記念競走,予選,初日
若松,20,20260725,3R,3,4145,B1,小澤　　　学,0,0,0.26,3.92,16.48,31.87,3.33,13.33,20.00,56,23.53,39.71,19,19.35,45.16,,,,,,,東京,千葉,44,16:37,中間市行橋市ＢＲ組合施行５７周年記念競走,予選,初日
若松,20,20260725,3R,4,4850,A2,野中　　一平,0,0,0.11,6.06,38.46,54.62,0.00,0.00,0.00,38,30.82,50.00,46,32.00,64.00,,,,,,,愛知,岐阜,31,16:37,中間市行橋市ＢＲ組合施行５７周年記念競走,予選,初日
若松,20,20260725,3R,5,4785,B1,木幡　　純也,0,0,0.20,4.29,17.86,38.10,4.29,0.00,42.86,35,41.72,60.26,55,32.00,44.00,,,,,,,愛知,愛知,38,16:37,中間市行橋市ＢＲ組合施行５７周年記念競走,予選,初日
若松,20,20260725,3R,6,4442,B1,松竹　　大輔,1,0,0.16,6.10,47.71,57.80,5.13,37.50,56.25,11,25.34,43.84,32,22.73,27.27,,,,,,,愛知,愛知,39,16:37,中間市行橋市ＢＲ組合施行５７周年記念競走,予選,初日
若松,20,20260725,4R,1,3859,B1,多羅尾　達之,0,0,0.15,4.21,23.40,38.30,0.00,0.00,0.00,7,27.78,40.97,61,25.00,39.29,,,,,,,東京,神奈川,53,17:13,中間市行橋市ＢＲ組合施行５７周年記念競走,予選,初日
若松,20,20260725,4R,2,4128,B1,川口　　貴久,1,0,0.14,5.51,34.18,51.90,5.94,44.44,72.22,40,35.33,51.33,66,13.64,31.82,,,,,,,東京,東京,46,17:13,中間市行橋市ＢＲ組合施行５７周年記念競走,予選,初日
若松,20,20260725,4R,3,4504,A1,前田　　将太,0,0,0.15,6.59,46.30,63.89,7.25,56.79,69.14,61,30.50,46.81,25,37.50,58.33,,,,,,,福岡,福岡,38,17:13,中間市行橋市ＢＲ組合施行５７周年記念競走,予選,初日
若松,20,20260725,4R,4,5093,B2,浦野　　　海,0,0,0.18,4.02,27.27,39.39,4.80,26.67,43.33,20,39.42,57.66,35,39.39,57.58,,,,,,,福岡,福岡,24,17:13,中間市行橋市ＢＲ組合施行５７周年記念競走,予選,初日
若松,20,20260725,4R,5,5050,A2,木下　　雄介,0,0,0.17,5.69,40.48,55.95,0.00,0.00,0.00,57,31.06,46.97,67,40.00,64.00,,,,,,,滋賀,京都,31,17:13,中間市行橋市ＢＲ組合施行５７周年記念競走,予選,初日
若松,20,20260725,4R,6,4615,B1,板倉　　敦史,0,0,0.19,4.35,23.08,36.26,4.22,18.75,40.63,24,32.35,47.79,50,33.33,55.56,,,,,,,東京,千葉,46,17:13,中間市行橋市ＢＲ組合施行５７周年記念競走,予選,初日
若松,20,20260725,5R,1,3942,A1,寺田　　　祥,0,0,0.14,6.94,55.34,69.90,7.40,51.43,74.29,29,28.47,45.99,41,59.26,66.67,,,,,,,山口,山口,47,17:37,中間市行橋市ＢＲ組合施行５７周年記念競走,進入固定戦隊,初日
若松,20,20260725,5R,2,4819,A2,蜂須　　瑞生,1,0,0.17,5.06,29.91,46.73,5.60,40.00,60.00,33,32.00,53.33,21,32.26,45.16,,,,,,,群馬,群馬,35,17:37,中間市行橋市ＢＲ組合施行５７周年記念競走,進入固定戦隊,初日
若松,20,20260725,5R,3,4705,B1,吉川　　勇作,0,0,0.15,3.41,17.31,25.00,4.20,30.00,30.00,3,36.05,53.74,42,10.34,24.14,1R/4/.23/4,,,,,,長崎,長崎,37,17:37,中間市行橋市ＢＲ組合施行５７周年記念競走,進入固定戦隊,初日
若松,20,20260725,5R,4,4366,A1,前沢　　丈史,1,0,0.14,6.77,48.48,73.48,6.97,61.29,77.42,12,32.41,51.72,75,31.82,45.45,,,,,,,東京,茨城,40,17:37,中間市行橋市ＢＲ組合施行５７周年記念競走,進入固定戦隊,初日
若松,20,20260725,5R,5,4327,B1,加藤　　　翔,0,0,0.20,3.87,18.95,32.63,3.44,11.11,22.22,32,34.44,52.98,29,22.22,44.44,,,,,,,静岡,静岡,43,17:37,中間市行橋市ＢＲ組合施行５７周年記念競走,進入固定戦隊,初日
若松,20,20260725,5R,6,5358,B2,増本　　杏珠,0,0,0.21,2.38,3.13,9.38,2.39,3.23,6.45,58,30.43,44.20,11,40.74,55.56,,,,,,,福岡,福岡,20,17:37,中間市行橋市ＢＲ組合施行５７周年記念競走,進入固定戦隊,初日
若松,20,20260725,6R,1,4779,B1,伊倉　　　光,0,0,0.18,5.35,30.53,52.63,4.44,31.25,43.75,39,42.57,60.81,27,44.83,65.52,,,,,,,東京,神奈川,40,18:04,中間市行橋市ＢＲ組合施行５７周年記念競走,予選,初日
若松,20,20260725,6R,2,3932,B1,池田　　浩美,0,0,0.17,4.68,33.33,41.67,4.89,33.33,44.44,26,31.47,48.95,24,34.38,53.13,,,,,,,静岡,静岡,50,18:04,中間市行橋市ＢＲ組合施行５７周年記念競走,予選,初日
若松,20,20260725,6R,3,5070,B1,中島　　　航,0,0,0.22,3.77,18.92,31.08,4.56,22.22,55.56,2,35.62,45.21,14,26.09,39.13,2R/4/.22/6,,,,,,東京,千葉,32,18:04,中間市行橋市ＢＲ組合施行５７周年記念競走,予選,初日
若松,20,20260725,6R,4,4287,A2,今井　　貴士,0,0,0.17,6.26,42.16,63.73,6.55,50.60,65.06,13,33.57,48.25,20,37.04,74.07,,,,,,,福岡,福岡,41,18:04,中間市行橋市ＢＲ組合施行５７周年記念競走,予選,初日
若松,20,20260725,6R,5,3519,B1,冨田　　秀幸,1,0,0.16,4.09,15.79,32.89,4.30,10.00,35.00,16,25.19,34.35,40,31.82,36.36,1R/1/.11/1,,,,,,愛知,愛知,58,18:04,中間市行橋市ＢＲ組合施行５７周年記念競走,予選,初日
若松,20,20260725,6R,6,4890,A2,石川　　　諒,0,0,0.14,6.00,39.80,64.29,4.79,21.05,42.11,37,28.77,41.10,22,25.00,46.88,,,,,,,山口,山口,37,18:04,中間市行橋市ＢＲ組合施行５７周年記念競走,予選,初日
若松,20,20260725,7R,1,4168,A1,石野　　貴之,1,0,0.14,6.98,47.22,63.89,6.72,50.00,55.56,53,28.46,45.38,30,26.67,33.33,,,,,,,大阪,大阪,44,18:28,中間市行橋市ＢＲ組合施行５７周年記念競走,予選特賞,初日
若松,20,20260725,7R,2,4785,B1,木幡　　純也,0,0,0.20,4.29,17.86,38.10,4.29,0.00,42.86,35,41.72,60.26,55,32.00,44.00,3R/5/.23/2,,,,,,愛知,愛知,38,18:28,中間市行橋市ＢＲ組合施行５７周年記念競走,予選特賞,初日
若松,20,20260725,7R,3,5270,B1,小玉　　啓太,1,0,0.15,4.48,22.92,42.71,3.71,14.29,28.57,34,37.09,56.29,71,57.69,65.38,,,,,,,佐賀,佐賀,25,18:28,中間市行橋市ＢＲ組合施行５７周年記念競走,予選特賞,初日
若松,20,20260725,7R,4,4079,A2,出畑　　孝典,0,0,0.19,5.73,35.04,60.68,5.93,44.26,63.93,50,33.09,47.06,73,10.53,15.79,2R/3/.14/4,,,,,,福岡,福岡,47,18:28,中間市行橋市ＢＲ組合施行５７周年記念競走,予選特賞,初日
若松,20,20260725,7R,5,5412,B2,久保田　凪紗,0,0,0.20,1.61,1.22,3.66,1.48,0.00,4.76,14,36.55,57.93,28,30.77,57.69,,,,,,,佐賀,福岡,20,18:28,中間市行橋市ＢＲ組合施行５７周年記念競走,予選特賞,初日
若松,20,20260725,7R,6,5002,A2,上田　　健太,0,0,0.17,5.71,37.72,58.77,6.79,47.37,68.42,23,41.73,61.87,68,47.22,61.11,,,,,,,愛知,愛知,30,18:28,中間市行橋市ＢＲ組合施行５７周年記念競走,予選特賞,初日
若松,20,20260725,8R,1,3489,A2,大場　　　敏,0,0,0.16,5.81,39.26,56.30,5.21,34.48,41.38,41,34.64,52.94,44,56.00,64.00,3R/2/.23/5,,,,,,静岡,静岡,59,18:54,中間市行橋市ＢＲ組合施行５７周年記念競走,エイトビート,初日
若松,20,20260725,8R,2,4762,A1,藤原　啓史朗,0,0,0.13,7.28,53.54,73.23,9.10,90.00,100.00,55,17.46,38.10,63,21.88,40.63,,,,,,,岡山,岡山,36,18:54,中間市行橋市ＢＲ組合施行５７周年記念競走,エイトビート,初日
若松,20,20260725,8R,3,4372,A2,原田　　佑実,0,0,0.17,6.16,44.44,60.61,3.29,14.29,28.57,10,25.68,43.92,54,37.04,59.26,,,,,,,大阪,愛知,38,18:54,中間市行橋市ＢＲ組合施行５７周年記念競走,エイトビート,初日
若松,20,20260725,8R,4,5320,B1,岩崎　　麗子,0,0,0.18,3.31,12.94,21.18,3.44,11.11,33.33,48,35.25,53.96,43,37.04,44.44,1R/2/.14/3,,,,,,群馬,群馬,25,18:54,中間市行橋市ＢＲ組合施行５７周年記念競走,エイトビート,初日
若松,20,20260725,8R,5,3947,B1,寺本　　昇平,0,0,0.19,4.52,18.75,38.54,3.33,16.67,33.33,36,32.00,47.33,64,16.67,20.00,2R/1/.08/1,,,,,,群馬,神奈川,50,18:54,中間市行橋市ＢＲ組合施行５７周年記念競走,エイトビート,初日
若松,20,20260725,8R,6,4196,B1,田中　太一郎,0,0,0.17,3.76,19.80,29.70,4.71,29.41,35.29,60,30.94,47.48,48,48.15,59.26,,,,,,,佐賀,佐賀,44,18:54,中間市行橋市ＢＲ組合施行５７周年記念競走,エイトビート,初日
若松,20,20260725,9R,1,4259,A2,真庭　　明志,0,0,0.15,5.52,35.71,57.14,5.04,34.62,46.15,51,45.59,62.50,59,7.14,7.14,,,,,,,長崎,長崎,42,19:23,中間市行橋市ＢＲ組合施行５７周年記念競走,予選,初日
若松,20,20260725,9R,2,4442,B1,松竹　　大輔,1,0,0.16,6.10,47.71,57.80,5.13,37.50,56.25,11,25.34,43.84,32,22.73,27.27,3R/6/.27/6,,,,,,愛知,愛知,39,19:23,中間市行橋市ＢＲ組合施行５７周年記念競走,予選,初日
若松,20,20260725,9R,3,5093,B2,浦野　　　海,0,0,0.18,4.02,27.27,39.39,4.80,26.67,43.33,20,39.42,57.66,35,39.39,57.58,4R/4/.13/3,,,,,,福岡,福岡,24,19:23,中間市行橋市ＢＲ組合施行５７周年記念競走,予選,初日
若松,20,20260725,9R,4,5398,B1,鐘ヶ江　真司,0,0,0.19,4.17,20.87,32.17,3.39,11.76,27.45,28,30.22,43.88,33,31.82,59.09,,,,,,,福岡,福岡,24,19:23,中間市行橋市ＢＲ組合施行５７周年記念競走,予選,初日
若松,20,20260725,9R,5,4145,B1,小澤　　　学,0,0,0.26,3.92,16.48,31.87,3.33,13.33,20.00,56,23.53,39.71,19,19.35,45.16,3R/3/.28/4,,,,,,東京,千葉,44,19:23,中間市行橋市ＢＲ組合施行５７周年記念競走,予選,初日
若松,20,20260725,9R,6,4530,A1,小野　　生奈,0,0,0.15,7.25,56.44,70.30,6.70,54.05,70.27,31,31.65,48.20,52,16.00,32.00,,,,,,,福岡,福岡,37,19:23,中間市行橋市ＢＲ組合施行５７周年記念競走,予選,初日
若松,20,20260725,10R,1,4366,A1,前沢　　丈史,1,0,0.14,6.77,48.48,73.48,6.97,61.29,77.42,12,32.41,51.72,75,31.82,45.45,5R/4/.18/6,,,,,,東京,茨城,40,19:50,中間市行橋市ＢＲ組合施行５７周年記念競走,予選特賞,初日
若松,20,20260725,10R,2,5050,A2,木下　　雄介,0,0,0.17,5.69,40.48,55.95,0.00,0.00,0.00,57,31.06,46.97,67,40.00,64.00,4R/5/.14/2,,,,,,滋賀,京都,31,19:50,中間市行橋市ＢＲ組合施行５７周年記念競走,予選特賞,初日
若松,20,20260725,10R,3,4890,A2,石川　　　諒,0,0,0.14,6.00,39.80,64.29,4.79,21.05,42.11,37,28.77,41.10,22,25.00,46.88,6R/6/.13/6,,,,,,山口,山口,37,19:50,中間市行橋市ＢＲ組合施行５７周年記念競走,予選特賞,初日
若松,20,20260725,10R,4,5268,B1,山本　　幸也,0,0,0.20,4.08,21.79,30.77,3.55,21.43,26.19,25,42.66,56.64,70,45.16,58.06,2R/5/.18/5,,,,,,福岡,福岡,25,19:50,中間市行橋市ＢＲ組合施行５７周年記念競走,予選特賞,初日
若松,20,20260725,10R,5,4325,B1,新出　　浩司,0,0,0.19,4.52,20.48,42.17,0.00,0.00,0.00,43,34.44,56.95,51,41.38,48.28,3R/1/.18/3,,,,,,大阪,大阪,43,19:50,中間市行橋市ＢＲ組合施行５７周年記念競走,予選特賞,初日
若松,20,20260725,10R,6,4247,B1,齊藤　　　優,0,0,0.17,5.20,28.00,49.00,5.00,31.58,42.11,17,28.57,42.86,23,55.56,74.07,1R/3/.12/2,,,,,,徳島,徳島,44,19:50,中間市行橋市ＢＲ組合施行５７周年記念競走,予選特賞,初日
若松,20,20260725,11R,1,4850,A2,野中　　一平,0,0,0.11,6.06,38.46,54.62,0.00,0.00,0.00,38,30.82,50.00,46,32.00,64.00,3R/4/.16/1,,,,,,愛知,岐阜,31,20:16,中間市行橋市ＢＲ組合施行５７周年記念競走,予選特選,初日
若松,20,20260725,11R,2,5157,B1,市川　　健太,0,0,0.17,4.13,25.29,34.48,4.60,20.00,40.00,15,35.42,54.86,18,12.00,28.00,1R/5/.19/5,,,,,,滋賀,京都,28,20:16,中間市行橋市ＢＲ組合施行５７周年記念競走,予選特選,初日
若松,20,20260725,11R,3,3841,A2,佐々木　和伸,0,0,0.16,6.20,45.53,65.85,6.20,40.00,60.00,5,44.52,65.07,62,30.00,45.00,2R/6/.17/3,,,,,,徳島,徳島,50,20:16,中間市行橋市ＢＲ組合施行５７周年記念競走,予選特選,初日
若松,20,20260725,11R,4,5270,B1,小玉　　啓太,1,0,0.15,4.48,22.92,42.71,3.71,14.29,28.57,34,37.09,56.29,71,57.69,65.38,7R/4/.21/2,,,,,,佐賀,佐賀,25,20:16,中間市行橋市ＢＲ組合施行５７周年記念競走,予選特選,初日
若松,20,20260725,11R,5,4819,A2,蜂須　　瑞生,1,0,0.17,5.06,29.91,46.73,5.60,40.00,60.00,33,32.00,53.33,21,32.26,45.16,5R/2/.18/4,,,,,,群馬,群馬,35,20:16,中間市行橋市ＢＲ組合施行５７周年記念競走,予選特選,初日
若松,20,20260725,11R,6,4128,B1,川口　　貴久,1,0,0.14,5.51,34.18,51.90,5.94,44.44,72.22,40,35.33,51.33,66,13.64,31.82,4R/2/.19/6,,,,,,東京,東京,46,20:16,中間市行橋市ＢＲ組合施行５７周年記念競走,予選特選,初日
若松,20,20260725,12R,1,4504,A1,前田　　将太,0,0,0.15,6.59,46.30,63.89,7.25,56.79,69.14,61,30.50,46.81,25,37.50,58.33,4R/3/.09/1,,,,,,福岡,福岡,38,20:45,中間市行橋市ＢＲ組合施行５７周年記念競走,ドリーム戦,初日
若松,20,20260725,12R,2,4168,A1,石野　　貴之,1,0,0.14,6.98,47.22,63.89,6.72,50.00,55.56,53,28.46,45.38,30,26.67,33.33,7R/1/.16/1,,,,,,大阪,大阪,44,20:45,中間市行橋市ＢＲ組合施行５７周年記念競走,ドリーム戦,初日
若松,20,20260725,12R,3,3942,A1,寺田　　　祥,0,0,0.14,6.94,55.34,69.90,7.40,51.43,74.29,29,28.47,45.99,41,59.26,66.67,5R/1/.16/1,,,,,,山口,山口,47,20:45,中間市行橋市ＢＲ組合施行５７周年記念競走,ドリーム戦,初日
若松,20,20260725,12R,4,4188,A1,久田　　敏之,0,0,0.12,7.80,62.71,77.12,6.58,33.33,66.67,19,35.66,51.05,39,34.78,43.48,2R/2/.11/2,,,,,,群馬,群馬,45,20:45,中間市行橋市ＢＲ組合施行５７周年記念競走,ドリーム戦,初日
若松,20,20260725,12R,5,4287,A2,今井　　貴士,0,0,0.17,6.26,42.16,63.73,6.55,50.60,65.06,13,33.57,48.25,20,37.04,74.07,6R/4/.13/1,,,,,,福岡,福岡,41,20:45,中間市行橋市ＢＲ組合施行５７周年記念競走,ドリーム戦,初日
若松,20,20260725,12R,6,4762,A1,藤原　啓史朗,0,0,0.13,7.28,53.54,73.23,9.10,90.00,100.00,55,17.46,38.10,63,21.88,40.63,,,,,,,岡山,岡山,36,20:45,中間市行橋市ＢＲ組合施行５７周年記念競走,ドリーム戦,初日
芦屋,21,20260725,1R,1,3435,A2,寺田　　千恵,0,0,0.15,6.58,45.97,65.32,6.72,53.49,67.44,26,22.22,34.92,115,33.80,45.07,2R/1/.21/2 10R/4/.15/4,5R/6/.19/4,,,,,岡山,福岡,57,08:32,福岡ソフトバンクホークス杯,サンライズＶ戦,３日目
芦屋,21,20260725,1R,2,5293,B1,眞崎　　武蔵,0,0,0.21,3.20,14.55,23.64,2.78,11.11,22.22,5,32.73,47.27,159,47.54,65.57,1R/6/.09/4 6R/3/.10/2,6R/4/.14/3,,,,,静岡,神奈川,24,08:32,福岡ソフトバンクホークス杯,サンライズＶ戦,３日目
芦屋,21,20260725,1R,3,3282,B1,池本　　輝明,0,0,0.19,4.73,26.92,40.38,5.33,29.17,54.17,24,20.90,32.84,135,37.88,60.61,2R/5/.25/3 8R/1/.12/2,6R/6/.23/5,,,,,広島,広島,59,08:32,福岡ソフトバンクホークス杯,サンライズＶ戦,３日目
芦屋,21,20260725,1R,4,4336,B1,松田　　竜馬,0,0,0.15,4.70,26.60,42.55,5.20,27.78,53.70,56,45.00,60.00,117,35.94,53.13,7R/1/.10/1,1R/6/.14/4 11R/5/.11/1,,,,,福岡,鹿児島,42,08:32,福岡ソフトバンクホークス杯,サンライズＶ戦,３日目
芦屋,21,20260725,1R,5,5283,B2,植木　　美帆,1,0,0.22,2.36,4.11,6.85,0.00,0.00,0.00,39,40.00,60.00,170,34.38,51.56,7R/3/.15/6,3R/6/.11/6 8R/2/.12/4,,,,,東京,東京,22,08:32,福岡ソフトバンクホークス杯,サンライズＶ戦,３日目
芦屋,21,20260725,1R,6,5100,B1,栗原　　一馬,1,0,0.17,4.66,28.57,42.86,0.00,0.00,0.00,28,30.14,45.21,148,22.50,35.00,7R/4/.08/3,2R/3/.13/3,,,,,群馬,群馬,29,08:32,福岡ソフトバンクホークス杯,サンライズＶ戦,３日目
芦屋,21,20260725,2R,1,4120,A2,柘植　　政浩,0,0,0.16,6.06,45.24,62.70,4.76,29.41,35.29,36,27.85,48.10,122,38.10,60.32,6R/4/.10/4 11R/6/.17/4,4R/4/.08/4 9R/1/.19/1,,,,,滋賀,滋賀,45,08:58,福岡ソフトバンクホークス杯,サンライズＷ戦,３日目
芦屋,21,20260725,2R,2,3305,B1,小野　　信樹,0,0,0.17,4.04,20.27,32.43,4.50,31.25,31.25,58,22.03,40.68,157,37.14,55.71,6R/1/.12/3,2R/6/.14/6 7R/3/.11/4,,,,,岡山,岡山,58,08:58,福岡ソフトバンクホークス杯,サンライズＷ戦,３日目
芦屋,21,20260725,2R,3,5369,B1,岡崎　　凪汰,0,0,0.17,3.16,12.66,20.25,2.09,4.35,8.70,46,26.56,50.00,127,43.28,59.70,4R/2/.13/6 11R/5/.17/6,7R/4/.10/5,,,,,長崎,大分,24,08:58,福岡ソフトバンクホークス杯,サンライズＷ戦,３日目
芦屋,21,20260725,2R,4,4352,A1,下條　雄太郎,0,0,0.15,6.55,46.77,58.06,0.00,0.00,0.00,6,24.24,43.94,134,31.15,45.90,5R/1/.16/1 12R/5/.13/3,6R/3/.12/1 11R/2/.11/2,,,,,長崎,長崎,40,08:58,福岡ソフトバンクホークス杯,サンライズＷ戦,３日目
芦屋,21,20260725,2R,5,4694,B1,高田　　　綾,0,0,0.20,4.37,21.13,39.44,5.44,27.78,61.11,15,33.33,48.00,143,38.16,52.63,4R/4/.12/1 10R/2/.15/2,5R/3/.21/2,,,,,福岡,福岡,41,08:58,福岡ソフトバンクホークス杯,サンライズＷ戦,３日目
芦屋,21,20260725,2R,6,3834,B1,細川　　明人,0,0,0.19,4.11,25.30,33.73,0.00,0.00,0.00,49,20.97,32.26,136,39.73,56.16,1R/5/.13/2 7R/2/.16/4,4R/5/.06/5,,,,,岡山,岡山,51,08:58,福岡ソフトバンクホークス杯,サンライズＷ戦,３日目
芦屋,21,20260725,3R,1,3582,A2,吉川　　昭男,0,0,0.17,6.08,45.71,58.10,6.26,48.57,62.86,48,38.10,53.97,152,26.98,38.10,4R/3/.08/4 9R/1/.20/1,3R/2/.10/1 10R/2/.16/4,,,,,滋賀,滋賀,53,09:24,福岡ソフトバンクホークス杯,サンライズＸ戦,３日目
芦屋,21,20260725,3R,2,5263,B1,花田　　凱成,0,0,0.17,4.19,18.89,38.89,3.37,15.25,27.12,2,33.87,46.77,154,40.91,62.12,8R/4/.13/4,2R/4/.18/4 10R/5/.19/6,,,,,福岡,福岡,27,09:24,福岡ソフトバンクホークス杯,サンライズＸ戦,３日目
芦屋,21,20260725,3R,3,3746,A2,岡瀬　　正人,0,0,0.18,5.70,36.15,56.92,7.00,71.43,71.43,44,32.39,38.03,132,30.00,48.33,3R/1/.15/2 11R/4/.18/3,6R/5/.17/6 12R/6/.21/4,,,,,岡山,岡山,51,09:24,福岡ソフトバンクホークス杯,サンライズＸ戦,３日目
芦屋,21,20260725,3R,4,4197,B1,渥美　　卓郎,0,0,0.19,3.78,16.84,27.37,0.00,0.00,0.00,51,38.46,55.38,147,21.05,28.07,2R/3/.22/5 9R/5/.19/5,7R/2/.15/3,,,,,静岡,静岡,44,09:24,福岡ソフトバンクホークス杯,サンライズＸ戦,３日目
芦屋,21,20260725,3R,5,4236,A1,松村　　　敏,1,0,0.11,7.24,59.84,77.17,8.14,70.33,89.01,14,20.00,33.33,112,47.54,52.46,2R/4/.17/1,8R/6/.03/2,,,,,福岡,熊本,42,09:24,福岡ソフトバンクホークス杯,サンライズＸ戦,３日目
芦屋,21,20260725,3R,6,4416,B1,三宅　　健太,0,0,0.17,5.39,34.69,48.98,6.13,43.48,60.87,25,14.29,32.14,153,43.66,59.15,7R/5/.09/2 11R/2/.22/5,6R/1/.23/4,,,,,広島,広島,39,09:24,福岡ソフトバンクホークス杯,サンライズＸ戦,３日目
芦屋,21,20260725,4R,1,4798,A1,浜先　　真範,0,0,0.13,6.38,44.44,61.11,7.25,50.00,75.00,38,28.57,47.14,149,42.25,54.93,3R/3/.09/1 12R/6/.11/4,4R/1/.00/1 10R/6/.18/3,,,,,広島,広島,33,09:50,福岡ソフトバンクホークス杯,サンライズＹ戦,３日目
芦屋,21,20260725,4R,2,4660,B1,宇田川　信一,0,0,0.19,4.15,22.50,35.00,0.00,0.00,0.00,37,32.43,50.00,158,32.20,47.46,5R/3/.19/4,1R/4/.20/6 9R/5/.26/5,,,,,東京,神奈川,35,09:50,福岡ソフトバンクホークス杯,サンライズＹ戦,３日目
芦屋,21,20260725,4R,3,3842,B1,星野　　太郎,0,0,0.19,4.62,26.32,40.79,2.50,0.00,0.00,59,28.33,40.00,140,29.85,44.78,2R/6/.28/4,7R/5/.14/6 12R/2/.21/2,,,,,三重,三重,50,09:50,福岡ソフトバンクホークス杯,サンライズＹ戦,３日目
芦屋,21,20260725,4R,4,4501,B1,樋口　由加里,0,0,0.15,5.22,33.03,45.87,5.33,44.44,44.44,16,22.54,30.99,168,30.65,46.77,5R/6/.19/5,5R/2/.25/3 10R/4/.12/5,,,,,岡山,岡山,38,09:50,福岡ソフトバンクホークス杯,サンライズＹ戦,３日目
芦屋,21,20260725,4R,5,4522,A2,古澤　　光紀,0,0,0.15,6.05,45.08,59.02,7.66,57.14,80.36,18,25.00,41.67,137,34.33,56.72,1R/1/.08/1 11R/3/.20/1,9R/6/.28/3,,,,,福岡,福岡,38,09:50,福岡ソフトバンクホークス杯,サンライズＹ戦,３日目
芦屋,21,20260725,4R,6,4373,A1,若狭　奈美子,1,0,0.17,6.37,45.00,68.33,6.30,45.45,75.76,17,29.17,47.22,144,50.67,74.67,9R/4/.27/2,5R/1/.19/1 12R/5/.21/3,,,,,岡山,岡山,38,09:50,福岡ソフトバンクホークス杯,サンライズＹ戦,３日目
芦屋,21,20260725,5R,1,4561,A2,藤山　　翔大,1,0,0.18,6.16,46.15,59.83,7.12,64.71,76.47,50,34.38,50.00,166,39.06,50.00,3R/5/.15/5 10R/1/.26/5,4R/6/.09/6 12R/4/.53/5,,,,,大阪,大阪,35,10:16,福岡ソフトバンクホークス杯,サンライズＺ戦,３日目
芦屋,21,20260725,5R,2,5248,B1,本田　　　愛,0,0,0.20,4.78,25.29,48.28,4.38,37.50,37.50,53,30.65,38.71,125,33.33,56.14,6R/6/.12/6,5R/4/.18/6 11R/3/.18/6,,,,,静岡,静岡,24,10:16,福岡ソフトバンクホークス杯,サンライズＺ戦,３日目
芦屋,21,20260725,5R,3,5239,B1,上野　　俊樹,0,0,0.17,5.27,29.07,48.84,4.33,16.67,41.67,55,48.21,66.07,156,34.38,56.25,2R/2/.21/6 7R/6/.07/5,3R/5/.10/2,,,,,福岡,熊本,26,10:16,福岡ソフトバンクホークス杯,サンライズＺ戦,３日目
芦屋,21,20260725,5R,4,4436,A1,渋谷　　明憲,1,0,0.15,6.30,47.00,67.00,6.92,66.67,75.00,21,42.86,60.00,155,41.10,60.27,5R/5/.11/3 11R/1/.19/2,11R/6/.16/5,,,,,大阪,大阪,40,10:16,福岡ソフトバンクホークス杯,サンライズＺ戦,３日目
芦屋,21,20260725,5R,5,3918,A1,深井　　利寿,0,0,0.18,6.70,47.50,71.67,6.95,52.50,72.50,52,35.00,55.00,113,41.10,56.16,4R/1/.17/5 12R/4/.10/1,3R/4/.14/3 9R/2/.20/2,,,,,滋賀,滋賀,51,10:16,福岡ソフトバンクホークス杯,サンライズＺ戦,３日目
芦屋,21,20260725,5R,6,3584,B1,佐々木　英樹,0,0,0.17,5.03,34.31,49.02,4.29,25.00,35.42,20,16.67,37.88,133,33.85,49.23,1R/3/.08/3 10R/5/.22/3,10R/1/.09/1,,,,,広島,広島,53,10:16,福岡ソフトバンクホークス杯,サンライズＺ戦,３日目
芦屋,21,20260725,6R,1,4879,B1,山崎　　鉄平,0,0,0.17,5.02,34.12,49.41,4.42,25.00,37.50,40,23.19,43.48,131,31.82,48.48,10R/3/.10/1,1R/2/.20/3 7R/6/.14/2,,,,,佐賀,佐賀,31,10:44,福岡ソフトバンクホークス杯,予選,３日目
芦屋,21,20260725,6R,2,4376,A2,藤田　　靖弘,0,0,0.15,5.87,44.09,56.69,5.33,37.50,50.00,45,30.26,51.32,169,28.57,52.38,8R/5/.13/6,2R/1/.13/1 11R/4/.13/3,,,,,静岡,静岡,42,10:44,福岡ソフトバンクホークス杯,予選,３日目
芦屋,21,20260725,6R,3,3616,B1,中村　　　真,0,0,0.16,4.62,27.16,48.15,6.03,40.00,63.33,35,51.56,70.31,123,25.00,39.71,3R/6/.11/3 9R/2/.16/3,7R/1/.10/1,,,,,福岡,福岡,53,10:44,福岡ソフトバンクホークス杯,予選,３日目
芦屋,21,20260725,6R,4,5283,B2,植木　　美帆,1,0,0.22,2.36,4.11,6.85,0.00,0.00,0.00,39,40.00,60.00,170,34.38,51.56,7R/3/.15/6,3R/6/.11/6 8R/2/.12/4,1R/5/.08/2,,,,東京,東京,22,10:44,福岡ソフトバンクホークス杯,予選,３日目
芦屋,21,20260725,6R,5,5227,B2,川原　　愛未,0,0,,2.71,14.29,14.29,0.00,0.00,0.00,8,44.26,62.30,116,34.85,53.03,1R/4/.52/6 8R/6/.10/5,4R/3/.08/3,,,,,福岡,福岡,24,10:44,福岡ソフトバンクホークス杯,予選,３日目
芦屋,21,20260725,6R,6,3623,A1,深川　　真二,1,0,0.14,7.57,64.10,78.63,7.53,63.16,71.05,9,27.27,40.91,118,26.47,44.12,6R/2/.06/1,2R/2/.16/2,,,,,佐賀,佐賀,52,10:44,福岡ソフトバンクホークス杯,予選,３日目
芦屋,21,20260725,7R,1,4694,B1,高田　　　綾,0,0,0.20,4.37,21.13,39.44,5.44,27.78,61.11,15,33.33,48.00,143,38.16,52.63,4R/4/.12/1 10R/2/.15/2,5R/3/.21/2,2R/5/.11/4,,,,福岡,福岡,41,11:12,福岡ソフトバンクホークス杯,予選,３日目
芦屋,21,20260725,7R,2,3268,B1,森　　　竜也,0,0,0.17,4.59,28.57,36.73,5.00,12.50,50.00,23,31.67,40.00,151,35.94,46.88,1R/2/.11/5 9R/3/.17/6,8R/1/.02/5,,,,,三重,三重,61,11:12,福岡ソフトバンクホークス杯,予選,３日目
芦屋,21,20260725,7R,3,5293,B1,眞崎　　武蔵,0,0,0.21,3.20,14.55,23.64,2.78,11.11,22.22,5,32.73,47.27,159,47.54,65.57,1R/6/.09/4 6R/3/.10/2,6R/4/.14/3,1R/2/.14/3,,,,静岡,神奈川,24,11:12,福岡ソフトバンクホークス杯,予選,３日目
芦屋,21,20260725,7R,4,4562,B1,阪本　　勇介,0,0,0.19,4.87,24.30,43.93,4.04,15.38,38.46,22,41.67,56.67,163,33.87,46.77,5R/2/.20/6,2R/5/.16/5 9R/4/.25/4,,,,,岡山,岡山,38,11:12,福岡ソフトバンクホークス杯,予選,３日目
芦屋,21,20260725,7R,5,4945,B1,上村　　宏太,0,0,0.18,4.00,14.13,31.52,4.44,18.52,44.44,30,35.21,54.93,161,38.33,53.33,3R/4/.10/4 8R/3/.13/3,1R/5/.14/2,,,,,東京,東京,34,11:12,福岡ソフトバンクホークス杯,予選,３日目
芦屋,21,20260725,7R,6,5101,B1,表　　　健太,0,0,0.19,3.37,6.78,23.73,3.65,15.00,25.00,43,50.77,69.23,119,21.31,44.26,6R/5/.13/5,3R/3/.12/5 8R/5/.00/3,,,,,福岡,福岡,29,11:12,福岡ソフトバンクホークス杯,予選,３日目
芦屋,21,20260725,8R,1,4197,B1,渥美　　卓郎,0,0,0.19,3.78,16.84,27.37,0.00,0.00,0.00,51,38.46,55.38,147,21.05,28.07,2R/3/.22/5 9R/5/.19/5,7R/2/.15/3,3R/4/.11/5,,,,静岡,静岡,44,11:43,福岡ソフトバンクホークス杯,予選,３日目
芦屋,21,20260725,8R,2,4373,A1,若狭　奈美子,1,0,0.17,6.37,45.00,68.33,6.30,45.45,75.76,17,29.17,47.22,144,50.67,74.67,9R/4/.27/2,5R/1/.19/1 12R/5/.21/3,4R/6/.20/4,,,,岡山,岡山,38,11:43,福岡ソフトバンクホークス杯,予選,３日目
芦屋,21,20260725,8R,3,4336,B1,松田　　竜馬,0,0,0.15,4.70,26.60,42.55,5.20,27.78,53.70,56,45.00,60.00,117,35.94,53.13,7R/1/.10/1,1R/6/.14/4 11R/5/.11/1,1R/4/.09/5,,,,福岡,鹿児島,42,11:43,福岡ソフトバンクホークス杯,予選,３日目
芦屋,21,20260725,8R,4,4882,B2,瀧川　　千依,0,0,0.24,2.44,6.25,12.50,2.67,6.67,6.67,42,27.78,50.00,128,11.27,32.39,3R/2/.31/6,5R/5/.18/5 9R/3/.23/6,,,,,広島,埼玉,30,11:43,福岡ソフトバンクホークス杯,予選,３日目
芦屋,21,20260725,8R,5,5369,B1,岡崎　　凪汰,0,0,0.17,3.16,12.66,20.25,2.09,4.35,8.70,46,26.56,50.00,127,43.28,59.70,4R/2/.13/6 11R/5/.17/6,7R/4/.10/5,2R/3/.11/3,,,,長崎,大分,24,11:43,福岡ソフトバンクホークス杯,予選,３日目
芦屋,21,20260725,8R,6,4027,A2,松江　　秀徳,1,0,0.16,5.74,37.63,55.91,5.21,25.58,48.84,57,38.71,48.39,142,28.07,45.61,9R/6/.15/4,4R/2/.05/2 11R/1/.25/4,,,,,佐賀,佐賀,48,11:43,福岡ソフトバンクホークス杯,予選,３日目
芦屋,21,20260725,9R,1,3842,B1,星野　　太郎,0,0,0.19,4.62,26.32,40.79,2.50,0.00,0.00,59,28.33,40.00,140,29.85,44.78,2R/6/.28/4,7R/5/.14/6 12R/2/.21/2,4R/3/.10/2,,,,三重,三重,50,12:16,福岡ソフトバンクホークス杯,予選特賞,３日目
芦屋,21,20260725,9R,2,3582,A2,吉川　　昭男,0,0,0.17,6.08,45.71,58.10,6.26,48.57,62.86,48,38.10,53.97,152,26.98,38.10,4R/3/.08/4 9R/1/.20/1,3R/2/.10/1 10R/2/.16/4,3R/1/.10/1,,,,滋賀,滋賀,53,12:16,福岡ソフトバンクホークス杯,予選特賞,３日目
芦屋,21,20260725,9R,3,4969,B1,町田　　洸希,0,0,0.18,4.51,20.65,45.65,3.96,20.00,24.00,54,33.33,55.56,114,46.88,70.31,4R/5/.14/2,1R/3/.13/5 6R/2/.14/2,,,,,長崎,長崎,35,12:16,福岡ソフトバンクホークス杯,予選特賞,３日目
芦屋,21,20260725,9R,4,3305,B1,小野　　信樹,0,0,0.17,4.04,20.27,32.43,4.50,31.25,31.25,58,22.03,40.68,157,37.14,55.71,6R/1/.12/3,2R/6/.14/6 7R/3/.11/4,2R/2/.11/5,,,,岡山,岡山,58,12:16,福岡ソフトバンクホークス杯,予選特賞,３日目
芦屋,21,20260725,9R,5,5239,B1,上野　　俊樹,0,0,0.17,5.27,29.07,48.84,4.33,16.67,41.67,55,48.21,66.07,156,34.38,56.25,2R/2/.21/6 7R/6/.07/5,3R/5/.10/2,5R/3/.06/1,,,,福岡,熊本,26,12:16,福岡ソフトバンクホークス杯,予選特賞,３日目
芦屋,21,20260725,9R,6,4420,A2,津久井　拓也,0,0,0.16,5.86,38.17,57.25,5.95,40.00,60.00,31,38.36,57.53,165,26.98,41.27,5R/4/.13/2 10R/6/.19/6,1R/1/.20/1 10R/3/.15/2,,,,,群馬,栃木,38,12:16,福岡ソフトバンクホークス杯,予選特賞,３日目
芦屋,21,20260725,10R,1,4436,A1,渋谷　　明憲,1,0,0.15,6.30,47.00,67.00,6.92,66.67,75.00,21,42.86,60.00,155,41.10,60.27,5R/5/.11/3 11R/1/.19/2,11R/6/.16/5,5R/4/.15/2,,,,大阪,大阪,40,12:47,福岡ソフトバンクホークス杯,予選特賞,３日目
芦屋,21,20260725,10R,2,3282,B1,池本　　輝明,0,0,0.19,4.73,26.92,40.38,5.33,29.17,54.17,24,20.90,32.84,135,37.88,60.61,2R/5/.25/3 8R/1/.12/2,6R/6/.23/5,1R/3/.11/4,,,,広島,広島,59,12:47,福岡ソフトバンクホークス杯,予選特賞,３日目
芦屋,21,20260725,10R,3,4416,B1,三宅　　健太,0,0,0.17,5.39,34.69,48.98,6.13,43.48,60.87,25,14.29,32.14,153,43.66,59.15,7R/5/.09/2 11R/2/.22/5,6R/1/.23/4,3R/6/.15/4,,,,広島,広島,39,12:47,福岡ソフトバンクホークス杯,予選特賞,３日目
芦屋,21,20260725,10R,4,3616,B1,中村　　　真,0,0,0.16,4.62,27.16,48.15,6.03,40.00,63.33,35,51.56,70.31,123,25.00,39.71,3R/6/.11/3 9R/2/.16/3,7R/1/.10/1,6R/4/.10/2,,,,福岡,福岡,53,12:47,福岡ソフトバンクホークス杯,予選特賞,３日目
芦屋,21,20260725,10R,5,4120,A2,柘植　　政浩,0,0,0.16,6.06,45.24,62.70,4.76,29.41,35.29,36,27.85,48.10,122,38.10,60.32,6R/4/.10/4 11R/6/.17/4,4R/4/.08/4 9R/1/.19/1,2R/1/.15/1,,,,滋賀,滋賀,45,12:47,福岡ソフトバンクホークス杯,予選特賞,３日目
芦屋,21,20260725,10R,6,3898,A1,平田　　忠則,0,0,0.17,7.03,53.40,73.79,6.83,53.33,63.33,60,38.60,52.63,138,36.49,52.70,8R/2/.13/1 12R/3/.05/2,8R/4/.00/1 12R/1/.10/1,,,,,福岡,福岡,49,12:47,福岡ソフトバンクホークス杯,予選特賞,３日目
芦屋,21,20260725,11R,1,3746,A2,岡瀬　　正人,0,0,0.18,5.70,36.15,56.92,7.00,71.43,71.43,44,32.39,38.03,132,30.00,48.33,3R/1/.15/2 11R/4/.18/3,6R/5/.17/6 12R/6/.21/4,3R/3/.12/2,,,,岡山,岡山,51,13:18,福岡ソフトバンクホークス杯,予選特選,３日目
芦屋,21,20260725,11R,2,3584,B1,佐々木　英樹,0,0,0.17,5.03,34.31,49.02,4.29,25.00,35.42,20,16.67,37.88,133,33.85,49.23,1R/3/.08/3 10R/5/.22/3,10R/1/.09/1,5R/6/.14/5,,,,広島,広島,53,13:18,福岡ソフトバンクホークス杯,予選特選,３日目
芦屋,21,20260725,11R,3,3834,B1,細川　　明人,0,0,0.19,4.11,25.30,33.73,0.00,0.00,0.00,49,20.97,32.26,136,39.73,56.16,1R/5/.13/2 7R/2/.16/4,4R/5/.06/5,2R/6/.16/6,,,,岡山,岡山,51,13:18,福岡ソフトバンクホークス杯,予選特選,３日目
芦屋,21,20260725,11R,4,4798,A1,浜先　　真範,0,0,0.13,6.38,44.44,61.11,7.25,50.00,75.00,38,28.57,47.14,149,42.25,54.93,3R/3/.09/1 12R/6/.11/4,4R/1/.00/1 10R/6/.18/3,4R/1/.09/1,,,,広島,広島,33,13:18,福岡ソフトバンクホークス杯,予選特選,３日目
芦屋,21,20260725,11R,5,3435,A2,寺田　　千恵,0,0,0.15,6.58,45.97,65.32,6.72,53.49,67.44,26,22.22,34.92,115,33.80,45.07,2R/1/.21/2 10R/4/.15/4,5R/6/.19/4,1R/1/.07/1,,,,岡山,福岡,57,13:18,福岡ソフトバンクホークス杯,予選特選,３日目
芦屋,21,20260725,11R,6,4376,A2,藤田　　靖弘,0,0,0.15,5.87,44.09,56.69,5.33,37.50,50.00,45,30.26,51.32,169,28.57,52.38,8R/5/.13/6,2R/1/.13/1 11R/4/.13/3,6R/3/.11/5,,,,静岡,静岡,42,13:18,福岡ソフトバンクホークス杯,予選特選,３日目
芦屋,21,20260725,12R,1,4352,A1,下條　雄太郎,0,0,0.15,6.55,46.77,58.06,0.00,0.00,0.00,6,24.24,43.94,134,31.15,45.90,5R/1/.16/1 12R/5/.13/3,6R/3/.12/1 11R/2/.11/2,2R/4/.11/2,,,,長崎,長崎,40,14:00,福岡ソフトバンクホークス杯,予選特選,３日目
芦屋,21,20260725,12R,2,4522,A2,古澤　　光紀,0,0,0.15,6.05,45.08,59.02,7.66,57.14,80.36,18,25.00,41.67,137,34.33,56.72,1R/1/.08/1 11R/3/.20/1,9R/6/.28/3,4R/5/.15/3,,,,福岡,福岡,38,14:00,福岡ソフトバンクホークス杯,予選特選,３日目
芦屋,21,20260725,12R,3,4945,B1,上村　　宏太,0,0,0.18,4.00,14.13,31.52,4.44,18.52,44.44,30,35.21,54.93,161,38.33,53.33,3R/4/.10/4 8R/3/.13/3,1R/5/.14/2,7R/5/.16/5,,,,東京,東京,34,14:00,福岡ソフトバンクホークス杯,予選特選,３日目
芦屋,21,20260725,12R,4,4879,B1,山崎　　鉄平,0,0,0.17,5.02,34.12,49.41,4.42,25.00,37.50,40,23.19,43.48,131,31.82,48.48,10R/3/.10/1,1R/2/.20/3 7R/6/.14/2,6R/1/.10/3,,,,佐賀,佐賀,31,14:00,福岡ソフトバンクホークス杯,予選特選,３日目
芦屋,21,20260725,12R,5,4027,A2,松江　　秀徳,1,0,0.16,5.74,37.63,55.91,5.21,25.58,48.84,57,38.71,48.39,142,28.07,45.61,9R/6/.15/4,4R/2/.05/2 11R/1/.25/4,8R/5/.19/6,,,,佐賀,佐賀,48,14:00,福岡ソフトバンクホークス杯,予選特選,３日目
芦屋,21,20260725,12R,6,3918,A1,深井　　利寿,0,0,0.18,6.70,47.50,71.67,6.95,52.50,72.50,52,35.00,55.00,113,41.10,56.16,4R/1/.17/5 12R/4/.10/1,3R/4/.14/3 9R/2/.20/2,5R/5/.15/3,,,,滋賀,滋賀,51,14:00,福岡ソフトバンクホークス杯,予選特選,３日目
唐津,23,20260725,1R,1,4460,A2,後藤　　翔之,0,0,0.14,6.03,43.14,63.73,4.44,11.11,33.33,52,33.51,53.51,12,39.51,61.73,11R/4/.25/4,3R/1/.16/2 7R/2/.21/3,6R/2/.22/3 10R/4/.09/4,2R/2/.08/3 12R/6/.11/6,,,東京,東京,40,08:39,第１４回サッポロビールカップ,朝１戦,５日目
唐津,23,20260725,1R,2,3392,B1,小森　　信雄,0,0,0.21,4.28,17.44,37.21,4.70,20.00,30.00,32,48.58,62.74,41,40.70,55.81,7R/1/.12/3,3R/3/.17/3 9R/4/.22/4,1R/5/.19/3 8R/2/.27/3,10R/6/.17/6,,,三重,三重,60,08:39,第１４回サッポロビールカップ,朝１戦,５日目
唐津,23,20260725,1R,3,3370,B1,坪内　　　実,1,0,0.18,3.76,18.31,33.80,4.90,25.00,45.00,33,21.60,43.83,17,36.96,54.35,1R/3/.18/3 6R/6/.26/6,4R/4/.26/5,5R/2/.25/2 9R/1/.16/4,3R/5/.16/3,,,大阪,大阪,59,08:39,第１４回サッポロビールカップ,朝１戦,５日目
唐津,23,20260725,1R,4,4429,B1,豊田　　泰洋,0,0,0.19,3.50,12.20,24.39,4.73,31.82,36.36,38,32.79,49.18,24,39.74,58.97,3R/2/.15/5 8R/5/.20/5,5R/6/.23/6,4R/1/.26/3 8R/4/.19/5,,,,広島,広島,40,08:39,第１４回サッポロビールカップ,朝１戦,５日目
唐津,23,20260725,1R,5,3998,B1,冨成　　謙児,0,0,0.17,4.51,27.84,37.11,5.18,34.33,51.49,24,31.16,51.26,48,28.41,47.73,6R/4/.23/5,3R/5/.19/5 10R/1/.12/2,4R/6/.30/6,2R/3/.12/2 9R/2/.13/4,,,佐賀,佐賀,47,08:39,第１４回サッポロビールカップ,朝１戦,５日目
唐津,23,20260725,1R,6,5310,B1,土屋　　　蘭,1,0,0.16,4.60,16.92,44.62,2.50,0.00,12.50,12,35.75,50.26,54,33.33,51.11,2R/5/.11/3 7R/6/.27/4,10R/2/.15/6,,8R/6/.29/3,,,岡山,岡山,21,08:39,第１４回サッポロビールカップ,朝１戦,５日目
唐津,23,20260725,2R,1,4411,A2,沢田　　昭宏,0,0,0.19,5.65,36.92,56.15,6.25,43.75,68.75,23,23.08,41.03,19,35.48,51.61,7R/2/.14/1,2R/1/.17/1 10R/3/.11/4,4R/5/.34/1 12R/6/.37/4,6R/4/.26/2 12R/2/.16/1,,,大阪,大阪,40,09:05,第１４回サッポロビールカップ,モー２ング戦,５日目
唐津,23,20260725,2R,2,4362,A1,土屋　　智則,0,0,0.15,6.70,46.43,64.29,6.25,37.50,50.00,37,33.67,48.47,16,39.02,51.22,3R/3/.21/4 12R/2/.11/6,8R/4/.21/1 12R/1/.17/1,9R/5/.21/3,3R/4/.16/4 11R/1/.17/1,,,群馬,群馬,41,09:05,第１４回サッポロビールカップ,モー２ング戦,５日目
唐津,23,20260725,2R,3,5395,B1,日高　龍之介,0,0,0.19,2.18,4.23,11.27,2.26,9.30,9.30,26,31.87,53.30,39,45.57,56.96,4R/5/.09/6,1R/6/.31/5 6R/6/.09/6,1R/2/.20/4 6R/6/.23/6,1R/3/.06/4,,,佐賀,宮崎,24,09:05,第１４回サッポロビールカップ,モー２ング戦,５日目
唐津,23,20260725,2R,4,4905,B1,土井　　祥伍,0,0,0.21,4.60,22.89,38.55,4.29,42.86,42.86,28,39.44,56.11,8,41.94,61.29,2R/3/.20/4 8R/2/.16/3,2R/6/.14/5,5R/5/.25/5,1R/4/.12/5 7R/1/.29/2,,,大阪,大阪,31,09:05,第１４回サッポロビールカップ,モー２ング戦,５日目
唐津,23,20260725,2R,5,4648,B1,木村　　亮太,0,0,0.17,4.82,30.77,43.59,4.94,29.41,29.41,60,33.01,48.80,51,31.33,51.81,7R/4/.28/6,2R/5/.08/3 6R/1/.17/1,2R/6/.03/4 9R/3/.17/6,8R/2/.12/2,,,兵庫,大阪,42,09:05,第１４回サッポロビールカップ,モー２ング戦,５日目
唐津,23,20260725,2R,6,5459,B2,田中　　きら,0,0,,1.05,0.00,0.00,0.00,0.00,0.00,7,40.91,58.59,30,25.56,44.44,3R/6/.19/6 9R/6/.15/6,7R/6/.16/6,1R/6/.17/6 7R/6/.23/6,9R/6/.22/6,,,山口,山口,19,09:05,第１４回サッポロビールカップ,モー２ング戦,５日目
唐津,23,20260725,3R,1,3987,A1,後藤　　正宗,0,0,0.17,6.18,42.86,63.81,6.74,52.63,73.68,53,21.51,42.44,3,34.88,46.51,10R/6/.06/5,2R/2/.12/2 12R/5/.09/5,4R/4/.22/2 11R/1/.21/6,4R/2/.13/2 9R/3/.13/1,,,静岡,静岡,48,09:31,第１４回サッポロビールカップ,３ライズ戦,５日目
唐津,23,20260725,3R,2,4248,B1,岡本　　　大,0,0,0.17,4.70,25.29,45.98,3.72,6.90,20.69,34,34.44,48.34,46,18.68,31.87,2R/4/.21/5 9R/1/.07/2,6R/5/.10/5,1R/4/.23/5 5R/3/.23/4,5R/2/.11/4,,,長崎,長崎,44,09:31,第１４回サッポロビールカップ,３ライズ戦,５日目
唐津,23,20260725,3R,3,4216,B1,星　　　栄爾,0,0,0.15,4.53,23.16,46.32,5.65,38.46,53.85,10,37.44,55.90,42,27.27,48.05,4R/4/.11/3 11R/1/.12/1,3R/6/.15/4,7R/2/.10/1 12R/5/.25/5,4R/3/.11/3,,,静岡,福島,41,09:31,第１４回サッポロビールカップ,３ライズ戦,５日目
唐津,23,20260725,3R,4,5006,B1,久保原　秀人,0,0,0.20,3.38,14.89,27.66,2.00,0.00,0.00,17,28.76,37.91,29,41.38,56.32,5R/4/.09/5,3R/2/.20/6 8R/5/.26/5,2R/3/.08/5 8R/1/.34/6,6R/5/.22/6,,,群馬,群馬,29,09:31,第１４回サッポロビールカップ,３ライズ戦,５日目
唐津,23,20260725,3R,5,4072,A1,森永　　　淳,0,0,0.13,6.97,52.75,65.93,6.56,52.63,62.41,15,35.92,48.54,18,28.57,50.65,8R/4/.12/1 12R/1/.14/1,9R/3/.13/1,2R/2/.07/1 10R/5/.10/3,5R/4/.14/2 10R/1/.12/1,,,佐賀,佐賀,45,09:31,第１４回サッポロビールカップ,３ライズ戦,５日目
唐津,23,20260725,3R,6,5435,B2,中西　　月輝,1,0,0.22,1.43,0.00,0.00,1.00,0.00,0.00,8,38.07,52.79,1,46.25,60.00,8R/6/.21/6,8R/6/.35/6,,7R/6/.28/6,,,広島,山口,21,09:31,第１４回サッポロビールカップ,３ライズ戦,５日目
唐津,23,20260725,4R,1,4252,B1,松下　　哲也,0,0,0.19,4.39,20.43,39.78,3.96,16.67,33.33,58,32.47,52.58,25,21.59,45.45,2R/6/.11/6,5R/3/.09/2 9R/2/.21/3,11R/5/.08/2,2R/4/.09/1 8R/1/.07/4,,,福岡,福岡,43,09:57,第１４回サッポロビールカップ,おは４戦,５日目
唐津,23,20260725,4R,2,4962,A2,畑　　　竜生,0,0,0.17,5.19,30.84,50.47,0.00,0.00,0.00,31,38.25,56.83,14,31.11,55.56,3R/1/.14/1 11R/3/.22/3,9R/6/.24/5,6R/3/.19/1 11R/2/.17/5,7R/4/.32/3 12R/5/.09/4,,,三重,三重,29,09:57,第１４回サッポロビールカップ,おは４戦,５日目
唐津,23,20260725,4R,3,5276,B1,大島　隆乃介,0,0,0.17,5.05,24.24,48.48,6.15,50.00,65.00,59,29.44,41.67,50,40.00,61.11,6R/1/.13/1 11R/5/.34/6,10R/6/.14/5,2R/5/.05/6,1R/2/.10/2 6R/3/.16/1,,,福岡,福岡,24,09:57,第１４回サッポロビールカップ,おは４戦,５日目
唐津,23,20260725,4R,4,5004,A2,河野　　主樹,0,0,0.15,5.98,40.83,60.00,3.63,25.00,37.50,2,38.62,53.97,10,42.67,57.33,6R/2/.15/2,6R/3/.12/2 11R/5/.12/5,11R/6/.12/4,5R/3/.16/3 9R/1/.06/2,,,大阪,大阪,30,09:57,第１４回サッポロビールカップ,おは４戦,５日目
唐津,23,20260725,4R,5,5294,B1,豊田　　祥生,0,0,0.17,3.92,22.37,31.58,0.00,0.00,0.00,55,33.50,51.23,22,28.38,45.95,1R/6/.15/5,2R/3/.06/4 7R/5/.18/5,6R/4/.24/5,6R/1/.14/5 10R/2/.15/2,,,静岡,静岡,24,09:57,第１４回サッポロビールカップ,おは４戦,５日目
唐津,23,20260725,4R,6,4497,A1,桑原　　　悠,0,0,0.14,7.39,56.00,69.60,6.91,45.45,68.18,50,38.69,50.60,33,14.29,22.62,5R/1/.16/1 12R/3/.09/3,10R/4/.12/3,8R/5/.18/2 12R/1/.16/1,7R/2/.26/1 11R/4/.19/3,,,長崎,長崎,39,09:57,第１４回サッポロビールカップ,おは４戦,５日目
唐津,23,20260725,5R,1,5267,A1,石本　　裕武,0,0,0.15,6.69,47.75,63.96,6.40,50.00,70.00,22,38.83,56.38,56,32.95,51.14,4R/2/.12/1 12R/5/.08/2,3R/4/.20/1 11R/1/.19/6,9R/2/.16/1,4R/4/.15/5 12R/3/.19/5,,,大阪,大阪,25,10:23,第１４回サッポロビールカップ,レッツ５戦,５日目
唐津,23,20260725,5R,2,4909,B1,薮内　　瑞希,1,0,0.16,5.08,36.05,46.51,4.42,19.44,36.11,16,46.07,63.87,45,25.29,47.13,6R/5/.21/4,1R/3/.21/2 9R/1/.24/6,5R/4/.26/3,5R/6/.14/5 11R/2/.17/2,,,岡山,岡山,30,10:23,第１４回サッポロビールカップ,レッツ５戦,５日目
唐津,23,20260725,5R,3,4978,B1,山田　　和佐,0,0,0.17,4.83,25.74,44.55,4.94,25.81,45.16,4,46.19,61.93,28,38.10,54.76,1R/2/.23/2 10R/5/.10/4,7R/4/.18/4,8R/6/.16/4,4R/1/.14/1 8R/3/.17/1,,,広島,島根,32,10:23,第１４回サッポロビールカップ,レッツ５戦,５日目
唐津,23,20260725,5R,4,4254,A2,川島　　圭司,0,0,0.15,5.50,32.00,58.00,4.89,22.22,55.56,19,34.66,46.59,40,28.05,53.66,4R/3/.11/5,7R/3/.19/1 12R/6/.09/4,7R/4/.20/3,2R/1/.10/4 11R/6/.19/4,,,滋賀,滋賀,43,10:23,第１４回サッポロビールカップ,レッツ５戦,５日目
唐津,23,20260725,5R,5,4092,B1,岡部　　大輔,0,0,0.16,4.82,25.00,42.86,5.52,36.70,54.13,42,37.06,54.31,52,34.09,46.59,3R/5/.17/2 10R/1/.08/1,11R/2/.20/2,1R/3/.23/2 10R/6/.13/6,7R/3/.25/4,,,佐賀,佐賀,45,10:23,第１４回サッポロビールカップ,レッツ５戦,５日目
唐津,23,20260725,5R,6,4102,A1,益田　　啓司,0,0,0.15,6.38,49.24,63.64,7.18,50.00,77.50,13,29.13,46.60,2,35.16,45.05,7R/5/.17/2 11R/2/.24/2,5R/4/.16/3,5R/1/.17/1 12R/3/.15/2,3R/1/.07/1 10R/4/.14/3,,,福岡,大分,47,10:23,第１４回サッポロビールカップ,レッツ５戦,５日目
唐津,23,20260725,6R,1,4368,B1,山口　　隆史,0,0,0.20,3.95,21.05,28.95,4.00,25.00,37.50,14,33.15,51.63,21,44.19,56.98,5R/2/.26/3,4R/1/.19/2 11R/4/.21/1,4R/3/.32/5 9R/6/.18/5,1R/5/.11/3,,,福岡,福岡,40,10:52,第１４回サッポロビールカップ,一般,５日目
唐津,23,20260725,6R,2,4343,B1,村岡　　　賢,0,0,0.17,4.94,21.65,46.39,2.72,5.56,16.67,20,33.16,53.37,60,32.14,47.62,1R/4/.18/6 8R/1/.15/2,6R/2/.17/4,7R/5/.19/5,4R/5/.19/6 10R/3/.11/4,,,広島,広島,41,10:52,第１４回サッポロビールカップ,一般,５日目
唐津,23,20260725,6R,3,4429,B1,豊田　　泰洋,0,0,0.19,3.50,12.20,24.39,4.73,31.82,36.36,38,32.79,49.18,24,39.74,58.97,3R/2/.15/5 8R/5/.20/5,5R/6/.23/6,4R/1/.26/3 8R/4/.19/5,,1R/4/.13/5,,広島,広島,40,10:52,第１４回サッポロビールカップ,一般,５日目
唐津,23,20260725,6R,4,4330,A2,奈須　　啓太,0,0,0.12,6.18,44.17,65.83,5.66,40.63,50.00,29,37.56,51.71,20,32.61,47.83,5R/5/.07/4 9R/3/.09/4,1R/1/.08/1 12R/2/.14/6,11R/4/.09/1,6R/2/.19/4 11R/5/.14/6,,,福岡,福岡,42,10:52,第１４回サッポロビールカップ,一般,５日目
唐津,23,20260725,6R,5,3392,B1,小森　　信雄,0,0,0.21,4.28,17.44,37.21,4.70,20.00,30.00,32,48.58,62.74,41,40.70,55.81,7R/1/.12/3,3R/3/.17/3 9R/4/.22/4,1R/5/.19/3 8R/2/.27/3,10R/6/.17/6,1R/2/.07/1,,三重,三重,60,10:52,第１４回サッポロビールカップ,一般,５日目
唐津,23,20260725,6R,6,4950,A1,高岡　　竜也,0,0,0.16,6.65,52.07,66.12,3.67,11.11,33.33,5,37.08,55.06,57,30.49,47.56,1R/1/.19/1 9R/4/.11/3,4R/2/.17/1 10R/5/.16/1,11R/3/.17/3,5R/1/.11/1 12R/4/.17/3,,,山口,山口,33,10:52,第１４回サッポロビールカップ,一般,５日目
唐津,23,20260725,7R,1,5140,B1,吉田　　彩乃,0,0,0.18,4.77,25.32,45.57,4.93,26.67,46.67,48,29.71,45.14,38,37.21,66.28,3R/4/.20/3,1R/5/.29/4 7R/1/.22/2,3R/2/.02/2 8R/3/.21/1,1R/6/.16/6,,,静岡,静岡,25,11:21,第１４回サッポロビールカップ,一般,５日目
唐津,23,20260725,7R,2,3615,B1,横田　　　茂,0,0,0.16,4.60,31.03,39.08,4.97,32.35,44.12,44,32.47,47.94,55,43.75,58.75,4R/1/.08/2 10R/4/.08/3,5R/2/.11/4,5R/6/.25/6 10R/3/.08/5,2R/5/.15/5,,,広島,広島,53,11:21,第１４回サッポロビールカップ,一般,５日目
唐津,23,20260725,7R,3,3875,B1,廣中　　良一,0,0,0.18,4.55,28.83,43.24,5.38,34.62,42.31,41,29.82,50.88,53,37.35,46.99,8R/3/.11/4,1R/2/.19/3 8R/1/.16/3,2R/4/.08/3 6R/5/.21/4,5R/5/.16/6,,,山口,山口,49,11:21,第１４回サッポロビールカップ,一般,５日目
唐津,23,20260725,7R,4,4289,A2,落合　　直子,1,0,0.13,5.59,36.79,54.72,4.57,21.43,50.00,21,33.51,47.57,35,38.30,50.00,2R/1/.17/1 10R/3/.14/2,4R/5/.35/3,3R/3/.03/1 12R/2/.16/3,4R/6/.30/4,,,大阪,大阪,41,11:21,第１４回サッポロビールカップ,一般,５日目
唐津,23,20260725,7R,5,5459,B2,田中　　きら,0,0,,1.05,0.00,0.00,0.00,0.00,0.00,7,40.91,58.59,30,25.56,44.44,3R/6/.19/6 9R/6/.15/6,7R/6/.16/6,1R/6/.17/6 7R/6/.23/6,9R/6/.22/6,2R/6/.14/5,,山口,山口,19,11:21,第１４回サッポロビールカップ,一般,５日目
唐津,23,20260725,7R,6,4218,A1,吉川　　喜継,0,0,0.15,6.38,50.00,67.86,5.00,33.33,44.44,11,30.00,50.00,37,36.36,56.82,6R/3/.18/3 12R/4/.10/4,5R/1/.08/1 12R/4/.09/3,10R/2/.06/2,1R/1/.07/1 9R/5/.15/3,,,滋賀,滋賀,44,11:21,第１４回サッポロビールカップ,一般,５日目
唐津,23,20260725,8R,1,5395,B1,日高　龍之介,0,0,0.19,2.18,4.23,11.27,2.26,9.30,9.30,26,31.87,53.30,39,45.57,56.96,4R/5/.09/6,1R/6/.31/5 6R/6/.09/6,1R/2/.20/4 6R/6/.23/6,1R/3/.06/4,2R/3/.18/6,,佐賀,宮崎,24,11:49,第１４回サッポロビールカップ,８っぴータイム,５日目
唐津,23,20260725,8R,2,3430,B1,角浜　　　修,0,0,0.17,4.18,23.60,34.83,2.38,0.00,6.25,40,44.26,64.48,11,25.61,31.71,9R/5/.17/5,2R/4/.15/6 8R/3/.19/4,7R/1/.08/2,3R/2/.11/2 8R/5/.20/5,,,広島,広島,58,11:49,第１４回サッポロビールカップ,８っぴータイム,５日目
唐津,23,20260725,8R,3,3998,B1,冨成　　謙児,0,0,0.17,4.51,27.84,37.11,5.18,34.33,51.49,24,31.16,51.26,48,28.41,47.73,6R/4/.23/5,3R/5/.19/5 10R/1/.12/2,4R/6/.30/6,2R/3/.12/2 9R/2/.13/4,1R/5/.11/6,,佐賀,佐賀,47,11:49,第１４回サッポロビールカップ,８っぴータイム,５日目
唐津,23,20260725,8R,4,4633,A2,森　　　智也,0,0,0.17,5.61,33.61,57.14,5.78,44.44,61.11,47,33.82,49.51,5,31.87,48.35,5R/3/.15/2 10R/2/.12/6,11R/6/.13/3,2R/1/.08/2 7R/3/.16/4,10R/5/.16/5,,,兵庫,兵庫,37,11:49,第１４回サッポロビールカップ,８っぴータイム,５日目
唐津,23,20260725,8R,5,4085,B1,荻野　　裕介,0,0,0.20,5.36,34.48,55.17,0.00,0.00,0.00,27,33.33,53.89,4,21.69,32.53,1R/5/.16/4 7R/3/.27/5,8R/2/.19/2,6R/1/.22/2,3R/6/.14/5 9R/4/.21/5,,,東京,東京,46,11:49,第１４回サッポロビールカップ,８っぴータイム,５日目
唐津,23,20260725,8R,6,5397,B2,寺田　　夢生,1,0,0.18,1.46,0.00,3.17,1.00,0.00,0.00,35,39.36,52.13,27,25.00,40.22,5R/6/.09/6,1R/4/.30/6 5R/5/.19/5,3R/4/.01/3,7R/5/.28/5,,,山口,山口,24,11:49,第１４回サッポロビールカップ,８っぴータイム,５日目
唐津,23,20260725,9R,1,4365,A2,盛本　　真輔,0,0,0.18,6.03,44.57,58.70,5.75,37.50,50.00,1,31.79,43.35,59,38.89,57.78,11R/6/.21/5,4R/3/.21/4 9R/5/.24/2,4R/2/.31/4 10R/1/.08/1,11R/3/.21/5,,,兵庫,兵庫,40,12:25,第１４回サッポロビールカップ,一般,５日目
唐津,23,20260725,9R,2,5006,B1,久保原　秀人,0,0,0.20,3.38,14.89,27.66,2.00,0.00,0.00,17,28.76,37.91,29,41.38,56.32,5R/4/.09/5,3R/2/.20/6 8R/5/.26/5,2R/3/.08/5 8R/1/.34/6,6R/5/.22/6,3R/4/.01/4,,群馬,群馬,29,12:25,第１４回サッポロビールカップ,一般,５日目
唐津,23,20260725,9R,3,4248,B1,岡本　　　大,0,0,0.17,4.70,25.29,45.98,3.72,6.90,20.69,34,34.44,48.34,46,18.68,31.87,2R/4/.21/5 9R/1/.07/2,6R/5/.10/5,1R/4/.23/5 5R/3/.23/4,5R/2/.11/4,3R/2/.11/5,,長崎,長崎,44,12:25,第１４回サッポロビールカップ,一般,５日目
唐津,23,20260725,9R,4,4460,A2,後藤　　翔之,0,0,0.14,6.03,43.14,63.73,4.44,11.11,33.33,52,33.51,53.51,12,39.51,61.73,11R/4/.25/4,3R/1/.16/2 7R/2/.21/3,6R/2/.22/3 10R/4/.09/4,2R/2/.08/3 12R/6/.11/6,1R/1/.08/3,,東京,東京,40,12:25,第１４回サッポロビールカップ,一般,５日目
唐津,23,20260725,9R,5,4905,B1,土井　　祥伍,0,0,0.21,4.60,22.89,38.55,4.29,42.86,42.86,28,39.44,56.11,8,41.94,61.29,2R/3/.20/4 8R/2/.16/3,2R/6/.14/5,5R/5/.25/5,1R/4/.12/5 7R/1/.29/2,2R/4/.17/3,,大阪,大阪,31,12:25,第１４回サッポロビールカップ,一般,５日目
唐津,23,20260725,9R,6,4936,A2,戸敷　　晃美,2,0,0.16,6.25,44.30,64.56,5.48,36.00,60.00,18,36.87,57.58,31,36.99,54.79,4R/6/.08/4 9R/2/.15/1,6R/4/.18/3 12R/3/.10/2,9R/4/.24/2,6R/6/.24/3,,,福岡,宮崎,29,12:25,第１４回サッポロビールカップ,一般,５日目
唐津,23,20260725,10R,1,4950,A1,高岡　　竜也,0,0,0.16,6.65,52.07,66.12,3.67,11.11,33.33,5,37.08,55.06,57,30.49,47.56,1R/1/.19/1 9R/4/.11/3,4R/2/.17/1 10R/5/.16/1,11R/3/.17/3,5R/1/.11/1 12R/4/.17/3,6R/6/.22/4,,山口,山口,33,13:00,第１４回サッポロビールカップ,準優勝戦,５日目
唐津,23,20260725,10R,2,4411,A2,沢田　　昭宏,0,0,0.19,5.65,36.92,56.15,6.25,43.75,68.75,23,23.08,41.03,19,35.48,51.61,7R/2/.14/1,2R/1/.17/1 10R/3/.11/4,4R/5/.34/1 12R/6/.37/4,6R/4/.26/2 12R/2/.16/1,2R/1/.11/1,,大阪,大阪,40,13:00,第１４回サッポロビールカップ,準優勝戦,５日目
唐津,23,20260725,10R,3,5267,A1,石本　　裕武,0,0,0.15,6.69,47.75,63.96,6.40,50.00,70.00,22,38.83,56.38,56,32.95,51.14,4R/2/.12/1 12R/5/.08/2,3R/4/.20/1 11R/1/.19/6,9R/2/.16/1,4R/4/.15/5 12R/3/.19/5,5R/1/.14/2,,大阪,大阪,25,13:00,第１４回サッポロビールカップ,準優勝戦,５日目
唐津,23,20260725,10R,4,4216,B1,星　　　栄爾,0,0,0.15,4.53,23.16,46.32,5.65,38.46,53.85,10,37.44,55.90,42,27.27,48.05,4R/4/.11/3 11R/1/.12/1,3R/6/.15/4,7R/2/.10/1 12R/5/.25/5,4R/3/.11/3,3R/3/.09/3,,静岡,福島,41,13:00,第１４回サッポロビールカップ,準優勝戦,５日目
唐津,23,20260725,10R,5,4962,A2,畑　　　竜生,0,0,0.17,5.19,30.84,50.47,0.00,0.00,0.00,31,38.25,56.83,14,31.11,55.56,3R/1/.14/1 11R/3/.22/3,9R/6/.24/5,6R/3/.19/1 11R/2/.17/5,7R/4/.32/3 12R/5/.09/4,4R/2/.14/2,,三重,三重,29,13:00,第１４回サッポロビールカップ,準優勝戦,５日目
唐津,23,20260725,10R,6,3987,A1,後藤　　正宗,0,0,0.17,6.18,42.86,63.81,6.74,52.63,73.68,53,21.51,42.44,3,34.88,46.51,10R/6/.06/5,2R/2/.12/2 12R/5/.09/5,4R/4/.22/2 11R/1/.21/6,4R/2/.13/2 9R/3/.13/1,3R/1/.13/1,,静岡,静岡,48,13:00,第１４回サッポロビールカップ,準優勝戦,５日目
唐津,23,20260725,11R,1,4497,A1,桑原　　　悠,0,0,0.14,7.39,56.00,69.60,6.91,45.45,68.18,50,38.69,50.60,33,14.29,22.62,5R/1/.16/1 12R/3/.09/3,10R/4/.12/3,8R/5/.18/2 12R/1/.16/1,7R/2/.26/1 11R/4/.19/3,4R/6/.13/3,,長崎,長崎,39,13:33,第１４回サッポロビールカップ,準優勝戦,５日目
唐津,23,20260725,11R,2,4102,A1,益田　　啓司,0,0,0.15,6.38,49.24,63.64,7.18,50.00,77.50,13,29.13,46.60,2,35.16,45.05,7R/5/.17/2 11R/2/.24/2,5R/4/.16/3,5R/1/.17/1 12R/3/.15/2,3R/1/.07/1 10R/4/.14/3,5R/6/.09/3,,福岡,大分,47,13:33,第１４回サッポロビールカップ,準優勝戦,５日目
唐津,23,20260725,11R,3,4362,A1,土屋　　智則,0,0,0.15,6.70,46.43,64.29,6.25,37.50,50.00,37,33.67,48.47,16,39.02,51.22,3R/3/.21/4 12R/2/.11/6,8R/4/.21/1 12R/1/.17/1,9R/5/.21/3,3R/4/.16/4 11R/1/.17/1,2R/2/.14/2,,群馬,群馬,41,13:33,第１４回サッポロビールカップ,準優勝戦,５日目
唐津,23,20260725,11R,4,4092,B1,岡部　　大輔,0,0,0.16,4.82,25.00,42.86,5.52,36.70,54.13,42,37.06,54.31,52,34.09,46.59,3R/5/.17/2 10R/1/.08/1,11R/2/.20/2,1R/3/.23/2 10R/6/.13/6,7R/3/.25/4,5R/5/.14/5,,佐賀,佐賀,45,13:33,第１４回サッポロビールカップ,準優勝戦,５日目
唐津,23,20260725,11R,5,5004,A2,河野　　主樹,0,0,0.15,5.98,40.83,60.00,3.63,25.00,37.50,2,38.62,53.97,10,42.67,57.33,6R/2/.15/2,6R/3/.12/2 11R/5/.12/5,11R/6/.12/4,5R/3/.16/3 9R/1/.06/2,4R/4/.10/5,,大阪,大阪,30,13:33,第１４回サッポロビールカップ,準優勝戦,５日目
唐津,23,20260725,11R,6,5140,B1,吉田　　彩乃,0,0,0.18,4.77,25.32,45.57,4.93,26.67,46.67,48,29.71,45.14,38,37.21,66.28,3R/4/.20/3,1R/5/.29/4 7R/1/.22/2,3R/2/.02/2 8R/3/.21/1,1R/6/.16/6,7R/1/.22/4,,静岡,静岡,25,13:33,第１４回サッポロビールカップ,準優勝戦,５日目
唐津,23,20260725,12R,1,4072,A1,森永　　　淳,0,0,0.13,6.97,52.75,65.93,6.56,52.63,62.41,15,35.92,48.54,18,28.57,50.65,8R/4/.12/1 12R/1/.14/1,9R/3/.13/1,2R/2/.07/1 10R/5/.10/3,5R/4/.14/2 10R/1/.12/1,3R/5/.01/2,,佐賀,佐賀,45,14:06,第１４回サッポロビールカップ,準優勝戦,５日目
唐津,23,20260725,12R,2,4218,A1,吉川　　喜継,0,0,0.15,6.38,50.00,67.86,5.00,33.33,44.44,11,30.00,50.00,37,36.36,56.82,6R/3/.18/3 12R/4/.10/4,5R/1/.08/1 12R/4/.09/3,10R/2/.06/2,1R/1/.07/1 9R/5/.15/3,7R/2/.19/5,,滋賀,滋賀,44,14:06,第１４回サッポロビールカップ,準優勝戦,５日目
唐津,23,20260725,12R,3,4289,A2,落合　　直子,1,0,0.13,5.59,36.79,54.72,4.57,21.43,50.00,21,33.51,47.57,35,38.30,50.00,2R/1/.17/1 10R/3/.14/2,4R/5/.35/3,3R/3/.03/1 12R/2/.16/3,4R/6/.30/4,7R/5/.17/1,,大阪,大阪,41,14:06,第１４回サッポロビールカップ,準優勝戦,５日目
唐津,23,20260725,12R,4,4978,B1,山田　　和佐,0,0,0.17,4.83,25.74,44.55,4.94,25.81,45.16,4,46.19,61.93,28,38.10,54.76,1R/2/.23/2 10R/5/.10/4,7R/4/.18/4,8R/6/.16/4,4R/1/.14/1 8R/3/.17/1,5R/3/.18/4,,広島,島根,32,14:06,第１４回サッポロビールカップ,準優勝戦,５日目
唐津,23,20260725,12R,5,4252,B1,松下　　哲也,0,0,0.19,4.39,20.43,39.78,3.96,16.67,33.33,58,32.47,52.58,25,21.59,45.45,2R/6/.11/6,5R/3/.09/2 9R/2/.21/3,11R/5/.08/2,2R/4/.09/1 8R/1/.07/4,4R/1/.15/1,,福岡,福岡,43,14:06,第１４回サッポロビールカップ,準優勝戦,５日目
唐津,23,20260725,12R,6,4368,B1,山口　　隆史,0,0,0.20,3.95,21.05,28.95,4.00,25.00,37.50,14,33.15,51.63,21,44.19,56.98,5R/2/.26/3,4R/1/.19/2 11R/4/.21/1,4R/3/.32/5 9R/6/.18/5,1R/5/.11/3,6R/1/.18/2,,福岡,福岡,40,14:06,第１４回サッポロビールカップ,準優勝戦,５日目
大村,24,20260725,1R,1,4898,B1,菊地　　敬介,0,0,0.16,4.61,27.54,44.93,5.06,35.29,52.94,53,45.45,54.55,44,17.65,38.24,4R/5/.15/4 10R/3/.12/2,6R/2/.13/5,1R/4/.03/2 7R/3/.13/4,,,,埼玉,埼玉,34,17:41,ミッドナイトボートレースｉｎ大村 ６,一般,最終日
大村,24,20260725,1R,2,5176,B2,石倉　　拓美,0,0,0.17,1.93,4.76,4.76,3.50,0.00,16.67,78,25.64,41.03,35,37.14,51.43,1R/2/.20/3 9R/3/.18/6,8R/5/.19/5,8R/5/.15/6,,,,山口,島根,33,17:41,ミッドナイトボートレースｉｎ大村 ６,一般,最終日
大村,24,20260725,1R,3,4232,B1,笠　　　雅雄,0,0,0.17,6.13,43.30,61.86,6.60,40.00,80.00,49,38.89,52.78,64,35.48,45.16,3R/1/.14/1 10R/4/.16/3,4R/6/.11/4,2R/4/.21/4,,,,福岡,福岡,43,17:41,ミッドナイトボートレースｉｎ大村 ６,一般,最終日
大村,24,20260725,1R,4,5261,B1,岡　　　暢祐,0,0,0.18,4.26,21.25,33.75,3.93,20.27,32.43,72,10.00,23.33,78,25.00,44.44,8R/6/.23/6,2R/1/.16/6 7R/3/.18/6,1R/5/.10/6,,,,長崎,大分,28,17:41,ミッドナイトボートレースｉｎ大村 ６,一般,最終日
大村,24,20260725,1R,5,4301,B1,関　　　裕也,0,0,0.20,4.64,22.86,45.71,6.00,46.51,60.47,73,9.68,25.81,41,20.00,48.00,5R/4/.40/5,1R/1/.29/1 6R/4/.06/6,8R/2/.12/4,,,,福岡,福岡,43,17:41,ミッドナイトボートレースｉｎ大村 ６,一般,最終日
大村,24,20260725,1R,6,3945,B1,橋口　　真樹,0,0,0.21,4.63,23.46,39.51,4.93,35.71,35.71,34,48.57,60.00,57,31.25,40.63,6R/1/.16/6,2R/4/.18/3 9R/5/.19/5,4R/3/.10/4,,,,愛知,愛知,50,17:41,ミッドナイトボートレースｉｎ大村 ６,一般,最終日
大村,24,20260725,2R,1,4583,B1,古田　　祐貴,0,0,0.15,5.19,30.97,48.67,5.08,30.77,46.15,28,47.22,69.44,38,33.33,44.44,2R/3/.14/1 10R/2/.11/4,6R/5/.08/2,2R/6/.22/3 9R/4/.16/4,,,,香川,香川,36,18:08,ミッドナイトボートレースｉｎ大村 ６,一般,最終日
大村,24,20260725,2R,2,3773,B1,津留　浩一郎,0,0,0.16,3.86,18.18,35.23,4.97,34.02,47.42,51,21.05,28.95,29,33.33,54.55,1R/1/.11/1,3R/6/.28/6 9R/3/.15/4,3R/4/.13/5,,,,長崎,長崎,52,18:08,ミッドナイトボートレースｉｎ大村 ６,一般,最終日
大村,24,20260725,2R,3,3313,B1,本吉　　正樹,0,0,0.18,4.42,25.00,36.46,3.14,14.29,14.29,11,13.16,18.42,52,14.71,35.29,4R/1/.27/5,1R/6/.24/4 8R/4/.25/4,8R/4/.16/5,,,,東京,東京,60,18:08,ミッドナイトボートレースｉｎ大村 ６,一般,最終日
大村,24,20260725,2R,4,4981,B1,牧山　　敦也,0,0,0.18,4.90,22.47,51.69,5.11,26.32,55.26,37,36.36,51.52,54,38.71,45.16,5R/3/.12/3,1R/5/.24/3 7R/2/.17/3,3R/1/.06/1 10R/6/.13/4,,,,佐賀,佐賀,29,18:08,ミッドナイトボートレースｉｎ大村 ６,一般,最終日
大村,24,20260725,2R,5,5313,B1,鈴木　　唯央,1,0,0.16,4.58,18.75,43.75,0.00,0.00,0.00,80,29.41,41.18,13,25.00,38.89,5R/2/.18/6,2R/3/.28/5 11R/5/.09/5,7R/2/.21/3,,,,群馬,群馬,25,18:08,ミッドナイトボートレースｉｎ大村 ６,一般,最終日
大村,24,20260725,2R,6,5345,B1,牧村　　俊輝,0,0,0.20,3.23,9.09,19.09,3.72,11.11,22.22,47,40.63,62.50,22,9.09,27.27,3R/2/.13/2 8R/5/.15/4,,2R/2/.25/6 7R/4/.20/6,,,,愛知,岐阜,23,18:08,ミッドナイトボートレースｉｎ大村 ６,一般,最終日
大村,24,20260725,3R,1,5102,B1,原田　　雄次,0,0,0.20,4.91,28.09,50.56,6.50,57.14,71.43,17,53.13,62.50,24,45.16,67.74,2R/5/.25/2 9R/2/.23/3,3R/3/.22/1,1R/6/.15/3 10R/3/.05/6,,,,福岡,福岡,28,18:34,ミッドナイトボートレースｉｎ大村 ６,一般,最終日
大村,24,20260725,3R,2,3567,B1,吉岡　　　誠,0,0,0.18,3.49,21.43,22.86,3.86,28.57,28.57,71,20.51,35.90,86,29.41,44.12,2R/1/.23/6 8R/4/.18/3,10R/6/.22/6,4R/4/.16/6,,,,山口,山口,55,18:34,ミッドナイトボートレースｉｎ大村 ６,一般,最終日
大村,24,20260725,3R,3,5331,B1,佐藤　　永梧,0,0,0.15,4.82,35.44,44.30,3.50,20.00,30.00,18,21.05,31.58,45,36.11,50.00,3R/3/.03/5 9R/5/.26/5,5R/2/.15/3,5R/3/.06/1,,,,東京,神奈川,22,18:34,ミッドナイトボートレースｉｎ大村 ６,一般,最終日
大村,24,20260725,3R,4,5374,B1,木山　　大聖,0,0,0.16,2.84,5.33,17.33,2.63,8.33,16.67,79,34.29,51.43,84,18.52,25.93,1R/4/.12/4,4R/5/.08/5 9R/6/.14/6,6R/4/.12/5,,,,岡山,岡山,23,18:34,ミッドナイトボートレースｉｎ大村 ６,一般,最終日
大村,24,20260725,3R,5,4245,B1,高橋　　直哉,0,0,0.19,4.33,19.74,36.84,2.50,0.00,0.00,40,28.57,45.71,79,38.89,58.33,1R/6/.21/5 7R/4/.02/4,3R/1/.22/5,6R/2/.14/3 12R/3/.18/4,,,,東京,秋田,44,18:34,ミッドナイトボートレースｉｎ大村 ６,一般,最終日
大村,24,20260725,3R,6,5384,B2,八戸　　琉楓,0,0,0.22,1.87,2.60,6.49,1.40,0.00,2.08,75,21.88,43.75,83,28.00,40.00,6R/5/.17/5,1R/4/.27/6 8R/3/.24/6,5R/6/.16/5,,,,長崎,佐賀,21,18:34,ミッドナイトボートレースｉｎ大村 ６,一般,最終日
大村,24,20260725,4R,1,4803,B1,飯田　　庄吾,0,0,0.19,3.55,14.86,22.97,3.28,12.50,17.50,68,22.58,35.48,72,27.78,50.00,1R/5/.21/6 8R/3/.13/5,8R/2/.23/2,5R/4/.14/4 12R/6/.23/5,,,,福岡,福岡,32,19:03,ミッドナイトボートレースｉｎ大村 ６,一般,最終日
大村,24,20260725,4R,2,4053,A2,芦澤　　　望,1,0,0.16,5.45,37.21,55.81,5.73,46.15,57.69,69,39.53,60.47,73,48.48,63.64,2R/6/.22/5 11R/4/.13/6,1R/2/.27/2 9R/1/.04/1,7R/1/.14/2 11R/6/.33/6,,,,東京,千葉,48,19:03,ミッドナイトボートレースｉｎ大村 ６,一般,最終日
大村,24,20260725,4R,3,4679,A2,植田　　太一,0,0,0.16,5.91,43.28,59.70,5.17,33.33,50.00,16,32.35,55.88,36,34.29,60.00,10R/6/.18/6,5R/1/.20/1 9R/4/.15/3,7R/5/.16/1 12R/2/.21/2,,,,福岡,福岡,37,19:03,ミッドナイトボートレースｉｎ大村 ６,一般,最終日
大村,24,20260725,4R,4,4684,B1,楠原　　翔太,0,0,0.17,5.34,28.95,53.51,4.94,25.81,51.61,14,35.14,56.76,65,27.27,45.45,7R/2/.05/2,5R/5/.02/4 11R/3/.04/6,3R/6/.07/6 8R/1/.06/2,,,,福岡,福岡,35,19:03,ミッドナイトボートレースｉｎ大村 ６,一般,最終日
大村,24,20260725,4R,5,5333,B2,山下　　智己,0,0,0.20,3.56,14.63,26.83,1.60,0.00,0.00,60,29.03,51.61,62,48.39,54.84,6R/3/.11/3,7R/5/.12/4 12R/2/.33/6,1R/2/.22/5,,,,兵庫,兵庫,22,19:03,ミッドナイトボートレースｉｎ大村 ６,一般,最終日
大村,24,20260725,4R,6,5111,A2,三村　　岳人,0,0,0.15,6.03,47.44,65.38,6.07,46.67,73.33,64,22.86,37.14,14,50.00,62.50,7R/3/.02/3,3R/5/.29/3 11R/2/.06/1,5R/1/.19/2 9R/3/.14/3,,,,岡山,岡山,26,19:03,ミッドナイトボートレースｉｎ大村 ６,一般,最終日
大村,24,20260725,5R,1,4403,A2,木下　　大將,0,0,0.15,6.18,45.79,63.55,5.21,41.38,48.28,19,26.47,55.88,50,48.57,68.57,6R/4/.14/4 11R/6/.19/4,7R/1/.12/2,3R/2/.04/4 9R/6/.14/5,,,,福岡,福岡,41,19:30,ミッドナイトボートレースｉｎ大村 ６,一般,最終日
大村,24,20260725,5R,2,4623,B1,中北　　将史,0,0,0.16,4.71,26.79,41.07,4.33,14.29,28.57,27,30.56,36.11,25,45.16,54.84,1R/3/.11/2 6R/2/.07/2,10R/5/.20/5,1R/1/.09/1 9R/5/.14/6,,,,三重,三重,41,19:30,ミッドナイトボートレースｉｎ大村 ６,一般,最終日
大村,24,20260725,5R,3,4301,B1,関　　　裕也,0,0,0.20,4.64,22.86,45.71,6.00,46.51,60.47,73,9.68,25.81,41,20.00,48.00,5R/4/.40/5,1R/1/.29/1 6R/4/.06/6,8R/2/.12/4,1R/5/.19/5,,,福岡,福岡,43,19:30,ミッドナイトボートレースｉｎ大村 ６,一般,最終日
大村,24,20260725,5R,4,5130,B1,上野　　拓馬,0,0,0.18,4.89,19.82,45.95,4.71,14.29,42.86,36,27.03,51.35,82,31.25,50.00,5R/6/.14/4 11R/3/.12/5,9R/2/.14/2,6R/3/.13/2,,,,三重,三重,28,19:30,ミッドナイトボートレースｉｎ大村 ６,一般,最終日
大村,24,20260725,5R,5,4025,A1,山本　　隆幸,0,0,0.18,7.20,55.00,75.00,7.06,41.18,82.35,81,36.84,60.53,26,24.24,54.55,2R/4/.19/3 12R/3/.26/4,2R/5/.22/1 8R/1/.16/1,6R/1/.17/1 10R/2/.06/5,,,,兵庫,兵庫,48,19:30,ミッドナイトボートレースｉｎ大村 ６,一般,最終日
大村,24,20260725,5R,6,4753,B2,森　　　照夫,1,0,0.14,4.15,30.77,34.62,4.90,10.00,60.00,31,44.83,62.07,58,30.56,47.22,2R/2/.15/4,8R/6/.16/3,7R/6/.24/5,,,,福岡,福岡,38,19:30,ミッドナイトボートレースｉｎ大村 ６,一般,最終日
大村,24,20260725,6R,1,4475,A1,末永　　祐輝,0,0,0.16,5.74,35.54,60.33,3.25,0.00,25.00,38,45.45,63.64,74,28.13,50.00,3R/5/.02/4 11R/1/.06/1,1R/3/.21/5 11R/4/.06/3,4R/2/.12/2 10R/5/.14/3,,,,山口,山口,38,19:56,ミッドナイトボートレースｉｎ大村 ６,一般,最終日
大村,24,20260725,6R,2,3974,B1,深山　　祐二,0,0,0.16,4.43,25.53,40.43,4.56,31.25,43.75,21,28.21,48.72,28,35.29,52.94,3R/6/.12/3 9R/4/.31/4,6R/1/.16/4,3R/3/.05/3 12R/5/.18/6,,,,佐賀,佐賀,49,19:56,ミッドナイトボートレースｉｎ大村 ６,一般,最終日
大村,24,20260725,6R,3,5261,B1,岡　　　暢祐,0,0,0.18,4.26,21.25,33.75,3.93,20.27,32.43,72,10.00,23.33,78,25.00,44.44,8R/6/.23/6,2R/1/.16/6 7R/3/.18/6,1R/5/.10/6,1R/4/.20/3,,,長崎,大分,28,19:56,ミッドナイトボートレースｉｎ大村 ６,一般,最終日
大村,24,20260725,6R,4,5313,B1,鈴木　　唯央,1,0,0.16,4.58,18.75,43.75,0.00,0.00,0.00,80,29.41,41.18,13,25.00,38.89,5R/2/.18/6,2R/3/.28/5 11R/5/.09/5,7R/2/.21/3,2R/5/.14/3,,,群馬,群馬,25,19:56,ミッドナイトボートレースｉｎ大村 ６,一般,最終日
大村,24,20260725,6R,5,4675,A2,井手　　良太,0,0,0.14,6.11,41.67,63.89,0.00,0.00,0.00,22,18.42,42.11,15,33.33,52.78,8R/1/.10/1,7R/4/.06/1 11R/6/.06/4,2R/5/.18/5 11R/2/.23/3,,,,大阪,大阪,38,19:56,ミッドナイトボートレースｉｎ大村 ６,一般,最終日
大村,24,20260725,6R,6,4898,B1,菊地　　敬介,0,0,0.16,4.61,27.54,44.93,5.06,35.29,52.94,53,45.45,54.55,44,17.65,38.24,4R/5/.15/4 10R/3/.12/2,6R/2/.13/5,1R/4/.03/2 7R/3/.13/4,1R/1/.26/4,,,埼玉,埼玉,34,19:56,ミッドナイトボートレースｉｎ大村 ６,一般,最終日
大村,24,20260725,7R,1,3888,A2,山本　　英志,0,0,0.14,6.11,42.96,60.00,5.13,18.75,43.75,66,20.51,46.15,21,25.00,38.89,5R/5/.09/1 10R/1/.12/5,2R/6/.20/4 10R/3/.18/2,5R/2/.09/3 11R/5/.29/5,,,,東京,広島,51,20:25,ミッドナイトボートレースｉｎ大村 ６,一般,最終日
大村,24,20260725,7R,2,4329,B1,小松　　卓司,0,0,0.18,4.97,24.73,50.54,3.88,19.23,34.62,35,23.68,47.37,81,48.48,72.73,4R/6/.21/3,4R/1/.13/6 10R/4/.16/3,1R/3/.10/4 6R/5/.16/6,,,,福岡,福岡,43,20:25,ミッドナイトボートレースｉｎ大村 ６,一般,最終日
大村,24,20260725,7R,3,5176,B2,石倉　　拓美,0,0,0.17,1.93,4.76,4.76,3.50,0.00,16.67,78,25.64,41.03,35,37.14,51.43,1R/2/.20/3 9R/3/.18/6,8R/5/.19/5,8R/5/.15/6,1R/2/.26/6,,,山口,島根,33,20:25,ミッドナイトボートレースｉｎ大村 ６,一般,最終日
大村,24,20260725,7R,4,3313,B1,本吉　　正樹,0,0,0.18,4.42,25.00,36.46,3.14,14.29,14.29,11,13.16,18.42,52,14.71,35.29,4R/1/.27/5,1R/6/.24/4 8R/4/.25/4,8R/4/.16/5,2R/3/.16/4,,,東京,東京,60,20:25,ミッドナイトボートレースｉｎ大村 ６,一般,最終日
大村,24,20260725,7R,5,5384,B2,八戸　　琉楓,0,0,0.22,1.87,2.60,6.49,1.40,0.00,2.08,75,21.88,43.75,83,28.00,40.00,6R/5/.17/5,1R/4/.27/6 8R/3/.24/6,5R/6/.16/5,3R/6/.13/5,,,長崎,佐賀,21,20:25,ミッドナイトボートレースｉｎ大村 ６,一般,最終日
大村,24,20260725,7R,6,5350,B1,網代　　良芽,1,0,0.15,5.06,24.53,47.17,4.33,0.00,44.44,57,37.50,65.63,75,39.39,54.55,11R/2/.12/2,6R/6/.11/3,4R/6/.17/5,,,,兵庫,兵庫,22,20:25,ミッドナイトボートレースｉｎ大村 ６,一般,最終日
大村,24,20260725,8R,1,4171,A2,榎　　　幸司,0,0,0.19,6.02,40.50,59.50,6.36,44.75,65.75,77,27.03,37.84,43,28.57,51.43,4R/2/.23/2 9R/1/.20/2,5R/4/.14/2 12R/6/.21/5,2R/3/.26/2 11R/4/.27/4,,,,長崎,長崎,43,20:59,ミッドナイトボートレースｉｎ大村 ６,一般,最終日
大村,24,20260725,8R,2,3945,B1,橋口　　真樹,0,0,0.21,4.63,23.46,39.51,4.93,35.71,35.71,34,48.57,60.00,57,31.25,40.63,6R/1/.16/6,2R/4/.18/3 9R/5/.19/5,4R/3/.10/4,1R/6/.15/2,,,愛知,愛知,50,20:59,ミッドナイトボートレースｉｎ大村 ６,一般,最終日
大村,24,20260725,8R,3,5333,B2,山下　　智己,0,0,0.20,3.56,14.63,26.83,1.60,0.00,0.00,60,29.03,51.61,62,48.39,54.84,6R/3/.11/3,7R/5/.12/4 12R/2/.33/6,1R/2/.22/5,,,,兵庫,兵庫,22,20:59,ミッドナイトボートレースｉｎ大村 ６,一般,最終日
大村,24,20260725,8R,4,4232,B1,笠　　　雅雄,0,0,0.17,6.13,43.30,61.86,6.60,40.00,80.00,49,38.89,52.78,64,35.48,45.16,3R/1/.14/1 10R/4/.16/3,4R/6/.11/4,2R/4/.21/4,1R/3/.14/1,,,福岡,福岡,43,20:59,ミッドナイトボートレースｉｎ大村 ６,一般,最終日
大村,24,20260725,8R,5,3567,B1,吉岡　　　誠,0,0,0.18,3.49,21.43,22.86,3.86,28.57,28.57,71,20.51,35.90,86,29.41,44.12,2R/1/.23/6 8R/4/.18/3,10R/6/.22/6,4R/4/.16/6,3R/2/.08/6,,,山口,山口,55,20:59,ミッドナイトボートレースｉｎ大村 ６,一般,最終日
大村,24,20260725,8R,6,5374,B1,木山　　大聖,0,0,0.16,2.84,5.33,17.33,2.63,8.33,16.67,79,34.29,51.43,84,18.52,25.93,1R/4/.12/4,4R/5/.08/5 9R/6/.14/6,6R/4/.12/5,3R/4/.03/2,,,岡山,岡山,23,20:59,ミッドナイトボートレースｉｎ大村 ６,一般,最終日
大村,24,20260725,9R,1,4821,B1,妻鳥　　晋也,0,0,0.19,5.26,36.84,51.58,5.81,43.75,68.75,39,35.14,51.35,11,36.11,50.00,4R/3/.24/6 11R/5/.26/3,4R/2/.19/3,8R/6/.16/3 12R/4/.22/3,,,,香川,愛媛,34,21:25,ミッドナイトボートレースｉｎ大村 ６,一般特選,最終日
大村,24,20260725,9R,2,4679,A2,植田　　太一,0,0,0.16,5.91,43.28,59.70,5.17,33.33,50.00,16,32.35,55.88,36,34.29,60.00,10R/6/.18/6,5R/1/.20/1 9R/4/.15/3,7R/5/.16/1 12R/2/.21/2,,,,福岡,福岡,37,21:25,ミッドナイトボートレースｉｎ大村 ６,一般特選,最終日
大村,24,20260725,9R,3,5130,B1,上野　　拓馬,0,0,0.18,4.89,19.82,45.95,4.71,14.29,42.86,36,27.03,51.35,82,31.25,50.00,5R/6/.14/4 11R/3/.12/5,9R/2/.14/2,6R/3/.13/2,,,,三重,三重,28,21:25,ミッドナイトボートレースｉｎ大村 ６,一般特選,最終日
大村,24,20260725,9R,4,5331,B1,佐藤　　永梧,0,0,0.15,4.82,35.44,44.30,3.50,20.00,30.00,18,21.05,31.58,45,36.11,50.00,3R/3/.03/5 9R/5/.26/5,5R/2/.15/3,5R/3/.06/1,3R/3/.01/3,,,東京,神奈川,22,21:25,ミッドナイトボートレースｉｎ大村 ６,一般特選,最終日
大村,24,20260725,9R,5,3773,B1,津留　浩一郎,0,0,0.16,3.86,18.18,35.23,4.97,34.02,47.42,51,21.05,28.95,29,33.33,54.55,1R/1/.11/1,3R/6/.28/6 9R/3/.15/4,3R/4/.13/5,2R/2/.17/6,,,長崎,長崎,52,21:25,ミッドナイトボートレースｉｎ大村 ６,一般特選,最終日
大村,24,20260725,9R,6,4357,A1,田中　　和也,0,0,0.18,6.87,57.72,73.98,8.69,87.50,100.00,65,40.00,52.50,61,10.81,21.62,5R/1/.10/2 12R/4/.19/1,10R/2/.24/4,8R/3/.12/1 12R/1/.14/1,,,,大阪,大阪,42,21:25,ミッドナイトボートレースｉｎ大村 ６,一般特選,最終日
大村,24,20260725,10R,1,5111,A2,三村　　岳人,0,0,0.15,6.03,47.44,65.38,6.07,46.67,73.33,64,22.86,37.14,14,50.00,62.50,7R/3/.02/3,3R/5/.29/3 11R/2/.06/1,5R/1/.19/2 9R/3/.14/3,,,,岡山,岡山,26,21:51,ミッドナイトボートレースｉｎ大村 ６,特別選抜戦Ｂ組,最終日
大村,24,20260725,10R,2,4475,A1,末永　　祐輝,0,0,0.16,5.74,35.54,60.33,3.25,0.00,25.00,38,45.45,63.64,74,28.13,50.00,3R/5/.02/4 11R/1/.06/1,1R/3/.21/5 11R/4/.06/3,4R/2/.12/2 10R/5/.14/3,,,,山口,山口,38,21:51,ミッドナイトボートレースｉｎ大村 ６,特別選抜戦Ｂ組,最終日
大村,24,20260725,10R,3,4981,B1,牧山　　敦也,0,0,0.18,4.90,22.47,51.69,5.11,26.32,55.26,37,36.36,51.52,54,38.71,45.16,5R/3/.12/3,1R/5/.24/3 7R/2/.17/3,3R/1/.06/1 10R/6/.13/4,2R/4/.13/1,,,佐賀,佐賀,29,21:51,ミッドナイトボートレースｉｎ大村 ６,特別選抜戦Ｂ組,最終日
大村,24,20260725,10R,4,4025,A1,山本　　隆幸,0,0,0.18,7.20,55.00,75.00,7.06,41.18,82.35,81,36.84,60.53,26,24.24,54.55,2R/4/.19/3 12R/3/.26/4,2R/5/.22/1 8R/1/.16/1,6R/1/.17/1 10R/2/.06/5,,,,兵庫,兵庫,48,21:51,ミッドナイトボートレースｉｎ大村 ６,特別選抜戦Ｂ組,最終日
大村,24,20260725,10R,5,5102,B1,原田　　雄次,0,0,0.20,4.91,28.09,50.56,6.50,57.14,71.43,17,53.13,62.50,24,45.16,67.74,2R/5/.25/2 9R/2/.23/3,3R/3/.22/1,1R/6/.15/3 10R/3/.05/6,3R/1/.10/1,,,福岡,福岡,28,21:51,ミッドナイトボートレースｉｎ大村 ６,特別選抜戦Ｂ組,最終日
大村,24,20260725,10R,6,4623,B1,中北　　将史,0,0,0.16,4.71,26.79,41.07,4.33,14.29,28.57,27,30.56,36.11,25,45.16,54.84,1R/3/.11/2 6R/2/.07/2,10R/5/.20/5,1R/1/.09/1 9R/5/.14/6,,,,三重,三重,41,21:51,ミッドナイトボートレースｉｎ大村 ６,特別選抜戦Ｂ組,最終日
大村,24,20260725,11R,1,4518,A1,大須賀　　友,1,0,0.16,6.76,52.63,69.47,7.47,64.71,76.47,29,39.47,47.37,17,38.71,64.52,4R/4/.17/1 12R/6/.26/5,3R/2/.21/2 12R/1/.17/1,5R/5/.15/6 10R/1/.12/1,,,,愛知,愛知,39,22:20,ミッドナイトボートレースｉｎ大村 ６,優勝戦,最終日
大村,24,20260725,11R,2,3256,A1,三角　　哲男,0,0,0.15,6.19,46.09,60.00,0.00,0.00,0.00,44,54.29,74.29,23,12.50,21.88,6R/6/.11/1 12R/2/.39/6,4R/4/.11/1 11R/1/.08/2,3R/5/.12/2 9R/1/.15/1,,,,東京,千葉,59,22:20,ミッドナイトボートレースｉｎ大村 ６,優勝戦,最終日
大村,24,20260725,11R,3,4437,A2,中田　　元泰,0,0,0.16,5.96,46.02,59.29,4.60,40.00,40.00,74,29.73,40.54,32,40.63,50.00,9R/6/.19/1,3R/4/.22/4 10R/1/.17/1,4R/5/.18/3 11R/3/.18/1,,,,香川,香川,40,22:20,ミッドナイトボートレースｉｎ大村 ６,優勝戦,最終日
大村,24,20260725,11R,4,4305,A1,金子　　拓矢,0,0,0.15,6.89,51.65,69.23,7.75,75.00,91.67,48,33.33,50.00,19,15.63,37.50,7R/1/.02/1 12R/5/.22/2,6R/3/.07/1 12R/4/.18/3,6R/6/.14/4 11R/1/.24/2,,,,群馬,栃木,42,22:20,ミッドナイトボートレースｉｎ大村 ６,優勝戦,最終日
大村,24,20260725,11R,5,4977,A2,馬野　　　耀,0,0,0.16,6.00,38.10,63.10,6.52,44.00,64.00,26,31.58,52.63,20,42.42,54.55,10R/5/.16/1,2R/2/.20/2 12R/3/.20/2,4R/1/.03/1 9R/2/.16/2,,,,大阪,大阪,32,22:20,ミッドナイトボートレースｉｎ大村 ６,優勝戦,最終日
大村,24,20260725,11R,6,4808,A2,松尾　　　拓,0,0,0.16,5.94,39.60,55.45,6.64,53.57,71.43,59,56.67,70.00,53,17.14,42.86,8R/2/.13/2,4R/3/.15/2 12R/5/.15/4,2R/1/.29/1 10R/4/.08/2,,,,三重,三重,37,22:20,ミッドナイトボートレースｉｎ大村 ６,優勝戦,最終日
大村,24,20260725,12R,1,4675,A2,井手　　良太,0,0,0.14,6.11,41.67,63.89,0.00,0.00,0.00,22,18.42,42.11,15,33.33,52.78,8R/1/.10/1,7R/4/.06/1 11R/6/.06/4,2R/5/.18/5 11R/2/.23/3,,,,大阪,大阪,38,22:45,ミッドナイトボートレースｉｎ大村 ６,特別選抜戦Ａ組,最終日
大村,24,20260725,12R,2,4583,B1,古田　　祐貴,0,0,0.15,5.19,30.97,48.67,5.08,30.77,46.15,28,47.22,69.44,38,33.33,44.44,2R/3/.14/1 10R/2/.11/4,6R/5/.08/2,2R/6/.22/3 9R/4/.16/4,2R/1/.16/2,,,香川,香川,36,22:45,ミッドナイトボートレースｉｎ大村 ６,特別選抜戦Ａ組,最終日
大村,24,20260725,12R,3,4171,A2,榎　　　幸司,0,0,0.19,6.02,40.50,59.50,6.36,44.75,65.75,77,27.03,37.84,43,28.57,51.43,4R/2/.23/2 9R/1/.20/2,5R/4/.14/2 12R/6/.21/5,2R/3/.26/2 11R/4/.27/4,,,,長崎,長崎,43,22:45,ミッドナイトボートレースｉｎ大村 ６,特別選抜戦Ａ組,最終日
大村,24,20260725,12R,4,3888,A2,山本　　英志,0,0,0.14,6.11,42.96,60.00,5.13,18.75,43.75,66,20.51,46.15,21,25.00,38.89,5R/5/.09/1 10R/1/.12/5,2R/6/.20/4 10R/3/.18/2,5R/2/.09/3 11R/5/.29/5,,,,東京,広島,51,22:45,ミッドナイトボートレースｉｎ大村 ６,特別選抜戦Ａ組,最終日
大村,24,20260725,12R,5,4403,A2,木下　　大將,0,0,0.15,6.18,45.79,63.55,5.21,41.38,48.28,19,26.47,55.88,50,48.57,68.57,6R/4/.14/4 11R/6/.19/4,7R/1/.12/2,3R/2/.04/4 9R/6/.14/5,,,,福岡,福岡,41,22:45,ミッドナイトボートレースｉｎ大村 ６,特別選抜戦Ａ組,最終日
大村,24,20260725,12R,6,4053,A2,芦澤　　　望,1,0,0.16,5.45,37.21,55.81,5.73,46.15,57.69,69,39.53,60.47,73,48.48,63.64,2R/6/.22/5 11R/4/.13/6,1R/2/.27/2 9R/1/.04/1,7R/1/.14/2 11R/6/.33/6,,,,東京,千葉,48,22:45,ミッドナイトボートレースｉｎ大村 ６,特別選抜戦Ａ組,最終日
戸田,02,20260726,1R,1,4533,B1,峰重　　侑治,0,0,0.18,4.45,18.97,43.10,5.71,42.86,42.86,20,30.77,45.64,47,37.21,52.09,1R/5/.21/5 10R/2/.11/5,2R/6/.14/2,,,,,岡山,岡山,37,10:47,第１０回週刊大衆杯,予選,３日目
戸田,02,20260726,1R,2,3538,B2,菊池　　峰晴,0,0,0.21,4.14,16.07,37.50,5.27,33.33,45.45,10,34.55,55.45,20,32.23,46.92,4R/1/.29/4,7R/6/.25/3 11R/3/.21/5,,,,,群馬,栃木,58,10:47,第１０回週刊大衆杯,予選,３日目
戸田,02,20260726,1R,3,5138,B1,村本　　大成,0,0,0.19,3.83,13.85,35.38,0.00,0.00,0.00,25,34.04,48.51,68,35.55,51.18,4R/5/.31/3,1R/3/.12/6 9R/4/.11/4,,,,,福岡,福岡,26,10:47,第１０回週刊大衆杯,予選,３日目
戸田,02,20260726,1R,4,3812,B1,山崎　　聖司,0,0,0.18,3.99,12.50,37.50,4.33,20.00,40.00,41,32.29,46.88,30,34.93,54.07,1R/4/.19/3 8R/1/.09/4,5R/6/.26/5,,,,,東京,千葉,50,10:47,第１０回週刊大衆杯,予選,３日目
戸田,02,20260726,1R,5,4651,B1,佐藤　　大騎,0,0,0.18,3.73,11.90,25.00,3.70,10.00,26.67,9,40.43,57.87,54,30.48,44.29,6R/1/.22/1,4R/3/.22/5 11R/4/.25/4,,,,,大阪,大阪,41,10:47,第１０回週刊大衆杯,予選,３日目
戸田,02,20260726,1R,6,5152,B1,丸山　　祐也,0,0,0.23,3.53,9.72,23.61,2.00,0.00,0.00,11,40.45,53.18,33,34.58,50.47,2R/3/.24/6,2R/1/.20/4 6R/4/.12/4,,,,,福岡,福岡,30,10:47,第１０回週刊大衆杯,予選,３日目
戸田,02,20260726,2R,1,4054,B1,福嶋　　智之,0,0,0.16,4.63,27.37,43.16,4.83,30.43,43.48,30,30.11,43.01,32,31.28,50.24,4R/6/.49/6 9R/2/.25/4,3R/6/.14/5,,,,,岡山,岡山,48,11:16,第１０回週刊大衆杯,予選,３日目
戸田,02,20260726,2R,2,4910,A1,中村　　泰平,0,0,0.15,6.94,57.94,68.22,6.46,30.77,76.92,61,39.19,55.41,67,29.95,42.64,7R/1/.12/3 12R/4/.16/3,6R/3/.09/2 10R/6/.25/1,,,,,愛知,愛知,30,11:16,第１０回週刊大衆杯,予選,３日目
戸田,02,20260726,2R,3,5033,B1,藤原　　孝斗,0,0,0.18,4.35,27.16,35.80,4.47,26.67,33.33,17,30.99,53.05,41,33.64,45.79,2R/1/.19/5 8R/3/.10/1,9R/6/.11/5,,,,,愛知,愛知,28,11:16,第１０回週刊大衆杯,予選,３日目
戸田,02,20260726,2R,4,5433,B2,米本　　圭佑,0,0,0.24,1.92,2.78,5.56,2.13,12.50,12.50,4,46.44,65.27,16,37.61,54.59,7R/6/.19/5,1R/5/.18/3 7R/4/.24/4,,,,,東京,東京,21,11:16,第１０回週刊大衆杯,予選,３日目
戸田,02,20260726,2R,5,3377,B1,塚田　　修二,0,0,0.21,4.54,23.60,43.82,3.10,15.00,20.00,54,35.56,49.33,49,41.71,54.98,5R/3/.15/3,4R/6/.13/3 12R/4/.17/2,,,,,東京,東京,58,11:16,第１０回週刊大衆杯,予選,３日目
戸田,02,20260726,2R,6,4122,A2,安東　　幸治,0,0,0.17,5.58,36.64,55.73,6.20,45.00,60.00,2,45.74,57.40,75,40.00,57.14,10R/4/.10/1,6R/5/.10/3 11R/1/.14/1,,,,,福岡,福岡,44,11:16,第１０回週刊大衆杯,予選,３日目
戸田,02,20260726,3R,1,5325,B1,澁川　　　夏,0,0,0.17,5.77,38.24,62.75,5.60,40.00,70.00,38,34.91,50.43,22,36.32,58.49,3R/2/.20/1 11R/6/.19/2,7R/3/.09/2,,,,,大阪,大阪,23,11:45,第１０回週刊大衆杯,予選,３日目
戸田,02,20260726,3R,2,5209,B1,小野　　京平,0,0,0.21,3.61,9.09,27.27,3.33,0.00,16.67,3,32.55,50.00,59,43.19,58.22,5R/5/.23/1,5R/3/.13/2 10R/4/.50/2,,,,,福岡,大分,28,11:45,第１０回週刊大衆杯,予選,３日目
戸田,02,20260726,3R,3,3983,A1,須藤　　博倫,0,0,0.15,6.97,50.41,74.38,6.72,52.00,70.40,42,31.60,51.52,40,32.00,48.00,5R/4/.26/4 12R/1/.19/2,2R/2/.09/1 11R/5/.24/6,,,,,埼玉,埼玉,48,11:45,第１０回週刊大衆杯,予選,３日目
戸田,02,20260726,3R,4,4043,A2,桐本　　康臣,0,0,0.17,5.74,40.37,58.72,6.35,45.16,67.74,29,38.39,56.70,53,34.83,51.74,9R/1/.24/2,4R/5/.11/2 8R/6/.24/3,,,,,三重,三重,46,11:45,第１０回週刊大衆杯,予選,３日目
戸田,02,20260726,3R,5,4740,B1,齋藤　　達希,0,0,0.17,4.51,21.51,43.01,5.00,34.78,47.83,63,42.15,57.85,11,31.61,53.37,1R/2/.13/4 7R/3/.14/1,8R/1/.21/2,,,,,静岡,静岡,34,11:45,第１０回週刊大衆杯,予選,３日目
戸田,02,20260726,3R,6,4172,A2,森定　　晃史,0,0,0.17,6.15,43.28,66.42,5.57,42.86,71.43,53,36.82,55.91,77,32.23,51.66,6R/5/.15/2 11R/2/.35/5,5R/1/.13/1 9R/3/.12/3,,,,,岡山,岡山,43,11:45,第１０回週刊大衆杯,予選,３日目
戸田,02,20260726,4R,1,5178,B1,成貞　　琳平,0,0,0.19,4.18,19.27,36.70,4.36,25.00,42.86,8,34.62,54.81,35,29.21,46.63,1R/6/.29/6 6R/4/.15/3,3R/3/.18/6,,,,,愛知,岡山,30,12:14,第１０回週刊大衆杯,予選,３日目
戸田,02,20260726,4R,2,3647,B1,伊藤　　雄二,0,0,0.18,3.34,11.88,24.75,4.42,16.67,36.11,14,33.80,50.00,12,32.51,50.74,7R/5/.24/6,1R/2/.07/2 12R/3/.28/5,,,,,埼玉,埼玉,53,12:14,第１０回週刊大衆杯,予選,３日目
戸田,02,20260726,4R,3,3743,A1,林　　　美憲,0,0,0.15,5.07,36.61,47.32,6.86,42.86,85.71,37,40.43,60.43,69,33.18,49.07,4R/2/.22/1 12R/5/.16/5,5R/4/.15/4 12R/1/.31/4,,,,,徳島,徳島,51,12:14,第１０回週刊大衆杯,予選,３日目
戸田,02,20260726,4R,4,3202,B1,三品　　隆浩,0,0,0.20,4.37,25.51,34.69,4.52,26.09,39.13,23,32.87,52.78,63,34.80,54.41,4R/3/.33/5 11R/5/.24/1,4R/1/.19/4,,,,,東京,東京,61,12:14,第１０回週刊大衆杯,予選,３日目
戸田,02,20260726,4R,5,3502,A2,渡邉　　英児,0,0,0.16,5.98,41.24,67.01,3.88,18.75,31.25,6,35.14,51.80,17,38.00,56.00,4R/4/.25/2 10R/1/.21/4,10R/2/.49/3,,,,,静岡,静岡,57,12:14,第１０回週刊大衆杯,予選,３日目
戸田,02,20260726,4R,6,4911,A2,片岡　　大地,1,0,0.14,4.91,24.72,52.81,3.92,23.08,30.77,24,39.38,54.87,62,31.82,50.00,9R/4/.19/5,2R/5/.14/3 9R/1/.12/1,,,,,東京,千葉,30,12:14,第１０回週刊大衆杯,予選,３日目
戸田,02,20260726,5R,1,3963,A2,原田　　秀弥,0,0,0.17,5.77,35.96,61.40,5.45,36.36,57.58,22,29.56,46.80,21,35.58,51.44,2R/2/.22/2 9R/3/.28/3,11R/6/.23/3,,,,,大阪,奈良,47,12:44,第１０回週刊大衆杯,ウインウイン５,３日目
戸田,02,20260726,5R,2,5007,B1,近藤　雄一郎,1,0,0.18,4.71,23.08,41.03,3.89,7.41,22.22,51,30.41,47.94,57,34.27,48.83,2R/6/.23/3 10R/3/.08/3,5R/5/.24/3,,,,,東京,福島,29,12:44,第１０回週刊大衆杯,ウインウイン５,３日目
戸田,02,20260726,5R,3,5385,B1,鈴木　　柊介,0,0,0.14,2.56,5.19,14.29,1.79,0.00,0.00,5,35.40,51.33,73,32.65,47.96,6R/6/.16/5,2R/4/.10/5 8R/5/.18/6,,,,,静岡,静岡,21,12:44,第１０回週刊大衆杯,ウインウイン５,３日目
戸田,02,20260726,5R,4,4702,A1,三浦　　敬太,0,0,0.14,6.16,48.15,62.96,5.70,40.00,50.00,50,34.51,50.88,46,31.43,50.48,6R/3/.17/4 12R/6/.21/6,7R/1/.26/6 12R/2/.25/6,,,,,東京,北海道,39,12:44,第１０回週刊大衆杯,ウインウイン５,３日目
戸田,02,20260726,5R,5,3455,B1,谷本　　幸司,0,0,0.17,4.92,31.03,47.41,5.58,41.67,54.17,31,35.65,53.91,76,34.29,55.24,5R/2/.12/2 10R/6/.09/6,1R/1/.08/1 8R/3/.16/5,,,,,愛知,愛知,55,12:44,第１０回週刊大衆杯,ウインウイン５,３日目
戸田,02,20260726,5R,6,4651,B1,佐藤　　大騎,0,0,0.18,3.73,11.90,25.00,3.70,10.00,26.67,9,40.43,57.87,54,30.48,44.29,6R/1/.22/1,4R/3/.22/5 11R/4/.25/4,,,,,大阪,大阪,41,12:44,第１０回週刊大衆杯,ウインウイン５,３日目
戸田,02,20260726,6R,1,5170,B1,佐藤　　太亮,0,0,0.15,5.16,28.57,53.85,2.38,0.00,0.00,62,34.16,49.01,18,29.14,45.14,3R/4/.16/4 8R/2/.11/6,1R/6/.14/4,,,,,岡山,岡山,25,13:14,第１０回週刊大衆杯,予選,３日目
戸田,02,20260726,6R,2,4258,B1,関根　　彰人,0,0,0.18,4.88,33.33,47.78,5.01,30.69,46.53,43,34.87,55.90,52,37.26,53.30,1R/1/.16/1 11R/4/.47/3,4R/2/.15/6 10R/5/.52/5,,,,,埼玉,埼玉,42,13:14,第１０回週刊大衆杯,予選,３日目
戸田,02,20260726,6R,3,4533,B1,峰重　　侑治,0,0,0.18,4.45,18.97,43.10,5.71,42.86,42.86,20,30.77,45.64,47,37.21,52.09,1R/5/.21/5 10R/2/.11/5,2R/6/.14/2,,,,,岡山,岡山,37,13:14,第１０回週刊大衆杯,予選,３日目
戸田,02,20260726,6R,4,5432,B1,安藤　　瑠希,0,0,0.17,2.83,6.41,17.95,1.33,0.00,0.00,18,31.07,48.06,37,34.91,48.58,5R/6/.43/5,3R/4/.11/4 9R/5/.10/6,,,,,静岡,静岡,21,13:14,第１０回週刊大衆杯,予選,３日目
戸田,02,20260726,6R,5,3715,A2,倉尾　　大介,0,0,0.17,5.60,36.36,61.04,3.83,16.67,27.78,58,35.44,50.49,36,34.76,56.19,8R/4/.14/3,8R/2/.16/4 12R/6/.20/3,,,,,福岡,福岡,51,13:14,第１０回週刊大衆杯,予選,３日目
戸田,02,20260726,6R,6,4058,A1,野末　　智一,0,0,0.19,5.99,42.86,61.43,3.75,20.00,30.00,40,34.56,53.46,29,40.09,54.72,2R/5/.19/4 11R/1/.42/4,11R/2/.18/2,,,,,静岡,静岡,47,13:14,第１０回週刊大衆杯,予選,３日目
戸田,02,20260726,7R,1,4704,A1,河野　　　大,0,0,0.14,6.58,47.89,65.49,6.20,30.00,60.00,21,34.76,50.00,74,30.41,49.12,8R/6/.09/2 12R/3/.10/4,4R/4/.11/1 9R/2/.10/2,,,,,徳島,徳島,38,13:45,第１０回週刊大衆杯,ウインウイン７,３日目
戸田,02,20260726,7R,2,4231,B1,鈴木　　裕隆,0,0,0.17,5.44,32.84,55.22,5.56,33.33,51.85,7,30.59,46.12,27,38.76,55.50,3R/1/.25/5 9R/5/.20/1,6R/6/.14/5,,,,,愛知,愛知,43,13:45,第１０回週刊大衆杯,ウインウイン７,３日目
戸田,02,20260726,7R,3,3812,B1,山崎　　聖司,0,0,0.18,3.99,12.50,37.50,4.33,20.00,40.00,41,32.29,46.88,30,34.93,54.07,1R/4/.19/3 8R/1/.09/4,5R/6/.26/5,,,,,東京,千葉,50,13:45,第１０回週刊大衆杯,ウインウイン７,３日目
戸田,02,20260726,7R,4,3419,B2,栗原　　謙治,0,0,0.22,2.27,0.00,7.69,3.58,16.67,16.67,12,41.48,55.90,58,34.50,50.50,6R/2/.22/6,1R/4/.17/5 10R/3/.55/6,,,,,群馬,群馬,56,13:45,第１０回週刊大衆杯,ウインウイン７,３日目
戸田,02,20260726,7R,5,5433,B2,米本　　圭佑,0,0,0.24,1.92,2.78,5.56,2.13,12.50,12.50,4,46.44,65.27,16,37.61,54.59,7R/6/.19/5,1R/5/.18/3 7R/4/.24/4,,,,,東京,東京,21,13:45,第１０回週刊大衆杯,ウインウイン７,３日目
戸田,02,20260726,7R,6,4740,B1,齋藤　　達希,0,0,0.17,4.51,21.51,43.01,5.00,34.78,47.83,63,42.15,57.85,11,31.61,53.37,1R/2/.13/4 7R/3/.14/1,8R/1/.21/2,,,,,静岡,静岡,34,13:45,第１０回週刊大衆杯,ウインウイン７,３日目
戸田,02,20260726,8R,1,3377,B1,塚田　　修二,0,0,0.21,4.54,23.60,43.82,3.10,15.00,20.00,54,35.56,49.33,49,41.71,54.98,5R/3/.15/3,4R/6/.13/3 12R/4/.17/2,,,,,東京,東京,58,14:16,第１０回週刊大衆杯,予選,３日目
戸田,02,20260726,8R,2,5138,B1,村本　　大成,0,0,0.19,3.83,13.85,35.38,0.00,0.00,0.00,25,34.04,48.51,68,35.55,51.18,4R/5/.31/3,1R/3/.12/6 9R/4/.11/4,,,,,福岡,福岡,26,14:16,第１０回週刊大衆杯,予選,３日目
戸田,02,20260726,8R,3,4095,A1,福来　　　剛,1,0,0.13,6.85,54.87,66.37,7.44,61.54,74.36,13,33.19,51.09,70,37.50,53.37,3R/5/.15/2 12R/2/.05/1,3R/5/.09/1 8R/4/.11/1,,,,,東京,東京,45,14:16,第１０回週刊大衆杯,予選,３日目
戸田,02,20260726,8R,4,5273,B1,山下　　拓巳,0,0,0.17,3.83,17.92,30.19,5.13,25.00,56.25,27,29.58,46.48,44,32.69,50.00,1R/3/.15/2 9R/6/.19/6,6R/1/.23/6,,,,,兵庫,兵庫,24,14:16,第１０回週刊大衆杯,予選,３日目
戸田,02,20260726,8R,5,5325,B1,澁川　　　夏,0,0,0.17,5.77,38.24,62.75,5.60,40.00,70.00,38,34.91,50.43,22,36.32,58.49,3R/2/.20/1 11R/6/.19/2,7R/3/.09/2,,,,,大阪,大阪,23,14:16,第１０回週刊大衆杯,予選,３日目
戸田,02,20260726,8R,6,3502,A2,渡邉　　英児,0,0,0.16,5.98,41.24,67.01,3.88,18.75,31.25,6,35.14,51.80,17,38.00,56.00,4R/4/.25/2 10R/1/.21/4,10R/2/.49/3,,,,,静岡,静岡,57,14:16,第１０回週刊大衆杯,予選,３日目
戸田,02,20260726,9R,1,5031,B1,渡辺　　空依,0,0,0.18,4.87,29.21,46.07,5.83,33.33,50.00,55,40.79,59.65,14,34.45,55.02,3R/6/.35/6 7R/4/.15/2,5R/2/.12/6,,,,,福岡,福岡,28,14:48,第１０回週刊大衆杯,戸田特賞,３日目
戸田,02,20260726,9R,2,4122,A2,安東　　幸治,0,0,0.17,5.58,36.64,55.73,6.20,45.00,60.00,2,45.74,57.40,75,40.00,57.14,10R/4/.10/1,6R/5/.10/3 11R/1/.14/1,,,,,福岡,福岡,44,14:48,第１０回週刊大衆杯,戸田特賞,３日目
戸田,02,20260726,9R,3,3202,B1,三品　　隆浩,0,0,0.20,4.37,25.51,34.69,4.52,26.09,39.13,23,32.87,52.78,63,34.80,54.41,4R/3/.33/5 11R/5/.24/1,4R/1/.19/4,,,,,東京,東京,61,14:48,第１０回週刊大衆杯,戸田特賞,３日目
戸田,02,20260726,9R,4,3630,B1,黒田　　誠司,0,0,0.17,3.97,18.57,30.00,3.95,18.18,31.82,64,34.67,50.25,19,33.82,50.72,8R/5/.12/5,2R/3/.20/6 7R/2/.18/5,,,,,静岡,静岡,56,14:48,第１０回週刊大衆杯,戸田特賞,３日目
戸田,02,20260726,9R,5,4702,A1,三浦　　敬太,0,0,0.14,6.16,48.15,62.96,5.70,40.00,50.00,50,34.51,50.88,46,31.43,50.48,6R/3/.17/4 12R/6/.21/6,7R/1/.26/6 12R/2/.25/6,,,,,東京,北海道,39,14:48,第１０回週刊大衆杯,戸田特賞,３日目
戸田,02,20260726,9R,6,4055,A2,吉田　　俊彦,0,0,0.15,6.62,49.65,65.03,5.26,31.58,42.11,26,37.12,57.64,56,42.57,63.37,3R/3/.17/3 10R/5/.07/2,3R/2/.18/3 10R/1/.44/4,,,,,兵庫,兵庫,48,14:48,第１０回週刊大衆杯,戸田特賞,３日目
戸田,02,20260726,10R,1,5007,B1,近藤　雄一郎,1,0,0.18,4.71,23.08,41.03,3.89,7.41,22.22,51,30.41,47.94,57,34.27,48.83,2R/6/.23/3 10R/3/.08/3,5R/5/.24/3,,,,,東京,福島,29,15:21,第１０回週刊大衆杯,戸田特賞,３日目
戸田,02,20260726,10R,2,4043,A2,桐本　　康臣,0,0,0.17,5.74,40.37,58.72,6.35,45.16,67.74,29,38.39,56.70,53,34.83,51.74,9R/1/.24/2,4R/5/.11/2 8R/6/.24/3,,,,,三重,三重,46,15:21,第１０回週刊大衆杯,戸田特賞,３日目
戸田,02,20260726,10R,3,4058,A1,野末　　智一,0,0,0.19,5.99,42.86,61.43,3.75,20.00,30.00,40,34.56,53.46,29,40.09,54.72,2R/5/.19/4 11R/1/.42/4,11R/2/.18/2,,,,,静岡,静岡,47,15:21,第１０回週刊大衆杯,戸田特賞,３日目
戸田,02,20260726,10R,4,3647,B1,伊藤　　雄二,0,0,0.18,3.34,11.88,24.75,4.42,16.67,36.11,14,33.80,50.00,12,32.51,50.74,7R/5/.24/6,1R/2/.07/2 12R/3/.28/5,,,,,埼玉,埼玉,53,15:21,第１０回週刊大衆杯,戸田特賞,３日目
戸田,02,20260726,10R,5,4910,A1,中村　　泰平,0,0,0.15,6.94,57.94,68.22,6.46,30.77,76.92,61,39.19,55.41,67,29.95,42.64,7R/1/.12/3 12R/4/.16/3,6R/3/.09/2 10R/6/.25/1,,,,,愛知,愛知,30,15:21,第１０回週刊大衆杯,戸田特賞,３日目
戸田,02,20260726,10R,6,3745,B1,橋本　　年光,0,0,0.19,5.18,28.42,52.63,5.47,41.18,64.71,49,38.86,57.82,42,37.91,51.18,2R/4/.17/1 7R/2/.11/4,3R/1/.14/2 7R/5/.21/1,,,,,兵庫,兵庫,51,15:21,第１０回週刊大衆杯,戸田特賞,３日目
戸田,02,20260726,11R,1,3715,A2,倉尾　　大介,0,0,0.17,5.60,36.36,61.04,3.83,16.67,27.78,58,35.44,50.49,36,34.76,56.19,8R/4/.14/3,8R/2/.16/4 12R/6/.20/3,,,,,福岡,福岡,51,15:55,第１０回週刊大衆杯,戸田特選,３日目
戸田,02,20260726,11R,2,3983,A1,須藤　　博倫,0,0,0.15,6.97,50.41,74.38,6.72,52.00,70.40,42,31.60,51.52,40,32.00,48.00,5R/4/.26/4 12R/1/.19/2,2R/2/.09/1 11R/5/.24/6,,,,,埼玉,埼玉,48,15:55,第１０回週刊大衆杯,戸田特選,３日目
戸田,02,20260726,11R,3,4231,B1,鈴木　　裕隆,0,0,0.17,5.44,32.84,55.22,5.56,33.33,51.85,7,30.59,46.12,27,38.76,55.50,3R/1/.25/5 9R/5/.20/1,6R/6/.14/5,,,,,愛知,愛知,43,15:55,第１０回週刊大衆杯,戸田特選,３日目
戸田,02,20260726,11R,4,5033,B1,藤原　　孝斗,0,0,0.18,4.35,27.16,35.80,4.47,26.67,33.33,17,30.99,53.05,41,33.64,45.79,2R/1/.19/5 8R/3/.10/1,9R/6/.11/5,,,,,愛知,愛知,28,15:55,第１０回週刊大衆杯,戸田特選,３日目
戸田,02,20260726,11R,5,3963,A2,原田　　秀弥,0,0,0.17,5.77,35.96,61.40,5.45,36.36,57.58,22,29.56,46.80,21,35.58,51.44,2R/2/.22/2 9R/3/.28/3,11R/6/.23/3,,,,,大阪,奈良,47,15:55,第１０回週刊大衆杯,戸田特選,３日目
戸田,02,20260726,11R,6,3743,A1,林　　　美憲,0,0,0.15,5.07,36.61,47.32,6.86,42.86,85.71,37,40.43,60.43,69,33.18,49.07,4R/2/.22/1 12R/5/.16/5,5R/4/.15/4 12R/1/.31/4,,,,,徳島,徳島,51,15:55,第１０回週刊大衆杯,戸田特選,３日目
戸田,02,20260726,12R,1,4095,A1,福来　　　剛,1,0,0.13,6.85,54.87,66.37,7.44,61.54,74.36,13,33.19,51.09,70,37.50,53.37,3R/5/.15/2 12R/2/.05/1,3R/5/.09/1 8R/4/.11/1,,,,,東京,東京,45,16:30,第１０回週刊大衆杯,記者選抜戦,３日目
戸田,02,20260726,12R,2,4911,A2,片岡　　大地,1,0,0.14,4.91,24.72,52.81,3.92,23.08,30.77,24,39.38,54.87,62,31.82,50.00,9R/4/.19/5,2R/5/.14/3 9R/1/.12/1,,,,,東京,千葉,30,16:30,第１０回週刊大衆杯,記者選抜戦,３日目
戸田,02,20260726,12R,3,5209,B1,小野　　京平,0,0,0.21,3.61,9.09,27.27,3.33,0.00,16.67,3,32.55,50.00,59,43.19,58.22,5R/5/.23/1,5R/3/.13/2 10R/4/.50/2,,,,,福岡,大分,28,16:30,第１０回週刊大衆杯,記者選抜戦,３日目
戸田,02,20260726,12R,4,3538,B2,菊池　　峰晴,0,0,0.21,4.14,16.07,37.50,5.27,33.33,45.45,10,34.55,55.45,20,32.23,46.92,4R/1/.29/4,7R/6/.25/3 11R/3/.21/5,,,,,群馬,栃木,58,16:30,第１０回週刊大衆杯,記者選抜戦,３日目
戸田,02,20260726,12R,5,4704,A1,河野　　　大,0,0,0.14,6.58,47.89,65.49,6.20,30.00,60.00,21,34.76,50.00,74,30.41,49.12,8R/6/.09/2 12R/3/.10/4,4R/4/.11/1 9R/2/.10/2,,,,,徳島,徳島,38,16:30,第１０回週刊大衆杯,記者選抜戦,３日目
戸田,02,20260726,12R,6,4824,A2,松井　　洪弥,0,0,0.12,5.57,36.44,49.15,5.88,50.00,50.00,36,32.37,50.72,15,32.86,51.17,5R/1/.23/6 11R/3/.36/6,6R/2/.10/1 12R/5/.12/1,,,,,三重,三重,33,16:30,第１０回週刊大衆杯,記者選抜戦,３日目
江戸川,03,20260726,1R,1,4575,A2,戸塚　　邦好,0,0,0.16,6.28,44.66,61.17,6.49,49.02,64.71,57,46.15,61.54,54,19.51,48.78,7R/4/.09/5,1R/3/.11/2 10R/6/.21/6,10R/2/.20/2,,,,東京,東京,37,11:14,第３５回アサヒビールカップ,予選,４日目
江戸川,03,20260726,1R,2,4204,B1,柴田　　大輔,0,0,0.19,5.02,30.43,41.30,6.59,54.55,63.64,69,40.00,50.00,15,25.64,38.46,3R/1/.07/2,2R/6/.38/5 12R/5/.13/5,6R/3/.39/6,,,,福岡,福岡,43,11:14,第３５回アサヒビールカップ,予選,４日目
江戸川,03,20260726,1R,3,4656,A2,大崎　　　翔,0,0,0.16,5.20,33.70,48.91,6.03,40.00,60.00,67,18.42,39.47,14,27.27,33.33,6R/5/.17/5,3R/4/.17/6 9R/2/.09/2,8R/6/.21/3,,,,兵庫,兵庫,39,11:14,第３５回アサヒビールカップ,予選,４日目
江戸川,03,20260726,1R,4,4564,B1,山本　景士郎,0,0,0.19,4.64,23.81,43.81,4.78,34.15,41.46,59,31.82,47.73,37,33.33,54.76,4R/6/.15/5,1R/5/.22/6 5R/2/.11/5,9R/1/.12/1,,,,広島,広島,38,11:14,第３５回アサヒビールカップ,予選,４日目
江戸川,03,20260726,1R,5,3771,B1,折下　　寛法,0,0,0.15,5.47,33.00,56.00,5.15,30.00,55.00,19,21.62,35.14,34,33.33,47.22,5R/1/.02/3,3R/2/.09/5 12R/3/.19/6,3R/6/.19/3,,,,東京,東京,52,11:14,第３５回アサヒビールカップ,予選,４日目
江戸川,03,20260726,1R,6,3880,B1,浅見　　宗孝,1,0,0.19,4.76,22.62,46.43,4.71,25.42,38.98,54,32.56,48.84,31,24.32,54.05,7R/5/.18/2,2R/1/.16/4 6R/3/.13/4,8R/4/.09/5,,,,埼玉,埼玉,53,11:14,第３５回アサヒビールカップ,予選,４日目
江戸川,03,20260726,2R,1,4395,B1,下河　　雅史,0,0,0.18,5.54,37.86,53.40,5.89,42.11,63.16,70,20.51,35.90,66,35.56,57.78,7R/6/.27/6,4R/2/.09/3 11R/4/.08/5,3R/3/.19/2,,,,福岡,福岡,40,11:41,第３５回アサヒビールカップ,予選,４日目
江戸川,03,20260726,2R,2,5038,A2,金田　　智博,0,0,0.16,6.27,47.06,61.34,6.44,45.76,66.10,16,33.33,58.33,25,20.59,41.18,8R/1/.04/1,3R/3/.05/2 10R/5/.11/5,11R/4/.15/1,,,,福井,石川,28,11:41,第３５回アサヒビールカップ,予選,４日目
江戸川,03,20260726,2R,3,4270,B1,岸本　　雄貴,0,0,0.18,4.95,28.57,48.05,0.00,0.00,0.00,63,32.56,44.19,60,46.34,53.66,4R/1/.05/1,6R/6/.22/5 10R/4/.12/4,6R/2/.22/4,,,,三重,三重,44,11:41,第３５回アサヒビールカップ,予選,４日目
江戸川,03,20260726,2R,4,4335,A1,若林　　　将,0,0,0.12,7.18,54.13,76.15,7.02,50.62,70.37,71,33.33,55.56,27,50.00,63.89,12R/2/.03/2,5R/3/.09/2 12R/1/.08/2,8R/5/.05/2,,,,東京,千葉,42,11:41,第３５回アサヒビールカップ,予選,４日目
江戸川,03,20260726,2R,5,3527,B1,中嶋　誠一郎,0,0,0.17,5.25,31.25,54.17,5.47,35.29,50.00,18,27.03,45.95,65,18.42,28.95,9R/3/.15/3,5R/1/.05/1 10R/2/.19/3,4R/4/.04/4,,,,長崎,長崎,55,11:41,第３５回アサヒビールカップ,予選,４日目
江戸川,03,20260726,2R,6,4474,B1,渡辺　　　崇,1,0,0.19,5.64,40.21,54.64,6.30,50.00,66.67,58,26.83,48.78,30,33.33,53.85,,1R/6/.27/5 9R/5/.12/5,7R/6/.35/6,,,,福岡,大分,38,11:41,第３５回アサヒビールカップ,予選,４日目
江戸川,03,20260726,3R,1,4374,B1,永田　　義紘,0,0,0.15,4.71,30.43,39.13,4.96,17.86,50.00,26,27.50,45.00,38,28.13,43.75,3R/5/.17/5 8R/3/.11/4,8R/6/.14/4,2R/4/.19/6 8R/2/.14/4,,,,広島,広島,42,12:08,第３５回アサヒビールカップ,予選,４日目
江戸川,03,20260726,3R,2,5240,B1,高橋　　龍治,0,0,0.17,5.02,34.57,48.15,4.82,35.71,46.43,41,36.84,52.63,46,37.21,44.19,1R/6/.17/6 6R/4/.49/6,6R/5/.22/6,3R/1/.19/5 9R/3/.35/4,,,,福岡,福岡,26,12:08,第３５回アサヒビールカップ,予選,４日目
江戸川,03,20260726,3R,3,4251,B1,川崎　　誠志,0,0,0.21,4.55,22.55,43.14,4.74,33.33,40.74,28,32.43,64.86,53,45.95,62.16,5R/2/.06/2 10R/4/.20/1,5R/6/.28/6,2R/1/.22/3 12R/5/.27/5,,,,山口,山口,43,12:08,第３５回アサヒビールカップ,予選,４日目
江戸川,03,20260726,3R,4,3740,A1,大澤　　普司,0,0,0.18,6.16,41.91,59.56,7.00,55.00,72.50,64,52.50,72.50,57,24.32,43.24,8R/5/.15/5,4R/3/.15/6 12R/6/.11/3,9R/2/.09/2,,,,群馬,群馬,52,12:08,第３５回アサヒビールカップ,予選,４日目
江戸川,03,20260726,3R,5,4840,B1,鈴木　　秀茉,0,0,0.16,5.03,32.73,52.73,4.20,10.00,40.00,50,18.42,36.84,23,13.51,45.95,2R/1/.19/6 7R/3/.11/4,7R/2/.23/5,1R/4/.16/4 6R/6/.28/5,,,,静岡,静岡,34,12:08,第３５回アサヒビールカップ,予選,４日目
江戸川,03,20260726,3R,6,3813,A1,佐藤　　大介,0,0,0.16,6.74,49.14,73.28,6.87,51.85,75.93,61,29.73,51.35,28,36.84,57.89,10R/5/.15/5,2R/3/.19/1 11R/1/.11/2,7R/2/.15/4,,,,愛知,愛知,50,12:08,第３５回アサヒビールカップ,予選,４日目
江戸川,03,20260726,4R,1,4432,B1,黄金井　力良,0,0,0.16,5.43,31.91,56.38,6.05,39.68,57.14,40,8.82,23.53,33,41.67,63.89,4R/3/.04/6 8R/2/.07/3,9R/4/.09/4,1R/5/.18/3 11R/6/.26/4,,,,埼玉,埼玉,40,12:35,第３５回アサヒビールカップ,予選,４日目
江戸川,03,20260726,4R,2,4472,A1,尾嶋　　一広,0,0,0.16,6.19,40.32,58.87,6.10,34.15,58.54,68,36.36,45.45,48,18.60,32.56,11R/6/.29/4,4R/5/.16/1 10R/1/.07/1,8R/3/.11/1,,,,兵庫,兵庫,39,12:35,第３５回アサヒビールカップ,予選,４日目
江戸川,03,20260726,4R,3,5083,B1,柳瀬　　幹太,1,0,0.17,4.61,28.00,38.67,4.47,20.00,53.33,53,38.89,55.56,43,41.46,58.54,2R/5/.12/4,1R/4/.18/4 11R/6/.17/6,8R/1/.16/6,,,,山口,山口,27,12:35,第３５回アサヒビールカップ,予選,４日目
江戸川,03,20260726,4R,4,4345,A2,西舘　　　健,0,0,0.15,5.68,42.59,54.63,5.35,35.29,50.98,36,47.50,70.00,52,32.56,41.86,3R/2/.06/1 9R/1/.19/1,11R/5/.06/4,1R/3/.11/2 9R/5/.19/3,,,,東京,神奈川,41,12:35,第３５回アサヒビールカップ,予選,４日目
江戸川,03,20260726,4R,5,5107,B1,松本　　真広,1,0,0.16,4.26,18.52,40.74,3.67,16.67,25.00,21,26.83,48.78,59,33.33,52.38,3R/6/.29/6,4R/4/.22/4 9R/3/.12/6,5R/1/.12/1,,,,福岡,熊本,27,12:35,第３５回アサヒビールカップ,予選,４日目
江戸川,03,20260726,4R,6,5047,B1,國分　将太郎,0,0,0.17,5.73,34.02,58.76,5.96,38.78,65.31,20,36.84,52.63,18,18.42,28.95,1R/1/.23/2,2R/5/.22/6 7R/4/.31/4,11R/3/.24/3,,,,東京,福島,32,12:35,第３５回アサヒビールカップ,予選,４日目
江戸川,03,20260726,5R,1,4082,B1,濱崎　　　誠,1,0,0.18,5.91,43.59,62.39,5.90,42.86,59.52,56,47.62,64.29,41,46.34,56.10,11R/2/.23/1,3R/6/.27/3 8R/5/.09/6,7R/4/.15/3,,,,大阪,大阪,46,13:02,第３５回アサヒビールカップ,予選,４日目
江戸川,03,20260726,5R,2,4957,B1,竹之内　　極,0,0,0.17,5.55,34.78,56.52,6.26,54.29,68.57,52,38.10,47.62,20,15.38,30.77,4R/5/.06/4 11R/4/.23/3,7R/6/.25/1,4R/1/.11/1 12R/2/.07/2,,,,福岡,鹿児島,31,13:02,第３５回アサヒビールカップ,予選,４日目
江戸川,03,20260726,5R,3,4564,B1,山本　景士郎,0,0,0.19,4.64,23.81,43.81,4.78,34.15,41.46,59,31.82,47.73,37,33.33,54.76,4R/6/.15/5,1R/5/.22/6 5R/2/.11/5,9R/1/.12/1,,,,広島,広島,38,13:02,第３５回アサヒビールカップ,予選,４日目
江戸川,03,20260726,5R,4,4269,A2,杉山　　裕也,0,0,0.15,6.74,51.89,65.09,7.19,53.13,81.25,65,39.02,46.34,47,35.71,52.38,6R/3/.23/1,7R/1/.14/2 12R/2/.12/4,5R/5/.05/2,,,,愛知,愛知,40,13:02,第３５回アサヒビールカップ,予選,４日目
江戸川,03,20260726,5R,5,4688,A1,永井　　彪也,0,0,0.13,7.10,56.56,69.67,6.87,49.41,65.88,24,27.03,43.24,71,35.29,61.76,6R/2/.25/2 12R/4/.13/6,10R/3/.14/2,7R/5/.18/1 12R/1/.00/1,,,,東京,東京,33,13:02,第３５回アサヒビールカップ,予選,４日目
江戸川,03,20260726,5R,6,4401,A2,小林　　　泰,0,0,0.15,5.51,38.46,53.85,6.01,38.37,58.14,27,31.43,51.43,67,40.54,62.16,5R/4/.05/5 11R/5/.30/6,6R/2/.14/1,1R/1/.18/1 10R/3/.16/5,,,,東京,山梨,41,13:02,第３５回アサヒビールカップ,予選,４日目
江戸川,03,20260726,6R,1,5311,B1,小林　　京平,0,0,0.18,5.25,32.14,48.81,3.74,15.79,21.05,22,35.00,45.00,51,23.68,42.11,6R/6/.38/4,2R/4/.27/2 8R/2/.11/3,10R/5/.09/1,,,,山口,山口,28,13:29,第３５回アサヒビールカップ,予選,４日目
江戸川,03,20260726,6R,2,4907,A1,小池　　修平,0,0,0.15,7.21,53.72,69.42,8.23,64.52,77.42,62,46.67,68.89,49,34.09,45.45,12R/1/.03/1,6R/4/.14/3 11R/2/.13/1,4R/3/.06/2,,,,大阪,大阪,31,13:29,第３５回アサヒビールカップ,予選,４日目
江戸川,03,20260726,6R,3,4227,A2,安達　　裕樹,1,0,0.16,6.18,35.90,56.41,6.83,47.83,60.87,47,16.67,27.78,22,18.92,29.73,3R/4/.18/4 10R/6/.13/3,7R/5/.24/6,3R/2/.22/4 7R/1/.16/2,,,,三重,三重,43,13:29,第３５回アサヒビールカップ,予選,４日目
江戸川,03,20260726,6R,4,4204,B1,柴田　　大輔,0,0,0.19,5.02,30.43,41.30,6.59,54.55,63.64,69,40.00,50.00,15,25.64,38.46,3R/1/.07/2,2R/6/.38/5 12R/5/.13/5,6R/3/.39/6,,,,福岡,福岡,43,13:29,第３５回アサヒビールカップ,予選,４日目
江戸川,03,20260726,6R,5,4474,B1,渡辺　　　崇,1,0,0.19,5.64,40.21,54.64,6.30,50.00,66.67,58,26.83,48.78,30,33.33,53.85,,1R/6/.27/5 9R/5/.12/5,7R/6/.35/6,,,,福岡,大分,38,13:29,第３５回アサヒビールカップ,予選,４日目
江戸川,03,20260726,6R,6,5096,A2,上原　　　崚,0,0,0.16,6.12,34.91,60.38,6.89,51.11,66.67,48,20.51,33.33,24,27.78,41.67,2R/2/.12/1 11R/3/.19/5,9R/1/.08/1,2R/5/.18/2 6R/4/.19/3,,,,東京,沖縄,31,13:29,第３５回アサヒビールカップ,予選,４日目
江戸川,03,20260726,7R,1,4430,A2,永田　　秀二,0,0,0.17,5.89,36.07,59.84,6.20,41.12,58.88,14,11.43,34.29,50,30.95,45.24,10R/2/.28/4,1R/1/.13/3 8R/4/.13/2,4R/6/.18/6,,,,東京,東京,40,13:56,第３５回アサヒビールカップ,予選,４日目
江戸川,03,20260726,7R,2,3880,B1,浅見　　宗孝,1,0,0.19,4.76,22.62,46.43,4.71,25.42,38.98,54,32.56,48.84,31,24.32,54.05,7R/5/.18/2,2R/1/.16/4 6R/3/.13/4,8R/4/.09/5,,,,埼玉,埼玉,53,13:56,第３５回アサヒビールカップ,予選,４日目
江戸川,03,20260726,7R,3,3796,B1,長野　　道臣,0,0,0.17,4.66,29.41,42.16,5.83,47.62,57.14,55,28.95,47.37,70,16.67,30.56,9R/4/.04/6,1R/2/.13/1 6R/1/.13/2,2R/6/.23/5,,,,静岡,静岡,53,13:56,第３５回アサヒビールカップ,予選,４日目
江戸川,03,20260726,7R,4,4614,A1,石倉　　洋行,1,0,0.13,6.91,52.25,72.97,5.59,29.73,54.05,31,32.50,47.50,12,26.47,47.06,4R/2/.03/2 10R/1/.21/2,3R/5/.17/1,2R/3/.15/4 10R/6/.07/3,,,,福岡,福岡,46,13:56,第３５回アサヒビールカップ,予選,４日目
江戸川,03,20260726,7R,5,3964,B1,宮地　　博士,0,0,0.20,4.10,16.48,32.97,4.37,15.79,26.32,39,27.03,43.24,62,34.38,43.75,1R/2/.31/3 10R/3/.32/6,4R/1/.13/2,1R/6/.23/5 5R/4/.09/4,,,,長崎,長崎,47,13:56,第３５回アサヒビールカップ,予選,４日目
江戸川,03,20260726,7R,6,3527,B1,中嶋　誠一郎,0,0,0.17,5.25,31.25,54.17,5.47,35.29,50.00,18,27.03,45.95,65,18.42,28.95,9R/3/.15/3,5R/1/.05/1 10R/2/.19/3,4R/4/.04/4,,,,長崎,長崎,55,13:56,第３５回アサヒビールカップ,予選,４日目
江戸川,03,20260726,8R,1,5207,B1,高山　　敬悟,1,0,0.16,5.37,38.95,50.53,0.00,0.00,0.00,38,30.56,44.44,35,38.10,59.52,2R/6/.18/5 8R/4/.14/6,5R/5/.25/4,1R/2/.14/6 7R/3/.17/5,,,,福岡,福岡,28,14:24,第３５回アサヒビールカップ,予選,４日目
江戸川,03,20260726,8R,2,5083,B1,柳瀬　　幹太,1,0,0.17,4.61,28.00,38.67,4.47,20.00,53.33,53,38.89,55.56,43,41.46,58.54,2R/5/.12/4,1R/4/.18/4 11R/6/.17/6,8R/1/.16/6,,,,山口,山口,27,14:24,第３５回アサヒビールカップ,予選,４日目
江戸川,03,20260726,8R,3,3946,A1,赤岩　　善生,0,0,0.15,7.07,50.45,69.37,7.17,50.00,83.33,45,30.23,46.51,64,46.34,63.41,7R/2/.11/1 12R/3/.08/3,9R/6/.12/3,3R/4/.25/6 10R/1/.14/4,,,,愛知,愛知,50,14:24,第３５回アサヒビールカップ,予選,４日目
江戸川,03,20260726,8R,4,3771,B1,折下　　寛法,0,0,0.15,5.47,33.00,56.00,5.15,30.00,55.00,19,21.62,35.14,34,33.33,47.22,5R/1/.02/3,3R/2/.09/5 12R/3/.19/6,3R/6/.19/3,,,,東京,東京,52,14:24,第３５回アサヒビールカップ,予選,４日目
江戸川,03,20260726,8R,5,4270,B1,岸本　　雄貴,0,0,0.18,4.95,28.57,48.05,0.00,0.00,0.00,63,32.56,44.19,60,46.34,53.66,4R/1/.05/1,6R/6/.22/5 10R/4/.12/4,6R/2/.22/4,,,,三重,三重,44,14:24,第３５回アサヒビールカップ,予選,４日目
江戸川,03,20260726,8R,6,4645,A1,上村　　純一,0,0,0.14,6.44,44.35,59.68,6.59,48.78,60.98,35,38.89,52.78,63,30.95,42.86,3R/3/.05/3 11R/1/.24/2,5R/4/.16/3,6R/5/.19/2 11R/2/.33/6,,,,群馬,千葉,46,14:24,第３５回アサヒビールカップ,予選,４日目
江戸川,03,20260726,9R,1,4656,A2,大崎　　　翔,0,0,0.16,5.20,33.70,48.91,6.03,40.00,60.00,67,18.42,39.47,14,27.27,33.33,6R/5/.17/5,3R/4/.17/6 9R/2/.09/2,8R/6/.21/3,,,,兵庫,兵庫,39,14:52,第３５回アサヒビールカップ,予選,４日目
江戸川,03,20260726,9R,2,5047,B1,國分　将太郎,0,0,0.17,5.73,34.02,58.76,5.96,38.78,65.31,20,36.84,52.63,18,18.42,28.95,1R/1/.23/2,2R/5/.22/6 7R/4/.31/4,11R/3/.24/3,,,,東京,福島,32,14:52,第３５回アサヒビールカップ,予選,４日目
江戸川,03,20260726,9R,3,4957,B1,竹之内　　極,0,0,0.17,5.55,34.78,56.52,6.26,54.29,68.57,52,38.10,47.62,20,15.38,30.77,4R/5/.06/4 11R/4/.23/3,7R/6/.25/1,4R/1/.11/1 12R/2/.07/2,,,,福岡,鹿児島,31,14:52,第３５回アサヒビールカップ,予選,４日目
江戸川,03,20260726,9R,4,3813,A1,佐藤　　大介,0,0,0.16,6.74,49.14,73.28,6.87,51.85,75.93,61,29.73,51.35,28,36.84,57.89,10R/5/.15/5,2R/3/.19/1 11R/1/.11/2,7R/2/.15/4,,,,愛知,愛知,50,14:52,第３５回アサヒビールカップ,予選,４日目
江戸川,03,20260726,9R,5,4395,B1,下河　　雅史,0,0,0.18,5.54,37.86,53.40,5.89,42.11,63.16,70,20.51,35.90,66,35.56,57.78,7R/6/.27/6,4R/2/.09/3 11R/4/.08/5,3R/3/.19/2,,,,福岡,福岡,40,14:52,第３５回アサヒビールカップ,予選,４日目
江戸川,03,20260726,9R,6,4711,A2,前出　　達吉,0,0,0.16,6.12,43.14,67.65,5.67,44.44,50.00,30,51.16,69.77,29,40.00,62.86,1R/3/.24/1 7R/1/.07/3,12R/4/.12/1,4R/2/.09/5 11R/5/.28/2,,,,福井,石川,36,14:52,第３５回アサヒビールカップ,予選,４日目
江戸川,03,20260726,10R,1,3740,A1,大澤　　普司,0,0,0.18,6.16,41.91,59.56,7.00,55.00,72.50,64,52.50,72.50,57,24.32,43.24,8R/5/.15/5,4R/3/.15/6 12R/6/.11/3,9R/2/.09/2,,,,群馬,群馬,52,15:22,第３５回アサヒビールカップ,予選特賞,４日目
江戸川,03,20260726,10R,2,5107,B1,松本　　真広,1,0,0.16,4.26,18.52,40.74,3.67,16.67,25.00,21,26.83,48.78,59,33.33,52.38,3R/6/.29/6,4R/4/.22/4 9R/3/.12/6,5R/1/.12/1,,,,福岡,熊本,27,15:22,第３５回アサヒビールカップ,予選特賞,４日目
江戸川,03,20260726,10R,3,4082,B1,濱崎　　　誠,1,0,0.18,5.91,43.59,62.39,5.90,42.86,59.52,56,47.62,64.29,41,46.34,56.10,11R/2/.23/1,3R/6/.27/3 8R/5/.09/6,7R/4/.15/3,,,,大阪,大阪,46,15:22,第３５回アサヒビールカップ,予選特賞,４日目
江戸川,03,20260726,10R,4,4067,A2,永井　　　源,0,0,0.17,6.27,44.44,65.19,6.56,53.70,70.37,37,41.46,65.85,10,46.34,58.54,5R/3/.05/4 9R/2/.17/2,8R/1/.11/1,3R/5/.16/1 12R/6/.24/3,,,,愛知,福岡,46,15:22,第３５回アサヒビールカップ,予選特賞,４日目
江戸川,03,20260726,10R,5,4575,A2,戸塚　　邦好,0,0,0.16,6.28,44.66,61.17,6.49,49.02,64.71,57,46.15,61.54,54,19.51,48.78,7R/4/.09/5,1R/3/.11/2 10R/6/.21/6,10R/2/.20/2,,,,東京,東京,37,15:22,第３５回アサヒビールカップ,予選特賞,４日目
江戸川,03,20260726,10R,6,4907,A1,小池　　修平,0,0,0.15,7.21,53.72,69.42,8.23,64.52,77.42,62,46.67,68.89,49,34.09,45.45,12R/1/.03/1,6R/4/.14/3 11R/2/.13/1,4R/3/.06/2,,,,大阪,大阪,31,15:22,第３５回アサヒビールカップ,予選特賞,４日目
江戸川,03,20260726,11R,1,4958,A1,溝口　海義也,0,0,0.13,6.34,42.54,64.93,7.07,50.00,85.71,46,52.27,63.64,61,43.18,65.91,2R/4/.11/3 9R/5/.07/4,2R/2/.22/3,5R/6/.07/5 12R/3/.27/6,,,,福岡,福岡,31,15:53,第３５回アサヒビールカップ,予選特選,４日目
江戸川,03,20260726,11R,2,5095,A2,小原　　聡将,0,0,0.15,6.40,42.71,64.58,6.55,50.57,64.37,43,28.95,47.37,56,32.56,53.49,1R/5/.18/5 8R/6/.16/2,11R/3/.11/3,6R/1/.29/1 12R/4/.25/4,,,,東京,千葉,32,15:53,第３５回アサヒビールカップ,予選特選,４日目
江戸川,03,20260726,11R,3,4335,A1,若林　　　将,0,0,0.12,7.18,54.13,76.15,7.02,50.62,70.37,71,33.33,55.56,27,50.00,63.89,12R/2/.03/2,5R/3/.09/2 12R/1/.08/2,8R/5/.05/2,,,,東京,千葉,42,15:53,第３５回アサヒビールカップ,予選特選,４日目
江戸川,03,20260726,11R,4,4840,B1,鈴木　　秀茉,0,0,0.16,5.03,32.73,52.73,4.20,10.00,40.00,50,18.42,36.84,23,13.51,45.95,2R/1/.19/6 7R/3/.11/4,7R/2/.23/5,1R/4/.16/4 6R/6/.28/5,,,,静岡,静岡,34,15:53,第３５回アサヒビールカップ,予選特選,４日目
江戸川,03,20260726,11R,5,3796,B1,長野　　道臣,0,0,0.17,4.66,29.41,42.16,5.83,47.62,57.14,55,28.95,47.37,70,16.67,30.56,9R/4/.04/6,1R/2/.13/1 6R/1/.13/2,2R/6/.23/5,,,,静岡,静岡,53,15:53,第３５回アサヒビールカップ,予選特選,４日目
江戸川,03,20260726,11R,6,4269,A2,杉山　　裕也,0,0,0.15,6.74,51.89,65.09,7.19,53.13,81.25,65,39.02,46.34,47,35.71,52.38,6R/3/.23/1,7R/1/.14/2 12R/2/.12/4,5R/5/.05/2,,,,愛知,愛知,40,15:53,第３５回アサヒビールカップ,予選特選,４日目
江戸川,03,20260726,12R,1,4297,A1,山田　　哲也,1,0,0.11,6.30,44.74,61.40,6.25,44.58,56.63,29,26.19,47.62,11,20.00,40.00,4R/4/.04/3 12R/6/.14/5,8R/3/.09/5,5R/2/.09/3 11R/1/.25/5,,,,東京,千葉,43,16:25,第３５回アサヒビールカップ,記者選抜戦,４日目
江戸川,03,20260726,12R,2,5036,B1,福田　　翔吾,0,0,0.18,5.26,34.29,51.43,4.68,24.32,43.24,49,46.51,62.79,19,38.10,54.76,2R/3/.13/2 6R/1/.25/3,4R/6/.18/5,4R/5/.04/3 10R/4/.13/6,,,,大阪,大阪,28,16:25,第３５回アサヒビールカップ,記者選抜戦,４日目
江戸川,03,20260726,12R,3,5311,B1,小林　　京平,0,0,0.18,5.25,32.14,48.81,3.74,15.79,21.05,22,35.00,45.00,51,23.68,42.11,6R/6/.38/4,2R/4/.27/2 8R/2/.11/3,10R/5/.09/1,,,,山口,山口,28,16:25,第３５回アサヒビールカップ,記者選抜戦,４日目
江戸川,03,20260726,12R,4,4472,A1,尾嶋　　一広,0,0,0.16,6.19,40.32,58.87,6.10,34.15,58.54,68,36.36,45.45,48,18.60,32.56,11R/6/.29/4,4R/5/.16/1 10R/1/.07/1,8R/3/.11/1,,,,兵庫,兵庫,39,16:25,第３５回アサヒビールカップ,記者選抜戦,４日目
江戸川,03,20260726,12R,5,4430,A2,永田　　秀二,0,0,0.17,5.89,36.07,59.84,6.20,41.12,58.88,14,11.43,34.29,50,30.95,45.24,10R/2/.28/4,1R/1/.13/3 8R/4/.13/2,4R/6/.18/6,,,,東京,東京,40,16:25,第３５回アサヒビールカップ,記者選抜戦,４日目
江戸川,03,20260726,12R,6,5038,A2,金田　　智博,0,0,0.16,6.27,47.06,61.34,6.44,45.76,66.10,16,33.33,58.33,25,20.59,41.18,8R/1/.04/1,3R/3/.05/2 10R/5/.11/5,11R/4/.15/1,,,,福井,石川,28,16:25,第３５回アサヒビールカップ,記者選抜戦,４日目
平和島,04,20260726,1R,1,5287,B1,滝沢　　織寧,1,0,0.16,3.53,11.69,24.68,8.00,50.00,100.00,45,18.18,18.18,73,36.00,60.00,2R/2/.26/3 8R/3/.17/4,,,,,,埼玉,埼玉,26,11:54,マクール杯 ヴィーナスシリーズ第９戦,予選,２日目
平和島,04,20260726,1R,2,5317,B1,長尾　　萌加,0,0,0.17,4.86,24.32,46.85,4.64,9.09,54.55,20,16.00,36.00,62,30.77,65.38,3R/6/.27/4 11R/4/.07/4,,,,,,岡山,岡山,25,11:54,マクール杯 ヴィーナスシリーズ第９戦,予選,２日目
平和島,04,20260726,1R,3,4627,A2,藤原　　菜希,0,0,0.15,6.53,51.61,64.52,5.85,40.74,48.15,33,40.00,65.00,71,37.50,50.00,12R/4/.21/6,,,,,,東京,大阪,40,11:54,マクール杯 ヴィーナスシリーズ第９戦,予選,２日目
平和島,04,20260726,1R,4,5436,B2,市川　　瑚幸,0,0,0.22,1.28,0.00,0.00,1.27,0.00,0.00,15,39.13,56.52,40,19.05,42.86,4R/5/.24/6,,,,,,東京,神奈川,21,11:54,マクール杯 ヴィーナスシリーズ第９戦,予選,２日目
平和島,04,20260726,1R,5,5347,B2,井澤　　聖奈,0,0,0.21,1.58,0.00,3.03,1.46,0.00,0.00,48,33.33,50.00,67,43.48,65.22,6R/6/.34/6,,,,,,愛知,長野,22,11:54,マクール杯 ヴィーナスシリーズ第９戦,予選,２日目
平和島,04,20260726,1R,6,5194,B1,大久保　佑香,1,0,0.18,4.22,25.61,35.37,3.44,11.11,22.22,71,22.73,36.36,50,18.18,36.36,5R/1/.11/1,,,,,,埼玉,埼玉,24,11:54,マクール杯 ヴィーナスシリーズ第９戦,予選,２日目
平和島,04,20260726,2R,1,4464,A1,山下　　友貴,0,0,0.19,6.12,41.07,66.07,5.50,40.00,45.00,65,28.00,56.00,59,27.27,31.82,6R/5/.28/2 12R/3/.22/5,,,,,,静岡,静岡,40,12:23,マクール杯 ヴィーナスシリーズ第９戦,東京ベイランチ,２日目
平和島,04,20260726,2R,2,5314,B1,中曽　　瑠華,0,0,0.19,3.42,12.99,23.38,2.00,4.00,8.00,56,26.32,36.84,37,45.83,58.33,1R/6/.21/5 10R/3/.17/5,,,,,,東京,千葉,25,12:23,マクール杯 ヴィーナスシリーズ第９戦,東京ベイランチ,２日目
平和島,04,20260726,2R,3,4244,B2,鈴木　　成美,0,0,0.16,4.03,28.57,34.29,4.88,34.62,46.15,25,26.09,65.22,38,60.87,60.87,3R/1/.11/1,,,,,,静岡,静岡,39,12:23,マクール杯 ヴィーナスシリーズ第９戦,東京ベイランチ,２日目
平和島,04,20260726,2R,4,5389,B1,恵良　　琴美,0,0,0.19,2.24,0.00,10.67,0.00,0.00,0.00,66,29.17,45.83,66,18.18,22.73,5R/6/.16/3,,,,,,福岡,福岡,19,12:23,マクール杯 ヴィーナスシリーズ第９戦,東京ベイランチ,２日目
平和島,04,20260726,2R,5,4714,B1,喜多須　杏奈,0,0,0.17,5.03,25.58,48.84,5.41,45.45,54.55,63,27.27,36.36,54,30.43,43.48,4R/2/.28/3,,,,,,徳島,徳島,35,12:23,マクール杯 ヴィーナスシリーズ第９戦,東京ベイランチ,２日目
平和島,04,20260726,2R,6,5380,B2,野田　　亜湖,0,0,0.28,1.24,0.00,0.00,1.17,0.00,0.00,35,23.81,38.10,17,40.00,60.00,7R/5/.14/6,,,,,,徳島,徳島,21,12:23,マクール杯 ヴィーナスシリーズ第９戦,東京ベイランチ,２日目
平和島,04,20260726,3R,1,5165,B1,小林　　愛実,0,0,0.16,3.76,16.85,29.21,5.25,25.00,60.00,11,44.83,58.62,75,31.82,40.91,7R/3/.13/3,,,,,,岡山,岡山,26,12:53,マクール杯 ヴィーナスシリーズ第９戦,予選,２日目
平和島,04,20260726,3R,2,4225,A2,土屋　　千明,0,0,0.15,6.40,45.33,66.67,6.52,55.17,72.41,19,48.00,64.00,58,13.64,27.27,12R/5/.16/4,,,,,,群馬,群馬,44,12:53,マクール杯 ヴィーナスシリーズ第９戦,予選,２日目
平和島,04,20260726,3R,3,4689,B1,豊田　　　結,0,0,0.16,5.15,31.91,53.19,5.93,41.38,62.07,52,40.00,40.00,10,32.26,41.94,10R/2/.20/4,,,,,,静岡,静岡,33,12:53,マクール杯 ヴィーナスシリーズ第９戦,予選,２日目
平和島,04,20260726,3R,4,5361,B1,植竹　　玲奈,0,0,0.23,2.53,2.94,11.76,1.96,1.96,3.92,54,27.27,36.36,49,13.64,27.27,6R/1/.29/3,,,,,,東京,神奈川,19,12:53,マクール杯 ヴィーナスシリーズ第９戦,予選,２日目
平和島,04,20260726,3R,5,5322,B1,根岸　　真優,0,0,0.19,2.99,10.87,22.83,2.13,0.00,12.50,43,50.00,61.54,65,40.91,54.55,4R/1/.29/5 9R/2/.13/3,,,,,,埼玉,埼玉,24,12:53,マクール杯 ヴィーナスシリーズ第９戦,予選,２日目
平和島,04,20260726,3R,6,4825,A1,倉持　　莉々,0,0,0.14,6.79,47.93,70.25,5.84,44.90,59.18,50,47.83,73.91,57,36.36,50.00,8R/4/.12/1 12R/1/.12/1,,,,,,東京,茨城,32,12:53,マクール杯 ヴィーナスシリーズ第９戦,予選,２日目
平和島,04,20260726,4R,1,5297,B1,南　　　彩寧,0,0,0.22,3.64,17.00,31.00,1.33,0.00,0.00,28,27.27,45.45,41,27.27,54.55,3R/5/.21/6 10R/4/.17/6,,,,,,兵庫,兵庫,24,13:23,マクール杯 ヴィーナスシリーズ第９戦,予選,２日目
平和島,04,20260726,4R,2,5231,B1,寺田　　空詩,0,0,0.17,6.48,46.84,69.62,4.80,30.00,40.00,55,32.00,48.00,18,29.41,41.18,9R/5/.16/4,,,,,,山口,山口,22,13:23,マクール杯 ヴィーナスシリーズ第９戦,予選,２日目
平和島,04,20260726,4R,3,4680,A2,後藤　　美翼,0,0,0.21,5.37,33.64,51.40,5.40,40.00,47.50,61,48.28,58.62,48,9.52,28.57,5R/2/.12/6 12R/6/.22/3,,,,,,東京,東京,36,13:23,マクール杯 ヴィーナスシリーズ第９戦,予選,２日目
平和島,04,20260726,4R,4,5174,B2,川井　　　萌,1,0,0.19,5.37,28.05,52.44,6.80,50.00,80.00,47,40.91,54.55,19,33.33,51.85,8R/5/.19/5,,,,,,静岡,静岡,24,13:23,マクール杯 ヴィーナスシリーズ第９戦,予選,２日目
平和島,04,20260726,4R,5,5324,B1,畑田　　希咲,0,0,0.21,2.36,1.69,6.78,0.00,0.00,0.00,68,41.38,72.41,44,47.83,60.87,2R/6/.22/5,,,,,,兵庫,兵庫,23,13:23,マクール杯 ヴィーナスシリーズ第９戦,予選,２日目
平和島,04,20260726,4R,6,4117,A2,廣中　智紗衣,0,0,0.22,5.96,46.09,64.84,5.94,38.78,59.18,58,48.00,56.00,43,37.50,58.33,7R/2/.15/1,,,,,,東京,愛知,45,13:23,マクール杯 ヴィーナスシリーズ第９戦,予選,２日目
平和島,04,20260726,5R,1,4569,B1,中澤　　宏奈,0,0,0.17,4.88,31.86,43.36,5.23,34.29,48.57,36,42.86,61.90,72,27.27,63.64,4R/3/.20/1 10R/6/.16/3,,,,,,東京,東京,38,13:54,マクール杯 ヴィーナスシリーズ第９戦,予選,２日目
平和島,04,20260726,5R,2,4765,B1,野田部　宏子,1,0,0.13,4.50,24.32,40.54,4.36,18.18,36.36,38,50.00,59.09,39,45.83,70.83,6R/4/.16/4,,,,,,福岡,福岡,36,13:54,マクール杯 ヴィーナスシリーズ第９戦,予選,２日目
平和島,04,20260726,5R,3,4845,A1,前田　　紗希,1,0,0.13,7.48,64.20,74.07,7.33,66.67,66.67,22,23.81,33.33,12,28.57,51.43,7R/6/.11/5 12R/2/.19/2,,,,,,埼玉,埼玉,33,13:54,マクール杯 ヴィーナスシリーズ第９戦,予選,２日目
平和島,04,20260726,5R,4,5251,B2,沼田　　七華,0,0,0.17,2.12,0.00,8.82,1.92,0.00,8.00,51,38.10,52.38,15,33.33,59.26,1R/3/.27/6 8R/2/.17/3,,,,,,福井,石川,23,13:54,マクール杯 ヴィーナスシリーズ第９戦,予選,２日目
平和島,04,20260726,5R,5,5326,B1,三嶌　さらら,0,0,0.19,5.19,32.31,46.15,1.29,0.00,0.00,73,39.13,56.52,51,42.31,57.69,5R/4/.16/4,,,,,,香川,香川,22,13:54,マクール杯 ヴィーナスシリーズ第９戦,予選,２日目
平和島,04,20260726,5R,6,4893,B1,渡邉　真奈美,0,0,0.16,4.97,29.35,42.39,5.34,34.29,48.57,31,30.43,43.48,46,31.82,40.91,2R/5/.17/6 9R/4/.13/5,,,,,,東京,千葉,35,13:54,マクール杯 ヴィーナスシリーズ第９戦,予選,２日目
平和島,04,20260726,6R,1,4746,B1,大豆生田　蒼,0,0,0.20,5.42,32.05,53.85,6.23,48.39,67.74,30,50.00,66.67,11,16.67,33.33,3R/3/.17/2,,,,,,埼玉,栃木,31,14:25,マクール杯 ヴィーナスシリーズ第９戦,予選,２日目
平和島,04,20260726,6R,2,4627,A2,藤原　　菜希,0,0,0.15,6.53,51.61,64.52,5.85,40.74,48.15,33,40.00,65.00,71,37.50,50.00,12R/4/.21/6,,,,,,東京,大阪,40,14:25,マクール杯 ヴィーナスシリーズ第９戦,予選,２日目
平和島,04,20260726,6R,3,5362,B2,中嶋　　世奈,1,0,0.22,2.53,4.94,13.58,1.64,0.00,0.00,27,51.85,62.96,47,18.18,31.82,1R/2/.27/4 7R/4/.16/4,,,,,,静岡,北海道,19,14:25,マクール杯 ヴィーナスシリーズ第９戦,予選,２日目
平和島,04,20260726,6R,4,4891,B1,寺島　　美里,0,0,0.16,5.00,26.92,42.31,4.17,20.69,31.03,67,22.73,45.45,63,39.13,39.13,6R/3/.18/5 11R/2/.04/1,,,,,,東京,福島,36,14:25,マクール杯 ヴィーナスシリーズ第９戦,予選,２日目
平和島,04,20260726,6R,5,5389,B1,恵良　　琴美,0,0,0.19,2.24,0.00,10.67,0.00,0.00,0.00,66,29.17,45.83,66,18.18,22.73,5R/6/.16/3,,,,,,福岡,福岡,19,14:25,マクール杯 ヴィーナスシリーズ第９戦,予選,２日目
平和島,04,20260726,6R,6,4208,A1,三浦　　永理,0,0,0.15,7.05,55.88,74.26,7.20,60.00,80.00,74,15.38,30.77,55,32.00,60.00,9R/3/.12/2,,,,,,静岡,静岡,43,14:25,マクール杯 ヴィーナスシリーズ第９戦,予選,２日目
平和島,04,20260726,7R,1,5241,B1,門田　　　栞,1,0,0.18,5.11,29.25,49.06,5.08,32.00,52.00,40,56.52,69.57,60,40.91,54.55,4R/4/.21/4 8R/6/.11/6,,,,,,香川,愛媛,26,14:57,マクール杯 ヴィーナスシリーズ第９戦,予選,２日目
平和島,04,20260726,7R,2,4123,A1,細川　　裕子,0,0,0.19,6.57,48.94,70.92,6.35,47.06,64.71,60,50.00,63.64,53,36.36,54.55,2R/1/.18/1 10R/5/.16/1,,,,,,愛知,愛知,44,14:57,マクール杯 ヴィーナスシリーズ第９戦,予選,２日目
平和島,04,20260726,7R,3,4225,A2,土屋　　千明,0,0,0.15,6.40,45.33,66.67,6.52,55.17,72.41,19,48.00,64.00,58,13.64,27.27,12R/5/.16/4,,,,,,群馬,群馬,44,14:57,マクール杯 ヴィーナスシリーズ第９戦,予選,２日目
平和島,04,20260726,7R,4,5380,B2,野田　　亜湖,0,0,0.28,1.24,0.00,0.00,1.17,0.00,0.00,35,23.81,38.10,17,40.00,60.00,7R/5/.14/6,,,,,,徳島,徳島,21,14:57,マクール杯 ヴィーナスシリーズ第９戦,予選,２日目
平和島,04,20260726,7R,5,5194,B1,大久保　佑香,1,0,0.18,4.22,25.61,35.37,3.44,11.11,22.22,71,22.73,36.36,50,18.18,36.36,5R/1/.11/1,,,,,,埼玉,埼玉,24,14:57,マクール杯 ヴィーナスシリーズ第９戦,予選,２日目
平和島,04,20260726,7R,6,4853,B1,前原　　　哉,0,0,0.22,4.69,22.50,43.75,4.75,25.00,37.50,37,33.33,54.17,74,39.13,69.57,1R/5/.22/3 9R/1/.10/1,,,,,,岡山,岡山,31,14:57,マクール杯 ヴィーナスシリーズ第９戦,予選,２日目
平和島,04,20260726,8R,1,4680,A2,後藤　　美翼,0,0,0.21,5.37,33.64,51.40,5.40,40.00,47.50,61,48.28,58.62,48,9.52,28.57,5R/2/.12/6 12R/6/.22/3,,,,,,東京,東京,36,15:30,マクール杯 ヴィーナスシリーズ第９戦,ベイブレイク,２日目
平和島,04,20260726,8R,2,5265,B1,大廣　　咲季,0,0,0.15,3.69,13.83,31.91,3.37,21.05,21.05,32,22.73,36.36,56,23.53,41.18,3R/4/.18/5 9R/6/.22/6,,,,,,香川,香川,26,15:30,マクール杯 ヴィーナスシリーズ第９戦,ベイブレイク,２日目
平和島,04,20260726,8R,3,5347,B2,井澤　　聖奈,0,0,0.21,1.58,0.00,3.03,1.46,0.00,0.00,48,33.33,50.00,67,43.48,65.22,6R/6/.34/6,,,,,,愛知,長野,22,15:30,マクール杯 ヴィーナスシリーズ第９戦,ベイブレイク,２日目
平和島,04,20260726,8R,4,4961,A1,西橋　　奈未,1,0,0.15,6.37,41.59,55.75,0.00,0.00,0.00,14,21.74,39.13,52,39.13,47.83,4R/6/.14/2 11R/3/.03/2,,,,,,福井,石川,30,15:30,マクール杯 ヴィーナスシリーズ第９戦,ベイブレイク,２日目
平和島,04,20260726,8R,5,4689,B1,豊田　　　結,0,0,0.16,5.15,31.91,53.19,5.93,41.38,62.07,52,40.00,40.00,10,32.26,41.94,10R/2/.20/4,,,,,,静岡,静岡,33,15:30,マクール杯 ヴィーナスシリーズ第９戦,ベイブレイク,２日目
平和島,04,20260726,8R,6,5203,B1,神里　　琴音,0,0,0.16,5.54,33.33,57.78,3.57,9.52,23.81,75,20.83,33.33,16,40.74,59.26,2R/3/.19/4 7R/1/.15/2,,,,,,福岡,沖縄,22,15:30,マクール杯 ヴィーナスシリーズ第９戦,ベイブレイク,２日目
平和島,04,20260726,9R,1,4765,B1,野田部　宏子,1,0,0.13,4.50,24.32,40.54,4.36,18.18,36.36,38,50.00,59.09,39,45.83,70.83,6R/4/.16/4,,,,,,福岡,福岡,36,16:04,マクール杯 ヴィーナスシリーズ第９戦,予選特賞,２日目
平和島,04,20260726,9R,2,4825,A1,倉持　　莉々,0,0,0.14,6.79,47.93,70.25,5.84,44.90,59.18,50,47.83,73.91,57,36.36,50.00,8R/4/.12/1 12R/1/.12/1,,,,,,東京,茨城,32,16:04,マクール杯 ヴィーナスシリーズ第９戦,予選特賞,２日目
平和島,04,20260726,9R,3,5324,B1,畑田　　希咲,0,0,0.21,2.36,1.69,6.78,0.00,0.00,0.00,68,41.38,72.41,44,47.83,60.87,2R/6/.22/5,,,,,,兵庫,兵庫,23,16:04,マクール杯 ヴィーナスシリーズ第９戦,予選特賞,２日目
平和島,04,20260726,9R,4,4190,B2,長嶋　　万記,0,0,0.16,6.85,46.81,68.09,5.22,27.78,55.56,12,61.29,77.42,70,40.91,68.18,5R/5/.12/2 11R/6/.17/3,,,,,,静岡,静岡,45,16:04,マクール杯 ヴィーナスシリーズ第９戦,予選特賞,２日目
平和島,04,20260726,9R,5,4244,B2,鈴木　　成美,0,0,0.16,4.03,28.57,34.29,4.88,34.62,46.15,25,26.09,65.22,38,60.87,60.87,3R/1/.11/1,,,,,,静岡,静岡,39,16:04,マクール杯 ヴィーナスシリーズ第９戦,予選特賞,２日目
平和島,04,20260726,9R,6,5436,B2,市川　　瑚幸,0,0,0.22,1.28,0.00,0.00,1.27,0.00,0.00,15,39.13,56.52,40,19.05,42.86,4R/5/.24/6,,,,,,東京,神奈川,21,16:04,マクール杯 ヴィーナスシリーズ第９戦,予選特賞,２日目
平和島,04,20260726,10R,1,5231,B1,寺田　　空詩,0,0,0.17,6.48,46.84,69.62,4.80,30.00,40.00,55,32.00,48.00,18,29.41,41.18,9R/5/.16/4,,,,,,山口,山口,22,16:39,マクール杯 ヴィーナスシリーズ第９戦,予選特賞,２日目
平和島,04,20260726,10R,2,5361,B1,植竹　　玲奈,0,0,0.23,2.53,2.94,11.76,1.96,1.96,3.92,54,27.27,36.36,49,13.64,27.27,6R/1/.29/3,,,,,,東京,神奈川,19,16:39,マクール杯 ヴィーナスシリーズ第９戦,予選特賞,２日目
平和島,04,20260726,10R,3,4714,B1,喜多須　杏奈,0,0,0.17,5.03,25.58,48.84,5.41,45.45,54.55,63,27.27,36.36,54,30.43,43.48,4R/2/.28/3,,,,,,徳島,徳島,35,16:39,マクール杯 ヴィーナスシリーズ第９戦,予選特賞,２日目
平和島,04,20260726,10R,4,4878,B1,西岡　　育未,0,0,0.17,4.61,23.00,42.00,5.32,36.84,52.63,17,40.00,50.00,14,35.71,57.14,1R/1/.31/1 11R/5/.11/6,,,,,,徳島,徳島,31,16:39,マクール杯 ヴィーナスシリーズ第９戦,予選特賞,２日目
平和島,04,20260726,10R,5,4845,A1,前田　　紗希,1,0,0.13,7.48,64.20,74.07,7.33,66.67,66.67,22,23.81,33.33,12,28.57,51.43,7R/6/.11/5 12R/2/.19/2,,,,,,埼玉,埼玉,33,16:39,マクール杯 ヴィーナスシリーズ第９戦,予選特賞,２日目
平和島,04,20260726,10R,6,4443,B1,津田　　裕絵,0,0,0.19,5.61,37.98,56.59,4.71,28.57,57.14,21,29.17,70.83,69,41.67,54.17,5R/3/.13/5 10R/1/.21/2,,,,,,山口,山口,39,16:39,マクール杯 ヴィーナスシリーズ第９戦,予選特賞,２日目
平和島,04,20260726,11R,1,5174,B2,川井　　　萌,1,0,0.19,5.37,28.05,52.44,6.80,50.00,80.00,47,40.91,54.55,19,33.33,51.85,8R/5/.19/5,,,,,,静岡,静岡,24,17:08,マクール杯 ヴィーナスシリーズ第９戦,予選特選,２日目
平和島,04,20260726,11R,2,4746,B1,大豆生田　蒼,0,0,0.20,5.42,32.05,53.85,6.23,48.39,67.74,30,50.00,66.67,11,16.67,33.33,3R/3/.17/2,,,,,,埼玉,栃木,31,17:08,マクール杯 ヴィーナスシリーズ第９戦,予選特選,２日目
平和島,04,20260726,11R,3,5326,B1,三嶌　さらら,0,0,0.19,5.19,32.31,46.15,1.29,0.00,0.00,73,39.13,56.52,51,42.31,57.69,5R/4/.16/4,,,,,,香川,香川,22,17:08,マクール杯 ヴィーナスシリーズ第９戦,予選特選,２日目
平和島,04,20260726,11R,4,4464,A1,山下　　友貴,0,0,0.19,6.12,41.07,66.07,5.50,40.00,45.00,65,28.00,56.00,59,27.27,31.82,6R/5/.28/2 12R/3/.22/5,,,,,,静岡,静岡,40,17:08,マクール杯 ヴィーナスシリーズ第９戦,予選特選,２日目
平和島,04,20260726,11R,5,5165,B1,小林　　愛実,0,0,0.16,3.76,16.85,29.21,5.25,25.00,60.00,11,44.83,58.62,75,31.82,40.91,7R/3/.13/3,,,,,,岡山,岡山,26,17:08,マクール杯 ヴィーナスシリーズ第９戦,予選特選,２日目
平和島,04,20260726,11R,6,4546,B1,浜田　亜理沙,0,0,0.17,7.03,54.95,74.73,6.42,46.15,57.69,18,31.82,59.09,68,30.43,52.17,2R/4/.20/2 11R/1/.22/5,,,,,,埼玉,広島,38,17:08,マクール杯 ヴィーナスシリーズ第９戦,予選特選,２日目
平和島,04,20260726,12R,1,4961,A1,西橋　　奈未,1,0,0.15,6.37,41.59,55.75,0.00,0.00,0.00,14,21.74,39.13,52,39.13,47.83,4R/6/.14/2 11R/3/.03/2,,,,,,福井,石川,30,17:42,マクール杯 ヴィーナスシリーズ第９戦,レディースＤＲ,２日目
平和島,04,20260726,12R,2,4208,A1,三浦　　永理,0,0,0.15,7.05,55.88,74.26,7.20,60.00,80.00,74,15.38,30.77,55,32.00,60.00,9R/3/.12/2,,,,,,静岡,静岡,43,17:42,マクール杯 ヴィーナスシリーズ第９戦,レディースＤＲ,２日目
平和島,04,20260726,12R,3,4123,A1,細川　　裕子,0,0,0.19,6.57,48.94,70.92,6.35,47.06,64.71,60,50.00,63.64,53,36.36,54.55,2R/1/.18/1 10R/5/.16/1,,,,,,愛知,愛知,44,17:42,マクール杯 ヴィーナスシリーズ第９戦,レディースＤＲ,２日目
平和島,04,20260726,12R,4,4117,A2,廣中　智紗衣,0,0,0.22,5.96,46.09,64.84,5.94,38.78,59.18,58,48.00,56.00,43,37.50,58.33,7R/2/.15/1,,,,,,東京,愛知,45,17:42,マクール杯 ヴィーナスシリーズ第９戦,レディースＤＲ,２日目
平和島,04,20260726,12R,5,4286,A2,平田　さやか,0,0,0.15,6.02,42.65,61.76,5.50,33.33,53.33,29,54.17,54.17,61,30.43,52.17,3R/2/.10/3 8R/1/.12/2,,,,,,東京,東京,42,17:42,マクール杯 ヴィーナスシリーズ第９戦,レディースＤＲ,２日目
平和島,04,20260726,12R,6,4419,A2,原　　加央理,0,0,0.16,5.77,38.04,59.78,6.90,60.00,80.00,23,39.13,78.26,45,40.91,40.91,1R/4/.21/2 6R/2/.23/1,,,,,,埼玉,埼玉,38,17:42,マクール杯 ヴィーナスシリーズ第９戦,レディースＤＲ,２日目
浜名湖,06,20260726,1R,1,3939,B2,渡辺　　真至,0,0,0.14,5.36,36.36,52.27,5.64,36.00,64.00,61,40.00,61.43,11,27.10,42.58,3R/4/.24/2 8R/6/.09/4,6R/3/.13/3,,,,,愛知,愛知,48,11:32,日本モーターボート選手会代表杯,予選,３日目
浜名湖,06,20260726,1R,2,3277,B1,齋藤　　　勇,0,0,0.18,4.44,21.88,36.46,3.75,8.33,22.92,44,33.87,48.39,56,35.52,50.27,3R/1/.24/5 11R/5/.16/4,5R/3/.35/4,,,,,東京,東京,59,11:32,日本モーターボート選手会代表杯,予選,３日目
浜名湖,06,20260726,1R,3,4874,B1,池田　奈津美,0,0,0.15,5.14,27.84,54.64,5.14,28.57,57.14,21,25.45,43.64,46,34.07,48.90,2R/2/.16/6 7R/2/.26/6,7R/3/.29/5,,,,,福岡,福岡,32,11:32,日本モーターボート選手会代表杯,予選,３日目
浜名湖,06,20260726,1R,4,5131,B1,江藤　　敦宏,0,0,0.18,4.35,20.24,34.52,3.25,18.75,25.00,41,23.73,38.98,22,35.91,52.49,1R/5/.23/6 7R/3/.14/3,4R/6/.11/5,,,,,福岡,福岡,27,11:32,日本モーターボート選手会代表杯,予選,３日目
浜名湖,06,20260726,1R,5,3965,A1,北中　　元樹,0,0,0.17,6.04,45.16,60.48,7.27,63.64,81.82,33,21.54,33.85,74,29.28,44.75,11R/2/.28/5,4R/1/.07/3 12R/4/.21/6,,,,,滋賀,滋賀,47,11:32,日本モーターボート選手会代表杯,予選,３日目
浜名湖,06,20260726,1R,6,3543,B1,福田　　雅一,0,0,0.16,4.75,30.36,44.64,5.03,27.03,48.65,59,25.86,43.10,45,40.33,51.93,1R/4/.26/2 9R/3/.21/4,10R/1/.13/1,,,,,香川,香川,57,11:32,日本モーターボート選手会代表杯,予選,３日目
浜名湖,06,20260726,2R,1,4690,B2,高石　　梨菜,0,0,,5.19,32.26,51.61,5.71,42.86,47.62,45,39.39,56.06,16,27.84,43.18,2R/6/.21/5 10R/2/.18/5,4R/3/.03/2,,,,,東京,東京,32,12:06,日本モーターボート選手会代表杯,予選,３日目
浜名湖,06,20260726,2R,2,4240,A2,今井　　裕梨,0,0,0.15,5.48,35.80,56.79,5.25,31.25,43.75,25,19.64,33.93,52,25.15,44.44,2R/4/.12/2 11R/6/.12/6,8R/1/.21/1,,,,,群馬,群馬,42,12:06,日本モーターボート選手会代表杯,予選,３日目
浜名湖,06,20260726,2R,3,3641,A1,一瀬　　　明,0,0,0.17,6.28,43.33,63.33,5.68,41.94,54.84,30,21.67,41.67,13,30.29,48.00,5R/4/.28/5 12R/2/.16/2,11R/1/.13/1,,,,,東京,神奈川,55,12:06,日本モーターボート選手会代表杯,予選,３日目
浜名湖,06,20260726,2R,4,5434,B1,藤田　　康生,0,0,0.16,3.21,10.29,23.53,2.26,0.00,11.11,64,22.41,44.83,27,30.94,48.62,7R/5/.12/4,1R/5/.07/2 6R/5/.11/5,,,,,静岡,静岡,21,12:06,日本モーターボート選手会代表杯,予選,３日目
浜名湖,06,20260726,2R,5,4888,B1,金児　　隆太,0,0,0.19,5.05,32.94,43.53,5.40,35.71,52.38,17,45.45,57.58,75,23.46,44.44,9R/1/.16/1,5R/2/.33/3 12R/3/.16/2,,,,,群馬,長野,38,12:06,日本モーターボート選手会代表杯,予選,３日目
浜名湖,06,20260726,2R,6,3284,B1,渡邊　伸太郎,1,0,0.18,5.16,29.55,45.45,6.50,50.00,65.00,56,32.39,56.34,68,37.70,56.28,6R/1/.21/1,3R/3/.26/3 12R/5/.24/4,,,,,佐賀,佐賀,58,12:06,日本モーターボート選手会代表杯,予選,３日目
浜名湖,06,20260726,3R,1,5104,A2,山田　　　丈,0,0,0.16,5.56,36.11,48.61,4.80,30.00,50.00,40,33.80,43.66,37,33.15,50.56,5R/2/.17/1 9R/4/.18/3,7R/5/.23/3 12R/6/.21/5,,,,,福岡,福岡,27,12:40,日本モーターボート選手会代表杯,予選,３日目
浜名湖,06,20260726,3R,2,3811,A1,石田　　章央,0,0,0.16,6.37,50.00,63.43,6.18,45.04,64.12,16,30.43,46.38,57,35.59,48.59,4R/1/.18/1 12R/4/.05/5,6R/6/.12/4 11R/3/.18/2,,,,,静岡,静岡,50,12:40,日本モーターボート選手会代表杯,予選,３日目
浜名湖,06,20260726,3R,3,3503,B1,堂原　　洋史,0,0,0.16,3.69,13.68,25.26,4.44,18.75,31.25,31,30.30,43.94,50,34.81,54.14,1R/2/.26/4 5R/5/.22/4,5R/1/.31/5,,,,,埼玉,千葉,56,12:40,日本モーターボート選手会代表杯,予選,３日目
浜名湖,06,20260726,3R,4,5382,B1,山下　　心一,0,0,0.17,2.13,2.50,8.75,0.00,0.00,0.00,48,42.86,57.14,30,39.44,54.44,8R/3/.13/5,4R/4/.06/6 9R/5/.28/6,,,,,福岡,福岡,21,12:40,日本モーターボート選手会代表杯,予選,３日目
浜名湖,06,20260726,3R,5,5427,B1,港　　　理樹,0,0,0.22,2.78,1.12,14.61,2.11,0.00,0.00,43,16.98,33.96,51,30.77,44.51,4R/4/.38/6 9R/5/.17/2,3R/6/.22/6,,,,,東京,東京,24,12:40,日本モーターボート選手会代表杯,予選,３日目
浜名湖,06,20260726,3R,6,3684,A2,清水　　攻二,0,0,0.18,5.54,37.74,58.49,5.66,39.47,55.26,63,50.00,66.67,28,29.12,47.25,10R/3/.14/2,3R/1/.16/4 10R/4/.08/3,,,,,山口,山口,52,12:40,日本モーターボート選手会代表杯,予選,３日目
浜名湖,06,20260726,4R,1,4000,A2,松本　　博昭,0,0,0.17,6.07,43.36,59.44,5.11,22.22,55.56,62,48.44,56.25,59,30.60,45.90,7R/4/.09/2,5R/4/.22/1 11R/6/.22/6,,,,,広島,広島,49,13:09,日本モーターボート選手会代表杯,ランチタイム戦,３日目
浜名湖,06,20260726,4R,2,5076,B1,石原　　　光,0,0,0.17,5.11,33.33,50.00,5.00,32.43,51.35,9,27.69,35.38,41,31.61,53.45,4R/3/.14/5,1R/1/.26/6 8R/4/.29/3,,,,,静岡,静岡,30,13:09,日本モーターボート選手会代表杯,ランチタイム戦,３日目
浜名湖,06,20260726,4R,3,4414,B1,大澤　　真菜,0,0,0.19,4.15,27.16,35.80,0.00,0.00,0.00,8,29.85,43.28,26,29.24,45.03,6R/2/.17/6,4R/5/.11/4 8R/2/.21/5,,,,,東京,埼玉,39,13:09,日本モーターボート選手会代表杯,ランチタイム戦,３日目
浜名湖,06,20260726,4R,4,5332,B1,村松　　遥輝,1,0,0.16,3.90,21.25,33.75,3.94,21.35,30.34,11,47.14,61.43,43,30.46,47.70,1R/1/.28/1 8R/5/.04/1,4R/2/.08/1 10R/6/.10/4,,,,,静岡,静岡,22,13:09,日本モーターボート選手会代表杯,ランチタイム戦,３日目
浜名湖,06,20260726,4R,5,3391,B2,鈴木　　茂正,0,0,,0.00,0.00,0.00,0.00,0.00,0.00,39,20.00,30.00,48,38.67,53.04,1R/6/.25/5,3R/2/.25/5 9R/4/.23/5,,,,,東京,東京,61,13:09,日本モーターボート選手会代表杯,ランチタイム戦,３日目
浜名湖,06,20260726,4R,6,4778,B1,堤　　　啓輔,1,0,0.16,5.18,32.93,51.22,4.22,22.22,44.44,51,32.88,54.79,17,39.01,57.69,5R/3/.17/3 10R/6/.12/4,7R/4/.31/6,,,,,佐賀,佐賀,40,13:09,日本モーターボート選手会代表杯,ランチタイム戦,３日目
浜名湖,06,20260726,5R,1,5131,B1,江藤　　敦宏,0,0,0.18,4.35,20.24,34.52,3.25,18.75,25.00,41,23.73,38.98,22,35.91,52.49,1R/5/.23/6 7R/3/.14/3,4R/6/.11/5,,,,,福岡,福岡,27,13:38,日本モーターボート選手会代表杯,予選,３日目
浜名湖,06,20260726,5R,2,3606,B1,川北　　浩貴,0,0,0.16,5.71,42.59,56.48,5.10,35.48,54.84,26,48.05,61.04,34,34.97,53.55,4R/5/.19/3 10R/1/.12/1,7R/6/.21/4,,,,,滋賀,滋賀,54,13:38,日本モーターボート選手会代表杯,予選,３日目
浜名湖,06,20260726,5R,3,4734,A1,安河内　　将,0,0,0.14,6.80,52.76,71.65,6.78,38.89,66.67,54,26.56,50.00,14,34.27,52.25,3R/2/.21/1 12R/5/.09/4,8R/3/.31/2 12R/1/.16/1,,,,,佐賀,佐賀,36,13:38,日本モーターボート選手会代表杯,予選,３日目
浜名湖,06,20260726,5R,4,4901,B1,出口　舞有子,0,0,0.17,5.51,30.43,57.97,0.00,0.00,0.00,12,17.86,48.21,38,27.53,44.38,2R/5/.19/1,7R/1/.22/1 11R/2/.12/5,,,,,愛知,愛知,33,13:38,日本モーターボート選手会代表杯,予選,３日目
浜名湖,06,20260726,5R,5,3784,B1,中島　　友和,0,0,0.16,4.86,27.66,50.00,5.07,26.67,56.67,19,36.23,49.28,25,36.46,53.59,5R/1/.20/2 11R/3/.16/1,3R/4/.09/1 8R/5/.35/4,,,,,佐賀,佐賀,49,13:38,日本モーターボート選手会代表杯,予選,３日目
浜名湖,06,20260726,5R,6,4230,A2,濱崎　　直矢,0,0,0.16,7.02,56.82,71.59,6.36,45.45,63.64,35,16.00,28.00,54,27.84,44.89,8R/1/.14/2,6R/2/.13/1 10R/5/.11/6,,,,,埼玉,埼玉,43,13:38,日本モーターボート選手会代表杯,予選,３日目
浜名湖,06,20260726,6R,1,5341,B1,山道　　諄也,1,0,0.18,2.91,12.00,16.00,2.13,4.35,8.70,52,36.62,56.34,65,36.87,55.87,1R/3/.28/3 6R/4/.23/4,2R/6/.11/5 8R/6/.38/6,,,,,群馬,群馬,24,14:04,日本モーターボート選手会代表杯,予選,３日目
浜名湖,06,20260726,6R,2,3556,A1,田中　信一郎,0,0,0.14,6.99,52.50,70.83,6.42,47.37,57.89,27,10.42,31.25,36,22.88,43.79,8R/4/.05/6 12R/1/.09/1,5R/5/.23/2,,,,,大阪,大阪,53,14:04,日本モーターボート選手会代表杯,予選,３日目
浜名湖,06,20260726,6R,3,4042,A2,丸岡　　正典,1,0,0.17,6.63,45.60,66.40,6.22,40.74,55.56,32,36.11,50.00,49,26.44,45.40,6R/5/.15/2 11R/1/.28/3,9R/6/.20/2,,,,,大阪,大阪,46,14:04,日本モーターボート選手会代表杯,予選,３日目
浜名湖,06,20260726,6R,4,3277,B1,齋藤　　　勇,0,0,0.18,4.44,21.88,36.46,3.75,8.33,22.92,44,33.87,48.39,56,35.52,50.27,3R/1/.24/5 11R/5/.16/4,5R/3/.35/4,,,,,東京,東京,59,14:04,日本モーターボート選手会代表杯,予選,３日目
浜名湖,06,20260726,6R,5,4690,B2,高石　　梨菜,0,0,,5.19,32.26,51.61,5.71,42.86,47.62,45,39.39,56.06,16,27.84,43.18,2R/6/.21/5 10R/2/.18/5,4R/3/.03/2,,,,,東京,東京,32,14:04,日本モーターボート選手会代表杯,予選,３日目
浜名湖,06,20260726,6R,6,4347,A2,魚谷　　香織,0,0,0.18,6.05,40.95,60.95,6.00,25.00,43.75,6,26.32,43.86,72,32.39,50.57,2R/1/.14/3,6R/4/.14/2 12R/2/.18/3,,,,,福岡,山口,41,14:04,日本モーターボート選手会代表杯,予選,３日目
浜名湖,06,20260726,7R,1,5153,B1,佐藤　ほのか,1,0,0.16,3.97,19.32,34.09,4.67,33.33,33.33,36,27.87,36.07,55,26.92,41.76,2R/3/.21/4 9R/6/.16/5,1R/4/.20/4 9R/2/.26/3,,,,,東京,東京,30,14:31,日本モーターボート選手会代表杯,予選,３日目
浜名湖,06,20260726,7R,2,3747,A2,國崎　　良春,0,0,0.16,5.43,37.23,56.38,4.35,23.53,47.06,13,35.71,60.00,40,26.29,43.43,3R/3/.21/4 10R/5/.19/3,9R/1/.26/1,,,,,福岡,福岡,51,14:31,日本モーターボート選手会代表杯,予選,３日目
浜名湖,06,20260726,7R,3,3965,A1,北中　　元樹,0,0,0.17,6.04,45.16,60.48,7.27,63.64,81.82,33,21.54,33.85,74,29.28,44.75,11R/2/.28/5,4R/1/.07/3 12R/4/.21/6,,,,,滋賀,滋賀,47,14:31,日本モーターボート選手会代表杯,予選,３日目
浜名湖,06,20260726,7R,4,3503,B1,堂原　　洋史,0,0,0.16,3.69,13.68,25.26,4.44,18.75,31.25,31,30.30,43.94,50,34.81,54.14,1R/2/.26/4 5R/5/.22/4,5R/1/.31/5,,,,,埼玉,千葉,56,14:31,日本モーターボート選手会代表杯,予選,３日目
浜名湖,06,20260726,7R,5,3441,B1,土屋　　太朗,0,0,0.18,4.61,22.64,41.51,4.88,25.00,53.13,15,28.57,49.21,64,31.67,48.33,3R/5/.31/3 7R/1/.32/5,1R/2/.14/1 10R/3/.12/5,,,,,群馬,群馬,56,14:31,日本モーターボート選手会代表杯,予選,３日目
浜名湖,06,20260726,7R,6,3641,A1,一瀬　　　明,0,0,0.17,6.28,43.33,63.33,5.68,41.94,54.84,30,21.67,41.67,13,30.29,48.00,5R/4/.28/5 12R/2/.16/2,11R/1/.13/1,,,,,東京,神奈川,55,14:31,日本モーターボート選手会代表杯,予選,３日目
浜名湖,06,20260726,8R,1,4389,A2,伊藤　　喜智,0,0,0.18,5.77,33.33,64.58,7.22,55.56,77.78,60,16.28,32.56,18,39.08,58.05,3R/6/.32/6 9R/2/.18/6,2R/4/.09/4 9R/3/.22/4,,,,,大阪,大阪,40,15:02,日本モーターボート選手会代表杯,ブレイクタイム,３日目
浜名湖,06,20260726,8R,2,4874,B1,池田　奈津美,0,0,0.15,5.14,27.84,54.64,5.14,28.57,57.14,21,25.45,43.64,46,34.07,48.90,2R/2/.16/6 7R/2/.26/6,7R/3/.29/5,,,,,福岡,福岡,32,15:02,日本モーターボート選手会代表杯,ブレイクタイム,３日目
浜名湖,06,20260726,8R,3,3391,B2,鈴木　　茂正,0,0,,0.00,0.00,0.00,0.00,0.00,0.00,39,20.00,30.00,48,38.67,53.04,1R/6/.25/5,3R/2/.25/5 9R/4/.23/5,,,,,東京,東京,61,15:02,日本モーターボート選手会代表杯,ブレイクタイム,３日目
浜名湖,06,20260726,8R,4,4772,A1,石丸　　海渡,0,0,0.11,6.88,53.98,70.80,5.47,26.32,47.37,49,31.82,50.00,23,31.11,47.78,7R/6/.08/1 12R/3/.08/3,2R/5/.05/1 10R/2/.10/2,,,,,香川,愛媛,33,15:02,日本モーターボート選手会代表杯,ブレイクタイム,３日目
浜名湖,06,20260726,8R,5,5455,B2,澁澤　　周羽,0,0,,1.42,0.00,2.78,1.17,0.00,0.00,50,24.56,42.11,63,35.56,56.11,5R/6/.20/6,1R/6/.09/5 5R/6/.19/6,,,,,群馬,群馬,20,15:02,日本モーターボート選手会代表杯,ブレイクタイム,３日目
浜名湖,06,20260726,8R,6,4888,B1,金児　　隆太,0,0,0.19,5.05,32.94,43.53,5.40,35.71,52.38,17,45.45,57.58,75,23.46,44.44,9R/1/.16/1,5R/2/.33/3 12R/3/.16/2,,,,,群馬,長野,38,15:02,日本モーターボート選手会代表杯,ブレイクタイム,３日目
浜名湖,06,20260726,9R,1,4560,A2,庄司　樹良々,1,0,0.15,5.78,34.02,59.79,6.44,55.56,55.56,58,28.36,46.27,20,27.44,39.63,6R/6/.23/3 10R/4/.12/6,2R/2/.01/3 11R/5/.23/4,,,,,東京,東京,35,15:42,日本モーターボート選手会代表杯,予選特賞,３日目
浜名湖,06,20260726,9R,2,3284,B1,渡邊　伸太郎,1,0,0.18,5.16,29.55,45.45,6.50,50.00,65.00,56,32.39,56.34,68,37.70,56.28,6R/1/.21/1,3R/3/.26/3 12R/5/.24/4,,,,,佐賀,佐賀,58,15:42,日本モーターボート選手会代表杯,予選特賞,３日目
浜名湖,06,20260726,9R,3,4230,A2,濱崎　　直矢,0,0,0.16,7.02,56.82,71.59,6.36,45.45,63.64,35,16.00,28.00,54,27.84,44.89,8R/1/.14/2,6R/2/.13/1 10R/5/.11/6,,,,,埼玉,埼玉,43,15:42,日本モーターボート選手会代表杯,予選特賞,３日目
浜名湖,06,20260726,9R,4,5427,B1,港　　　理樹,0,0,0.22,2.78,1.12,14.61,2.11,0.00,0.00,43,16.98,33.96,51,30.77,44.51,4R/4/.38/6 9R/5/.17/2,3R/6/.22/6,,,,,東京,東京,24,15:42,日本モーターボート選手会代表杯,予選特賞,３日目
浜名湖,06,20260726,9R,5,4000,A2,松本　　博昭,0,0,0.17,6.07,43.36,59.44,5.11,22.22,55.56,62,48.44,56.25,59,30.60,45.90,7R/4/.09/2,5R/4/.22/1 11R/6/.22/6,,,,,広島,広島,49,15:42,日本モーターボート選手会代表杯,予選特賞,３日目
浜名湖,06,20260726,9R,6,3687,B1,花田　　和明,0,0,0.16,5.02,29.35,48.91,0.00,0.00,0.00,2,36.21,55.17,39,26.32,46.78,4R/2/.24/2 11R/4/.17/2,2R/3/.08/2 6R/1/.12/6,,,,,愛知,愛知,56,15:42,日本モーターボート選手会代表杯,予選特賞,３日目
浜名湖,06,20260726,10R,1,3878,B1,胡本　　悟志,0,0,0.17,4.48,21.95,35.37,2.80,0.00,20.00,38,41.43,57.14,21,45.00,58.33,4R/6/.33/4 8R/2/.03/3,1R/3/.09/3 11R/4/.15/3,,,,,山口,山口,49,16:09,日本モーターボート選手会代表杯,予選特賞,３日目
浜名湖,06,20260726,10R,2,4042,A2,丸岡　　正典,1,0,0.17,6.63,45.60,66.40,6.22,40.74,55.56,32,36.11,50.00,49,26.44,45.40,6R/5/.15/2 11R/1/.28/3,9R/6/.20/2,,,,,大阪,大阪,46,16:09,日本モーターボート選手会代表杯,予選特賞,３日目
浜名湖,06,20260726,10R,3,5104,A2,山田　　　丈,0,0,0.16,5.56,36.11,48.61,4.80,30.00,50.00,40,33.80,43.66,37,33.15,50.56,5R/2/.17/1 9R/4/.18/3,7R/5/.23/3 12R/6/.21/5,,,,,福岡,福岡,27,16:09,日本モーターボート選手会代表杯,予選特賞,３日目
浜名湖,06,20260726,10R,4,4414,B1,大澤　　真菜,0,0,0.19,4.15,27.16,35.80,0.00,0.00,0.00,8,29.85,43.28,26,29.24,45.03,6R/2/.17/6,4R/5/.11/4 8R/2/.21/5,,,,,東京,埼玉,39,16:09,日本モーターボート選手会代表杯,予選特賞,３日目
浜名湖,06,20260726,10R,5,5434,B1,藤田　　康生,0,0,0.16,3.21,10.29,23.53,2.26,0.00,11.11,64,22.41,44.83,27,30.94,48.62,7R/5/.12/4,1R/5/.07/2 6R/5/.11/5,,,,,静岡,静岡,21,16:09,日本モーターボート選手会代表杯,予選特賞,３日目
浜名湖,06,20260726,10R,6,4734,A1,安河内　　将,0,0,0.14,6.80,52.76,71.65,6.78,38.89,66.67,54,26.56,50.00,14,34.27,52.25,3R/2/.21/1 12R/5/.09/4,8R/3/.31/2 12R/1/.16/1,,,,,佐賀,佐賀,36,16:09,日本モーターボート選手会代表杯,予選特賞,３日目
浜名湖,06,20260726,11R,1,4826,A1,井上　　一輝,0,0,0.13,7.13,50.89,71.43,0.00,0.00,0.00,65,12.50,35.71,31,29.55,51.14,6R/3/.17/5 12R/6/.15/6,3R/5/.16/2 7R/2/.25/2,,,,,大阪,大阪,32,16:36,日本モーターボート選手会代表杯,予選特選,３日目
浜名湖,06,20260726,11R,2,3684,A2,清水　　攻二,0,0,0.18,5.54,37.74,58.49,5.66,39.47,55.26,63,50.00,66.67,28,29.12,47.25,10R/3/.14/2,3R/1/.16/4 10R/4/.08/3,,,,,山口,山口,52,16:36,日本モーターボート選手会代表杯,予選特選,３日目
浜名湖,06,20260726,11R,3,4347,A2,魚谷　　香織,0,0,0.18,6.05,40.95,60.95,6.00,25.00,43.75,6,26.32,43.86,72,32.39,50.57,2R/1/.14/3,6R/4/.14/2 12R/2/.18/3,,,,,福岡,山口,41,16:36,日本モーターボート選手会代表杯,予選特選,３日目
浜名湖,06,20260726,11R,4,5076,B1,石原　　　光,0,0,0.17,5.11,33.33,50.00,5.00,32.43,51.35,9,27.69,35.38,41,31.61,53.45,4R/3/.14/5,1R/1/.26/6 8R/4/.29/3,,,,,静岡,静岡,30,16:36,日本モーターボート選手会代表杯,予選特選,３日目
浜名湖,06,20260726,11R,5,3939,B2,渡辺　　真至,0,0,0.14,5.36,36.36,52.27,5.64,36.00,64.00,61,40.00,61.43,11,27.10,42.58,3R/4/.24/2 8R/6/.09/4,6R/3/.13/3,,,,,愛知,愛知,48,16:36,日本モーターボート選手会代表杯,予選特選,３日目
浜名湖,06,20260726,11R,6,4901,B1,出口　舞有子,0,0,0.17,5.51,30.43,57.97,0.00,0.00,0.00,12,17.86,48.21,38,27.53,44.38,2R/5/.19/1,7R/1/.22/1 11R/2/.12/5,,,,,愛知,愛知,33,16:36,日本モーターボート選手会代表杯,予選特選,３日目
浜名湖,06,20260726,12R,1,4772,A1,石丸　　海渡,0,0,0.11,6.88,53.98,70.80,5.47,26.32,47.37,49,31.82,50.00,23,31.11,47.78,7R/6/.08/1 12R/3/.08/3,2R/5/.05/1 10R/2/.10/2,,,,,香川,愛媛,33,17:06,日本モーターボート選手会代表杯,予選特選,３日目
浜名湖,06,20260726,12R,2,3543,B1,福田　　雅一,0,0,0.16,4.75,30.36,44.64,5.03,27.03,48.65,59,25.86,43.10,45,40.33,51.93,1R/4/.26/2 9R/3/.21/4,10R/1/.13/1,,,,,香川,香川,57,17:06,日本モーターボート選手会代表杯,予選特選,３日目
浜名湖,06,20260726,12R,3,3556,A1,田中　信一郎,0,0,0.14,6.99,52.50,70.83,6.42,47.37,57.89,27,10.42,31.25,36,22.88,43.79,8R/4/.05/6 12R/1/.09/1,5R/5/.23/2,,,,,大阪,大阪,53,17:06,日本モーターボート選手会代表杯,予選特選,３日目
浜名湖,06,20260726,12R,4,3606,B1,川北　　浩貴,0,0,0.16,5.71,42.59,56.48,5.10,35.48,54.84,26,48.05,61.04,34,34.97,53.55,4R/5/.19/3 10R/1/.12/1,7R/6/.21/4,,,,,滋賀,滋賀,54,17:06,日本モーターボート選手会代表杯,予選特選,３日目
浜名湖,06,20260726,12R,5,4240,A2,今井　　裕梨,0,0,0.15,5.48,35.80,56.79,5.25,31.25,43.75,25,19.64,33.93,52,25.15,44.44,2R/4/.12/2 11R/6/.12/6,8R/1/.21/1,,,,,群馬,群馬,42,17:06,日本モーターボート選手会代表杯,予選特選,３日目
浜名湖,06,20260726,12R,6,3747,A2,國崎　　良春,0,0,0.16,5.43,37.23,56.38,4.35,23.53,47.06,13,35.71,60.00,40,26.29,43.43,3R/3/.21/4 10R/5/.19/3,9R/1/.26/1,,,,,福岡,福岡,51,17:06,日本モーターボート選手会代表杯,予選特選,３日目
常滑,08,20260726,1R,1,3713,A1,伊藤　　誠二,1,0,0.15,5.73,44.79,57.29,5.68,39.02,57.32,45,30.26,47.69,44,55.56,72.22,1R/1/.19/1,4R/6/.29/5 11R/2/.08/2,8R/5/.33/4 12R/3/.13/3,6R/6/.25/6,,,愛知,愛知,51,10:42,てるみちゃんカップ,朝トコ小判Ｒ,最終日
常滑,08,20260726,1R,2,4358,B1,松本　　庸平,0,0,0.22,4.09,29.27,35.37,4.00,29.03,35.48,29,35.79,58.42,33,20.00,40.00,1R/3/.27/6 9R/3/.33/6,9R/1/.13/3,6R/4/.21/6,2R/5/.24/4 7R/4/.27/4,,,三重,三重,41,10:42,てるみちゃんカップ,朝トコ小判Ｒ,最終日
常滑,08,20260726,1R,3,3790,B1,佐口　　達也,0,0,0.20,4.76,26.42,43.40,4.47,21.05,44.74,5,36.08,55.67,63,38.10,57.14,6R/2/.15/3,3R/1/.27/4 11R/4/.19/5,1R/4/.17/5 7R/6/.25/3,5R/3/.17/6,,,群馬,群馬,54,10:42,てるみちゃんカップ,朝トコ小判Ｒ,最終日
常滑,08,20260726,1R,4,4918,B1,川島　　拓郎,1,0,0.16,4.73,27.27,45.45,5.17,26.67,60.00,17,30.94,47.51,68,14.29,14.29,6R/5/.18/5 11R/3/.13/5,2R/1/.23/1 7R/4/.29/5,7R/5/.30/5,1R/2/.08/2,,,静岡,静岡,37,10:42,てるみちゃんカップ,朝トコ小判Ｒ,最終日
常滑,08,20260726,1R,5,4234,B1,野相　　弘司,0,0,0.17,4.92,30.67,45.33,5.75,37.50,58.33,26,34.90,52.60,59,26.32,42.11,5R/6/.28/5,1R/2/.27/4 9R/6/.10/5,2R/1/.01/1 8R/3/.18/5,4R/4/.32/5,,,福岡,福岡,42,10:42,てるみちゃんカップ,朝トコ小判Ｒ,最終日
常滑,08,20260726,1R,6,5419,B1,櫻井　　　隼,0,0,0.24,2.06,0.00,6.06,2.69,0.00,18.75,6,34.66,48.86,24,36.84,42.11,4R/6/.25/6,1R/5/.21/6 5R/4/.22/6,8R/6/.30/6,1R/6/.03/3 6R/4/.17/5,,,埼玉,埼玉,20,10:42,てるみちゃんカップ,朝トコ小判Ｒ,最終日
常滑,08,20260726,2R,1,4940,B2,白石　　有美,0,0,0.18,3.66,13.79,34.48,2.71,0.00,0.00,18,28.40,43.21,16,26.32,42.11,3R/2/.11/2 9R/4/.23/2,5R/3/.42/3,6R/6/.15/4 10R/4/.28/6,4R/3/.30/6 9R/6/.10/3,,,東京,東京,28,11:08,てるみちゃんカップ,一般,最終日
常滑,08,20260726,2R,2,4065,B1,金田　　幸子,0,0,0.17,5.44,40.48,57.14,5.96,50.00,57.69,53,39.89,51.91,52,33.33,58.33,3R/6/.25/6 10R/2/.19/6,2R/4/.30/2 9R/5/.11/2,5R/1/.26/5,9R/4/.18/5,,,岡山,岡山,46,11:08,てるみちゃんカップ,一般,最終日
常滑,08,20260726,2R,3,5327,B2,西田　　和加,1,0,0.19,1.70,0.00,1.59,1.19,0.00,0.00,19,35.03,56.35,78,61.90,71.43,3R/5/.44/5 7R/6/.31/5,6R/2/.35/6,9R/4/.18/2,5R/5/.18/4 9R/1/.16/4,,,埼玉,埼玉,22,11:08,てるみちゃんカップ,一般,最終日
常滑,08,20260726,2R,4,5360,B1,高木　　茉白,1,0,0.17,3.22,8.47,23.73,0.00,0.00,0.00,60,33.67,53.06,27,33.33,50.00,1R/4/.27/4 6R/4/.24/4,5R/2/.10/5,3R/4/.38/4,2R/6/.26/6 9R/3/.34/2,,,埼玉,埼玉,19,11:08,てるみちゃんカップ,一般,最終日
常滑,08,20260726,2R,5,4730,B1,土屋　実沙希,0,0,0.17,5.42,34.12,50.59,6.20,40.00,70.00,35,45.69,65.48,61,20.00,40.00,3R/1/.09/3 11R/5/.26/6,6R/6/.19/4 10R/4/.12/4,5R/2/.21/3,9R/2/.12/1,,,静岡,静岡,37,11:08,てるみちゃんカップ,一般,最終日
常滑,08,20260726,2R,6,4317,B1,木村　紗友希,0,0,0.18,4.35,27.55,34.69,3.83,16.67,29.17,55,26.59,45.66,14,45.00,75.00,3R/4/.18/4 8R/4/.09/6,8R/2/.27/3,5R/3/.15/2 10R/1/.11/1,3R/2/.31/2 12R/5/.05/3,,,静岡,静岡,42,11:08,てるみちゃんカップ,一般,最終日
常滑,08,20260726,3R,1,5210,A2,藤井　　公人,0,0,0.15,5.63,41.67,55.56,4.50,25.00,41.67,14,49.47,66.49,39,72.73,81.82,2R/5/.09/2 10R/3/.18/5,10R/1/.20/1,5R/5/.16/4 11R/2/.14/5,4R/2/.21/2 11R/6/.12/4,,,福岡,福岡,27,11:36,てるみちゃんカップ,一般,最終日
常滑,08,20260726,3R,2,3804,B1,中渡　　修作,0,0,0.16,4.89,29.09,48.18,3.35,13.04,17.39,31,42.86,55.10,70,5.88,52.94,2R/1/.26/5 8R/3/.03/3,7R/5/.22/2,2R/6/.03/6 9R/2/.20/3,1R/3/.02/1,,,福岡,鹿児島,52,11:36,てるみちゃんカップ,一般,最終日
常滑,08,20260726,3R,3,4114,B1,深澤　　達徳,0,0,0.19,4.93,25.00,48.81,5.56,44.44,44.44,21,35.71,54.40,31,20.00,30.00,2R/4/.15/3 9R/1/.22/1,4R/4/.33/3 12R/2/.14/4,9R/6/.19/5,6R/2/.20/3 10R/5/.20/6,,,東京,山梨,45,11:36,てるみちゃんカップ,一般,最終日
常滑,08,20260726,3R,4,4782,B1,浜崎　　準也,1,0,0.18,4.31,17.95,37.18,6.18,42.42,60.61,39,42.08,57.38,13,11.11,44.44,4R/5/.26/4,2R/6/.36/5 6R/3/.34/2,3R/1/.33/6,4R/5/.35/4 8R/4/.22/5,,,岡山,岡山,39,11:36,てるみちゃんカップ,一般,最終日
常滑,08,20260726,3R,5,4381,A2,田路　　朋史,0,0,0.17,5.25,32.99,47.42,6.14,50.00,64.29,3,45.92,61.73,38,17.65,29.41,4R/1/.17/1 11R/6/.18/3,6R/1/.24/5,4R/4/.11/4 9R/3/.19/1,6R/5/.17/2,,,兵庫,兵庫,41,11:36,てるみちゃんカップ,一般,最終日
常滑,08,20260726,3R,6,4323,B1,山田　　佑樹,0,0,0.17,5.63,44.76,55.24,0.00,0.00,0.00,7,33.88,51.91,57,50.00,66.67,5R/3/.36/6,3R/5/.17/2 7R/1/.17/1,1R/6/.15/3 8R/2/.16/1,5R/4/.14/2 10R/3/.16/3,,,岡山,岡山,39,11:36,てるみちゃんカップ,一般,最終日
常滑,08,20260726,4R,1,4193,A2,郷原　　章平,0,0,0.15,5.85,39.84,54.47,7.35,52.17,82.61,25,28.34,46.52,41,15.00,20.00,5R/1/.20/3 9R/5/.21/3,5R/6/.30/4,7R/2/.17/4 11R/3/.10/2,2R/2/.20/3 10R/6/.18/5,,,福岡,福岡,44,12:04,てるみちゃんカップ,一般,最終日
常滑,08,20260726,4R,2,3696,B1,白井　　友晴,0,0,0.17,4.86,26.19,42.86,5.31,28.57,54.29,40,34.07,51.65,35,45.45,72.73,5R/4/.23/4 10R/6/.25/4,4R/1/.29/2 8R/5/.22/4,4R/2/.14/2,7R/2/.17/6 12R/6/.11/5,,,埼玉,埼玉,54,12:04,てるみちゃんカップ,一般,最終日
常滑,08,20260726,4R,3,3793,B1,高橋　　真吾,0,0,0.16,4.09,21.59,38.64,5.50,42.86,64.29,42,40.10,55.73,58,42.86,66.67,8R/6/.11/5,3R/2/.29/5 8R/1/.20/2,1R/5/.04/2 11R/6/.12/6,6R/3/.17/4,,,埼玉,東京,53,12:04,てるみちゃんカップ,一般,最終日
常滑,08,20260726,4R,4,4360,A2,庄司　　孝輔,0,0,0.18,5.52,31.19,55.05,3.48,13.04,30.43,56,26.16,47.09,62,35.00,50.00,6R/1/.10/2 10R/5/.24/2,11R/3/.09/3,5R/6/.18/6 12R/2/.11/4,7R/3/.22/3,,,静岡,静岡,41,12:04,てるみちゃんカップ,一般,最終日
常滑,08,20260726,4R,5,5357,B2,田中　瀬里奈,0,0,0.19,1.61,1.43,2.86,1.45,0.00,0.00,46,29.49,50.00,46,38.89,50.00,2R/6/.26/6,3R/4/.27/6 10R/3/.21/6,4R/5/.09/5,3R/5/.34/6 9R/5/.25/6,,,埼玉,北海道,21,12:04,てるみちゃんカップ,一般,最終日
常滑,08,20260726,4R,6,4253,B1,西川　　真人,0,0,0.18,4.14,17.27,36.36,4.57,22.86,34.29,12,42.55,61.70,77,16.67,27.78,1R/2/.18/3 10R/4/.24/3,4R/5/.31/4,7R/3/.27/2,8R/1/.12/1 12R/4/.08/4,,,滋賀,滋賀,43,12:04,てるみちゃんカップ,一般,最終日
常滑,08,20260726,5R,1,3319,A2,山崎　　義明,0,0,0.16,5.61,38.18,60.91,5.33,27.78,50.00,41,31.91,47.87,73,50.00,75.00,8R/5/.13/2,2R/3/.23/4 10R/2/.23/3,6R/1/.11/1 12R/5/.22/6,3R/3/.21/3 11R/4/.11/6,,,埼玉,埼玉,59,12:31,てるみちゃんカップ,三Ａ傑戦,最終日
常滑,08,20260726,5R,2,4346,B1,前田　健太郎,0,0,0.17,4.28,29.81,37.50,3.20,13.33,26.67,36,29.35,51.63,47,41.18,58.82,1R/5/.18/5 8R/1/.15/4,1R/6/.11/3,1R/2/.05/1 10R/5/.27/5,2R/3/.23/5 7R/6/.29/5,,,福岡,福岡,41,12:31,てるみちゃんカップ,三Ａ傑戦,最終日
常滑,08,20260726,5R,3,4064,A1,原田　　篤志,0,0,0.17,6.45,45.83,66.67,6.50,50.00,64.29,24,33.33,47.31,64,40.91,54.55,6R/6/.22/6 12R/2/.12/5,2R/5/.30/3 8R/3/.23/5,1R/1/.07/4 12R/4/.21/2,2R/4/.23/2 8R/5/.18/4,,,山口,山口,46,12:31,てるみちゃんカップ,三Ａ傑戦,最終日
常滑,08,20260726,5R,4,5077,B1,滝沢　　　崚,0,0,0.18,3.81,14.93,29.85,3.40,10.00,20.00,49,26.95,40.72,51,22.22,38.89,7R/5/.32/4,1R/4/.18/1 7R/3/.30/6,9R/1/.20/4,1R/5/.01/5,,,埼玉,埼玉,29,12:31,てるみちゃんカップ,三Ａ傑戦,最終日
常滑,08,20260726,5R,5,4607,A2,鶴田　　勇雄,0,0,0.18,5.89,37.90,60.48,6.35,35.00,75.00,33,26.42,38.99,20,31.58,52.63,9R/2/.17/4,8R/6/.16/1 12R/4/.17/3,4R/3/.11/1 8R/1/.17/2,7R/1/.18/1 11R/2/.12/5,,,福岡,福岡,37,12:31,てるみちゃんカップ,三Ａ傑戦,最終日
常滑,08,20260726,5R,6,4918,B1,川島　　拓郎,1,0,0.16,4.73,27.27,45.45,5.17,26.67,60.00,17,30.94,47.51,68,14.29,14.29,6R/5/.18/5 11R/3/.13/5,2R/1/.23/1 7R/4/.29/5,7R/5/.30/5,1R/2/.08/2,,,静岡,静岡,37,12:31,てるみちゃんカップ,三Ａ傑戦,最終日
常滑,08,20260726,6R,1,4839,A2,四宮　　与寛,0,0,0.15,5.81,41.41,58.59,4.86,42.86,42.86,9,43.48,57.61,54,11.11,33.33,7R/2/.27/2 11R/4/.18/4,7R/6/.18/4,2R/5/.00/5 7R/1/.15/1,5R/2/.22/5 11R/5/.11/3,,,徳島,徳島,36,12:58,てるみちゃんカップ,昼トコ小判Ｒ,最終日
常滑,08,20260726,6R,2,3848,B1,川上　　聡介,0,0,0.15,4.83,34.00,47.00,5.67,33.33,62.96,52,33.70,53.04,34,46.67,53.33,1R/6/.18/2 7R/1/.16/1,9R/2/.05/6,3R/6/.32/5 12R/6/.23/5,3R/6/.22/5 8R/6/.11/6,,,愛知,愛知,49,12:58,てるみちゃんカップ,昼トコ小判Ｒ,最終日
常滑,08,20260726,6R,3,4234,B1,野相　　弘司,0,0,0.17,4.92,30.67,45.33,5.75,37.50,58.33,26,34.90,52.60,59,26.32,42.11,5R/6/.28/5,1R/2/.27/4 9R/6/.10/5,2R/1/.01/1 8R/3/.18/5,4R/4/.32/5,,,福岡,福岡,42,12:58,てるみちゃんカップ,昼トコ小判Ｒ,最終日
常滑,08,20260726,6R,4,3982,B1,福田　　　理,0,0,0.18,3.79,18.60,30.23,5.28,38.89,44.44,57,33.70,52.17,28,22.22,38.89,6R/3/.16/1,6R/4/.19/3 12R/5/.16/5,6R/2/.16/5,2R/1/.22/1 8R/3/.12/3,,,岡山,岡山,48,12:58,てるみちゃんカップ,昼トコ小判Ｒ,最終日
常滑,08,20260726,6R,5,3790,B1,佐口　　達也,0,0,0.20,4.76,26.42,43.40,4.47,21.05,44.74,5,36.08,55.67,63,38.10,57.14,6R/2/.15/3,3R/1/.27/4 11R/4/.19/5,1R/4/.17/5 7R/6/.25/3,5R/3/.17/6,,,群馬,群馬,54,12:58,てるみちゃんカップ,昼トコ小判Ｒ,最終日
常滑,08,20260726,6R,6,3721,A1,守田　　俊介,0,0,0.13,6.51,41.96,55.36,7.24,60.00,76.00,23,28.57,45.05,53,47.37,57.89,4R/4/.17/3 12R/3/.10/6,7R/2/.16/3 12R/1/.07/1,5R/4/.22/1 9R/5/.12/6,3R/1/.23/1 10R/4/.16/4,,,滋賀,京都,50,12:58,てるみちゃんカップ,昼トコ小判Ｒ,最終日
常滑,08,20260726,7R,1,5360,B1,高木　　茉白,1,0,0.17,3.22,8.47,23.73,0.00,0.00,0.00,60,33.67,53.06,27,33.33,50.00,1R/4/.27/4 6R/4/.24/4,5R/2/.10/5,3R/4/.38/4,2R/6/.26/6 9R/3/.34/2,,,埼玉,埼玉,19,13:27,てるみちゃんカップ,一般,最終日
常滑,08,20260726,7R,2,4381,A2,田路　　朋史,0,0,0.17,5.25,32.99,47.42,6.14,50.00,64.29,3,45.92,61.73,38,17.65,29.41,4R/1/.17/1 11R/6/.18/3,6R/1/.24/5,4R/4/.11/4 9R/3/.19/1,6R/5/.17/2,,,兵庫,兵庫,41,13:27,てるみちゃんカップ,一般,最終日
常滑,08,20260726,7R,3,4065,B1,金田　　幸子,0,0,0.17,5.44,40.48,57.14,5.96,50.00,57.69,53,39.89,51.91,52,33.33,58.33,3R/6/.25/6 10R/2/.19/6,2R/4/.30/2 9R/5/.11/2,5R/1/.26/5,9R/4/.18/5,,,岡山,岡山,46,13:27,てるみちゃんカップ,一般,最終日
常滑,08,20260726,7R,4,5419,B1,櫻井　　　隼,0,0,0.24,2.06,0.00,6.06,2.69,0.00,18.75,6,34.66,48.86,24,36.84,42.11,4R/6/.25/6,1R/5/.21/6 5R/4/.22/6,8R/6/.30/6,1R/6/.03/3 6R/4/.17/5,,,埼玉,埼玉,20,13:27,てるみちゃんカップ,一般,最終日
常滑,08,20260726,7R,5,3804,B1,中渡　　修作,0,0,0.16,4.89,29.09,48.18,3.35,13.04,17.39,31,42.86,55.10,70,5.88,52.94,2R/1/.26/5 8R/3/.03/3,7R/5/.22/2,2R/6/.03/6 9R/2/.20/3,1R/3/.02/1,,,福岡,鹿児島,52,13:27,てるみちゃんカップ,一般,最終日
常滑,08,20260726,7R,6,4644,A1,山田　　亮太,0,0,0.14,6.57,48.12,70.68,6.00,40.74,62.96,10,40.63,54.17,11,31.58,42.11,5R/5/.17/2 11R/2/.09/2,1R/1/.32/2,6R/3/.18/3 11R/4/.13/3,6R/1/.11/1,,,東京,東京,47,13:27,てるみちゃんカップ,一般,最終日
常滑,08,20260726,8R,1,5357,B2,田中　瀬里奈,0,0,0.19,1.61,1.43,2.86,1.45,0.00,0.00,46,29.49,50.00,46,38.89,50.00,2R/6/.26/6,3R/4/.27/6 10R/3/.21/6,4R/5/.09/5,3R/5/.34/6 9R/5/.25/6,,,埼玉,北海道,21,13:58,てるみちゃんカップ,一般,最終日
常滑,08,20260726,8R,2,4782,B1,浜崎　　準也,1,0,0.18,4.31,17.95,37.18,6.18,42.42,60.61,39,42.08,57.38,13,11.11,44.44,4R/5/.26/4,2R/6/.36/5 6R/3/.34/2,3R/1/.33/6,4R/5/.35/4 8R/4/.22/5,,,岡山,岡山,39,13:58,てるみちゃんカップ,一般,最終日
常滑,08,20260726,8R,3,4360,A2,庄司　　孝輔,0,0,0.18,5.52,31.19,55.05,3.48,13.04,30.43,56,26.16,47.09,62,35.00,50.00,6R/1/.10/2 10R/5/.24/2,11R/3/.09/3,5R/6/.18/6 12R/2/.11/4,7R/3/.22/3,,,静岡,静岡,41,13:58,てるみちゃんカップ,一般,最終日
常滑,08,20260726,8R,4,4358,B1,松本　　庸平,0,0,0.22,4.09,29.27,35.37,4.00,29.03,35.48,29,35.79,58.42,33,20.00,40.00,1R/3/.27/6 9R/3/.33/6,9R/1/.13/3,6R/4/.21/6,2R/5/.24/4 7R/4/.27/4,,,三重,三重,41,13:58,てるみちゃんカップ,一般,最終日
常滑,08,20260726,8R,5,3713,A1,伊藤　　誠二,1,0,0.15,5.73,44.79,57.29,5.68,39.02,57.32,45,30.26,47.69,44,55.56,72.22,1R/1/.19/1,4R/6/.29/5 11R/2/.08/2,8R/5/.33/4 12R/3/.13/3,6R/6/.25/6,,,愛知,愛知,51,13:58,てるみちゃんカップ,一般,最終日
常滑,08,20260726,8R,6,5388,B1,佐野　　優都,2,0,0.14,3.97,17.24,34.48,0.00,0.00,0.00,51,36.56,52.69,45,6.67,20.00,4R/2/.13/2 9R/6/.45/5,8R/4/.25/6,2R/3/.12/3 11R/5/.15/4,,,,徳島,高知,19,13:58,てるみちゃんカップ,一般,最終日
常滑,08,20260726,9R,1,4064,A1,原田　　篤志,0,0,0.17,6.45,45.83,66.67,6.50,50.00,64.29,24,33.33,47.31,64,40.91,54.55,6R/6/.22/6 12R/2/.12/5,2R/5/.30/3 8R/3/.23/5,1R/1/.07/4 12R/4/.21/2,2R/4/.23/2 8R/5/.18/4,,,山口,山口,46,14:29,てるみちゃんカップ,一般特選,最終日
常滑,08,20260726,9R,2,5077,B1,滝沢　　　崚,0,0,0.18,3.81,14.93,29.85,3.40,10.00,20.00,49,26.95,40.72,51,22.22,38.89,7R/5/.32/4,1R/4/.18/1 7R/3/.30/6,9R/1/.20/4,1R/5/.01/5,,,埼玉,埼玉,29,14:29,てるみちゃんカップ,一般特選,最終日
常滑,08,20260726,9R,3,4730,B1,土屋　実沙希,0,0,0.17,5.42,34.12,50.59,6.20,40.00,70.00,35,45.69,65.48,61,20.00,40.00,3R/1/.09/3 11R/5/.26/6,6R/6/.19/4 10R/4/.12/4,5R/2/.21/3,9R/2/.12/1,,,静岡,静岡,37,14:29,てるみちゃんカップ,一般特選,最終日
常滑,08,20260726,9R,4,4040,A2,廣瀬　　将亨,0,0,0.15,5.92,42.02,55.46,6.18,58.82,58.82,58,33.16,47.37,42,18.18,36.36,10R/1/.19/1,3R/3/.19/3 12R/6/.21/6,2R/4/.04/4 10R/3/.13/4,3R/4/.27/4 8R/2/.15/2,,,兵庫,兵庫,47,14:29,てるみちゃんカップ,一般特選,最終日
常滑,08,20260726,9R,5,3793,B1,高橋　　真吾,0,0,0.16,4.09,21.59,38.64,5.50,42.86,64.29,42,40.10,55.73,58,42.86,66.67,8R/6/.11/5,3R/2/.29/5 8R/1/.20/2,1R/5/.04/2 11R/6/.12/6,6R/3/.17/4,,,埼玉,東京,53,14:29,てるみちゃんカップ,一般特選,最終日
常滑,08,20260726,9R,6,5327,B2,西田　　和加,1,0,0.19,1.70,0.00,1.59,1.19,0.00,0.00,19,35.03,56.35,78,61.90,71.43,3R/5/.44/5 7R/6/.31/5,6R/2/.35/6,9R/4/.18/2,5R/5/.18/4 9R/1/.16/4,,,埼玉,埼玉,22,14:29,てるみちゃんカップ,一般特選,最終日
常滑,08,20260726,10R,1,4317,B1,木村　紗友希,0,0,0.18,4.35,27.55,34.69,3.83,16.67,29.17,55,26.59,45.66,14,45.00,75.00,3R/4/.18/4 8R/4/.09/6,8R/2/.27/3,5R/3/.15/2 10R/1/.11/1,3R/2/.31/2 12R/5/.05/3,,,静岡,静岡,42,14:55,てるみちゃんカップ,選抜戦,最終日
常滑,08,20260726,10R,2,3721,A1,守田　　俊介,0,0,0.13,6.51,41.96,55.36,7.24,60.00,76.00,23,28.57,45.05,53,47.37,57.89,4R/4/.17/3 12R/3/.10/6,7R/2/.16/3 12R/1/.07/1,5R/4/.22/1 9R/5/.12/6,3R/1/.23/1 10R/4/.16/4,,,滋賀,京都,50,14:55,てるみちゃんカップ,選抜戦,最終日
常滑,08,20260726,10R,3,5210,A2,藤井　　公人,0,0,0.15,5.63,41.67,55.56,4.50,25.00,41.67,14,49.47,66.49,39,72.73,81.82,2R/5/.09/2 10R/3/.18/5,10R/1/.20/1,5R/5/.16/4 11R/2/.14/5,4R/2/.21/2 11R/6/.12/4,,,福岡,福岡,27,14:55,てるみちゃんカップ,選抜戦,最終日
常滑,08,20260726,10R,4,4607,A2,鶴田　　勇雄,0,0,0.18,5.89,37.90,60.48,6.35,35.00,75.00,33,26.42,38.99,20,31.58,52.63,9R/2/.17/4,8R/6/.16/1 12R/4/.17/3,4R/3/.11/1 8R/1/.17/2,7R/1/.18/1 11R/2/.12/5,,,福岡,福岡,37,14:55,てるみちゃんカップ,選抜戦,最終日
常滑,08,20260726,10R,5,3696,B1,白井　　友晴,0,0,0.17,4.86,26.19,42.86,5.31,28.57,54.29,40,34.07,51.65,35,45.45,72.73,5R/4/.23/4 10R/6/.25/4,4R/1/.29/2 8R/5/.22/4,4R/2/.14/2,7R/2/.17/6 12R/6/.11/5,,,埼玉,埼玉,54,14:55,てるみちゃんカップ,選抜戦,最終日
常滑,08,20260726,10R,6,3982,B1,福田　　　理,0,0,0.18,3.79,18.60,30.23,5.28,38.89,44.44,57,33.70,52.17,28,22.22,38.89,6R/3/.16/1,6R/4/.19/3 12R/5/.16/5,6R/2/.16/5,2R/1/.22/1 8R/3/.12/3,,,岡山,岡山,48,14:55,てるみちゃんカップ,選抜戦,最終日
常滑,08,20260726,11R,1,4323,B1,山田　　佑樹,0,0,0.17,5.63,44.76,55.24,0.00,0.00,0.00,7,33.88,51.91,57,50.00,66.67,5R/3/.36/6,3R/5/.17/2 7R/1/.17/1,1R/6/.15/3 8R/2/.16/1,5R/4/.14/2 10R/3/.16/3,,,岡山,岡山,39,15:33,てるみちゃんカップ,選抜戦,最終日
常滑,08,20260726,11R,2,4839,A2,四宮　　与寛,0,0,0.15,5.81,41.41,58.59,4.86,42.86,42.86,9,43.48,57.61,54,11.11,33.33,7R/2/.27/2 11R/4/.18/4,7R/6/.18/4,2R/5/.00/5 7R/1/.15/1,5R/2/.22/5 11R/5/.11/3,,,徳島,徳島,36,15:33,てるみちゃんカップ,選抜戦,最終日
常滑,08,20260726,11R,3,4253,B1,西川　　真人,0,0,0.18,4.14,17.27,36.36,4.57,22.86,34.29,12,42.55,61.70,77,16.67,27.78,1R/2/.18/3 10R/4/.24/3,4R/5/.31/4,7R/3/.27/2,8R/1/.12/1 12R/4/.08/4,,,滋賀,滋賀,43,15:33,てるみちゃんカップ,選抜戦,最終日
常滑,08,20260726,11R,4,4193,A2,郷原　　章平,0,0,0.15,5.85,39.84,54.47,7.35,52.17,82.61,25,28.34,46.52,41,15.00,20.00,5R/1/.20/3 9R/5/.21/3,5R/6/.30/4,7R/2/.17/4 11R/3/.10/2,2R/2/.20/3 10R/6/.18/5,,,福岡,福岡,44,15:33,てるみちゃんカップ,選抜戦,最終日
常滑,08,20260726,11R,5,3319,A2,山崎　　義明,0,0,0.16,5.61,38.18,60.91,5.33,27.78,50.00,41,31.91,47.87,73,50.00,75.00,8R/5/.13/2,2R/3/.23/4 10R/2/.23/3,6R/1/.11/1 12R/5/.22/6,3R/3/.21/3 11R/4/.11/6,,,埼玉,埼玉,59,15:33,てるみちゃんカップ,選抜戦,最終日
常滑,08,20260726,11R,6,4114,B1,深澤　　達徳,0,0,0.19,4.93,25.00,48.81,5.56,44.44,44.44,21,35.71,54.40,31,20.00,30.00,2R/4/.15/3 9R/1/.22/1,4R/4/.33/3 12R/2/.14/4,9R/6/.19/5,6R/2/.20/3 10R/5/.20/6,,,東京,山梨,45,15:33,てるみちゃんカップ,選抜戦,最終日
常滑,08,20260726,12R,1,4787,A1,椎名　　　豊,0,0,0.14,7.55,66.38,79.31,8.29,78.57,78.57,38,28.50,44.56,76,11.76,23.53,2R/2/.10/1 12R/4/.20/3,6R/5/.14/1 11R/1/.10/1,2R/2/.12/2 6R/5/.15/2,7R/5/.24/2 12R/1/.03/1,,,群馬,群馬,37,16:16,てるみちゃんカップ,優勝戦,最終日
常滑,08,20260726,12R,2,4448,A1,青木　　玄太,0,0,0.16,7.07,54.46,70.54,6.53,53.33,73.33,59,39.47,57.37,36,6.25,12.50,8R/2/.04/1 12R/6/.23/2,3R/6/.16/1 9R/3/.12/1,7R/4/.29/6 12R/1/.15/1,4R/6/.31/3 11R/1/.06/1,,,滋賀,滋賀,39,16:16,てるみちゃんカップ,優勝戦,最終日
常滑,08,20260726,12R,3,4011,A2,堀之内紀代子,0,0,0.16,6.16,43.81,60.00,5.64,21.43,50.00,30,42.16,60.54,32,20.00,40.00,3R/3/.13/1,5R/1/.06/1 11R/5/.04/4,3R/2/.26/1 10R/6/.12/2,5R/6/.13/3 10R/1/.10/1,,,岡山,岡山,46,16:16,てるみちゃんカップ,優勝戦,最終日
常滑,08,20260726,12R,4,3590,A1,濱野谷　憲吾,0,0,0.14,6.80,43.36,59.29,5.86,28.57,57.14,48,21.05,32.24,65,25.00,41.67,7R/3/.28/3 12R/1/.14/1,5R/5/.33/2 12R/3/.14/2,4R/6/.14/3 10R/2/.13/3,4R/1/.20/1 10R/2/.13/2,,,東京,東京,52,16:16,てるみちゃんカップ,優勝戦,最終日
常滑,08,20260726,12R,5,4796,A1,春園　　功太,0,0,0.15,6.38,49.58,67.23,7.50,56.25,81.25,20,31.15,47.54,26,44.44,61.11,5R/2/.12/1 12R/5/.21/4,4R/3/.27/6 10R/5/.14/2,3R/3/.27/2 11R/1/.09/1,5R/1/.12/1 12R/2/.14/2,,,三重,三重,34,16:16,てるみちゃんカップ,優勝戦,最終日
常滑,08,20260726,12R,6,4369,A2,丹下　　　将,0,0,0.16,5.72,37.19,58.68,6.49,45.88,68.24,16,37.04,53.97,15,11.76,17.65,11R/1/.07/1,4R/2/.26/1 9R/4/.12/4,3R/5/.30/3 8R/4/.30/3,1R/1/.14/4 11R/3/.10/2,,,愛知,愛知,40,16:16,てるみちゃんカップ,優勝戦,最終日
尼崎,13,20260726,1R,1,5186,B1,遠藤　　圭吾,0,0,0.19,4.71,28.75,42.50,4.71,29.41,47.06,43,16.67,31.82,61,30.88,39.71,1R/2/.25/2 9R/4/.16/6,8R/3/.15/6,6R/5/.20/6,7R/6/.07/3,,,東京,神奈川,26,10:36,ＵＨＡ味覚糖杯,朝からセンプル,最終日
尼崎,13,20260726,1R,2,4636,B1,赤池　　修平,0,0,0.18,3.68,18.84,31.88,2.67,8.33,16.67,35,43.48,60.87,48,44.62,63.08,3R/4/.19/4 8R/3/.23/6,8R/5/.16/5,3R/1/.15/6,5R/2/.23/5,,,徳島,徳島,36,10:36,ＵＨＡ味覚糖杯,朝からセンプル,最終日
尼崎,13,20260726,1R,3,4822,A2,百武　　　翔,0,0,0.17,5.85,44.35,60.00,4.78,33.33,40.74,8,32.35,51.47,43,41.27,57.14,7R/4/.19/2,4R/5/.13/3 8R/1/.18/1,6R/4/.24/3 12R/6/.15/6,2R/2/.14/1 11R/5/.27/3,,,佐賀,佐賀,33,10:36,ＵＨＡ味覚糖杯,朝からセンプル,最終日
尼崎,13,20260726,1R,4,5467,B2,野村　　羽玖,0,0,,2.61,0.00,16.13,0.00,0.00,0.00,30,29.23,46.15,13,37.14,52.86,3R/6/.15/6,3R/6/.23/3,1R/6/.26/5 8R/6/.18/6,5R/6/.20/6,,,大阪,大阪,19,10:36,ＵＨＡ味覚糖杯,朝からセンプル,最終日
尼崎,13,20260726,1R,5,4339,B1,平瀬　　城啓,0,0,0.19,3.49,11.90,26.19,4.19,25.00,43.75,34,32.43,51.35,16,21.21,34.85,7R/5/.22/4,1R/2/.21/4,2R/4/.14/5 7R/3/.19/4,2R/1/.21/3 8R/6/.21/3,,,福井,富山,42,10:36,ＵＨＡ味覚糖杯,朝からセンプル,最終日
尼崎,13,20260726,1R,6,4865,B2,立具　　敬司,1,0,0.17,4.42,15.38,42.31,0.00,0.00,0.00,17,40.91,50.00,41,38.46,49.23,2R/4/.22/6,1R/5/.24/6 9R/2/.23/5,5R/5/.12/2,3R/1/.16/1 7R/3/.14/6,,,大阪,和歌山,36,10:36,ＵＨＡ味覚糖杯,朝からセンプル,最終日
尼崎,13,20260726,2R,1,3912,B1,川原　　正明,0,0,0.15,5.91,42.59,57.41,4.04,15.38,34.62,61,36.92,49.23,26,44.12,52.94,2R/3/.16/2 10R/5/.05/5,7R/1/.21/1,4R/6/.02/6 12R/3/.19/4,8R/4/.09/1,,,福井,石川,52,11:04,ＵＨＡ味覚糖杯,一般,最終日
尼崎,13,20260726,2R,2,3931,A2,黒崎　　竜也,0,0,0.15,5.92,39.13,56.52,5.40,33.33,56.67,44,35.21,53.52,18,35.94,59.38,8R/6/.22/4,6R/1/.13/4 11R/5/.23/4,3R/4/.04/1 10R/3/.13/2,6R/1/.15/1 12R/6/.14/6,,,三重,三重,50,11:04,ＵＨＡ味覚糖杯,一般,最終日
尼崎,13,20260726,2R,3,3620,B1,信濃　　由行,0,0,0.18,3.68,17.28,30.86,4.50,27.27,45.45,10,34.85,50.00,67,32.39,52.11,1R/4/.29/4,6R/2/.12/3,3R/5/.11/5 11R/3/.19/4,1R/1/.26/3 7R/4/.14/5,,,福井,石川,52,11:04,ＵＨＡ味覚糖杯,一般,最終日
尼崎,13,20260726,2R,4,5423,B2,高橋　　嗣穏,1,0,0.22,1.16,0.00,0.00,0.00,0.00,0.00,49,37.68,50.72,62,29.41,45.59,4R/6/.14/5,2R/6/.34/6,2R/6/.02/6 9R/6/.03/6,4R/6/.47/6,,,徳島,高知,24,11:04,ＵＨＡ味覚糖杯,一般,最終日
尼崎,13,20260726,2R,5,4570,A1,前田　　聖文,0,0,0.16,6.27,40.24,63.41,6.75,37.50,75.00,50,21.62,41.89,14,32.35,47.06,4R/2/.12/2 12R/5/.22/5,7R/6/.18/3 12R/3/.25/6,4R/4/.06/3 10R/1/.22/1,9R/3/.23/4,,,愛知,愛知,38,11:04,ＵＨＡ味覚糖杯,一般,最終日
尼崎,13,20260726,2R,6,3434,B1,松尾　　宣邦,0,0,0.18,4.29,22.12,37.50,2.25,0.00,0.00,36,35.38,53.85,53,30.43,42.03,3R/1/.19/3 9R/6/.23/4,2R/4/.23/5,3R/3/.14/2 7R/2/.20/6,3R/4/.19/2,,,福岡,福岡,57,11:04,ＵＨＡ味覚糖杯,一般,最終日
尼崎,13,20260726,3R,1,4356,A2,長岡　　良也,0,0,0.18,5.28,35.82,53.73,5.88,38.00,64.00,2,35.71,54.29,19,31.88,50.72,9R/1/.16/1,1R/3/.21/2 11R/4/.23/3,5R/3/.10/5 10R/2/.19/3,4R/3/.16/2 12R/5/.15/5,,,兵庫,兵庫,42,11:27,ＵＨＡ味覚糖杯,一般,最終日
尼崎,13,20260726,3R,2,4367,B1,山口　　修路,0,0,0.23,4.36,17.81,41.10,4.68,5.26,47.37,52,25.76,37.88,27,14.06,26.56,6R/3/.25/6,1R/4/.22/3 7R/5/.23/5,9R/2/.11/5,4R/1/.44/5,,,福岡,福岡,40,11:27,ＵＨＡ味覚糖杯,一般,最終日
尼崎,13,20260726,3R,3,5091,B1,為本　　智也,0,0,0.17,6.38,49.06,66.04,7.63,62.50,100.00,47,19.67,40.98,42,35.38,55.38,3R/3/.09/2 11R/5/.06/4,4R/1/.13/1,1R/5/.17/3 10R/4/.15/5,6R/2/.14/2 10R/6/.07/3,,,福井,石川,25,11:27,ＵＨＡ味覚糖杯,一般,最終日
尼崎,13,20260726,3R,4,5181,B1,森　　　智哉,0,0,0.16,5.10,28.57,51.95,4.11,11.11,33.33,13,40.00,51.43,36,52.38,61.90,4R/5/.13/6 10R/3/.13/6,5R/6/.10/5,1R/1/.14/1 6R/2/.20/2,9R/4/.19/2,,,岡山,岡山,28,11:27,ＵＨＡ味覚糖杯,一般,最終日
尼崎,13,20260726,3R,5,4710,A2,福田　　宗平,0,0,0.14,5.60,38.02,53.72,5.93,44.83,51.72,1,38.89,50.00,66,25.00,36.11,9R/3/.14/5,5R/2/.09/2 12R/4/.09/2,3R/2/.19/3 9R/5/.02/3,8R/2/.17/5,,,大阪,大阪,36,11:27,ＵＨＡ味覚糖杯,一般,最終日
尼崎,13,20260726,3R,6,5302,B1,秋末　　秦悟,1,0,0.17,3.85,20.25,32.91,2.71,14.29,14.29,22,17.65,33.82,70,30.30,59.09,1R/5/.27/5,6R/6/.12/2,7R/6/.15/5,6R/6/.18/4,,,大阪,大阪,23,11:27,ＵＨＡ味覚糖杯,一般,最終日
尼崎,13,20260726,4R,1,4296,A2,岡崎　　恭裕,0,0,0.14,6.45,45.00,62.50,5.33,22.22,22.22,51,18.84,34.78,47,10.94,25.00,1R/3/.21/1 10R/4/.13/3,4R/2/.13/4 9R/6/.29/3,11R/1/.16/1,2R/5/.05/2 12R/2/.24/4,,,福岡,福岡,39,11:52,ＵＨＡ味覚糖杯,一般,最終日
尼崎,13,20260726,4R,2,4529,A1,嶋　　　義信,0,0,0.14,5.61,37.78,54.44,5.38,38.10,57.14,14,32.84,46.27,33,29.41,47.06,3R/5/.12/5 10R/1/.06/1,2R/2/.18/4 12R/5/.13/3,9R/3/.06/2,7R/1/.11/2 11R/6/.26/5,,,香川,香川,37,11:52,ＵＨＡ味覚糖杯,一般,最終日
尼崎,13,20260726,4R,3,4263,B1,武重　　雄介,0,0,0.18,4.52,27.47,40.66,5.20,35.00,40.00,48,35.62,53.42,37,42.86,53.97,7R/1/.16/3,2R/3/.21/2 11R/6/.29/6,1R/4/.18/4,1R/2/.25/2 8R/5/.16/4,,,山口,山口,42,11:52,ＵＨＡ味覚糖杯,一般,最終日
尼崎,13,20260726,4R,4,3635,B1,石田　　政吾,0,0,0.17,4.32,24.39,43.90,4.00,16.00,36.00,19,24.07,31.48,68,15.79,26.32,5R/1/.20/1,5R/5/.10/6 11R/2/.19/5,2R/3/.07/3 6R/6/.19/5,5R/4/.13/2,,,福井,石川,55,11:52,ＵＨＡ味覚糖杯,一般,最終日
尼崎,13,20260726,4R,5,5127,B1,沼田　　大都,0,0,0.22,4.67,20.99,46.91,4.44,11.11,44.44,25,42.03,66.67,28,25.00,37.50,7R/6/.26/5,1R/6/.21/5 5R/4/.14/4,4R/1/.15/2,1R/4/.30/5 6R/3/.16/3,,,愛知,広島,29,11:52,ＵＨＡ味覚糖杯,一般,最終日
尼崎,13,20260726,4R,6,3605,B1,中村　　守成,0,0,0.19,3.98,16.87,28.92,4.08,24.00,32.00,7,30.77,49.23,49,39.06,53.13,5R/4/.28/3,3R/2/.25/5 12R/6/.11/5,6R/3/.19/4,2R/4/.09/5 9R/1/.24/1,,,三重,三重,54,11:52,ＵＨＡ味覚糖杯,一般,最終日
尼崎,13,20260726,5R,1,4363,A2,大野　　芳顕,0,0,0.17,5.52,36.36,55.37,5.20,30.00,30.00,59,17.54,31.58,12,26.15,41.54,4R/3/.12/3 11R/4/.11/5,8R/6/.31/3,2R/2/.13/1 8R/1/.19/1,5R/5/.18/4 10R/3/.09/5,,,福岡,福岡,41,12:21,ＵＨＡ味覚糖杯,一般,最終日
尼崎,13,20260726,5R,2,3572,B1,安田　　政彦,0,0,0.20,4.93,26.45,46.28,5.35,31.76,54.12,5,31.82,51.52,46,40.00,60.00,4R/1/.08/1,4R/6/.12/6 12R/2/.09/1,8R/3/.15/2,1R/5/.29/4 11R/2/.22/4,,,兵庫,大阪,54,12:21,ＵＨＡ味覚糖杯,一般,最終日
尼崎,13,20260726,5R,3,4572,B1,渡部　　　悟,0,0,0.16,5.46,36.19,52.38,6.67,55.56,66.67,33,27.14,48.57,59,36.36,54.55,6R/6/.17/2 10R/2/.15/4,10R/6/.20/3,2R/1/.30/4 11R/4/.14/5,4R/5/.18/3,,,大阪,大阪,37,12:21,ＵＨＡ味覚糖杯,一般,最終日
尼崎,13,20260726,5R,4,3333,A1,丸尾　　義孝,0,0,0.15,6.41,47.93,65.29,6.03,43.33,66.67,41,17.24,34.48,52,30.43,49.28,2R/5/.19/5 11R/1/.05/2,3R/3/.22/4 7R/2/.22/4,7R/4/.12/3,9R/6/.18/3,,,徳島,徳島,58,12:21,ＵＨＡ味覚糖杯,一般,最終日
尼崎,13,20260726,5R,5,5014,B1,梶山　　涼斗,1,0,0.14,5.07,33.33,49.33,4.00,11.11,33.33,6,23.08,49.23,54,37.88,50.00,1R/1/.40/6 8R/5/.19/5,7R/3/.19/6,1R/2/.17/6 5R/6/.16/6,1R/6/.23/6,,,佐賀,佐賀,28,12:21,ＵＨＡ味覚糖杯,一般,最終日
尼崎,13,20260726,5R,6,4636,B1,赤池　　修平,0,0,0.18,3.68,18.84,31.88,2.67,8.33,16.67,35,43.48,60.87,48,44.62,63.08,3R/4/.19/4 8R/3/.23/6,8R/5/.16/5,3R/1/.15/6,5R/2/.23/5,,,徳島,徳島,36,12:21,ＵＨＡ味覚糖杯,一般,最終日
尼崎,13,20260726,6R,1,5137,A2,川原　　　涼,0,0,0.17,5.20,35.29,52.94,4.60,30.00,50.00,15,37.31,49.25,21,43.48,53.62,8R/1/.19/1,3R/4/.10/1 11R/3/.18/2,5R/4/.09/4 11R/6/.16/6,3R/5/.12/4 11R/3/.28/6,,,愛知,愛知,26,12:51,ＵＨＡ味覚糖杯,昼どきピンクル,最終日
尼崎,13,20260726,6R,2,4339,B1,平瀬　　城啓,0,0,0.19,3.49,11.90,26.19,4.19,25.00,43.75,34,32.43,51.35,16,21.21,34.85,7R/5/.22/4,1R/2/.21/4,2R/4/.14/5 7R/3/.19/4,2R/1/.21/3 8R/6/.21/3,,,福井,富山,42,12:51,ＵＨＡ味覚糖杯,昼どきピンクル,最終日
尼崎,13,20260726,6R,3,3892,B1,草場　　康幸,0,0,0.17,5.15,29.17,52.08,0.00,0.00,0.00,57,33.82,55.88,15,37.68,60.87,6R/5/.14/4,2R/1/.23/1 9R/4/.22/6,10R/6/.18/6,3R/3/.11/6 9R/2/.22/5,,,佐賀,佐賀,50,12:51,ＵＨＡ味覚糖杯,昼どきピンクル,最終日
尼崎,13,20260726,6R,4,5051,A1,松本　　純平,0,0,0.16,6.73,48.21,66.96,8.00,100.00,100.00,9,46.48,64.79,34,37.68,59.42,6R/1/.21/3 12R/4/.21/3,2R/5/.26/3 8R/2/.23/2,1R/3/.15/2 11R/5/.15/3,5R/1/.22/3 12R/3/.19/3,,,埼玉,兵庫,31,12:51,ＵＨＡ味覚糖杯,昼どきピンクル,最終日
尼崎,13,20260726,6R,5,5423,B2,高橋　　嗣穏,1,0,0.22,1.16,0.00,0.00,0.00,0.00,0.00,49,37.68,50.72,62,29.41,45.59,4R/6/.14/5,2R/6/.34/6,2R/6/.02/6 9R/6/.03/6,4R/6/.47/6,,,徳島,高知,24,12:51,ＵＨＡ味覚糖杯,昼どきピンクル,最終日
尼崎,13,20260726,6R,6,3814,B1,金子　　貴志,0,0,0.20,5.02,28.43,48.04,4.30,18.52,29.63,58,25.86,31.03,65,38.81,59.70,4R/4/.11/4 9R/2/.18/3,3R/1/.29/6,4R/3/.02/5 8R/4/.19/4,7R/2/.12/4,,,福井,福井,50,12:51,ＵＨＡ味覚糖杯,昼どきピンクル,最終日
尼崎,13,20260726,7R,1,4732,A2,堀本　　和也,0,0,0.12,6.64,46.55,63.79,6.21,47.37,68.42,26,43.08,60.00,75,37.68,52.17,5R/2/.21/2 10R/6/.07/2,5R/3/.08/3 9R/1/.19/1,12R/5/.10/3,1R/3/.25/1 10R/2/.10/4,,,徳島,徳島,37,13:21,ＵＨＡ味覚糖杯,一般,最終日
尼崎,13,20260726,7R,2,4570,A1,前田　　聖文,0,0,0.16,6.27,40.24,63.41,6.75,37.50,75.00,50,21.62,41.89,14,32.35,47.06,4R/2/.12/2 12R/5/.22/5,7R/6/.18/3 12R/3/.25/6,4R/4/.06/3 10R/1/.22/1,9R/3/.23/4,,,愛知,愛知,38,13:21,ＵＨＡ味覚糖杯,一般,最終日
尼崎,13,20260726,7R,3,3568,B1,木村　　光宏,0,0,0.17,3.95,20.62,34.02,3.56,16.67,33.33,38,27.69,44.62,17,26.47,51.47,6R/2/.18/5,1R/1/.18/1 8R/4/.17/4,8R/5/.17/5,2R/3/.11/6 6R/5/.17/6,,,香川,香川,55,13:21,ＵＨＡ味覚糖杯,一般,最終日
尼崎,13,20260726,7R,4,4396,B1,大田　　直弥,0,0,0.20,4.86,25.96,43.27,4.89,22.22,55.56,32,40.30,55.22,55,30.77,60.00,1R/6/.29/3 11R/2/.09/6,9R/5/.24/4,5R/1/.08/3 9R/4/.05/4,8R/3/.19/6,,,山口,山口,40,13:21,ＵＨＡ味覚糖杯,一般,最終日
尼崎,13,20260726,7R,5,5467,B2,野村　　羽玖,0,0,,2.61,0.00,16.13,0.00,0.00,0.00,30,29.23,46.15,13,37.14,52.86,3R/6/.15/6,3R/6/.23/3,1R/6/.26/5 8R/6/.18/6,5R/6/.20/6,,,大阪,大阪,19,13:21,ＵＨＡ味覚糖杯,一般,最終日
尼崎,13,20260726,7R,6,4367,B1,山口　　修路,0,0,0.23,4.36,17.81,41.10,4.68,5.26,47.37,52,25.76,37.88,27,14.06,26.56,6R/3/.25/6,1R/4/.22/3 7R/5/.23/5,9R/2/.11/5,4R/1/.44/5,,,福岡,福岡,40,13:21,ＵＨＡ味覚糖杯,一般,最終日
尼崎,13,20260726,8R,1,4710,A2,福田　　宗平,0,0,0.14,5.60,38.02,53.72,5.93,44.83,51.72,1,38.89,50.00,66,25.00,36.11,9R/3/.14/5,5R/2/.09/2 12R/4/.09/2,3R/2/.19/3 9R/5/.02/3,8R/2/.17/5,,,大阪,大阪,36,13:53,ＵＨＡ味覚糖杯,一般,最終日
尼崎,13,20260726,8R,2,5127,B1,沼田　　大都,0,0,0.22,4.67,20.99,46.91,4.44,11.11,44.44,25,42.03,66.67,28,25.00,37.50,7R/6/.26/5,1R/6/.21/5 5R/4/.14/4,4R/1/.15/2,1R/4/.30/5 6R/3/.16/3,,,愛知,広島,29,13:53,ＵＨＡ味覚糖杯,一般,最終日
尼崎,13,20260726,8R,3,3635,B1,石田　　政吾,0,0,0.17,4.32,24.39,43.90,4.00,16.00,36.00,19,24.07,31.48,68,15.79,26.32,5R/1/.20/1,5R/5/.10/6 11R/2/.19/5,2R/3/.07/3 6R/6/.19/5,5R/4/.13/2,,,福井,石川,55,13:53,ＵＨＡ味覚糖杯,一般,最終日
尼崎,13,20260726,8R,4,3699,B1,富永　　正人,0,0,0.19,4.06,20.29,33.33,4.13,25.00,25.00,62,26.47,45.59,22,36.23,57.97,5R/6/.38/6,4R/3/.14/5 10R/4/.20/6,7R/1/.24/2,4R/4/.21/4 9R/5/.21/6,,,埼玉,埼玉,53,13:53,ＵＨＡ味覚糖杯,一般,最終日
尼崎,13,20260726,8R,5,5186,B1,遠藤　　圭吾,0,0,0.19,4.71,28.75,42.50,4.71,29.41,47.06,43,16.67,31.82,61,30.88,39.71,1R/2/.25/2 9R/4/.16/6,8R/3/.15/6,6R/5/.20/6,7R/6/.07/3,,,東京,神奈川,26,13:53,ＵＨＡ味覚糖杯,一般,最終日
尼崎,13,20260726,8R,6,3620,B1,信濃　　由行,0,0,0.18,3.68,17.28,30.86,4.50,27.27,45.45,10,34.85,50.00,67,32.39,52.11,1R/4/.29/4,6R/2/.12/3,3R/5/.11/5 11R/3/.19/4,1R/1/.26/3 7R/4/.14/5,,,福井,石川,52,13:53,ＵＨＡ味覚糖杯,一般,最終日
尼崎,13,20260726,9R,1,3333,A1,丸尾　　義孝,0,0,0.15,6.41,47.93,65.29,6.03,43.33,66.67,41,17.24,34.48,52,30.43,49.28,2R/5/.19/5 11R/1/.05/2,3R/3/.22/4 7R/2/.22/4,7R/4/.12/3,9R/6/.18/3,,,徳島,徳島,58,14:45,ＵＨＡ味覚糖杯,一般特選,最終日
尼崎,13,20260726,9R,2,3434,B1,松尾　　宣邦,0,0,0.18,4.29,22.12,37.50,2.25,0.00,0.00,36,35.38,53.85,53,30.43,42.03,3R/1/.19/3 9R/6/.23/4,2R/4/.23/5,3R/3/.14/2 7R/2/.20/6,3R/4/.19/2,,,福岡,福岡,57,14:45,ＵＨＡ味覚糖杯,一般特選,最終日
尼崎,13,20260726,9R,3,5181,B1,森　　　智哉,0,0,0.16,5.10,28.57,51.95,4.11,11.11,33.33,13,40.00,51.43,36,52.38,61.90,4R/5/.13/6 10R/3/.13/6,5R/6/.10/5,1R/1/.14/1 6R/2/.20/2,9R/4/.19/2,,,岡山,岡山,28,14:45,ＵＨＡ味覚糖杯,一般特選,最終日
尼崎,13,20260726,9R,4,4263,B1,武重　　雄介,0,0,0.18,4.52,27.47,40.66,5.20,35.00,40.00,48,35.62,53.42,37,42.86,53.97,7R/1/.16/3,2R/3/.21/2 11R/6/.29/6,1R/4/.18/4,1R/2/.25/2 8R/5/.16/4,,,山口,山口,42,14:45,ＵＨＡ味覚糖杯,一般特選,最終日
尼崎,13,20260726,9R,5,4572,B1,渡部　　　悟,0,0,0.16,5.46,36.19,52.38,6.67,55.56,66.67,33,27.14,48.57,59,36.36,54.55,6R/6/.17/2 10R/2/.15/4,10R/6/.20/3,2R/1/.30/4 11R/4/.14/5,4R/5/.18/3,,,大阪,大阪,37,14:45,ＵＨＡ味覚糖杯,一般特選,最終日
尼崎,13,20260726,9R,6,4828,A1,松山　　将吾,1,0,0.15,7.01,51.52,70.71,5.89,33.33,55.56,12,52.11,69.01,56,45.31,50.00,3R/2/.11/1 12R/6/.19/6,12R/1/.18/4,2R/5/.08/2,3R/6/.12/5,,,滋賀,京都,31,14:45,ＵＨＡ味覚糖杯,一般特選,最終日
尼崎,13,20260726,10R,1,4822,A2,百武　　　翔,0,0,0.17,5.85,44.35,60.00,4.78,33.33,40.74,8,32.35,51.47,43,41.27,57.14,7R/4/.19/2,4R/5/.13/3 8R/1/.18/1,6R/4/.24/3 12R/6/.15/6,2R/2/.14/1 11R/5/.27/3,,,佐賀,佐賀,33,15:16,ＵＨＡ味覚糖杯,選抜戦,最終日
尼崎,13,20260726,10R,2,5091,B1,為本　　智也,0,0,0.17,6.38,49.06,66.04,7.63,62.50,100.00,47,19.67,40.98,42,35.38,55.38,3R/3/.09/2 11R/5/.06/4,4R/1/.13/1,1R/5/.17/3 10R/4/.15/5,6R/2/.14/2 10R/6/.07/3,,,福井,石川,25,15:16,ＵＨＡ味覚糖杯,選抜戦,最終日
尼崎,13,20260726,10R,3,4296,A2,岡崎　　恭裕,0,0,0.14,6.45,45.00,62.50,5.33,22.22,22.22,51,18.84,34.78,47,10.94,25.00,1R/3/.21/1 10R/4/.13/3,4R/2/.13/4 9R/6/.29/3,11R/1/.16/1,2R/5/.05/2 12R/2/.24/4,,,福岡,福岡,39,15:16,ＵＨＡ味覚糖杯,選抜戦,最終日
尼崎,13,20260726,10R,4,4363,A2,大野　　芳顕,0,0,0.17,5.52,36.36,55.37,5.20,30.00,30.00,59,17.54,31.58,12,26.15,41.54,4R/3/.12/3 11R/4/.11/5,8R/6/.31/3,2R/2/.13/1 8R/1/.19/1,5R/5/.18/4 10R/3/.09/5,,,福岡,福岡,41,15:16,ＵＨＡ味覚糖杯,選抜戦,最終日
尼崎,13,20260726,10R,5,5137,A2,川原　　　涼,0,0,0.17,5.20,35.29,52.94,4.60,30.00,50.00,15,37.31,49.25,21,43.48,53.62,8R/1/.19/1,3R/4/.10/1 11R/3/.18/2,5R/4/.09/4 11R/6/.16/6,3R/5/.12/4 11R/3/.28/6,,,愛知,愛知,26,15:16,ＵＨＡ味覚糖杯,選抜戦,最終日
尼崎,13,20260726,10R,6,3931,A2,黒崎　　竜也,0,0,0.15,5.92,39.13,56.52,5.40,33.33,56.67,44,35.21,53.52,18,35.94,59.38,8R/6/.22/4,6R/1/.13/4 11R/5/.23/4,3R/4/.04/1 10R/3/.13/2,6R/1/.15/1 12R/6/.14/6,,,三重,三重,50,15:16,ＵＨＡ味覚糖杯,選抜戦,最終日
尼崎,13,20260726,11R,1,5051,A1,松本　　純平,0,0,0.16,6.73,48.21,66.96,8.00,100.00,100.00,9,46.48,64.79,34,37.68,59.42,6R/1/.21/3 12R/4/.21/3,2R/5/.26/3 8R/2/.23/2,1R/3/.15/2 11R/5/.15/3,5R/1/.22/3 12R/3/.19/3,,,埼玉,兵庫,31,15:46,ＵＨＡ味覚糖杯,選抜戦,最終日
尼崎,13,20260726,11R,2,4732,A2,堀本　　和也,0,0,0.12,6.64,46.55,63.79,6.21,47.37,68.42,26,43.08,60.00,75,37.68,52.17,5R/2/.21/2 10R/6/.07/2,5R/3/.08/3 9R/1/.19/1,12R/5/.10/3,1R/3/.25/1 10R/2/.10/4,,,徳島,徳島,37,15:46,ＵＨＡ味覚糖杯,選抜戦,最終日
尼崎,13,20260726,11R,3,3572,B1,安田　　政彦,0,0,0.20,4.93,26.45,46.28,5.35,31.76,54.12,5,31.82,51.52,46,40.00,60.00,4R/1/.08/1,4R/6/.12/6 12R/2/.09/1,8R/3/.15/2,1R/5/.29/4 11R/2/.22/4,,,兵庫,大阪,54,15:46,ＵＨＡ味覚糖杯,選抜戦,最終日
尼崎,13,20260726,11R,4,4356,A2,長岡　　良也,0,0,0.18,5.28,35.82,53.73,5.88,38.00,64.00,2,35.71,54.29,19,31.88,50.72,9R/1/.16/1,1R/3/.21/2 11R/4/.23/3,5R/3/.10/5 10R/2/.19/3,4R/3/.16/2 12R/5/.15/5,,,兵庫,兵庫,42,15:46,ＵＨＡ味覚糖杯,選抜戦,最終日
尼崎,13,20260726,11R,5,4529,A1,嶋　　　義信,0,0,0.14,5.61,37.78,54.44,5.38,38.10,57.14,14,32.84,46.27,33,29.41,47.06,3R/5/.12/5 10R/1/.06/1,2R/2/.18/4 12R/5/.13/3,9R/3/.06/2,7R/1/.11/2 11R/6/.26/5,,,香川,香川,37,15:46,ＵＨＡ味覚糖杯,選抜戦,最終日
尼崎,13,20260726,11R,6,3912,B1,川原　　正明,0,0,0.15,5.91,42.59,57.41,4.04,15.38,34.62,61,36.92,49.23,26,44.12,52.94,2R/3/.16/2 10R/5/.05/5,7R/1/.21/1,4R/6/.02/6 12R/3/.19/4,8R/4/.09/1,,,福井,石川,52,15:46,ＵＨＡ味覚糖杯,選抜戦,最終日
尼崎,13,20260726,12R,1,4012,A2,中村　　有裕,0,0,0.16,6.12,45.92,58.16,6.73,45.45,81.82,18,40.58,62.32,35,32.86,51.43,6R/4/.13/1 11R/3/.06/1,10R/3/.19/2,4R/2/.06/1 9R/1/.01/1,7R/5/.06/1 12R/1/.11/1,,,滋賀,滋賀,46,16:23,ＵＨＡ味覚糖杯,優勝戦,最終日
尼崎,13,20260726,12R,2,4847,A1,佐藤　隆太郎,0,0,0.16,7.09,49.44,71.91,4.56,11.11,44.44,53,31.34,43.28,64,33.33,59.09,8R/4/.17/2 12R/1/.14/1,3R/5/.13/2 9R/3/.18/2,7R/5/.13/1 12R/2/.10/2,6R/4/.09/5 11R/1/.21/1,,,東京,東京,32,16:23,ＵＨＡ味覚糖杯,優勝戦,最終日
尼崎,13,20260726,12R,3,3473,A1,石川　　真二,0,0,0.14,6.27,47.58,65.32,6.55,36.36,90.91,54,41.79,50.75,74,41.79,50.75,7R/2/.11/1 12R/2/.15/4,5R/1/.04/1 10R/2/.24/5,5R/2/.12/1 12R/1/.13/1,4R/2/.16/1 10R/1/.06/1,,,福岡,福岡,56,16:23,ＵＨＡ味覚糖杯,優勝戦,最終日
尼崎,13,20260726,12R,4,5026,A1,安河内　　健,0,0,0.16,6.21,46.53,64.36,7.00,42.86,85.71,4,49.28,60.87,69,20.00,40.00,2R/2/.54/4 9R/5/.11/2,10R/1/.22/1,4R/5/.01/4 11R/2/.17/2,5R/3/.17/1 11R/4/.23/2,,,佐賀,佐賀,30,16:23,ＵＨＡ味覚糖杯,優勝戦,最終日
尼崎,13,20260726,12R,5,4384,A1,鶴本　　崇文,0,0,0.16,5.86,38.38,60.61,6.08,40.54,62.16,21,13.89,38.89,72,33.82,52.94,5R/5/.38/5 12R/3/.23/2,4R/4/.11/2 11R/1/.10/1,3R/6/.21/4 8R/2/.17/3,8R/1/.15/2 12R/4/.19/2,,,大阪,大阪,41,16:23,ＵＨＡ味覚糖杯,優勝戦,最終日
尼崎,13,20260726,12R,6,4089,A2,妹尾　　忠幸,0,0,0.16,6.16,41.07,64.29,6.70,50.00,80.00,23,60.29,72.06,50,21.74,46.38,5R/3/.26/4 11R/6/.11/3,7R/4/.23/2,6R/1/.21/1 10R/5/.21/4,3R/2/.18/3 10R/5/.08/2,,,岡山,岡山,45,16:23,ＵＨＡ味覚糖杯,優勝戦,最終日
鳴門,14,20260726,1R,1,3792,A1,田中　　　豪,0,0,0.16,6.00,42.17,62.65,5.74,36.84,57.89,63,32.14,62.50,52,36.21,53.45,9R/3/.14/3,8R/2/.16/1 12R/4/.11/6,3R/1/.17/2 9R/5/.18/6,8R/2/.15/2 12R/6/.12/3,,,東京,東京,53,08:46,にっぽん未来プロジェクト競走ｉｎ鳴門,とるならなると,５日目
鳴門,14,20260726,1R,2,4390,B1,松本　　弓雄,0,0,0.20,4.38,20.00,40.91,4.69,24.03,45.74,56,28.30,45.28,79,18.18,50.00,1R/3/.29/4 9R/5/.15/6,6R/2/.32/5,3R/5/.15/5 8R/6/.21/4,9R/1/.16/5,,,徳島,高知,40,08:46,にっぽん未来プロジェクト競走ｉｎ鳴門,とるならなると,５日目
鳴門,14,20260726,1R,3,3906,B1,飯山　　晃三,1,0,0.21,4.04,23.76,36.63,4.42,23.68,42.11,11,33.33,50.00,36,21.57,49.02,4R/3/.11/4,3R/3/.15/2 7R/5/.20/6,2R/1/.05/6,3R/4/.13/5 10R/5/.18/5,,,長崎,長崎,48,08:46,にっぽん未来プロジェクト競走ｉｎ鳴門,とるならなると,５日目
鳴門,14,20260726,1R,4,4176,B2,樋口　　喜彦,0,0,0.18,3.34,17.07,24.39,4.25,25.00,37.50,75,22.92,39.58,22,24.53,35.85,1R/2/.24/6 7R/5/.09/6,5R/3/.14/2,7R/1/.17/6,1R/6/.17/6 10R/3/.17/3,,,兵庫,大阪,43,08:46,にっぽん未来プロジェクト競走ｉｎ鳴門,とるならなると,５日目
鳴門,14,20260726,1R,5,3660,B1,長谷川　親王,0,0,0.19,3.18,9.72,19.44,3.52,13.64,25.00,13,25.53,46.81,25,22.00,40.00,7R/1/.12/1,2R/6/.21/4 9R/3/.14/5,5R/2/.20/2 9R/4/.17/5,6R/5/.15/3,,,香川,香川,57,08:46,にっぽん未来プロジェクト競走ｉｎ鳴門,とるならなると,５日目
鳴門,14,20260726,1R,6,5421,B2,原田　　朱理,0,0,0.24,1.31,1.96,1.96,0.00,0.00,0.00,76,33.33,50.00,75,46.15,69.23,1R/6/.39/5 6R/6/.22/6,5R/6/.26/6,6R/6/.23/6 10R/5/.11/3,5R/6/.21/5,,,兵庫,大阪,24,08:46,にっぽん未来プロジェクト競走ｉｎ鳴門,とるならなると,５日目
鳴門,14,20260726,2R,1,4121,A2,富永　　修一,0,0,0.14,5.99,46.15,59.34,5.52,33.33,57.14,19,34.62,55.77,78,29.63,38.89,2R/3/.12/1 9R/2/.08/1,2R/1/.09/5 11R/5/.12/4,6R/4/.09/3 11R/6/.17/4,7R/4/.18/4,,,福岡,福岡,44,09:12,にっぽん未来プロジェクト競走ｉｎ鳴門,どーなるなると,５日目
鳴門,14,20260726,2R,2,5366,B2,塩嶋　　泰空,0,0,0.19,1.34,1.47,2.94,1.04,0.00,0.00,81,25.00,37.50,81,34.48,56.90,3R/6/.15/6,2R/2/.10/6 8R/5/.13/6,6R/1/.12/1,3R/6/.17/6 8R/3/.21/6,,,福井,石川,24,09:12,にっぽん未来プロジェクト競走ｉｎ鳴門,どーなるなると,５日目
鳴門,14,20260726,2R,3,4483,A1,北野　　輝季,0,0,0.15,6.73,50.86,64.66,6.50,50.00,70.00,69,28.00,42.00,30,15.25,33.90,7R/4/.11/5 12R/2/.14/3,6R/3/.11/1 12R/1/.11/2,7R/6/.15/5,3R/1/.11/1 11R/5/.11/2,,,愛知,愛知,37,09:12,にっぽん未来プロジェクト競走ｉｎ鳴門,どーなるなると,５日目
鳴門,14,20260726,2R,4,4342,A2,谷野　　錬志,0,0,0.15,6.06,35.79,52.63,7.17,63.89,77.78,31,40.00,62.00,73,13.33,17.78,6R/5/.06/4 11R/2/.17/3,3R/4/.19/4,4R/6/.14/2 10R/3/.06/2,2R/3/.17/3 8R/1/.12/1,,,静岡,静岡,41,09:12,にっぽん未来プロジェクト競走ｉｎ鳴門,どーなるなると,５日目
鳴門,14,20260726,2R,5,4404,B1,岸蔭　　　亮,1,0,0.20,3.74,13.41,31.71,3.82,23.53,29.41,17,34.55,61.82,38,29.17,50.00,4R/6/.12/6 9R/1/.09/2,3R/6/.24/6,1R/2/.15/2 5R/4/.26/4,5R/3/.13/6,,,兵庫,兵庫,41,09:12,にっぽん未来プロジェクト競走ｉｎ鳴門,どーなるなると,５日目
鳴門,14,20260726,2R,6,3156,B1,金子　　良昭,0,0,0.17,4.49,26.37,40.66,4.00,25.00,25.00,39,14.00,36.00,55,33.33,39.22,2R/1/.13/5 10R/4/.12/6,6R/4/.07/4,1R/5/.15/5 9R/3/.13/3,4R/2/.21/6,,,静岡,静岡,61,09:12,にっぽん未来プロジェクト競走ｉｎ鳴門,どーなるなると,５日目
鳴門,14,20260726,3R,1,4794,A1,和田　　拓也,0,0,0.13,6.85,52.94,72.94,6.62,50.00,66.67,64,25.53,40.43,62,29.41,37.25,2R/2/.13/3 12R/5/.12/6,8R/3/.16/3,4R/1/.11/1 11R/4/.16/6,7R/6/.17/5 12R/2/.05/1,,,兵庫,兵庫,36,09:38,にっぽん未来プロジェクト競走ｉｎ鳴門,どきどきなると,５日目
鳴門,14,20260726,3R,2,4105,B1,松下　　直也,0,0,0.19,5.29,31.73,56.73,5.55,38.64,54.55,68,24.00,36.00,61,29.31,48.28,8R/4/.12/4,4R/2/.19/3 11R/4/.14/5,3R/6/.24/6,2R/1/.23/2 9R/5/.20/4,,,兵庫,兵庫,46,09:38,にっぽん未来プロジェクト競走ｉｎ鳴門,どきどきなると,５日目
鳴門,14,20260726,3R,3,5183,B1,中野　　孝二,0,0,0.17,4.92,32.00,48.00,0.00,0.00,0.00,14,44.44,59.26,31,29.41,50.98,3R/4/.14/5 10R/1/.07/2,8R/6/.15/4,7R/5/.11/3 11R/3/.13/2,5R/2/.11/1,,,三重,三重,27,09:38,にっぽん未来プロジェクト競走ｉｎ鳴門,どきどきなると,５日目
鳴門,14,20260726,3R,4,4523,A2,中村　　辰也,0,0,0.15,5.75,38.00,63.00,6.76,55.17,65.52,30,47.06,54.90,39,28.57,49.21,8R/1/.14/2,2R/5/.14/3 12R/2/.09/4,2R/6/.13/5 8R/3/.13/3,3R/2/.10/4 12R/5/.08/5,,,長崎,長崎,38,09:38,にっぽん未来プロジェクト競走ｉｎ鳴門,どきどきなると,５日目
鳴門,14,20260726,3R,5,5337,B1,出畑　　孝成,0,0,0.20,4.35,21.43,38.78,3.63,18.75,25.00,28,20.93,41.86,59,42.59,55.56,6R/4/.06/1,5R/4/.12/5 9R/6/.24/6,4R/5/.12/4 12R/4/.09/2,8R/6/.11/5,,,福岡,福岡,20,09:38,にっぽん未来プロジェクト競走ｉｎ鳴門,どきどきなると,５日目
鳴門,14,20260726,3R,6,2878,B1,富山　　弘幸,0,0,0.17,5.52,33.33,58.59,5.00,14.29,57.14,21,18.18,40.91,68,27.08,43.75,8R/6/.22/5,1R/4/.19/3 9R/1/.10/2,3R/3/.12/4,1R/3/.21/5 7R/5/.20/6,,,大阪,大阪,68,09:38,にっぽん未来プロジェクト競走ｉｎ鳴門,どきどきなると,５日目
鳴門,14,20260726,4R,1,4052,A2,興津　　　藍,0,0,0.16,5.62,37.70,53.28,5.95,41.61,59.73,80,25.86,39.66,23,34.62,48.08,1R/1/.21/1 11R/4/.18/2,4R/3/.16/5 10R/6/.19/4,9R/2/.11/2,5R/5/.19/3 11R/3/.07/3,,,徳島,兵庫,45,10:04,にっぽん未来プロジェクト競走ｉｎ鳴門,とにかくなると,５日目
鳴門,14,20260726,4R,2,5063,B1,大塚　　雅治,0,0,0.21,4.45,19.74,39.47,6.36,36.36,72.73,72,25.49,37.25,65,34.62,50.00,2R/6/.17/6 7R/3/.12/2,4R/4/.24/6,6R/2/.08/2,2R/5/.19/4 7R/1/.12/1,,,東京,神奈川,28,10:04,にっぽん未来プロジェクト競走ｉｎ鳴門,とにかくなると,５日目
鳴門,14,20260726,4R,3,5143,B1,常盤　　海心,0,0,0.19,4.02,19.30,37.72,3.98,15.38,39.56,84,22.00,48.00,71,23.40,38.30,6R/1/.12/3,1R/3/.17/2 8R/4/.15/5,5R/6/.21/5 12R/5/.15/6,1R/2/.19/2 9R/4/.17/3,,,徳島,徳島,25,10:04,にっぽん未来プロジェクト競走ｉｎ鳴門,とにかくなると,５日目
鳴門,14,20260726,4R,4,3692,B1,竹腰　　正樹,0,0,0.18,4.97,26.85,51.85,5.00,41.18,47.06,10,21.28,46.81,84,30.36,42.86,6R/3/.07/5,1R/5/.14/6 10R/2/.06/5,1R/4/.11/4 8R/1/.15/1,6R/6/.12/5,,,福井,石川,55,10:04,にっぽん未来プロジェクト競走ｉｎ鳴門,とにかくなると,５日目
鳴門,14,20260726,4R,5,4584,A1,村岡　　賢人,1,0,0.12,6.10,38.20,56.18,6.54,46.15,64.10,36,16.98,24.53,11,40.98,57.38,10R/3/.08/1,4R/1/.22/1 12R/5/.13/1,8R/4/.23/6 12R/2/.04/3,4R/6/.10/4 10R/2/.24/2,,,岡山,鳥取,36,10:04,にっぽん未来プロジェクト競走ｉｎ鳴門,とにかくなると,５日目
鳴門,14,20260726,4R,6,4736,A1,高倉　　和士,0,0,0.14,7.11,56.25,75.00,6.81,43.75,68.75,83,23.91,34.78,69,28.00,50.00,3R/1/.09/1 12R/4/.09/2,4R/6/.13/2 9R/2/.10/3,6R/3/.11/4 12R/1/.04/1,3R/5/.11/3,,,福岡,福岡,35,10:04,にっぽん未来プロジェクト競走ｉｎ鳴門,とにかくなると,５日目
鳴門,14,20260726,5R,1,4220,B1,深川　　和仁,0,0,0.18,4.92,33.00,40.00,4.00,21.43,35.71,20,32.00,50.00,26,37.25,56.86,5R/5/.14/3,7R/2/.16/2 12R/6/.10/5,2R/4/.04/4 10R/1/.11/1,4R/3/.15/3 8R/4/.16/4,,,香川,香川,44,10:30,にっぽん未来プロジェクト競走ｉｎ鳴門,一般,５日目
鳴門,14,20260726,5R,2,4154,B1,森安　　弘雅,0,0,0.20,5.19,37.08,53.93,4.38,15.38,53.85,57,44.90,59.18,53,49.06,62.26,2R/5/.16/2 8R/2/.18/6,9R/4/.17/1,1R/6/.21/6 7R/3/.13/2,5R/4/.19/4 10R/1/.21/1,,,香川,香川,46,10:30,にっぽん未来プロジェクト競走ｉｎ鳴門,一般,５日目
鳴門,14,20260726,5R,3,4081,B1,樋口　　範政,0,0,0.19,4.88,26.61,44.04,3.67,22.22,33.33,23,25.42,40.68,58,25.45,41.82,5R/1/.16/1 9R/4/.21/4,5R/5/.14/4 10R/3/.09/2,8R/5/.23/5,4R/4/.14/5 9R/2/.16/2,,,愛知,愛知,47,10:30,にっぽん未来プロジェクト競走ｉｎ鳴門,一般,５日目
鳴門,14,20260726,5R,4,4441,A2,末永　　由楽,0,0,0.14,5.67,33.06,53.23,0.00,0.00,0.00,74,28.57,48.98,35,22.22,31.48,3R/2/.08/3 9R/6/.25/5,6R/5/.07/3 11R/1/.06/1,2R/5/.05/2 12R/3/.03/5,9R/3/.11/1,,,岡山,岡山,39,10:30,にっぽん未来プロジェクト競走ｉｎ鳴門,一般,５日目
鳴門,14,20260726,5R,5,3569,B1,増田　　　進,0,0,0.18,4.15,18.68,34.07,3.58,15.79,26.32,34,32.14,44.64,21,40.74,51.85,1R/5/.26/2 10R/2/.09/4,4R/5/.23/4,4R/3/.11/6,1R/4/.15/3 6R/1/.11/2,,,東京,東京,55,10:30,にっぽん未来プロジェクト競走ｉｎ鳴門,一般,５日目
鳴門,14,20260726,5R,6,4391,A1,松田　　祐季,0,0,0.15,6.42,44.64,58.04,3.20,0.00,0.00,25,25.86,44.83,10,38.46,59.62,4R/1/.17/2 11R/5/.18/5,2R/3/.11/1 7R/3/.16/3,7R/2/.12/1 12R/6/.21/4,2R/2/.22/1,,,福井,福井,40,10:30,にっぽん未来プロジェクト競走ｉｎ鳴門,一般,５日目
鳴門,14,20260726,6R,1,4407,B1,鹿島　　敏弘,0,0,0.18,4.92,27.36,45.28,3.75,37.50,37.50,78,36.00,48.00,72,34.48,51.72,1R/4/.25/3,3R/5/.16/5 8R/1/.12/2,1R/3/.11/3 10R/6/.14/5,3R/3/.10/2 7R/2/.19/2,,,群馬,青森,40,10:59,にっぽん未来プロジェクト競走ｉｎ鳴門,一般,５日目
鳴門,14,20260726,6R,2,5172,B1,田村　　　慶,0,0,0.19,4.87,28.74,43.68,5.45,34.38,52.50,73,14.58,43.75,64,33.33,58.33,3R/3/.13/2 7R/6/.11/3,7R/1/.16/1,4R/4/.12/5 8R/2/.23/2,1R/5/.15/4 12R/4/.14/2,,,徳島,徳島,25,10:59,にっぽん未来プロジェクト競走ｉｎ鳴門,一般,５日目
鳴門,14,20260726,6R,3,4180,A2,上野　　秀和,0,0,0.17,5.41,31.07,53.40,4.38,25.00,31.25,38,40.00,60.00,51,32.73,52.73,10R/6/.18/5,5R/1/.17/1 12R/3/.10/3,5R/5/.17/3 10R/4/.14/6,6R/4/.17/6 11R/2/.14/4,,,福岡,福岡,43,10:59,にっぽん未来プロジェクト競走ｉｎ鳴門,一般,５日目
鳴門,14,20260726,6R,4,5421,B2,原田　　朱理,0,0,0.24,1.31,1.96,1.96,0.00,0.00,0.00,76,33.33,50.00,75,46.15,69.23,1R/6/.39/5 6R/6/.22/6,5R/6/.26/6,6R/6/.23/6 10R/5/.11/3,5R/6/.21/5,,,兵庫,大阪,24,10:59,にっぽん未来プロジェクト競走ｉｎ鳴門,一般,５日目
鳴門,14,20260726,6R,5,3906,B1,飯山　　晃三,1,0,0.21,4.04,23.76,36.63,4.42,23.68,42.11,11,33.33,50.00,36,21.57,49.02,4R/3/.11/4,3R/3/.15/2 7R/5/.20/6,2R/1/.05/6,3R/4/.13/5 10R/5/.18/5,,,長崎,長崎,48,10:59,にっぽん未来プロジェクト競走ｉｎ鳴門,一般,５日目
鳴門,14,20260726,6R,6,4713,A1,白神　　　優,0,0,0.14,6.55,45.45,65.29,6.07,41.38,62.07,26,22.03,38.98,33,60.00,68.00,12R/3/.14/5,11R/3/.13/2,1R/1/.13/1 6R/5/.16/5,4R/5/.09/2 11R/1/.09/1,,,岡山,岡山,35,10:59,にっぽん未来プロジェクト競走ｉｎ鳴門,一般,５日目
鳴門,14,20260726,7R,1,3156,B1,金子　　良昭,0,0,0.17,4.49,26.37,40.66,4.00,25.00,25.00,39,14.00,36.00,55,33.33,39.22,2R/1/.13/5 10R/4/.12/6,6R/4/.07/4,1R/5/.15/5 9R/3/.13/3,4R/2/.21/6,,,静岡,静岡,61,11:28,にっぽん未来プロジェクト競走ｉｎ鳴門,一般,５日目
鳴門,14,20260726,7R,2,4176,B2,樋口　　喜彦,0,0,0.18,3.34,17.07,24.39,4.25,25.00,37.50,75,22.92,39.58,22,24.53,35.85,1R/2/.24/6 7R/5/.09/6,5R/3/.14/2,7R/1/.17/6,1R/6/.17/6 10R/3/.17/3,,,兵庫,大阪,43,11:28,にっぽん未来プロジェクト競走ｉｎ鳴門,一般,５日目
鳴門,14,20260726,7R,3,3660,B1,長谷川　親王,0,0,0.19,3.18,9.72,19.44,3.52,13.64,25.00,13,25.53,46.81,25,22.00,40.00,7R/1/.12/1,2R/6/.21/4 9R/3/.14/5,5R/2/.20/2 9R/4/.17/5,6R/5/.15/3,,,香川,香川,57,11:28,にっぽん未来プロジェクト競走ｉｎ鳴門,一般,５日目
鳴門,14,20260726,7R,4,5337,B1,出畑　　孝成,0,0,0.20,4.35,21.43,38.78,3.63,18.75,25.00,28,20.93,41.86,59,42.59,55.56,6R/4/.06/1,5R/4/.12/5 9R/6/.24/6,4R/5/.12/4 12R/4/.09/2,8R/6/.11/5,,,福岡,福岡,20,11:28,にっぽん未来プロジェクト競走ｉｎ鳴門,一般,５日目
鳴門,14,20260726,7R,5,3563,B1,堤　　　　昇,0,0,0.15,5.50,33.63,56.64,4.79,26.32,47.37,32,28.57,57.14,34,25.81,45.16,4R/4/.13/3,2R/4/.11/2 10R/1/.07/1,2R/2/.03/1 11R/5/.14/3,2R/4/.19/5 11R/6/.14/5,,,静岡,静岡,56,11:28,にっぽん未来プロジェクト競走ｉｎ鳴門,一般,５日目
鳴門,14,20260726,7R,6,3257,A1,田頭　　　実,1,0,0.13,6.91,59.34,67.03,5.82,47.06,58.82,62,33.96,47.17,17,35.29,56.86,4R/2/.05/1,1R/1/.08/1 11R/2/.15/6,3R/2/.16/1 10R/2/.08/4,6R/2/.11/1,,,福岡,福岡,59,11:28,にっぽん未来プロジェクト競走ｉｎ鳴門,一般,５日目
鳴門,14,20260726,8R,1,2878,B1,富山　　弘幸,0,0,0.17,5.52,33.33,58.59,5.00,14.29,57.14,21,18.18,40.91,68,27.08,43.75,8R/6/.22/5,1R/4/.19/3 9R/1/.10/2,3R/3/.12/4,1R/3/.21/5 7R/5/.20/6,,,大阪,大阪,68,11:58,にっぽん未来プロジェクト競走ｉｎ鳴門,一般,５日目
鳴門,14,20260726,8R,2,3692,B1,竹腰　　正樹,0,0,0.18,4.97,26.85,51.85,5.00,41.18,47.06,10,21.28,46.81,84,30.36,42.86,6R/3/.07/5,1R/5/.14/6 10R/2/.06/5,1R/4/.11/4 8R/1/.15/1,6R/6/.12/5,,,福井,石川,55,11:58,にっぽん未来プロジェクト競走ｉｎ鳴門,一般,５日目
鳴門,14,20260726,8R,3,5063,B1,大塚　　雅治,0,0,0.21,4.45,19.74,39.47,6.36,36.36,72.73,72,25.49,37.25,65,34.62,50.00,2R/6/.17/6 7R/3/.12/2,4R/4/.24/6,6R/2/.08/2,2R/5/.19/4 7R/1/.12/1,,,東京,神奈川,28,11:58,にっぽん未来プロジェクト競走ｉｎ鳴門,一般,５日目
鳴門,14,20260726,8R,4,5366,B2,塩嶋　　泰空,0,0,0.19,1.34,1.47,2.94,1.04,0.00,0.00,81,25.00,37.50,81,34.48,56.90,3R/6/.15/6,2R/2/.10/6 8R/5/.13/6,6R/1/.12/1,3R/6/.17/6 8R/3/.21/6,,,福井,石川,24,11:58,にっぽん未来プロジェクト競走ｉｎ鳴門,一般,５日目
鳴門,14,20260726,8R,5,4390,B1,松本　　弓雄,0,0,0.20,4.38,20.00,40.91,4.69,24.03,45.74,56,28.30,45.28,79,18.18,50.00,1R/3/.29/4 9R/5/.15/6,6R/2/.32/5,3R/5/.15/5 8R/6/.21/4,9R/1/.16/5,,,徳島,高知,40,11:58,にっぽん未来プロジェクト競走ｉｎ鳴門,一般,５日目
鳴門,14,20260726,8R,6,4939,A1,宮之原　輝紀,0,0,0.14,7.06,51.02,63.27,7.12,60.00,72.00,77,26.92,48.08,83,32.00,40.00,8R/5/.13/1 12R/1/.11/1,7R/6/.16/5,5R/3/.16/1 11R/2/.13/1,1R/1/.15/1 8R/5/.10/3,,,東京,東京,28,11:58,にっぽん未来プロジェクト競走ｉｎ鳴門,一般,５日目
鳴門,14,20260726,9R,1,3655,B1,本橋　　克洋,1,0,0.17,4.95,26.92,47.12,4.26,21.74,39.13,29,53.33,60.00,60,32.65,57.14,3R/5/.10/4 8R/3/.13/3,6R/1/.18/2,4R/2/.17/3 9R/6/.21/4,7R/3/.17/3 11R/4/.16/6,,,群馬,群馬,52,12:27,にっぽん未来プロジェクト競走ｉｎ鳴門,一般,５日目
鳴門,14,20260726,9R,2,3569,B1,増田　　　進,0,0,0.18,4.15,18.68,34.07,3.58,15.79,26.32,34,32.14,44.64,21,40.74,51.85,1R/5/.26/2 10R/2/.09/4,4R/5/.23/4,4R/3/.11/6,1R/4/.15/3 6R/1/.11/2,,,東京,東京,55,12:27,にっぽん未来プロジェクト競走ｉｎ鳴門,一般,５日目
鳴門,14,20260726,9R,3,4404,B1,岸蔭　　　亮,1,0,0.20,3.74,13.41,31.71,3.82,23.53,29.41,17,34.55,61.82,38,29.17,50.00,4R/6/.12/6 9R/1/.09/2,3R/6/.24/6,1R/2/.15/2 5R/4/.26/4,5R/3/.13/6,,,兵庫,兵庫,41,12:27,にっぽん未来プロジェクト競走ｉｎ鳴門,一般,５日目
鳴門,14,20260726,9R,4,4428,A2,有賀　　達也,0,0,0.14,6.13,42.86,57.14,7.60,70.00,80.00,35,34.62,51.92,57,23.26,30.23,7R/2/.13/4 11R/6/.15/4,10R/5/.12/3,3R/4/.15/3 11R/1/.19/5,6R/3/.07/4 10R/4/.12/4,,,埼玉,埼玉,40,12:27,にっぽん未来プロジェクト競走ｉｎ鳴門,一般,５日目
鳴門,14,20260726,9R,5,4105,B1,松下　　直也,0,0,0.19,5.29,31.73,56.73,5.55,38.64,54.55,68,24.00,36.00,61,29.31,48.28,8R/4/.12/4,4R/2/.19/3 11R/4/.14/5,3R/6/.24/6,2R/1/.23/2 9R/5/.20/4,,,兵庫,兵庫,46,12:27,にっぽん未来プロジェクト競走ｉｎ鳴門,一般,５日目
鳴門,14,20260726,9R,6,4099,A2,吉永　　則雄,0,0,0.17,5.62,37.14,56.19,5.68,42.86,50.00,22,27.42,45.16,12,32.73,41.82,5R/3/.13/2 10R/5/.17/3,5R/2/.17/3 11R/6/.15/3,7R/4/.12/4,4R/1/.21/1 12R/3/.06/4,,,大阪,大阪,47,12:27,にっぽん未来プロジェクト競走ｉｎ鳴門,一般,５日目
鳴門,14,20260726,10R,1,4391,A1,松田　　祐季,0,0,0.15,6.42,44.64,58.04,3.20,0.00,0.00,25,25.86,44.83,10,38.46,59.62,4R/1/.17/2 11R/5/.18/5,2R/3/.11/1 7R/3/.16/3,7R/2/.12/1 12R/6/.21/4,2R/2/.22/1,,,福井,福井,40,13:05,にっぽん未来プロジェクト競走ｉｎ鳴門,準優勝戦,５日目
鳴門,14,20260726,10R,2,4584,A1,村岡　　賢人,1,0,0.12,6.10,38.20,56.18,6.54,46.15,64.10,36,16.98,24.53,11,40.98,57.38,10R/3/.08/1,4R/1/.22/1 12R/5/.13/1,8R/4/.23/6 12R/2/.04/3,4R/6/.10/4 10R/2/.24/2,,,岡山,鳥取,36,13:05,にっぽん未来プロジェクト競走ｉｎ鳴門,準優勝戦,５日目
鳴門,14,20260726,10R,3,4342,A2,谷野　　錬志,0,0,0.15,6.06,35.79,52.63,7.17,63.89,77.78,31,40.00,62.00,73,13.33,17.78,6R/5/.06/4 11R/2/.17/3,3R/4/.19/4,4R/6/.14/2 10R/3/.06/2,2R/3/.17/3 8R/1/.12/1,,,静岡,静岡,41,13:05,にっぽん未来プロジェクト競走ｉｎ鳴門,準優勝戦,５日目
鳴門,14,20260726,10R,4,4052,A2,興津　　　藍,0,0,0.16,5.62,37.70,53.28,5.95,41.61,59.73,80,25.86,39.66,23,34.62,48.08,1R/1/.21/1 11R/4/.18/2,4R/3/.16/5 10R/6/.19/4,9R/2/.11/2,5R/5/.19/3 11R/3/.07/3,,,徳島,兵庫,45,13:05,にっぽん未来プロジェクト競走ｉｎ鳴門,準優勝戦,５日目
鳴門,14,20260726,10R,5,4121,A2,富永　　修一,0,0,0.14,5.99,46.15,59.34,5.52,33.33,57.14,19,34.62,55.77,78,29.63,38.89,2R/3/.12/1 9R/2/.08/1,2R/1/.09/5 11R/5/.12/4,6R/4/.09/3 11R/6/.17/4,7R/4/.18/4,,,福岡,福岡,44,13:05,にっぽん未来プロジェクト競走ｉｎ鳴門,準優勝戦,５日目
鳴門,14,20260726,10R,6,4220,B1,深川　　和仁,0,0,0.18,4.92,33.00,40.00,4.00,21.43,35.71,20,32.00,50.00,26,37.25,56.86,5R/5/.14/3,7R/2/.16/2 12R/6/.10/5,2R/4/.04/4 10R/1/.11/1,4R/3/.15/3 8R/4/.16/4,,,香川,香川,44,13:05,にっぽん未来プロジェクト競走ｉｎ鳴門,準優勝戦,５日目
鳴門,14,20260726,11R,1,4736,A1,高倉　　和士,0,0,0.14,7.11,56.25,75.00,6.81,43.75,68.75,83,23.91,34.78,69,28.00,50.00,3R/1/.09/1 12R/4/.09/2,4R/6/.13/2 9R/2/.10/3,6R/3/.11/4 12R/1/.04/1,3R/5/.11/3,,,福岡,福岡,35,13:35,にっぽん未来プロジェクト競走ｉｎ鳴門,準優勝戦,５日目
鳴門,14,20260726,11R,2,4713,A1,白神　　　優,0,0,0.14,6.55,45.45,65.29,6.07,41.38,62.07,26,22.03,38.98,33,60.00,68.00,12R/3/.14/5,11R/3/.13/2,1R/1/.13/1 6R/5/.16/5,4R/5/.09/2 11R/1/.09/1,,,岡山,岡山,35,13:35,にっぽん未来プロジェクト競走ｉｎ鳴門,準優勝戦,５日目
鳴門,14,20260726,11R,3,5172,B1,田村　　　慶,0,0,0.19,4.87,28.74,43.68,5.45,34.38,52.50,73,14.58,43.75,64,33.33,58.33,3R/3/.13/2 7R/6/.11/3,7R/1/.16/1,4R/4/.12/5 8R/2/.23/2,1R/5/.15/4 12R/4/.14/2,,,徳島,徳島,25,13:35,にっぽん未来プロジェクト競走ｉｎ鳴門,準優勝戦,５日目
鳴門,14,20260726,11R,4,5183,B1,中野　　孝二,0,0,0.17,4.92,32.00,48.00,0.00,0.00,0.00,14,44.44,59.26,31,29.41,50.98,3R/4/.14/5 10R/1/.07/2,8R/6/.15/4,7R/5/.11/3 11R/3/.13/2,5R/2/.11/1,,,三重,三重,27,13:35,にっぽん未来プロジェクト競走ｉｎ鳴門,準優勝戦,５日目
鳴門,14,20260726,11R,5,4154,B1,森安　　弘雅,0,0,0.20,5.19,37.08,53.93,4.38,15.38,53.85,57,44.90,59.18,53,49.06,62.26,2R/5/.16/2 8R/2/.18/6,9R/4/.17/1,1R/6/.21/6 7R/3/.13/2,5R/4/.19/4 10R/1/.21/1,,,香川,香川,46,13:35,にっぽん未来プロジェクト競走ｉｎ鳴門,準優勝戦,５日目
鳴門,14,20260726,11R,6,4483,A1,北野　　輝季,0,0,0.15,6.73,50.86,64.66,6.50,50.00,70.00,69,28.00,42.00,30,15.25,33.90,7R/4/.11/5 12R/2/.14/3,6R/3/.11/1 12R/1/.11/2,7R/6/.15/5,3R/1/.11/1 11R/5/.11/2,,,愛知,愛知,37,13:35,にっぽん未来プロジェクト競走ｉｎ鳴門,準優勝戦,５日目
鳴門,14,20260726,12R,1,4939,A1,宮之原　輝紀,0,0,0.14,7.06,51.02,63.27,7.12,60.00,72.00,77,26.92,48.08,83,32.00,40.00,8R/5/.13/1 12R/1/.11/1,7R/6/.16/5,5R/3/.16/1 11R/2/.13/1,1R/1/.15/1 8R/5/.10/3,,,東京,東京,28,14:13,にっぽん未来プロジェクト競走ｉｎ鳴門,準優勝戦,５日目
鳴門,14,20260726,12R,2,3563,B1,堤　　　　昇,0,0,0.15,5.50,33.63,56.64,4.79,26.32,47.37,32,28.57,57.14,34,25.81,45.16,4R/4/.13/3,2R/4/.11/2 10R/1/.07/1,2R/2/.03/1 11R/5/.14/3,2R/4/.19/5 11R/6/.14/5,,,静岡,静岡,56,14:13,にっぽん未来プロジェクト競走ｉｎ鳴門,準優勝戦,５日目
鳴門,14,20260726,12R,3,4441,A2,末永　　由楽,0,0,0.14,5.67,33.06,53.23,0.00,0.00,0.00,74,28.57,48.98,35,22.22,31.48,3R/2/.08/3 9R/6/.25/5,6R/5/.07/3 11R/1/.06/1,2R/5/.05/2 12R/3/.03/5,9R/3/.11/1,,,岡山,岡山,39,14:13,にっぽん未来プロジェクト競走ｉｎ鳴門,準優勝戦,５日目
鳴門,14,20260726,12R,4,4794,A1,和田　　拓也,0,0,0.13,6.85,52.94,72.94,6.62,50.00,66.67,64,25.53,40.43,62,29.41,37.25,2R/2/.13/3 12R/5/.12/6,8R/3/.16/3,4R/1/.11/1 11R/4/.16/6,7R/6/.17/5 12R/2/.05/1,,,兵庫,兵庫,36,14:13,にっぽん未来プロジェクト競走ｉｎ鳴門,準優勝戦,５日目
鳴門,14,20260726,12R,5,3792,A1,田中　　　豪,0,0,0.16,6.00,42.17,62.65,5.74,36.84,57.89,63,32.14,62.50,52,36.21,53.45,9R/3/.14/3,8R/2/.16/1 12R/4/.11/6,3R/1/.17/2 9R/5/.18/6,8R/2/.15/2 12R/6/.12/3,,,東京,東京,53,14:13,にっぽん未来プロジェクト競走ｉｎ鳴門,準優勝戦,５日目
鳴門,14,20260726,12R,6,4407,B1,鹿島　　敏弘,0,0,0.18,4.92,27.36,45.28,3.75,37.50,37.50,78,36.00,48.00,72,34.48,51.72,1R/4/.25/3,3R/5/.16/5 8R/1/.12/2,1R/3/.11/3 10R/6/.14/5,3R/3/.10/2 7R/2/.19/2,,,群馬,青森,40,14:13,にっぽん未来プロジェクト競走ｉｎ鳴門,準優勝戦,５日目
宮島,17,20260726,1R,1,4706,A2,三浦　洋次朗,1,0,0.17,5.72,41.60,54.40,5.00,20.00,40.00,67,34.67,55.28,12,36.26,49.45,9R/5/.20/4,4R/3/.24/6 10R/5/.11/6,,,,,愛知,愛知,37,10:56,第１６回みやじマリンカップ,ファーストＢ,３日目
宮島,17,20260726,1R,2,4555,B1,富永　　大一,0,0,0.18,5.23,33.33,51.22,6.32,48.39,64.52,55,38.50,58.00,20,32.16,49.71,2R/1/.11/5 10R/5/.16/3,3R/6/.35/4,,,,,福岡,福岡,37,10:56,第１６回みやじマリンカップ,ファーストＢ,３日目
宮島,17,20260726,1R,3,4565,B1,西村　　豪洋,0,0,0.18,3.94,12.87,33.66,0.00,0.00,0.00,39,33.68,52.85,57,36.41,54.35,2R/4/.17/6 8R/5/.22/5,6R/1/.16/5,,,,,愛知,愛知,38,10:56,第１６回みやじマリンカップ,ファーストＢ,３日目
宮島,17,20260726,1R,4,5020,B1,宮村　　勇哉,0,0,0.18,4.77,27.47,48.35,3.13,12.50,12.50,20,29.57,51.08,32,34.50,51.50,1R/5/.36/3 9R/1/.09/5,8R/3/.12/1,,,,,三重,三重,34,10:56,第１６回みやじマリンカップ,ファーストＢ,３日目
宮島,17,20260726,1R,5,3757,A2,畑　　　和宏,0,0,0.16,5.47,34.67,58.67,5.62,38.46,58.46,29,30.68,51.14,71,31.43,44.76,6R/2/.18/5 11R/3/.05/5,2R/5/.19/2 7R/4/.07/2,,,,,広島,広島,54,10:56,第１６回みやじマリンカップ,ファーストＢ,３日目
宮島,17,20260726,1R,6,5420,B2,吉原　　快誓,0,0,0.17,2.04,0.00,8.82,0.80,0.00,0.00,60,36.59,55.12,70,28.36,38.06,3R/5/.24/6 8R/6/.12/2,5R/4/.30/6,,,,,長崎,長崎,20,10:56,第１６回みやじマリンカップ,ファーストＢ,３日目
宮島,17,20260726,2R,1,4708,B1,半田　　尚也,1,0,0.18,3.81,13.51,25.68,4.73,25.00,48.21,58,43.81,57.73,51,37.50,54.33,8R/3/.20/3,5R/5/.30/4,,,,,広島,広島,37,11:37,第１６回みやじマリンカップ,予選,３日目
宮島,17,20260726,2R,2,4638,B1,小林　　遼太,0,0,0.18,5.43,34.62,57.69,0.00,0.00,0.00,36,33.17,48.24,23,33.33,56.90,3R/3/.33/5 11R/4/.25/3,7R/6/.11/4,,,,,福岡,福岡,35,11:37,第１６回みやじマリンカップ,予選,３日目
宮島,17,20260726,2R,3,4835,B1,橋本　　　明,0,0,0.15,5.01,25.96,50.00,5.06,23.44,50.00,66,43.18,56.25,29,46.89,59.81,8R/1/.19/1,1R/2/.16/4 10R/4/.09/3,,,,,広島,広島,38,11:37,第１６回みやじマリンカップ,予選,３日目
宮島,17,20260726,2R,4,4422,B1,永井　　亮次,0,0,0.18,4.29,25.88,38.82,5.14,46.43,50.00,21,41.84,59.69,35,38.78,55.61,2R/6/.22/4 9R/3/.07/3,7R/3/.03/5,,,,,大阪,大阪,37,11:37,第１６回みやじマリンカップ,予選,３日目
宮島,17,20260726,2R,5,5336,B1,瀬川　　大地,1,0,0.15,3.53,14.14,25.25,1.47,0.00,0.00,81,32.58,48.88,16,40.10,56.93,1R/4/.35/4 6R/6/.16/6,4R/2/.22/2,,,,,山口,山口,20,11:37,第１６回みやじマリンカップ,予選,３日目
宮島,17,20260726,2R,6,4405,B1,南野　　利騰,0,0,0.16,4.69,22.34,41.49,0.00,0.00,0.00,18,36.13,54.45,24,31.22,49.74,4R/3/.18/6 9R/6/.15/6,8R/4/.14/4,,,,,福井,石川,41,11:37,第１６回みやじマリンカップ,予選,３日目
宮島,17,20260726,3R,1,3211,B1,北川　　敏弘,0,0,0.18,4.20,16.00,32.00,3.22,11.11,16.67,16,35.96,52.81,65,32.50,50.50,4R/6/.21/4 10R/2/.14/6,6R/5/.11/4,,,,,佐賀,佐賀,64,12:02,第１６回みやじマリンカップ,予選,３日目
宮島,17,20260726,3R,2,4191,A1,赤羽　　克也,0,0,0.16,6.28,48.60,64.49,5.33,33.33,40.00,30,41.21,59.30,63,37.76,55.61,5R/4/.15/4 11R/1/.06/1,10R/3/.12/2,,,,,埼玉,埼玉,45,12:02,第１６回みやじマリンカップ,予選,３日目
宮島,17,20260726,3R,3,4715,A1,村上　　　遼,0,0,0.15,6.04,36.11,59.72,6.47,46.88,53.13,11,37.50,52.60,55,24.84,45.86,2R/2/.08/2 12R/5/.11/4,4R/1/.16/1 11R/4/.14/1,,,,,長崎,長崎,34,12:02,第１６回みやじマリンカップ,予選,３日目
宮島,17,20260726,3R,4,4930,A2,佐藤　　　悠,0,0,0.16,5.95,39.42,58.65,5.41,29.63,51.85,57,37.63,56.19,81,28.47,49.31,7R/3/.18/2,5R/2/.11/1 12R/6/.18/3,,,,,福井,石川,30,12:02,第１６回みやじマリンカップ,予選,３日目
宮島,17,20260726,3R,5,4982,B1,中村　　将隆,1,0,0.15,4.66,27.14,48.57,6.91,63.64,81.82,13,26.09,44.72,78,40.31,58.64,6R/1/.15/1,1R/3/.17/5 6R/6/.19/1,,,,,兵庫,兵庫,29,12:02,第１６回みやじマリンカップ,予選,３日目
宮島,17,20260726,3R,6,4866,B1,橋本　　英一,0,0,0.17,3.99,15.79,34.21,6.00,45.45,63.64,78,29.47,45.79,75,30.61,51.02,1R/3/.31/1 7R/5/.21/5,7R/2/.04/3,,,,,福岡,福岡,36,12:02,第１６回みやじマリンカップ,予選,３日目
宮島,17,20260726,4R,1,4446,A1,和田　　兼輔,1,0,0.13,6.81,49.55,68.47,7.17,58.62,79.31,38,49.02,66.67,33,26.09,39.86,7R/4/.19/3 12R/2/.10/3,8R/5/.25/3,,,,,兵庫,兵庫,39,12:34,第１６回みやじマリンカップ,ランチ特賞,３日目
宮島,17,20260726,4R,2,4672,B1,守屋　　大地,0,0,0.18,4.35,24.76,35.24,5.04,26.92,50.00,82,31.28,46.93,68,36.04,48.22,3R/6/.21/1 9R/4/.16/1,4R/4/.17/5,,,,,岡山,岡山,40,12:34,第１６回みやじマリンカップ,ランチ特賞,３日目
宮島,17,20260726,4R,3,4066,A2,東本　　勝利,0,0,0.18,6.18,41.38,66.38,7.27,54.55,81.82,72,45.26,63.16,76,35.35,55.56,10R/4/.12/1,4R/5/.12/4 12R/2/.27/6,,,,,三重,三重,46,12:34,第１６回みやじマリンカップ,ランチ特賞,３日目
宮島,17,20260726,4R,4,3776,B1,横井　　健太,0,0,0.20,3.47,11.83,22.58,3.00,13.33,20.00,17,43.65,61.42,38,34.33,56.22,7R/2/.41/4,3R/5/.40/5 9R/1/.20/4,,,,,愛知,愛知,51,12:34,第１６回みやじマリンカップ,ランチ特賞,３日目
宮島,17,20260726,4R,5,4094,B1,中島　　真二,0,0,0.18,4.97,33.33,46.67,4.42,21.05,36.84,65,41.09,51.98,21,34.00,49.50,4R/2/.24/5,2R/1/.26/3 9R/4/.20/3,,,,,福岡,福岡,45,12:34,第１６回みやじマリンカップ,ランチ特賞,３日目
宮島,17,20260726,4R,6,4109,A2,谷津　　幸宏,1,0,0.13,5.50,32.28,55.12,5.10,30.00,50.00,24,33.33,49.15,77,34.31,50.98,2R/3/.09/1 7R/1/.21/1,2R/4/.18/1 12R/5/.13/1,,,,,埼玉,埼玉,46,12:34,第１６回みやじマリンカップ,ランチ特賞,３日目
宮島,17,20260726,5R,1,4580,B1,長谷川　雅和,0,0,0.17,5.62,38.20,59.55,3.90,30.00,30.00,79,35.00,53.33,56,32.32,46.97,6R/4/.15/3,5R/6/.31/5 10R/2/.11/1,,,,,岡山,岡山,37,13:13,第１６回みやじマリンカップ,予選,３日目
宮島,17,20260726,5R,2,4904,B1,松本　　一毅,0,0,0.17,5.30,34.40,51.20,5.25,30.56,55.56,70,36.21,49.43,58,37.56,54.63,3R/1/.28/3,2R/3/.27/4 11R/5/.19/5,,,,,大阪,大阪,31,13:13,第１６回みやじマリンカップ,予選,３日目
宮島,17,20260726,5R,3,3777,A2,樋口　　　亮,1,0,0.17,5.79,40.71,54.87,5.10,38.10,42.86,59,31.05,46.32,34,28.57,46.10,1R/1/.36/5 11R/5/.15/6,6R/4/.09/2,,,,,長崎,長崎,50,13:13,第１６回みやじマリンカップ,予選,３日目
宮島,17,20260726,5R,4,4179,A2,広次　　　修,0,0,0.15,5.38,33.65,55.77,5.82,45.45,54.55,54,35.38,56.41,26,26.67,48.67,2R/5/.18/3 11R/2/.09/2,3R/3/.22/3 8R/1/.14/2,,,,,山口,山口,43,13:13,第１６回みやじマリンカップ,予選,３日目
宮島,17,20260726,5R,5,4703,A1,森永　　　隆,0,0,0.16,6.90,60.00,71.82,5.56,29.63,48.15,33,34.69,50.51,64,29.77,49.77,5R/2/.13/3 12R/4/.18/6,7R/1/.05/1 12R/3/.28/4,,,,,山口,山口,38,13:13,第１６回みやじマリンカップ,予選,３日目
宮島,17,20260726,5R,6,5457,B2,山田　　陽翔,0,0,,1.07,0.00,0.00,0.00,0.00,0.00,56,34.04,51.06,14,30.23,47.09,5R/6/.29/6,2R/6/.25/6 8R/6/.41/6,,,,,長崎,長崎,20,13:13,第１６回みやじマリンカップ,予選,３日目
宮島,17,20260726,6R,1,3976,B1,内田　　　圭,0,0,0.17,3.38,15.56,24.44,3.64,27.27,31.82,51,37.31,54.92,61,35.08,54.45,8R/4/.24/4,2R/2/.27/5 10R/6/.11/5,,,,,山口,山口,49,13:42,第１６回みやじマリンカップ,予選,３日目
宮島,17,20260726,6R,2,3574,A1,大神　　康司,0,0,0.16,6.17,48.54,64.08,5.62,42.86,57.14,23,31.87,51.10,13,34.10,52.60,9R/2/.11/2,6R/3/.18/6 11R/1/.14/2,,,,,福岡,福岡,53,13:42,第１６回みやじマリンカップ,予選,３日目
宮島,17,20260726,6R,3,4555,B1,富永　　大一,0,0,0.18,5.23,33.33,51.22,6.32,48.39,64.52,55,38.50,58.00,20,32.16,49.71,2R/1/.11/5 10R/5/.16/3,3R/6/.35/4,,,,,福岡,福岡,37,13:42,第１６回みやじマリンカップ,予選,３日目
宮島,17,20260726,6R,4,4786,A1,佐藤　　博亮,0,0,0.14,6.63,54.48,69.40,7.33,61.90,66.67,73,27.33,46.00,18,35.50,52.07,3R/2/.35/4 12R/6/.09/5,6R/2/.14/3 12R/1/.19/5,,,,,愛知,愛知,38,13:42,第１６回みやじマリンカップ,予選,３日目
宮島,17,20260726,6R,5,4215,A2,吉島　　祥之,0,0,0.16,5.27,31.53,51.35,6.33,42.86,71.43,27,30.98,46.74,30,27.50,46.88,5R/3/.16/5 10R/6/.19/2,9R/2/.18/5,,,,,愛知,愛知,41,13:42,第１６回みやじマリンカップ,予選,３日目
宮島,17,20260726,6R,6,5448,B2,福田　　柊人,0,0,,1.16,0.00,0.00,0.00,0.00,0.00,35,27.65,45.88,22,34.30,50.72,7R/6/.21/6,1R/6/.34/6 9R/6/.11/6,,,,,山口,山口,23,13:42,第１６回みやじマリンカップ,予選,３日目
宮島,17,20260726,7R,1,4943,B1,八木　　治樹,0,0,0.15,4.30,17.50,31.25,0.00,0.00,0.00,71,33.91,52.30,79,30.46,44.83,6R/3/.11/2,1R/5/.20/2 8R/2/.10/5,,,,,愛知,愛知,35,14:11,第１６回みやじマリンカップ,予選,３日目
宮島,17,20260726,7R,2,4600,A1,井内　将太郎,1,0,0.12,6.39,46.00,69.00,6.98,53.21,72.44,52,32.84,53.43,36,32.71,48.60,4R/1/.20/3 12R/3/.11/1,9R/5/.13/1,,,,,広島,広島,41,14:11,第１６回みやじマリンカップ,予選,３日目
宮島,17,20260726,7R,3,3833,A2,中辻　　博訓,0,0,0.13,6.24,46.43,63.57,7.25,62.50,79.17,32,43.46,57.59,53,31.25,47.60,3R/4/.22/2 10R/1/.11/5,3R/2/.20/2 11R/6/.10/4,,,,,福井,福井,51,14:11,第１６回みやじマリンカップ,予選,３日目
宮島,17,20260726,7R,4,5420,B2,吉原　　快誓,0,0,0.17,2.04,0.00,8.82,0.80,0.00,0.00,60,36.59,55.12,70,28.36,38.06,3R/5/.24/6 8R/6/.12/2,5R/4/.30/6,,,,,長崎,長崎,20,14:11,第１６回みやじマリンカップ,予選,３日目
宮島,17,20260726,7R,5,4638,B1,小林　　遼太,0,0,0.18,5.43,34.62,57.69,0.00,0.00,0.00,36,33.17,48.24,23,33.33,56.90,3R/3/.33/5 11R/4/.25/3,7R/6/.11/4,,,,,福岡,福岡,35,14:11,第１６回みやじマリンカップ,予選,３日目
宮島,17,20260726,7R,6,4674,B1,池田　　剛規,0,0,0.15,5.14,30.63,47.75,6.13,39.13,78.26,15,34.20,51.30,69,29.21,50.56,5R/5/.23/2,3R/1/.14/1 12R/4/.16/2,,,,,福岡,福岡,38,14:11,第１６回みやじマリンカップ,予選,３日目
宮島,17,20260726,8R,1,3757,A2,畑　　　和宏,0,0,0.16,5.47,34.67,58.67,5.62,38.46,58.46,29,30.68,51.14,71,31.43,44.76,6R/2/.18/5 11R/3/.05/5,2R/5/.19/2 7R/4/.07/2,,,,,広島,広島,54,14:38,第１６回みやじマリンカップ,予選,３日目
宮島,17,20260726,8R,2,4161,B1,黒柳　　浩孝,0,0,0.16,5.34,34.38,52.34,6.17,39.13,73.91,25,40.20,58.33,54,28.64,45.15,1R/6/.33/2 10R/3/.22/4,5R/1/.14/3,,,,,愛知,愛知,44,14:38,第１６回みやじマリンカップ,予選,３日目
宮島,17,20260726,8R,3,5336,B1,瀬川　　大地,1,0,0.15,3.53,14.14,25.25,1.47,0.00,0.00,81,32.58,48.88,16,40.10,56.93,1R/4/.35/4 6R/6/.16/6,4R/2/.22/2,,,,,山口,山口,20,14:38,第１６回みやじマリンカップ,予選,３日目
宮島,17,20260726,8R,4,4652,B1,酒見　　峻介,0,0,0.17,4.54,21.18,38.82,5.60,30.00,60.00,53,30.93,42.78,31,27.39,43.31,5R/1/.25/1,4R/6/.13/3 9R/3/.12/2,,,,,佐賀,兵庫,41,14:38,第１６回みやじマリンカップ,予選,３日目
宮島,17,20260726,8R,5,4930,A2,佐藤　　　悠,0,0,0.16,5.95,39.42,58.65,5.41,29.63,51.85,57,37.63,56.19,81,28.47,49.31,7R/3/.18/2,5R/2/.11/1 12R/6/.18/3,,,,,福井,石川,30,14:38,第１６回みやじマリンカップ,予選,３日目
宮島,17,20260726,8R,6,3891,B1,谷口　　健一,0,0,0.18,3.55,14.56,25.24,5.14,28.57,42.86,34,37.99,55.31,67,35.24,57.14,8R/2/.31/6,1R/4/.09/1 7R/5/.08/6,,,,,福井,福井,50,14:38,第１６回みやじマリンカップ,予選,３日目
宮島,17,20260726,9R,1,4066,A2,東本　　勝利,0,0,0.18,6.18,41.38,66.38,7.27,54.55,81.82,72,45.26,63.16,76,35.35,55.56,10R/4/.12/1,4R/5/.12/4 12R/2/.27/6,,,,,三重,三重,46,15:09,第１６回みやじマリンカップ,予選,３日目
宮島,17,20260726,9R,2,4405,B1,南野　　利騰,0,0,0.16,4.69,22.34,41.49,0.00,0.00,0.00,18,36.13,54.45,24,31.22,49.74,4R/3/.18/6 9R/6/.15/6,8R/4/.14/4,,,,,福井,石川,41,15:09,第１６回みやじマリンカップ,予選,３日目
宮島,17,20260726,9R,3,4299,B1,中島　　浩哉,0,0,0.15,4.33,18.75,38.75,2.88,6.25,18.75,37,42.63,57.37,73,35.92,52.91,4R/5/.18/2,3R/4/.20/6 10R/1/.20/4,,,,,長崎,長崎,43,15:09,第１６回みやじマリンカップ,予選,３日目
宮島,17,20260726,9R,4,4866,B1,橋本　　英一,0,0,0.17,3.99,15.79,34.21,6.00,45.45,63.64,78,29.47,45.79,75,30.61,51.02,1R/3/.31/1 7R/5/.21/5,7R/2/.04/3,,,,,福岡,福岡,36,15:09,第１６回みやじマリンカップ,予選,３日目
宮島,17,20260726,9R,5,4351,A1,里岡　　右貴,1,0,0.13,6.92,52.05,71.92,7.11,53.57,64.29,63,31.38,46.28,59,34.52,51.78,6R/5/.09/4 12R/1/.13/2,5R/3/.15/2 11R/2/.12/3,,,,,福岡,福岡,40,15:09,第１６回みやじマリンカップ,予選,３日目
宮島,17,20260726,9R,6,4565,B1,西村　　豪洋,0,0,0.18,3.94,12.87,33.66,0.00,0.00,0.00,39,33.68,52.85,57,36.41,54.35,2R/4/.17/6 8R/5/.22/5,6R/1/.16/5,,,,,愛知,愛知,38,15:09,第１６回みやじマリンカップ,予選,３日目
宮島,17,20260726,10R,1,4672,B1,守屋　　大地,0,0,0.18,4.35,24.76,35.24,5.04,26.92,50.00,82,31.28,46.93,68,36.04,48.22,3R/6/.21/1 9R/4/.16/1,4R/4/.17/5,,,,,岡山,岡山,40,15:39,第１６回みやじマリンカップ,特賞,３日目
宮島,17,20260726,10R,2,4276,A2,鈴木　　勝博,0,0,0.16,5.72,40.57,55.66,6.29,53.57,60.71,61,35.79,50.00,37,36.87,54.55,4R/4/.15/1 11R/6/.16/4,1R/1/.21/3 11R/3/.23/6,,,,,愛知,愛知,43,15:39,第１６回みやじマリンカップ,特賞,３日目
宮島,17,20260726,10R,3,3211,B1,北川　　敏弘,0,0,0.18,4.20,16.00,32.00,3.22,11.11,16.67,16,35.96,52.81,65,32.50,50.50,4R/6/.21/4 10R/2/.14/6,6R/5/.11/4,,,,,佐賀,佐賀,64,15:39,第１６回みやじマリンカップ,特賞,３日目
宮島,17,20260726,10R,4,3777,A2,樋口　　　亮,1,0,0.17,5.79,40.71,54.87,5.10,38.10,42.86,59,31.05,46.32,34,28.57,46.10,1R/1/.36/5 11R/5/.15/6,6R/4/.09/2,,,,,長崎,長崎,50,15:39,第１６回みやじマリンカップ,特賞,３日目
宮島,17,20260726,10R,5,4835,B1,橋本　　　明,0,0,0.15,5.01,25.96,50.00,5.06,23.44,50.00,66,43.18,56.25,29,46.89,59.81,8R/1/.19/1,1R/2/.16/4 10R/4/.09/3,,,,,広島,広島,38,15:39,第１６回みやじマリンカップ,特賞,３日目
宮島,17,20260726,10R,6,5020,B1,宮村　　勇哉,0,0,0.18,4.77,27.47,48.35,3.13,12.50,12.50,20,29.57,51.08,32,34.50,51.50,1R/5/.36/3 9R/1/.09/5,8R/3/.12/1,,,,,三重,三重,34,15:39,第１６回みやじマリンカップ,特賞,３日目
宮島,17,20260726,11R,1,4703,A1,森永　　　隆,0,0,0.16,6.90,60.00,71.82,5.56,29.63,48.15,33,34.69,50.51,64,29.77,49.77,5R/2/.13/3 12R/4/.18/6,7R/1/.05/1 12R/3/.28/4,,,,,山口,山口,38,16:13,第１６回みやじマリンカップ,特選,３日目
宮島,17,20260726,11R,2,4706,A2,三浦　洋次朗,1,0,0.17,5.72,41.60,54.40,5.00,20.00,40.00,67,34.67,55.28,12,36.26,49.45,9R/5/.20/4,4R/3/.24/6 10R/5/.11/6,,,,,愛知,愛知,37,16:13,第１６回みやじマリンカップ,特選,３日目
宮島,17,20260726,11R,3,4446,A1,和田　　兼輔,1,0,0.13,6.81,49.55,68.47,7.17,58.62,79.31,38,49.02,66.67,33,26.09,39.86,7R/4/.19/3 12R/2/.10/3,8R/5/.25/3,,,,,兵庫,兵庫,39,16:13,第１６回みやじマリンカップ,特選,３日目
宮島,17,20260726,11R,4,4215,A2,吉島　　祥之,0,0,0.16,5.27,31.53,51.35,6.33,42.86,71.43,27,30.98,46.74,30,27.50,46.88,5R/3/.16/5 10R/6/.19/2,9R/2/.18/5,,,,,愛知,愛知,41,16:13,第１６回みやじマリンカップ,特選,３日目
宮島,17,20260726,11R,5,4422,B1,永井　　亮次,0,0,0.18,4.29,25.88,38.82,5.14,46.43,50.00,21,41.84,59.69,35,38.78,55.61,2R/6/.22/4 9R/3/.07/3,7R/3/.03/5,,,,,大阪,大阪,37,16:13,第１６回みやじマリンカップ,特選,３日目
宮島,17,20260726,11R,6,4191,A1,赤羽　　克也,0,0,0.16,6.28,48.60,64.49,5.33,33.33,40.00,30,41.21,59.30,63,37.76,55.61,5R/4/.15/4 11R/1/.06/1,10R/3/.12/2,,,,,埼玉,埼玉,45,16:13,第１６回みやじマリンカップ,特選,３日目
宮島,17,20260726,12R,1,4715,A1,村上　　　遼,0,0,0.15,6.04,36.11,59.72,6.47,46.88,53.13,11,37.50,52.60,55,24.84,45.86,2R/2/.08/2 12R/5/.11/4,4R/1/.16/1 11R/4/.14/1,,,,,長崎,長崎,34,16:53,第１６回みやじマリンカップ,特選,３日目
宮島,17,20260726,12R,2,4109,A2,谷津　　幸宏,1,0,0.13,5.50,32.28,55.12,5.10,30.00,50.00,24,33.33,49.15,77,34.31,50.98,2R/3/.09/1 7R/1/.21/1,2R/4/.18/1 12R/5/.13/1,,,,,埼玉,埼玉,46,16:53,第１６回みやじマリンカップ,特選,３日目
宮島,17,20260726,12R,3,3574,A1,大神　　康司,0,0,0.16,6.17,48.54,64.08,5.62,42.86,57.14,23,31.87,51.10,13,34.10,52.60,9R/2/.11/2,6R/3/.18/6 11R/1/.14/2,,,,,福岡,福岡,53,16:53,第１６回みやじマリンカップ,特選,３日目
宮島,17,20260726,12R,4,4600,A1,井内　将太郎,1,0,0.12,6.39,46.00,69.00,6.98,53.21,72.44,52,32.84,53.43,36,32.71,48.60,4R/1/.20/3 12R/3/.11/1,9R/5/.13/1,,,,,広島,広島,41,16:53,第１６回みやじマリンカップ,特選,３日目
宮島,17,20260726,12R,5,4161,B1,黒柳　　浩孝,0,0,0.16,5.34,34.38,52.34,6.17,39.13,73.91,25,40.20,58.33,54,28.64,45.15,1R/6/.33/2 10R/3/.22/4,5R/1/.14/3,,,,,愛知,愛知,44,16:53,第１６回みやじマリンカップ,特選,３日目
宮島,17,20260726,12R,6,4179,A2,広次　　　修,0,0,0.15,5.38,33.65,55.77,5.82,45.45,54.55,54,35.38,56.41,26,26.67,48.67,2R/5/.18/3 11R/2/.09/2,3R/3/.22/3 8R/1/.14/2,,,,,山口,山口,43,16:53,第１６回みやじマリンカップ,特選,３日目
芦屋,21,20260726,1R,1,4376,A2,藤田　　靖弘,0,0,0.15,5.87,44.09,56.69,5.33,37.50,50.00,45,30.26,51.32,169,28.57,52.38,8R/5/.13/6,2R/1/.13/1 11R/4/.13/3,6R/3/.11/5 11R/6/.11/5,,,,静岡,静岡,42,08:32,福岡ソフトバンクホークス杯,サンライズＶ戦,４日目
芦屋,21,20260726,1R,2,4562,B1,阪本　　勇介,0,0,0.19,4.87,24.30,43.93,4.04,15.38,38.46,22,41.67,56.67,163,33.87,46.77,5R/2/.20/6,2R/5/.16/5 9R/4/.25/4,7R/4/.20/2,,,,岡山,岡山,38,08:32,福岡ソフトバンクホークス杯,サンライズＶ戦,４日目
芦屋,21,20260726,1R,3,4416,B1,三宅　　健太,0,0,0.17,5.39,34.69,48.98,6.13,43.48,60.87,25,14.29,32.14,153,43.66,59.15,7R/5/.09/2 11R/2/.22/5,6R/1/.23/4,3R/6/.15/4 10R/3/.10/5,,,,広島,広島,39,08:32,福岡ソフトバンクホークス杯,サンライズＶ戦,４日目
芦屋,21,20260726,1R,4,3268,B1,森　　　竜也,0,0,0.17,4.59,28.57,36.73,5.00,12.50,50.00,23,31.67,40.00,151,35.94,46.88,1R/2/.11/5 9R/3/.17/6,8R/1/.02/5,7R/2/.17/3,,,,三重,三重,61,08:32,福岡ソフトバンクホークス杯,サンライズＶ戦,４日目
芦屋,21,20260726,1R,5,5263,B1,花田　　凱成,0,0,0.17,4.19,18.89,38.89,3.37,15.25,27.12,2,33.87,46.77,154,40.91,62.12,8R/4/.13/4,2R/4/.18/4 10R/5/.19/6,3R/2/.19/6,,,,福岡,福岡,27,08:32,福岡ソフトバンクホークス杯,サンライズＶ戦,４日目
芦屋,21,20260726,1R,6,5100,B1,栗原　　一馬,1,0,0.17,4.66,28.57,42.86,0.00,0.00,0.00,28,30.14,45.21,148,22.50,35.00,7R/4/.08/3,2R/3/.13/3,1R/6/.14/6,,,,群馬,群馬,29,08:32,福岡ソフトバンクホークス杯,サンライズＶ戦,４日目
芦屋,21,20260726,2R,1,4522,A2,古澤　　光紀,0,0,0.15,6.05,45.08,59.02,7.66,57.14,80.36,18,25.00,41.67,137,34.33,56.72,1R/1/.08/1 11R/3/.20/1,9R/6/.28/3,4R/5/.15/3 12R/2/.11/1,,,,福岡,福岡,38,08:58,福岡ソフトバンクホークス杯,サンライズＷ戦,４日目
芦屋,21,20260726,2R,2,4336,B1,松田　　竜馬,0,0,0.15,4.70,26.60,42.55,5.20,27.78,53.70,56,45.00,60.00,117,35.94,53.13,7R/1/.10/1,1R/6/.14/4 11R/5/.11/1,1R/4/.09/5 8R/3/.15/2,,,,福岡,鹿児島,42,08:58,福岡ソフトバンクホークス杯,サンライズＷ戦,４日目
芦屋,21,20260726,2R,3,5101,B1,表　　　健太,0,0,0.19,3.37,6.78,23.73,3.65,15.00,25.00,43,50.77,69.23,119,21.31,44.26,6R/5/.13/5,3R/3/.12/5 8R/5/.00/3,7R/6/.46/6,,,,福岡,福岡,29,08:58,福岡ソフトバンクホークス杯,サンライズＷ戦,４日目
芦屋,21,20260726,2R,4,4436,A1,渋谷　　明憲,1,0,0.15,6.30,47.00,67.00,6.92,66.67,75.00,21,42.86,60.00,155,41.10,60.27,5R/5/.11/3 11R/1/.19/2,11R/6/.16/5,5R/4/.15/2 10R/1/.14/1,,,,大阪,大阪,40,08:58,福岡ソフトバンクホークス杯,サンライズＷ戦,４日目
芦屋,21,20260726,2R,5,4501,B1,樋口　由加里,0,0,0.15,5.22,33.03,45.87,5.33,44.44,44.44,16,22.54,30.99,168,30.65,46.77,5R/6/.19/5,5R/2/.25/3 10R/4/.12/5,4R/4/.11/5,,,,岡山,岡山,38,08:58,福岡ソフトバンクホークス杯,サンライズＷ戦,４日目
芦屋,21,20260726,2R,6,5293,B1,眞崎　　武蔵,0,0,0.21,3.20,14.55,23.64,2.78,11.11,22.22,5,32.73,47.27,159,47.54,65.57,1R/6/.09/4 6R/3/.10/2,6R/4/.14/3,1R/2/.14/3 7R/3/.15/1,,,,静岡,神奈川,24,08:58,福岡ソフトバンクホークス杯,サンライズＷ戦,４日目
芦屋,21,20260726,3R,1,4027,A2,松江　　秀徳,1,0,0.16,5.74,37.63,55.91,5.21,25.58,48.84,57,38.71,48.39,142,28.07,45.61,9R/6/.15/4,4R/2/.05/2 11R/1/.25/4,8R/5/.19/6 12R/5/.05/3,,,,佐賀,佐賀,48,09:24,福岡ソフトバンクホークス杯,サンライズＸ戦,４日目
芦屋,21,20260726,3R,2,4660,B1,宇田川　信一,0,0,0.19,4.15,22.50,35.00,0.00,0.00,0.00,37,32.43,50.00,158,32.20,47.46,5R/3/.19/4,1R/4/.20/6 9R/5/.26/5,4R/2/.12/6,,,,東京,神奈川,35,09:24,福岡ソフトバンクホークス杯,サンライズＸ戦,４日目
芦屋,21,20260726,3R,3,4420,A2,津久井　拓也,0,0,0.16,5.86,38.17,57.25,5.95,40.00,60.00,31,38.36,57.53,165,26.98,41.27,5R/4/.13/2 10R/6/.19/6,1R/1/.20/1 10R/3/.15/2,9R/6/.10/5,,,,群馬,栃木,38,09:24,福岡ソフトバンクホークス杯,サンライズＸ戦,４日目
芦屋,21,20260726,3R,4,3842,B1,星野　　太郎,0,0,0.19,4.62,26.32,40.79,2.50,0.00,0.00,59,28.33,40.00,140,29.85,44.78,2R/6/.28/4,7R/5/.14/6 12R/2/.21/2,4R/3/.10/2 9R/1/.08/2,,,,三重,三重,50,09:24,福岡ソフトバンクホークス杯,サンライズＸ戦,４日目
芦屋,21,20260726,3R,5,3623,A1,深川　　真二,1,0,0.14,7.57,64.10,78.63,7.53,63.16,71.05,9,27.27,40.91,118,26.47,44.12,6R/2/.06/1,2R/2/.16/2,6R/2/.14/1,,,,佐賀,佐賀,52,09:24,福岡ソフトバンクホークス杯,サンライズＸ戦,４日目
芦屋,21,20260726,3R,6,4694,B1,高田　　　綾,0,0,0.20,4.37,21.13,39.44,5.44,27.78,61.11,15,33.33,48.00,143,38.16,52.63,4R/4/.12/1 10R/2/.15/2,5R/3/.21/2,2R/5/.11/4 7R/1/.15/4,,,,福岡,福岡,41,09:24,福岡ソフトバンクホークス杯,サンライズＸ戦,４日目
芦屋,21,20260726,4R,1,4373,A1,若狭　奈美子,1,0,0.17,6.37,45.00,68.33,6.30,45.45,75.76,17,29.17,47.22,144,50.67,74.67,9R/4/.27/2,5R/1/.19/1 12R/5/.21/3,4R/6/.20/4 8R/2/.17/1,,,,岡山,岡山,38,09:50,福岡ソフトバンクホークス杯,サンライズＹ戦,４日目
芦屋,21,20260726,4R,2,5369,B1,岡崎　　凪汰,0,0,0.17,3.16,12.66,20.25,2.09,4.35,8.70,46,26.56,50.00,127,43.28,59.70,4R/2/.13/6 11R/5/.17/6,7R/4/.10/5,2R/3/.11/3 8R/4/.16/5,,,,長崎,大分,24,09:50,福岡ソフトバンクホークス杯,サンライズＹ戦,４日目
芦屋,21,20260726,4R,3,4879,B1,山崎　　鉄平,0,0,0.17,5.02,34.12,49.41,4.42,25.00,37.50,40,23.19,43.48,131,31.82,48.48,10R/3/.10/1,1R/2/.20/3 7R/6/.14/2,6R/1/.10/3 12R/4/.06/6,,,,佐賀,佐賀,31,09:50,福岡ソフトバンクホークス杯,サンライズＹ戦,４日目
芦屋,21,20260726,4R,4,3282,B1,池本　　輝明,0,0,0.19,4.73,26.92,40.38,5.33,29.17,54.17,24,20.90,32.84,135,37.88,60.61,2R/5/.25/3 8R/1/.12/2,6R/6/.23/5,1R/3/.11/4 10R/2/.13/4,,,,広島,広島,59,09:50,福岡ソフトバンクホークス杯,サンライズＹ戦,４日目
芦屋,21,20260726,4R,5,5239,B1,上野　　俊樹,0,0,0.17,5.27,29.07,48.84,4.33,16.67,41.67,55,48.21,66.07,156,34.38,56.25,2R/2/.21/6 7R/6/.07/5,3R/5/.10/2,5R/3/.06/1 9R/5/.12/3,,,,福岡,熊本,26,09:50,福岡ソフトバンクホークス杯,サンライズＹ戦,４日目
芦屋,21,20260726,4R,6,5227,B2,川原　　愛未,0,0,,2.71,14.29,14.29,0.00,0.00,0.00,8,44.26,62.30,116,34.85,53.03,1R/4/.52/6 8R/6/.10/5,4R/3/.08/3,6R/6/.14/6,,,,福岡,福岡,24,09:50,福岡ソフトバンクホークス杯,サンライズＹ戦,４日目
芦屋,21,20260726,5R,1,3898,A1,平田　　忠則,0,0,0.17,7.03,53.40,73.79,6.83,53.33,63.33,60,38.60,52.63,138,36.49,52.70,8R/2/.13/1 12R/3/.05/2,8R/4/.00/1 12R/1/.10/1,10R/6/.03/6,,,,福岡,福岡,49,10:16,福岡ソフトバンクホークス杯,サンライズＺ戦,４日目
芦屋,21,20260726,5R,2,4882,B2,瀧川　　千依,0,0,0.24,2.44,6.25,12.50,2.67,6.67,6.67,42,27.78,50.00,128,11.27,32.39,3R/2/.31/6,5R/5/.18/5 9R/3/.23/6,8R/6/.16/4,,,,広島,埼玉,30,10:16,福岡ソフトバンクホークス杯,サンライズＺ戦,４日目
芦屋,21,20260726,5R,3,5248,B1,本田　　　愛,0,0,0.20,4.78,25.29,48.28,4.38,37.50,37.50,53,30.65,38.71,125,33.33,56.14,6R/6/.12/6,5R/4/.18/6 11R/3/.18/6,5R/2/.16/4,,,,静岡,静岡,24,10:16,福岡ソフトバンクホークス杯,サンライズＺ戦,４日目
芦屋,21,20260726,5R,4,4945,B1,上村　　宏太,0,0,0.18,4.00,14.13,31.52,4.44,18.52,44.44,30,35.21,54.93,161,38.33,53.33,3R/4/.10/4 8R/3/.13/3,1R/5/.14/2,7R/5/.16/5 12R/3/.11/4,,,,東京,東京,34,10:16,福岡ソフトバンクホークス杯,サンライズＺ戦,４日目
芦屋,21,20260726,5R,5,3305,B1,小野　　信樹,0,0,0.17,4.04,20.27,32.43,4.50,31.25,31.25,58,22.03,40.68,157,37.14,55.71,6R/1/.12/3,2R/6/.14/6 7R/3/.11/4,2R/2/.11/5 9R/4/.13/6,,,,岡山,岡山,58,10:16,福岡ソフトバンクホークス杯,サンライズＺ戦,４日目
芦屋,21,20260726,5R,6,3582,A2,吉川　　昭男,0,0,0.17,6.08,45.71,58.10,6.26,48.57,62.86,48,38.10,53.97,152,26.98,38.10,4R/3/.08/4 9R/1/.20/1,3R/2/.10/1 10R/2/.16/4,3R/1/.10/1 9R/2/.06/1,,,,滋賀,滋賀,53,10:16,福岡ソフトバンクホークス杯,サンライズＺ戦,４日目
芦屋,21,20260726,6R,1,4969,B1,町田　　洸希,0,0,0.18,4.51,20.65,45.65,3.96,20.00,24.00,54,33.33,55.56,114,46.88,70.31,4R/5/.14/2,1R/3/.13/5 6R/2/.14/2,9R/3/.09/4,,,,長崎,長崎,35,10:44,福岡ソフトバンクホークス杯,予選,４日目
芦屋,21,20260726,6R,2,3435,A2,寺田　　千恵,0,0,0.15,6.58,45.97,65.32,6.72,53.49,67.44,26,22.22,34.92,115,33.80,45.07,2R/1/.21/2 10R/4/.15/4,5R/6/.19/4,1R/1/.07/1 11R/5/.04/4,,,,岡山,福岡,57,10:44,福岡ソフトバンクホークス杯,予選,４日目
芦屋,21,20260726,6R,3,4562,B1,阪本　　勇介,0,0,0.19,4.87,24.30,43.93,4.04,15.38,38.46,22,41.67,56.67,163,33.87,46.77,5R/2/.20/6,2R/5/.16/5 9R/4/.25/4,7R/4/.20/2,,,,岡山,岡山,38,10:44,福岡ソフトバンクホークス杯,予選,４日目
芦屋,21,20260726,6R,4,4336,B1,松田　　竜馬,0,0,0.15,4.70,26.60,42.55,5.20,27.78,53.70,56,45.00,60.00,117,35.94,53.13,7R/1/.10/1,1R/6/.14/4 11R/5/.11/1,1R/4/.09/5 8R/3/.15/2,,,,福岡,鹿児島,42,10:44,福岡ソフトバンクホークス杯,予選,４日目
芦屋,21,20260726,6R,5,3616,B1,中村　　　真,0,0,0.16,4.62,27.16,48.15,6.03,40.00,63.33,35,51.56,70.31,123,25.00,39.71,3R/6/.11/3 9R/2/.16/3,7R/1/.10/1,6R/4/.10/2 10R/4/.07/2,,,,福岡,福岡,53,10:44,福岡ソフトバンクホークス杯,予選,４日目
芦屋,21,20260726,6R,6,4352,A1,下條　雄太郎,0,0,0.15,6.55,46.77,58.06,0.00,0.00,0.00,6,24.24,43.94,134,31.15,45.90,5R/1/.16/1 12R/5/.13/3,6R/3/.12/1 11R/2/.11/2,2R/4/.11/2 12R/1/.15/2,,,,長崎,長崎,40,10:44,福岡ソフトバンクホークス杯,予選,４日目
芦屋,21,20260726,7R,1,5101,B1,表　　　健太,0,0,0.19,3.37,6.78,23.73,3.65,15.00,25.00,43,50.77,69.23,119,21.31,44.26,6R/5/.13/5,3R/3/.12/5 8R/5/.00/3,7R/6/.46/6,,,,福岡,福岡,29,11:12,福岡ソフトバンクホークス杯,予選,４日目
芦屋,21,20260726,7R,2,5283,B2,植木　　美帆,1,0,0.22,2.36,4.11,6.85,0.00,0.00,0.00,39,40.00,60.00,170,34.38,51.56,7R/3/.15/6,3R/6/.11/6 8R/2/.12/4,1R/5/.08/2 6R/5/.18/4,,,,東京,東京,22,11:12,福岡ソフトバンクホークス杯,予選,４日目
芦屋,21,20260726,7R,3,5263,B1,花田　　凱成,0,0,0.17,4.19,18.89,38.89,3.37,15.25,27.12,2,33.87,46.77,154,40.91,62.12,8R/4/.13/4,2R/4/.18/4 10R/5/.19/6,3R/2/.19/6,,,,福岡,福岡,27,11:12,福岡ソフトバンクホークス杯,予選,４日目
芦屋,21,20260726,7R,4,3584,B1,佐々木　英樹,0,0,0.17,5.03,34.31,49.02,4.29,25.00,35.42,20,16.67,37.88,133,33.85,49.23,1R/3/.08/3 10R/5/.22/3,10R/1/.09/1,5R/6/.14/5 11R/2/.09/2,,,,広島,広島,53,11:12,福岡ソフトバンクホークス杯,予選,４日目
芦屋,21,20260726,7R,5,4660,B1,宇田川　信一,0,0,0.19,4.15,22.50,35.00,0.00,0.00,0.00,37,32.43,50.00,158,32.20,47.46,5R/3/.19/4,1R/4/.20/6 9R/5/.26/5,4R/2/.12/6,,,,東京,神奈川,35,11:12,福岡ソフトバンクホークス杯,予選,４日目
芦屋,21,20260726,7R,6,4197,B1,渥美　　卓郎,0,0,0.19,3.78,16.84,27.37,0.00,0.00,0.00,51,38.46,55.38,147,21.05,28.07,2R/3/.22/5 9R/5/.19/5,7R/2/.15/3,3R/4/.11/5 8R/1/.20/3,,,,静岡,静岡,44,11:12,福岡ソフトバンクホークス杯,予選,４日目
芦屋,21,20260726,8R,1,3834,B1,細川　　明人,0,0,0.19,4.11,25.30,33.73,0.00,0.00,0.00,49,20.97,32.26,136,39.73,56.16,1R/5/.13/2 7R/2/.16/4,4R/5/.06/5,2R/6/.16/6 11R/3/.06/6,,,,岡山,岡山,51,11:43,福岡ソフトバンクホークス杯,予選,４日目
芦屋,21,20260726,8R,2,4436,A1,渋谷　　明憲,1,0,0.15,6.30,47.00,67.00,6.92,66.67,75.00,21,42.86,60.00,155,41.10,60.27,5R/5/.11/3 11R/1/.19/2,11R/6/.16/5,5R/4/.15/2 10R/1/.14/1,,,,大阪,大阪,40,11:43,福岡ソフトバンクホークス杯,予選,４日目
芦屋,21,20260726,8R,3,3842,B1,星野　　太郎,0,0,0.19,4.62,26.32,40.79,2.50,0.00,0.00,59,28.33,40.00,140,29.85,44.78,2R/6/.28/4,7R/5/.14/6 12R/2/.21/2,4R/3/.10/2 9R/1/.08/2,,,,三重,三重,50,11:43,福岡ソフトバンクホークス杯,予選,４日目
芦屋,21,20260726,8R,4,4416,B1,三宅　　健太,0,0,0.17,5.39,34.69,48.98,6.13,43.48,60.87,25,14.29,32.14,153,43.66,59.15,7R/5/.09/2 11R/2/.22/5,6R/1/.23/4,3R/6/.15/4 10R/3/.10/5,,,,広島,広島,39,11:43,福岡ソフトバンクホークス杯,予選,４日目
芦屋,21,20260726,8R,5,4879,B1,山崎　　鉄平,0,0,0.17,5.02,34.12,49.41,4.42,25.00,37.50,40,23.19,43.48,131,31.82,48.48,10R/3/.10/1,1R/2/.20/3 7R/6/.14/2,6R/1/.10/3 12R/4/.06/6,,,,佐賀,佐賀,31,11:43,福岡ソフトバンクホークス杯,予選,４日目
芦屋,21,20260726,8R,6,3623,A1,深川　　真二,1,0,0.14,7.57,64.10,78.63,7.53,63.16,71.05,9,27.27,40.91,118,26.47,44.12,6R/2/.06/1,2R/2/.16/2,6R/2/.14/1,,,,佐賀,佐賀,52,11:43,福岡ソフトバンクホークス杯,予選,４日目
芦屋,21,20260726,9R,1,5239,B1,上野　　俊樹,0,0,0.17,5.27,29.07,48.84,4.33,16.67,41.67,55,48.21,66.07,156,34.38,56.25,2R/2/.21/6 7R/6/.07/5,3R/5/.10/2,5R/3/.06/1 9R/5/.12/3,,,,福岡,熊本,26,12:16,福岡ソフトバンクホークス杯,予選特賞,４日目
芦屋,21,20260726,9R,2,4798,A1,浜先　　真範,0,0,0.13,6.38,44.44,61.11,7.25,50.00,75.00,38,28.57,47.14,149,42.25,54.93,3R/3/.09/1 12R/6/.11/4,4R/1/.00/1 10R/6/.18/3,4R/1/.09/1 11R/4/.05/3,,,,広島,広島,33,12:16,福岡ソフトバンクホークス杯,予選特賞,４日目
芦屋,21,20260726,9R,3,5293,B1,眞崎　　武蔵,0,0,0.21,3.20,14.55,23.64,2.78,11.11,22.22,5,32.73,47.27,159,47.54,65.57,1R/6/.09/4 6R/3/.10/2,6R/4/.14/3,1R/2/.14/3 7R/3/.15/1,,,,静岡,神奈川,24,12:16,福岡ソフトバンクホークス杯,予選特賞,４日目
芦屋,21,20260726,9R,4,5369,B1,岡崎　　凪汰,0,0,0.17,3.16,12.66,20.25,2.09,4.35,8.70,46,26.56,50.00,127,43.28,59.70,4R/2/.13/6 11R/5/.17/6,7R/4/.10/5,2R/3/.11/3 8R/4/.16/5,,,,長崎,大分,24,12:16,福岡ソフトバンクホークス杯,予選特賞,４日目
芦屋,21,20260726,9R,5,3268,B1,森　　　竜也,0,0,0.17,4.59,28.57,36.73,5.00,12.50,50.00,23,31.67,40.00,151,35.94,46.88,1R/2/.11/5 9R/3/.17/6,8R/1/.02/5,7R/2/.17/3,,,,三重,三重,61,12:16,福岡ソフトバンクホークス杯,予選特賞,４日目
芦屋,21,20260726,9R,6,4120,A2,柘植　　政浩,0,0,0.16,6.06,45.24,62.70,4.76,29.41,35.29,36,27.85,48.10,122,38.10,60.32,6R/4/.10/4 11R/6/.17/4,4R/4/.08/4 9R/1/.19/1,2R/1/.15/1 10R/5/.03/3,,,,滋賀,滋賀,45,12:16,福岡ソフトバンクホークス杯,予選特賞,４日目
芦屋,21,20260726,10R,1,4501,B1,樋口　由加里,0,0,0.15,5.22,33.03,45.87,5.33,44.44,44.44,16,22.54,30.99,168,30.65,46.77,5R/6/.19/5,5R/2/.25/3 10R/4/.12/5,4R/4/.11/5,,,,岡山,岡山,38,12:47,福岡ソフトバンクホークス杯,予選特賞,４日目
芦屋,21,20260726,10R,2,5227,B2,川原　　愛未,0,0,,2.71,14.29,14.29,0.00,0.00,0.00,8,44.26,62.30,116,34.85,53.03,1R/4/.52/6 8R/6/.10/5,4R/3/.08/3,6R/6/.14/6,,,,福岡,福岡,24,12:47,福岡ソフトバンクホークス杯,予選特賞,４日目
芦屋,21,20260726,10R,3,3435,A2,寺田　　千恵,0,0,0.15,6.58,45.97,65.32,6.72,53.49,67.44,26,22.22,34.92,115,33.80,45.07,2R/1/.21/2 10R/4/.15/4,5R/6/.19/4,1R/1/.07/1 11R/5/.04/4,,,,岡山,福岡,57,12:47,福岡ソフトバンクホークス杯,予選特賞,４日目
芦屋,21,20260726,10R,4,4694,B1,高田　　　綾,0,0,0.20,4.37,21.13,39.44,5.44,27.78,61.11,15,33.33,48.00,143,38.16,52.63,4R/4/.12/1 10R/2/.15/2,5R/3/.21/2,2R/5/.11/4 7R/1/.15/4,,,,福岡,福岡,41,12:47,福岡ソフトバンクホークス杯,予選特賞,４日目
芦屋,21,20260726,10R,5,5248,B1,本田　　　愛,0,0,0.20,4.78,25.29,48.28,4.38,37.50,37.50,53,30.65,38.71,125,33.33,56.14,6R/6/.12/6,5R/4/.18/6 11R/3/.18/6,5R/2/.16/4,,,,静岡,静岡,24,12:47,福岡ソフトバンクホークス杯,予選特賞,４日目
芦屋,21,20260726,10R,6,4882,B2,瀧川　　千依,0,0,0.24,2.44,6.25,12.50,2.67,6.67,6.67,42,27.78,50.00,128,11.27,32.39,3R/2/.31/6,5R/5/.18/5 9R/3/.23/6,8R/6/.16/4,,,,広島,埼玉,30,12:47,福岡ソフトバンクホークス杯,予選特賞,４日目
芦屋,21,20260726,11R,1,4420,A2,津久井　拓也,0,0,0.16,5.86,38.17,57.25,5.95,40.00,60.00,31,38.36,57.53,165,26.98,41.27,5R/4/.13/2 10R/6/.19/6,1R/1/.20/1 10R/3/.15/2,9R/6/.10/5,,,,群馬,栃木,38,13:18,福岡ソフトバンクホークス杯,予選特選,４日目
芦屋,21,20260726,11R,2,4945,B1,上村　　宏太,0,0,0.18,4.00,14.13,31.52,4.44,18.52,44.44,30,35.21,54.93,161,38.33,53.33,3R/4/.10/4 8R/3/.13/3,1R/5/.14/2,7R/5/.16/5 12R/3/.11/4,,,,東京,東京,34,13:18,福岡ソフトバンクホークス杯,予選特選,４日目
芦屋,21,20260726,11R,3,3616,B1,中村　　　真,0,0,0.16,4.62,27.16,48.15,6.03,40.00,63.33,35,51.56,70.31,123,25.00,39.71,3R/6/.11/3 9R/2/.16/3,7R/1/.10/1,6R/4/.10/2 10R/4/.07/2,,,,福岡,福岡,53,13:18,福岡ソフトバンクホークス杯,予選特選,４日目
芦屋,21,20260726,11R,4,4027,A2,松江　　秀徳,1,0,0.16,5.74,37.63,55.91,5.21,25.58,48.84,57,38.71,48.39,142,28.07,45.61,9R/6/.15/4,4R/2/.05/2 11R/1/.25/4,8R/5/.19/6 12R/5/.05/3,,,,佐賀,佐賀,48,13:18,福岡ソフトバンクホークス杯,予選特選,４日目
芦屋,21,20260726,11R,5,3898,A1,平田　　忠則,0,0,0.17,7.03,53.40,73.79,6.83,53.33,63.33,60,38.60,52.63,138,36.49,52.70,8R/2/.13/1 12R/3/.05/2,8R/4/.00/1 12R/1/.10/1,10R/6/.03/6,,,,福岡,福岡,49,13:18,福岡ソフトバンクホークス杯,予選特選,４日目
芦屋,21,20260726,11R,6,3746,A2,岡瀬　　正人,0,0,0.18,5.70,36.15,56.92,7.00,71.43,71.43,44,32.39,38.03,132,30.00,48.33,3R/1/.15/2 11R/4/.18/3,6R/5/.17/6 12R/6/.21/4,3R/3/.12/2 11R/1/.10/1,,,,岡山,岡山,51,13:18,福岡ソフトバンクホークス杯,予選特選,４日目
芦屋,21,20260726,12R,1,3918,A1,深井　　利寿,0,0,0.18,6.70,47.50,71.67,6.95,52.50,72.50,52,35.00,55.00,113,41.10,56.16,4R/1/.17/5 12R/4/.10/1,3R/4/.14/3 9R/2/.20/2,5R/5/.15/3 12R/6/.14/5,,,,滋賀,滋賀,51,14:00,福岡ソフトバンクホークス杯,予選特選,４日目
芦屋,21,20260726,12R,2,3584,B1,佐々木　英樹,0,0,0.17,5.03,34.31,49.02,4.29,25.00,35.42,20,16.67,37.88,133,33.85,49.23,1R/3/.08/3 10R/5/.22/3,10R/1/.09/1,5R/6/.14/5 11R/2/.09/2,,,,広島,広島,53,14:00,福岡ソフトバンクホークス杯,予選特選,４日目
芦屋,21,20260726,12R,3,4373,A1,若狭　奈美子,1,0,0.17,6.37,45.00,68.33,6.30,45.45,75.76,17,29.17,47.22,144,50.67,74.67,9R/4/.27/2,5R/1/.19/1 12R/5/.21/3,4R/6/.20/4 8R/2/.17/1,,,,岡山,岡山,38,14:00,福岡ソフトバンクホークス杯,予選特選,４日目
芦屋,21,20260726,12R,4,4522,A2,古澤　　光紀,0,0,0.15,6.05,45.08,59.02,7.66,57.14,80.36,18,25.00,41.67,137,34.33,56.72,1R/1/.08/1 11R/3/.20/1,9R/6/.28/3,4R/5/.15/3 12R/2/.11/1,,,,福岡,福岡,38,14:00,福岡ソフトバンクホークス杯,予選特選,４日目
芦屋,21,20260726,12R,5,4376,A2,藤田　　靖弘,0,0,0.15,5.87,44.09,56.69,5.33,37.50,50.00,45,30.26,51.32,169,28.57,52.38,8R/5/.13/6,2R/1/.13/1 11R/4/.13/3,6R/3/.11/5 11R/6/.11/5,,,,静岡,静岡,42,14:00,福岡ソフトバンクホークス杯,予選特選,４日目
芦屋,21,20260726,12R,6,4969,B1,町田　　洸希,0,0,0.18,4.51,20.65,45.65,3.96,20.00,24.00,54,33.33,55.56,114,46.88,70.31,4R/5/.14/2,1R/3/.13/5 6R/2/.14/2,9R/3/.09/4,,,,長崎,長崎,35,14:00,福岡ソフトバンクホークス杯,予選特選,４日目
唐津,23,20260726,1R,1,4330,A2,奈須　　啓太,0,0,0.12,6.18,44.17,65.83,5.66,40.63,50.00,29,37.56,51.71,20,32.61,47.83,5R/5/.07/4 9R/3/.09/4,1R/1/.08/1 12R/2/.14/6,11R/4/.09/1,6R/2/.19/4 11R/5/.14/6,6R/2/.07/1,,福岡,福岡,42,08:39,第１４回サッポロビールカップ,朝１戦,最終日
唐津,23,20260726,1R,2,3370,B1,坪内　　　実,1,0,0.18,3.76,18.31,33.80,4.90,25.00,45.00,33,21.60,43.83,17,36.96,54.35,1R/3/.18/3 6R/6/.26/6,4R/4/.26/5,5R/2/.25/2 9R/1/.16/4,3R/5/.16/3,1R/3/.08/2,,大阪,大阪,59,08:39,第１４回サッポロビールカップ,朝１戦,最終日
唐津,23,20260726,1R,3,3615,B1,横田　　　茂,0,0,0.16,4.60,31.03,39.08,4.97,32.35,44.12,44,32.47,47.94,55,43.75,58.75,4R/1/.08/2 10R/4/.08/3,5R/2/.11/4,5R/6/.25/6 10R/3/.08/5,2R/5/.15/5,7R/3/.15/2,,広島,広島,53,08:39,第１４回サッポロビールカップ,朝１戦,最終日
唐津,23,20260726,1R,4,5397,B2,寺田　　夢生,1,0,0.18,1.46,0.00,3.17,1.00,0.00,0.00,35,39.36,52.13,27,25.00,40.22,5R/6/.09/6,1R/4/.30/6 5R/5/.19/5,3R/4/.01/3,7R/5/.28/5,8R/6/.37/6,,山口,山口,24,08:39,第１４回サッポロビールカップ,朝１戦,最終日
唐津,23,20260726,1R,5,4343,B1,村岡　　　賢,0,0,0.17,4.94,21.65,46.39,2.72,5.56,16.67,20,33.16,53.37,60,32.14,47.62,1R/4/.18/6 8R/1/.15/2,6R/2/.17/4,7R/5/.19/5,4R/5/.19/6 10R/3/.11/4,6R/3/.11/5,,広島,広島,41,08:39,第１４回サッポロビールカップ,朝１戦,最終日
唐津,23,20260726,1R,6,5310,B1,土屋　　　蘭,1,0,0.16,4.60,16.92,44.62,2.50,0.00,12.50,12,35.75,50.26,54,33.33,51.11,2R/5/.11/3 7R/6/.27/4,10R/2/.15/6,,8R/6/.29/3,1R/6/.14/4,,岡山,岡山,21,08:39,第１４回サッポロビールカップ,朝１戦,最終日
唐津,23,20260726,2R,1,4633,A2,森　　　智也,0,0,0.17,5.61,33.61,57.14,5.78,44.44,61.11,47,33.82,49.51,5,31.87,48.35,5R/3/.15/2 10R/2/.12/6,11R/6/.13/3,2R/1/.08/2 7R/3/.16/4,10R/5/.16/5,8R/4/.28/4,,兵庫,兵庫,37,09:05,第１４回サッポロビールカップ,モー２ング戦,最終日
唐津,23,20260726,2R,2,5294,B1,豊田　　祥生,0,0,0.17,3.92,22.37,31.58,0.00,0.00,0.00,55,33.50,51.23,22,28.38,45.95,1R/6/.15/5,2R/3/.06/4 7R/5/.18/5,6R/4/.24/5,6R/1/.14/5 10R/2/.15/2,4R/5/.14/6,,静岡,静岡,24,09:05,第１４回サッポロビールカップ,モー２ング戦,最終日
唐津,23,20260726,2R,3,4072,A1,森永　　　淳,0,0,0.13,6.97,52.75,65.93,6.56,52.63,62.41,15,35.92,48.54,18,28.57,50.65,8R/4/.12/1 12R/1/.14/1,9R/3/.13/1,2R/2/.07/1 10R/5/.10/3,5R/4/.14/2 10R/1/.12/1,3R/5/.01/2 12R/1/.18/5,,佐賀,佐賀,45,09:05,第１４回サッポロビールカップ,モー２ング戦,最終日
唐津,23,20260726,2R,4,3875,B1,廣中　　良一,0,0,0.18,4.55,28.83,43.24,5.38,34.62,42.31,41,29.82,50.88,53,37.35,46.99,8R/3/.11/4,1R/2/.19/3 8R/1/.16/3,2R/4/.08/3 6R/5/.21/4,5R/5/.16/6,7R/4/.15/3,,山口,山口,49,09:05,第１４回サッポロビールカップ,モー２ング戦,最終日
唐津,23,20260726,2R,5,4909,B1,薮内　　瑞希,1,0,0.16,5.08,36.05,46.51,4.42,19.44,36.11,16,46.07,63.87,45,25.29,47.13,6R/5/.21/4,1R/3/.21/2 9R/1/.24/6,5R/4/.26/3,5R/6/.14/5 11R/2/.17/2,5R/2/.18/6,,岡山,岡山,30,09:05,第１４回サッポロビールカップ,モー２ング戦,最終日
唐津,23,20260726,2R,6,5459,B2,田中　　きら,0,0,,1.05,0.00,0.00,0.00,0.00,0.00,7,40.91,58.59,30,25.56,44.44,3R/6/.19/6 9R/6/.15/6,7R/6/.16/6,1R/6/.17/6 7R/6/.23/6,9R/6/.22/6,2R/6/.14/5 7R/6/.33/6,,山口,山口,19,09:05,第１４回サッポロビールカップ,モー２ング戦,最終日
唐津,23,20260726,3R,1,5004,A2,河野　　主樹,0,0,0.15,5.98,40.83,60.00,3.63,25.00,37.50,2,38.62,53.97,10,42.67,57.33,6R/2/.15/2,6R/3/.12/2 11R/5/.12/5,11R/6/.12/4,5R/3/.16/3 9R/1/.06/2,4R/4/.10/5 11R/5/.21/6,,大阪,大阪,30,09:31,第１４回サッポロビールカップ,３ライズ戦,最終日
唐津,23,20260726,3R,2,4905,B1,土井　　祥伍,0,0,0.21,4.60,22.89,38.55,4.29,42.86,42.86,28,39.44,56.11,8,41.94,61.29,2R/3/.20/4 8R/2/.16/3,2R/6/.14/5,5R/5/.25/5,1R/4/.12/5 7R/1/.29/2,2R/4/.17/3 9R/6/.19/6,,大阪,大阪,31,09:31,第１４回サッポロビールカップ,３ライズ戦,最終日
唐津,23,20260726,3R,3,3392,B1,小森　　信雄,0,0,0.21,4.28,17.44,37.21,4.70,20.00,30.00,32,48.58,62.74,41,40.70,55.81,7R/1/.12/3,3R/3/.17/3 9R/4/.22/4,1R/5/.19/3 8R/2/.27/3,10R/6/.17/6,1R/2/.07/1 6R/5/.23/3,,三重,三重,60,09:31,第１４回サッポロビールカップ,３ライズ戦,最終日
唐津,23,20260726,3R,4,3430,B1,角浜　　　修,0,0,0.17,4.18,23.60,34.83,2.38,0.00,6.25,40,44.26,64.48,11,25.61,31.71,9R/5/.17/5,2R/4/.15/6 8R/3/.19/4,7R/1/.08/2,3R/2/.11/2 8R/5/.20/5,8R/2/.17/1,,広島,広島,58,09:31,第１４回サッポロビールカップ,３ライズ戦,最終日
唐津,23,20260726,3R,5,4460,A2,後藤　　翔之,0,0,0.14,6.03,43.14,63.73,4.44,11.11,33.33,52,33.51,53.51,12,39.51,61.73,11R/4/.25/4,3R/1/.16/2 7R/2/.21/3,6R/2/.22/3 10R/4/.09/4,2R/2/.08/3 12R/6/.11/6,1R/1/.08/3 9R/4/.12/3,,東京,東京,40,09:31,第１４回サッポロビールカップ,３ライズ戦,最終日
唐津,23,20260726,3R,6,5435,B2,中西　　月輝,1,0,0.22,1.43,0.00,0.00,1.00,0.00,0.00,8,38.07,52.79,1,46.25,60.00,8R/6/.21/6,8R/6/.35/6,,7R/6/.28/6,3R/6/.08/6,,広島,山口,21,09:31,第１４回サッポロビールカップ,３ライズ戦,最終日
唐津,23,20260726,4R,1,4978,B1,山田　　和佐,0,0,0.17,4.83,25.74,44.55,4.94,25.81,45.16,4,46.19,61.93,28,38.10,54.76,1R/2/.23/2 10R/5/.10/4,7R/4/.18/4,8R/6/.16/4,4R/1/.14/1 8R/3/.17/1,5R/3/.18/4 12R/4/.17/6,,広島,島根,32,09:57,第１４回サッポロビールカップ,おは４戦,最終日
唐津,23,20260726,4R,2,4365,A2,盛本　　真輔,0,0,0.18,6.03,44.57,58.70,5.75,37.50,50.00,1,31.79,43.35,59,38.89,57.78,11R/6/.21/5,4R/3/.21/4 9R/5/.24/2,4R/2/.31/4 10R/1/.08/1,11R/3/.21/5,9R/1/.01/1,,兵庫,兵庫,40,09:57,第１４回サッポロビールカップ,おは４戦,最終日
唐津,23,20260726,4R,3,4648,B1,木村　　亮太,0,0,0.17,4.82,30.77,43.59,4.94,29.41,29.41,60,33.01,48.80,51,31.33,51.81,7R/4/.28/6,2R/5/.08/3 6R/1/.17/1,2R/6/.03/4 9R/3/.17/6,8R/2/.12/2,2R/5/.13/4,,兵庫,大阪,42,09:57,第１４回サッポロビールカップ,おは４戦,最終日
唐津,23,20260726,4R,4,4248,B1,岡本　　　大,0,0,0.17,4.70,25.29,45.98,3.72,6.90,20.69,34,34.44,48.34,46,18.68,31.87,2R/4/.21/5 9R/1/.07/2,6R/5/.10/5,1R/4/.23/5 5R/3/.23/4,5R/2/.11/4,3R/2/.11/5 9R/3/.08/4,,長崎,長崎,44,09:57,第１４回サッポロビールカップ,おは４戦,最終日
唐津,23,20260726,4R,5,4254,A2,川島　　圭司,0,0,0.15,5.50,32.00,58.00,4.89,22.22,55.56,19,34.66,46.59,40,28.05,53.66,4R/3/.11/5,7R/3/.19/1 12R/6/.09/4,7R/4/.20/3,2R/1/.10/4 11R/6/.19/4,5R/4/.12/1,,滋賀,滋賀,43,09:57,第１４回サッポロビールカップ,おは４戦,最終日
唐津,23,20260726,4R,6,4411,A2,沢田　　昭宏,0,0,0.19,5.65,36.92,56.15,6.25,43.75,68.75,23,23.08,41.03,19,35.48,51.61,7R/2/.14/1,2R/1/.17/1 10R/3/.11/4,4R/5/.34/1 12R/6/.37/4,6R/4/.26/2 12R/2/.16/1,2R/1/.11/1 10R/2/.18/5,,大阪,大阪,40,09:57,第１４回サッポロビールカップ,おは４戦,最終日
唐津,23,20260726,5R,1,3987,A1,後藤　　正宗,0,0,0.17,6.18,42.86,63.81,6.74,52.63,73.68,53,21.51,42.44,3,34.88,46.51,10R/6/.06/5,2R/2/.12/2 12R/5/.09/5,4R/4/.22/2 11R/1/.21/6,4R/2/.13/2 9R/3/.13/1,3R/1/.13/1 10R/6/.03/6,,静岡,静岡,48,10:23,第１４回サッポロビールカップ,レッツ５戦,最終日
唐津,23,20260726,5R,2,4429,B1,豊田　　泰洋,0,0,0.19,3.50,12.20,24.39,4.73,31.82,36.36,38,32.79,49.18,24,39.74,58.97,3R/2/.15/5 8R/5/.20/5,5R/6/.23/6,4R/1/.26/3 8R/4/.19/5,,1R/4/.13/5 6R/4/.19/6,,広島,広島,40,10:23,第１４回サッポロビールカップ,レッツ５戦,最終日
唐津,23,20260726,5R,3,4289,A2,落合　　直子,1,0,0.13,5.59,36.79,54.72,4.57,21.43,50.00,21,33.51,47.57,35,38.30,50.00,2R/1/.17/1 10R/3/.14/2,4R/5/.35/3,3R/3/.03/1 12R/2/.16/3,4R/6/.30/4,7R/5/.17/1 12R/3/.13/4,,大阪,大阪,41,10:23,第１４回サッポロビールカップ,レッツ５戦,最終日
唐津,23,20260726,5R,4,4343,B1,村岡　　　賢,0,0,0.17,4.94,21.65,46.39,2.72,5.56,16.67,20,33.16,53.37,60,32.14,47.62,1R/4/.18/6 8R/1/.15/2,6R/2/.17/4,7R/5/.19/5,4R/5/.19/6 10R/3/.11/4,6R/3/.11/5,,広島,広島,41,10:23,第１４回サッポロビールカップ,レッツ５戦,最終日
唐津,23,20260726,5R,5,5276,B1,大島　隆乃介,0,0,0.17,5.05,24.24,48.48,6.15,50.00,65.00,59,29.44,41.67,50,40.00,61.11,6R/1/.13/1 11R/5/.34/6,10R/6/.14/5,2R/5/.05/6,1R/2/.10/2 6R/3/.16/1,4R/3/.14/4,,福岡,福岡,24,10:23,第１４回サッポロビールカップ,レッツ５戦,最終日
唐津,23,20260726,5R,6,4962,A2,畑　　　竜生,0,0,0.17,5.19,30.84,50.47,0.00,0.00,0.00,31,38.25,56.83,14,31.11,55.56,3R/1/.14/1 11R/3/.22/3,9R/6/.24/5,6R/3/.19/1 11R/2/.17/5,7R/4/.32/3 12R/5/.09/4,4R/2/.14/2 10R/5/.08/3,,三重,三重,29,10:23,第１４回サッポロビールカップ,レッツ５戦,最終日
唐津,23,20260726,6R,1,4092,B1,岡部　　大輔,0,0,0.16,4.82,25.00,42.86,5.52,36.70,54.13,42,37.06,54.31,52,34.09,46.59,3R/5/.17/2 10R/1/.08/1,11R/2/.20/2,1R/3/.23/2 10R/6/.13/6,7R/3/.25/4,5R/5/.14/5 11R/4/.11/4,,佐賀,佐賀,45,10:52,第１４回サッポロビールカップ,一般,最終日
唐津,23,20260726,6R,2,4085,B1,荻野　　裕介,0,0,0.20,5.36,34.48,55.17,0.00,0.00,0.00,27,33.33,53.89,4,21.69,32.53,1R/5/.16/4 7R/3/.27/5,8R/2/.19/2,6R/1/.22/2,3R/6/.14/5 9R/4/.21/5,8R/5/.36/3,,東京,東京,46,10:52,第１４回サッポロビールカップ,一般,最終日
唐津,23,20260726,6R,3,4368,B1,山口　　隆史,0,0,0.20,3.95,21.05,28.95,4.00,25.00,37.50,14,33.15,51.63,21,44.19,56.98,5R/2/.26/3,4R/1/.19/2 11R/4/.21/1,4R/3/.32/5 9R/6/.18/5,1R/5/.11/3,6R/1/.18/2 12R/6/.16/3,,福岡,福岡,40,10:52,第１４回サッポロビールカップ,一般,最終日
唐津,23,20260726,6R,4,3615,B1,横田　　　茂,0,0,0.16,4.60,31.03,39.08,4.97,32.35,44.12,44,32.47,47.94,55,43.75,58.75,4R/1/.08/2 10R/4/.08/3,5R/2/.11/4,5R/6/.25/6 10R/3/.08/5,2R/5/.15/5,7R/3/.15/2,,広島,広島,53,10:52,第１４回サッポロビールカップ,一般,最終日
唐津,23,20260726,6R,5,5006,B1,久保原　秀人,0,0,0.20,3.38,14.89,27.66,2.00,0.00,0.00,17,28.76,37.91,29,41.38,56.32,5R/4/.09/5,3R/2/.20/6 8R/5/.26/5,2R/3/.08/5 8R/1/.34/6,6R/5/.22/6,3R/4/.01/4 9R/2/.09/5,,群馬,群馬,29,10:52,第１４回サッポロビールカップ,一般,最終日
唐津,23,20260726,6R,6,4362,A1,土屋　　智則,0,0,0.15,6.70,46.43,64.29,6.25,37.50,50.00,37,33.67,48.47,16,39.02,51.22,3R/3/.21/4 12R/2/.11/6,8R/4/.21/1 12R/1/.17/1,9R/5/.21/3,3R/4/.16/4 11R/1/.17/1,2R/2/.14/2 11R/3/.13/3,,群馬,群馬,41,10:52,第１４回サッポロビールカップ,一般,最終日
唐津,23,20260726,7R,1,4216,B1,星　　　栄爾,0,0,0.15,4.53,23.16,46.32,5.65,38.46,53.85,10,37.44,55.90,42,27.27,48.05,4R/4/.11/3 11R/1/.12/1,3R/6/.15/4,7R/2/.10/1 12R/5/.25/5,4R/3/.11/3,3R/3/.09/3 10R/4/.11/4,,静岡,福島,41,11:21,第１４回サッポロビールカップ,一般,最終日
唐津,23,20260726,7R,2,3875,B1,廣中　　良一,0,0,0.18,4.55,28.83,43.24,5.38,34.62,42.31,41,29.82,50.88,53,37.35,46.99,8R/3/.11/4,1R/2/.19/3 8R/1/.16/3,2R/4/.08/3 6R/5/.21/4,5R/5/.16/6,7R/4/.15/3,,山口,山口,49,11:21,第１４回サッポロビールカップ,一般,最終日
唐津,23,20260726,7R,3,5140,B1,吉田　　彩乃,0,0,0.18,4.77,25.32,45.57,4.93,26.67,46.67,48,29.71,45.14,38,37.21,66.28,3R/4/.20/3,1R/5/.29/4 7R/1/.22/2,3R/2/.02/2 8R/3/.21/1,1R/6/.16/6,7R/1/.22/4 11R/6/.27/5,,静岡,静岡,25,11:21,第１４回サッポロビールカップ,一般,最終日
唐津,23,20260726,7R,4,3392,B1,小森　　信雄,0,0,0.21,4.28,17.44,37.21,4.70,20.00,30.00,32,48.58,62.74,41,40.70,55.81,7R/1/.12/3,3R/3/.17/3 9R/4/.22/4,1R/5/.19/3 8R/2/.27/3,10R/6/.17/6,1R/2/.07/1 6R/5/.23/3,,三重,三重,60,11:21,第１４回サッポロビールカップ,一般,最終日
唐津,23,20260726,7R,5,3370,B1,坪内　　　実,1,0,0.18,3.76,18.31,33.80,4.90,25.00,45.00,33,21.60,43.83,17,36.96,54.35,1R/3/.18/3 6R/6/.26/6,4R/4/.26/5,5R/2/.25/2 9R/1/.16/4,3R/5/.16/3,1R/3/.08/2,,大阪,大阪,59,11:21,第１４回サッポロビールカップ,一般,最終日
唐津,23,20260726,7R,6,5397,B2,寺田　　夢生,1,0,0.18,1.46,0.00,3.17,1.00,0.00,0.00,35,39.36,52.13,27,25.00,40.22,5R/6/.09/6,1R/4/.30/6 5R/5/.19/5,3R/4/.01/3,7R/5/.28/5,8R/6/.37/6,,山口,山口,24,11:21,第１４回サッポロビールカップ,一般,最終日
唐津,23,20260726,8R,1,3998,B1,冨成　　謙児,0,0,0.17,4.51,27.84,37.11,5.18,34.33,51.49,24,31.16,51.26,48,28.41,47.73,6R/4/.23/5,3R/5/.19/5 10R/1/.12/2,4R/6/.30/6,2R/3/.12/2 9R/2/.13/4,1R/5/.11/6 8R/3/.17/2,,佐賀,佐賀,47,11:49,第１４回サッポロビールカップ,８っぴータイム,最終日
唐津,23,20260726,8R,2,4648,B1,木村　　亮太,0,0,0.17,4.82,30.77,43.59,4.94,29.41,29.41,60,33.01,48.80,51,31.33,51.81,7R/4/.28/6,2R/5/.08/3 6R/1/.17/1,2R/6/.03/4 9R/3/.17/6,8R/2/.12/2,2R/5/.13/4,,兵庫,大阪,42,11:49,第１４回サッポロビールカップ,８っぴータイム,最終日
唐津,23,20260726,8R,3,4909,B1,薮内　　瑞希,1,0,0.16,5.08,36.05,46.51,4.42,19.44,36.11,16,46.07,63.87,45,25.29,47.13,6R/5/.21/4,1R/3/.21/2 9R/1/.24/6,5R/4/.26/3,5R/6/.14/5 11R/2/.17/2,5R/2/.18/6,,岡山,岡山,30,11:49,第１４回サッポロビールカップ,８っぴータイム,最終日
唐津,23,20260726,8R,4,5294,B1,豊田　　祥生,0,0,0.17,3.92,22.37,31.58,0.00,0.00,0.00,55,33.50,51.23,22,28.38,45.95,1R/6/.15/5,2R/3/.06/4 7R/5/.18/5,6R/4/.24/5,6R/1/.14/5 10R/2/.15/2,4R/5/.14/6,,静岡,静岡,24,11:49,第１４回サッポロビールカップ,８っぴータイム,最終日
唐津,23,20260726,8R,5,5395,B1,日高　龍之介,0,0,0.19,2.18,4.23,11.27,2.26,9.30,9.30,26,31.87,53.30,39,45.57,56.96,4R/5/.09/6,1R/6/.31/5 6R/6/.09/6,1R/2/.20/4 6R/6/.23/6,1R/3/.06/4,2R/3/.18/6 8R/1/.14/5,,佐賀,宮崎,24,11:49,第１４回サッポロビールカップ,８っぴータイム,最終日
唐津,23,20260726,8R,6,4936,A2,戸敷　　晃美,2,0,0.16,6.25,44.30,64.56,5.48,36.00,60.00,18,36.87,57.58,31,36.99,54.79,4R/6/.08/4 9R/2/.15/1,6R/4/.18/3 12R/3/.10/2,9R/4/.24/2,6R/6/.24/3,9R/5/.14/2,,福岡,宮崎,29,11:49,第１４回サッポロビールカップ,８っぴータイム,最終日
唐津,23,20260726,9R,1,4254,A2,川島　　圭司,0,0,0.15,5.50,32.00,58.00,4.89,22.22,55.56,19,34.66,46.59,40,28.05,53.66,4R/3/.11/5,7R/3/.19/1 12R/6/.09/4,7R/4/.20/3,2R/1/.10/4 11R/6/.19/4,5R/4/.12/1,,滋賀,滋賀,43,12:25,第１４回サッポロビールカップ,からっキー特選,最終日
唐津,23,20260726,9R,2,5276,B1,大島　隆乃介,0,0,0.17,5.05,24.24,48.48,6.15,50.00,65.00,59,29.44,41.67,50,40.00,61.11,6R/1/.13/1 11R/5/.34/6,10R/6/.14/5,2R/5/.05/6,1R/2/.10/2 6R/3/.16/1,4R/3/.14/4,,福岡,福岡,24,12:25,第１４回サッポロビールカップ,からっキー特選,最終日
唐津,23,20260726,9R,3,3430,B1,角浜　　　修,0,0,0.17,4.18,23.60,34.83,2.38,0.00,6.25,40,44.26,64.48,11,25.61,31.71,9R/5/.17/5,2R/4/.15/6 8R/3/.19/4,7R/1/.08/2,3R/2/.11/2 8R/5/.20/5,8R/2/.17/1,,広島,広島,58,12:25,第１４回サッポロビールカップ,からっキー特選,最終日
唐津,23,20260726,9R,4,4365,A2,盛本　　真輔,0,0,0.18,6.03,44.57,58.70,5.75,37.50,50.00,1,31.79,43.35,59,38.89,57.78,11R/6/.21/5,4R/3/.21/4 9R/5/.24/2,4R/2/.31/4 10R/1/.08/1,11R/3/.21/5,9R/1/.01/1,,兵庫,兵庫,40,12:25,第１４回サッポロビールカップ,からっキー特選,最終日
唐津,23,20260726,9R,5,4633,A2,森　　　智也,0,0,0.17,5.61,33.61,57.14,5.78,44.44,61.11,47,33.82,49.51,5,31.87,48.35,5R/3/.15/2 10R/2/.12/6,11R/6/.13/3,2R/1/.08/2 7R/3/.16/4,10R/5/.16/5,8R/4/.28/4,,兵庫,兵庫,37,12:25,第１４回サッポロビールカップ,からっキー特選,最終日
唐津,23,20260726,9R,6,4330,A2,奈須　　啓太,0,0,0.12,6.18,44.17,65.83,5.66,40.63,50.00,29,37.56,51.71,20,32.61,47.83,5R/5/.07/4 9R/3/.09/4,1R/1/.08/1 12R/2/.14/6,11R/4/.09/1,6R/2/.19/4 11R/5/.14/6,6R/2/.07/1,,福岡,福岡,42,12:25,第１４回サッポロビールカップ,からっキー特選,最終日
唐津,23,20260726,10R,1,4962,A2,畑　　　竜生,0,0,0.17,5.19,30.84,50.47,0.00,0.00,0.00,31,38.25,56.83,14,31.11,55.56,3R/1/.14/1 11R/3/.22/3,9R/6/.24/5,6R/3/.19/1 11R/2/.17/5,7R/4/.32/3 12R/5/.09/4,4R/2/.14/2 10R/5/.08/3,,三重,三重,29,13:00,第１４回サッポロビールカップ,選抜戦,最終日
唐津,23,20260726,10R,2,4368,B1,山口　　隆史,0,0,0.20,3.95,21.05,28.95,4.00,25.00,37.50,14,33.15,51.63,21,44.19,56.98,5R/2/.26/3,4R/1/.19/2 11R/4/.21/1,4R/3/.32/5 9R/6/.18/5,1R/5/.11/3,6R/1/.18/2 12R/6/.16/3,,福岡,福岡,40,13:00,第１４回サッポロビールカップ,選抜戦,最終日
唐津,23,20260726,10R,3,4092,B1,岡部　　大輔,0,0,0.16,4.82,25.00,42.86,5.52,36.70,54.13,42,37.06,54.31,52,34.09,46.59,3R/5/.17/2 10R/1/.08/1,11R/2/.20/2,1R/3/.23/2 10R/6/.13/6,7R/3/.25/4,5R/5/.14/5 11R/4/.11/4,,佐賀,佐賀,45,13:00,第１４回サッポロビールカップ,選抜戦,最終日
唐津,23,20260726,10R,4,4072,A1,森永　　　淳,0,0,0.13,6.97,52.75,65.93,6.56,52.63,62.41,15,35.92,48.54,18,28.57,50.65,8R/4/.12/1 12R/1/.14/1,9R/3/.13/1,2R/2/.07/1 10R/5/.10/3,5R/4/.14/2 10R/1/.12/1,3R/5/.01/2 12R/1/.18/5,,佐賀,佐賀,45,13:00,第１４回サッポロビールカップ,選抜戦,最終日
唐津,23,20260726,10R,5,4978,B1,山田　　和佐,0,0,0.17,4.83,25.74,44.55,4.94,25.81,45.16,4,46.19,61.93,28,38.10,54.76,1R/2/.23/2 10R/5/.10/4,7R/4/.18/4,8R/6/.16/4,4R/1/.14/1 8R/3/.17/1,5R/3/.18/4 12R/4/.17/6,,広島,島根,32,13:00,第１４回サッポロビールカップ,選抜戦,最終日
唐津,23,20260726,10R,6,5004,A2,河野　　主樹,0,0,0.15,5.98,40.83,60.00,3.63,25.00,37.50,2,38.62,53.97,10,42.67,57.33,6R/2/.15/2,6R/3/.12/2 11R/5/.12/5,11R/6/.12/4,5R/3/.16/3 9R/1/.06/2,4R/4/.10/5 11R/5/.21/6,,大阪,大阪,30,13:00,第１４回サッポロビールカップ,選抜戦,最終日
唐津,23,20260726,11R,1,4362,A1,土屋　　智則,0,0,0.15,6.70,46.43,64.29,6.25,37.50,50.00,37,33.67,48.47,16,39.02,51.22,3R/3/.21/4 12R/2/.11/6,8R/4/.21/1 12R/1/.17/1,9R/5/.21/3,3R/4/.16/4 11R/1/.17/1,2R/2/.14/2 11R/3/.13/3,,群馬,群馬,41,13:33,第１４回サッポロビールカップ,選抜戦,最終日
唐津,23,20260726,11R,2,4289,A2,落合　　直子,1,0,0.13,5.59,36.79,54.72,4.57,21.43,50.00,21,33.51,47.57,35,38.30,50.00,2R/1/.17/1 10R/3/.14/2,4R/5/.35/3,3R/3/.03/1 12R/2/.16/3,4R/6/.30/4,7R/5/.17/1 12R/3/.13/4,,大阪,大阪,41,13:33,第１４回サッポロビールカップ,選抜戦,最終日
唐津,23,20260726,11R,3,4216,B1,星　　　栄爾,0,0,0.15,4.53,23.16,46.32,5.65,38.46,53.85,10,37.44,55.90,42,27.27,48.05,4R/4/.11/3 11R/1/.12/1,3R/6/.15/4,7R/2/.10/1 12R/5/.25/5,4R/3/.11/3,3R/3/.09/3 10R/4/.11/4,,静岡,福島,41,13:33,第１４回サッポロビールカップ,選抜戦,最終日
唐津,23,20260726,11R,4,4411,A2,沢田　　昭宏,0,0,0.19,5.65,36.92,56.15,6.25,43.75,68.75,23,23.08,41.03,19,35.48,51.61,7R/2/.14/1,2R/1/.17/1 10R/3/.11/4,4R/5/.34/1 12R/6/.37/4,6R/4/.26/2 12R/2/.16/1,2R/1/.11/1 10R/2/.18/5,,大阪,大阪,40,13:33,第１４回サッポロビールカップ,選抜戦,最終日
唐津,23,20260726,11R,5,5140,B1,吉田　　彩乃,0,0,0.18,4.77,25.32,45.57,4.93,26.67,46.67,48,29.71,45.14,38,37.21,66.28,3R/4/.20/3,1R/5/.29/4 7R/1/.22/2,3R/2/.02/2 8R/3/.21/1,1R/6/.16/6,7R/1/.22/4 11R/6/.27/5,,静岡,静岡,25,13:33,第１４回サッポロビールカップ,選抜戦,最終日
唐津,23,20260726,11R,6,3987,A1,後藤　　正宗,0,0,0.17,6.18,42.86,63.81,6.74,52.63,73.68,53,21.51,42.44,3,34.88,46.51,10R/6/.06/5,2R/2/.12/2 12R/5/.09/5,4R/4/.22/2 11R/1/.21/6,4R/2/.13/2 9R/3/.13/1,3R/1/.13/1 10R/6/.03/6,,静岡,静岡,48,13:33,第１４回サッポロビールカップ,選抜戦,最終日
唐津,23,20260726,12R,1,4497,A1,桑原　　　悠,0,0,0.14,7.39,56.00,69.60,6.91,45.45,68.18,50,38.69,50.60,33,14.29,22.62,5R/1/.16/1 12R/3/.09/3,10R/4/.12/3,8R/5/.18/2 12R/1/.16/1,7R/2/.26/1 11R/4/.19/3,4R/6/.13/3 11R/1/.08/1,,長崎,長崎,39,14:06,第１４回サッポロビールカップ,優勝戦,最終日
唐津,23,20260726,12R,2,5267,A1,石本　　裕武,0,0,0.15,6.69,47.75,63.96,6.40,50.00,70.00,22,38.83,56.38,56,32.95,51.14,4R/2/.12/1 12R/5/.08/2,3R/4/.20/1 11R/1/.19/6,9R/2/.16/1,4R/4/.15/5 12R/3/.19/5,5R/1/.14/2 10R/3/.08/1,,大阪,大阪,25,14:06,第１４回サッポロビールカップ,優勝戦,最終日
唐津,23,20260726,12R,3,4252,B1,松下　　哲也,0,0,0.19,4.39,20.43,39.78,3.96,16.67,33.33,58,32.47,52.58,25,21.59,45.45,2R/6/.11/6,5R/3/.09/2 9R/2/.21/3,11R/5/.08/2,2R/4/.09/1 8R/1/.07/4,4R/1/.15/1 12R/5/.08/1,,福岡,福岡,43,14:06,第１４回サッポロビールカップ,優勝戦,最終日
唐津,23,20260726,12R,4,4950,A1,高岡　　竜也,0,0,0.16,6.65,52.07,66.12,3.67,11.11,33.33,5,37.08,55.06,57,30.49,47.56,1R/1/.19/1 9R/4/.11/3,4R/2/.17/1 10R/5/.16/1,11R/3/.17/3,5R/1/.11/1 12R/4/.17/3,6R/6/.22/4 10R/1/.11/2,,山口,山口,33,14:06,第１４回サッポロビールカップ,優勝戦,最終日
唐津,23,20260726,12R,5,4102,A1,益田　　啓司,0,0,0.15,6.38,49.24,63.64,7.18,50.00,77.50,13,29.13,46.60,2,35.16,45.05,7R/5/.17/2 11R/2/.24/2,5R/4/.16/3,5R/1/.17/1 12R/3/.15/2,3R/1/.07/1 10R/4/.14/3,5R/6/.09/3 11R/2/.11/2,,福岡,大分,47,14:06,第１４回サッポロビールカップ,優勝戦,最終日
唐津,23,20260726,12R,6,4218,A1,吉川　　喜継,0,0,0.15,6.38,50.00,67.86,5.00,33.33,44.44,11,30.00,50.00,37,36.36,56.82,6R/3/.18/3 12R/4/.10/4,5R/1/.08/1 12R/4/.09/3,10R/2/.06/2,1R/1/.07/1 9R/5/.15/3,7R/2/.19/5 12R/2/.14/2,,滋賀,滋賀,44,14:06,第１４回サッポロビールカップ,優勝戦,最終日
