toban,stint,branch,firstDate,lastDate,nNear,nFar,winsNear,winsFar,top3Near,top3Far,eligible,winDiff,winDiffCourseAdj,top3Diff,top3DiffCourseAdj,meanFinishDiff,meanFinishDiffCourseAdj
2014,0,静岡,2016-11-08,2025-02-27,238,931,19,87,91,418,1,-0.013616,0.000373,-0.066627,-0.048458,0.199153,0.117290
2380,0,岡山,2016-11-01,2017-01-28,6,42,0,2,1,13,0,,,,,,
2505,0,長崎,2016-11-05,2016-11-08,0,0,0,0,0,0,0,,,,,,
2538,0,東京,2016-11-08,2026-08-02,231,1027,13,39,80,312,1,0.018302,0.008984,0.042523,0.028121,-0.172359,-0.114166
2568,0,長崎,2016-11-18,2018-04-02,33,159,1,4,6,38,1,0.005146,-0.015168,-0.057176,-0.065552,0.210406,0.263114
2596,0,群馬,2016-11-03,2017-07-31,35,66,2,2,12,16,1,0.026840,0.018807,0.100433,0.085122,-0.382251,-0.326100
2698,0,香川,2016-11-12,2018-08-15,17,246,1,13,7,93,0,,,,,,
2776,0,大阪,2016-11-12,2016-12-31,17,9,0,0,5,1,0,,,,,,
2785,0,兵庫,2016-11-03,2019-01-30,69,236,7,20,19,67,1,0.016704,0.022930,-0.008536,0.004928,-0.161938,-0.210337
2787,0,群馬,2016-11-12,2021-03-16,208,513,31,63,102,233,1,0.026231,0.016671,0.036194,0.023615,-0.141710,-0.091493
2816,0,福岡,2016-11-07,2018-09-28,41,266,3,26,16,131,1,-0.024574,0.019845,-0.102237,-0.051170,0.244728,0.033595
2841,0,群馬,2016-11-10,2022-03-01,218,619,13,53,95,289,1,-0.025989,-0.033576,-0.031102,-0.041011,0.132776,0.172069
2842,0,大阪,2016-11-07,2017-10-19,22,139,0,11,7,43,1,-0.079137,-0.084293,0.008829,-0.006933,0.207652,0.267280
2844,0,広島,2016-11-03,2022-08-03,170,566,12,45,75,212,1,-0.008917,-0.001324,0.066618,0.069263,-0.188215,-0.203774
2876,0,愛知,2016-11-03,2023-01-30,195,898,43,232,100,495,1,-0.037839,-0.065260,-0.038404,-0.052980,0.173325,0.249111
2878,0,大阪,2016-11-01,2026-07-27,310,1870,50,266,171,1059,1,0.019044,0.019733,-0.014697,-0.012300,-0.013162,-0.023643
2883,0,東京,2016-11-12,2019-06-18,18,276,0,14,2,66,0,,,,,,
2887,0,香川,2016-11-01,2017-01-22,7,35,0,3,2,14,0,,,,,,
2903,0,福岡,2016-11-06,2023-10-29,123,660,14,50,56,302,1,0.038064,0.016645,-0.002291,-0.016496,0.039283,0.106882
2907,0,香川,2016-11-08,2020-06-12,0,605,0,17,0,179,0,,,,,,
2910,0,岡山,2016-11-06,2018-04-03,58,193,6,12,19,62,1,0.041272,0.046531,0.006343,-0.001905,-0.190013,-0.165701
2912,0,長崎,2016-11-01,2022-09-28,353,632,31,67,115,234,1,-0.018194,-0.017930,-0.044474,-0.047068,0.132226,0.141369
2914,0,徳島,2016-11-03,2017-01-29,0,60,0,9,0,27,0,,,,,,
2930,0,山口,2016-11-18,2024-04-25,159,532,23,87,77,274,1,-0.018880,-0.007202,-0.030761,-0.015883,0.189365,0.129822
2935,0,広島,2016-11-05,2021-04-28,56,547,2,29,16,170,1,-0.017302,-0.012490,-0.025072,-0.025297,-0.124739,-0.126570
2941,0,群馬,2016-11-06,2020-02-06,113,292,2,11,45,85,1,-0.019972,-0.036965,0.107134,0.088879,-0.235422,-0.161182
2942,0,徳島,2016-11-12,2020-02-13,36,548,6,106,11,287,1,-0.026764,-0.021268,-0.218167,-0.217267,0.561841,0.554526
2958,0,長崎,2016-11-01,2021-10-31,263,424,17,34,82,151,1,-0.015550,-0.014092,-0.044345,-0.046960,0.123063,0.129546
2969,0,群馬,2016-11-01,2018-10-09,51,110,3,5,13,28,1,0.013369,0.020234,0.000357,-0.014803,-0.018895,0.028553
2974,0,福岡,2016-11-01,2017-07-03,18,39,1,3,2,9,0,,,,,,
2983,0,愛知,2016-11-03,2020-10-29,23,258,1,10,3,82,1,0.004719,0.001255,-0.187395,-0.174618,0.342096,0.304026
2992,0,山口,2016-11-03,2020-09-28,85,449,13,101,42,272,1,-0.072003,-0.062053,-0.111673,-0.101741,0.419704,0.375222
2994,0,東京,2016-11-05,2017-04-20,7,23,0,0,0,2,0,,,,,,
2995,0,東京,2016-11-03,2018-03-13,16,137,0,7,1,42,0,,,,,,
3005,0,岡山,2016-11-03,2018-02-14,29,155,1,7,11,47,1,-0.010679,-0.011682,0.076085,0.066285,-0.320578,-0.280026
3006,0,大阪,2016-11-07,2020-11-16,84,581,5,49,22,184,1,-0.024814,-0.038404,-0.054791,-0.082573,0.251291,0.357002
3010,0,愛知,2016-11-29,2017-11-09,57,143,14,42,31,108,1,-0.048092,-0.017223,-0.211385,-0.191230,0.608882,0.511663
3020,0,東京,2016-11-01,2022-03-14,36,610,2,64,14,232,1,-0.049362,-0.018498,0.008561,0.074825,0.031239,-0.219277
3022,0,愛知,2016-11-03,2023-12-25,247,1257,56,297,161,819,1,-0.009556,0.005922,0.000271,0.019254,0.019196,-0.063186
3024,0,広島,2016-11-09,2026-04-26,488,1787,148,530,335,1245,1,0.006692,0.000040,-0.010223,-0.018846,0.036325,0.071211
3025,0,長崎,2016-11-03,2022-11-03,234,549,14,29,88,200,1,0.007006,0.014257,0.011770,0.017694,-0.009178,-0.035675
3036,0,山口,2016-11-03,2022-11-04,167,625,25,47,71,221,1,0.074501,0.072212,0.071550,0.073850,-0.329753,-0.334825
3044,0,福井,2018-03-08,2024-03-13,202,895,5,78,69,372,1,-0.062398,-0.056440,-0.074058,-0.068384,0.329487,0.303679
3051,0,佐賀,2016-11-01,2022-12-24,249,502,25,35,99,177,1,0.030680,0.033863,0.045001,0.059459,-0.126298,-0.179006
3052,0,徳島,2016-11-01,2020-11-30,26,601,0,24,10,193,1,-0.039933,-0.049792,0.063484,0.068102,-0.216498,-0.225150
3054,0,広島,2016-11-01,2026-08-05,307,1210,59,270,158,699,1,-0.030958,-0.031145,-0.063028,-0.061903,0.175519,0.171858
3058,0,岡山,2016-11-03,2021-04-28,125,623,8,49,40,220,1,-0.014652,-0.009844,-0.033130,-0.030831,0.078266,0.063898
3064,0,香川,2016-11-08,2021-02-20,25,701,3,143,8,344,1,-0.083994,-0.074294,-0.170728,-0.163814,0.680685,0.646556
3065,0,埼玉,2016-11-05,2024-10-12,592,708,36,30,239,253,1,0.018438,0.011266,0.046372,0.041344,-0.213974,-0.190899
3066,0,埼玉,2016-11-03,2022-12-20,372,596,39,33,145,193,1,0.049470,0.040259,0.065959,0.065697,-0.262268,-0.251419
3070,0,岡山,2016-11-03,2026-06-17,368,1259,85,302,235,783,1,-0.008895,-0.012849,0.016665,0.012721,0.003430,0.020394
3072,0,東京,2016-11-12,2026-08-05,259,1074,32,149,115,459,1,-0.015182,-0.029138,0.016641,0.007697,-0.070296,-0.026319
3073,0,佐賀,2016-11-03,2020-04-30,93,436,6,33,31,128,1,-0.011172,-0.001406,0.039755,0.053588,0.031740,-0.023687
3075,0,埼玉,2016-11-03,2026-08-05,608,1372,133,232,327,661,1,0.049654,0.050059,0.056051,0.059341,-0.163093,-0.174391
3079,0,大阪,2016-11-03,2022-07-12,120,587,18,77,44,227,1,0.018825,0.020416,-0.020045,-0.014766,0.005664,-0.014735
3081,0,山口,2016-11-01,2026-05-31,178,1295,31,214,96,665,1,0.008906,0.009088,0.025812,0.026946,-0.091202,-0.097816
3085,0,東京,2016-11-09,2019-05-13,13,208,2,16,7,82,0,,,,,,
3090,0,東京,2016-11-01,2018-06-15,38,210,0,10,6,62,1,-0.047619,-0.044955,-0.137343,-0.134703,0.484712,0.470787
3095,0,岡山,2016-11-09,2017-02-22,8,42,0,5,5,17,0,,,,,,
3105,0,東京,2016-11-06,2026-08-10,229,1109,26,128,102,569,1,-0.001882,0.004276,-0.067660,-0.054558,0.236922,0.186562
3107,0,大阪,2016-11-01,2026-06-12,279,1466,13,159,103,613,1,-0.061863,-0.050185,-0.048969,-0.040329,0.185280,0.146059
3108,0,徳島,2016-11-08,2021-06-22,67,901,3,40,16,251,1,0.000381,-0.007849,-0.039773,-0.041851,0.023374,0.039094
3117,0,東京,2016-11-03,2019-12-24,47,337,0,8,6,89,1,-0.023739,-0.014859,-0.136435,-0.122375,0.346550,0.291232
3120,0,大阪,2016-11-03,2017-09-28,31,91,4,4,13,24,1,0.085076,0.069524,0.155619,0.150015,-0.319390,-0.290051
3121,0,福岡,2016-11-03,2017-01-19,0,39,0,5,0,16,0,,,,,,
3122,0,兵庫,2016-11-03,2022-11-19,184,859,9,66,58,300,1,-0.027920,-0.023606,-0.034026,-0.029051,0.062522,0.041293
3123,0,滋賀,2016-11-03,2022-12-27,198,971,11,69,72,370,1,-0.015505,-0.003419,-0.017414,-0.010363,0.068268,0.033713
3128,0,福岡,2016-11-01,2018-03-29,36,197,4,14,10,53,1,0.040045,0.065364,0.008742,0.036355,-0.102651,-0.214876
3135,0,長崎,2016-11-05,2018-06-11,44,163,5,15,11,43,1,0.021612,0.048310,-0.013804,0.008266,-0.170385,-0.269752
3136,0,埼玉,2016-11-03,2019-05-06,153,179,9,6,55,39,1,0.025304,0.019029,0.141600,0.130355,-0.601344,-0.558048
3137,0,香川,2016-11-05,2018-12-26,15,298,1,12,4,84,0,,,,,,
3138,0,東京,2016-11-01,2020-10-18,85,271,4,4,22,83,1,0.032299,0.020949,-0.047450,-0.072217,0.051704,0.144456
3139,0,長崎,2016-11-15,2017-05-04,8,58,0,1,0,9,0,,,,,,
3141,0,東京,2016-11-03,2024-10-16,151,773,15,62,52,277,1,0.019131,0.004800,-0.013973,-0.029538,0.112060,0.177682
3142,0,徳島,2016-11-03,2021-11-25,18,552,2,22,6,163,0,,,,,,
3151,0,長崎,2016-11-01,2023-10-02,350,676,37,71,147,285,1,0.000685,-0.004578,-0.001598,-0.017863,-0.032434,0.027356
3153,0,佐賀,2016-11-08,2022-01-05,227,669,16,55,72,240,1,-0.011728,-0.006526,-0.041564,-0.040997,0.070873,0.063276
3156,0,静岡,2016-11-01,2026-08-11,386,1340,64,217,178,637,1,0.003863,0.002165,-0.014233,-0.015262,0.075694,0.079921
3158,0,広島,2016-11-01,2026-08-11,590,1735,146,411,356,1087,1,0.010570,0.010518,-0.023123,-0.020381,0.062272,0.052259
3159,0,群馬,2016-11-03,2026-05-06,431,1321,148,458,317,964,1,-0.003320,0.006456,0.005749,0.010066,-0.014741,-0.038964
3161,0,大阪,2016-11-03,2026-08-08,326,1853,54,262,186,1063,1,0.024252,0.016747,-0.003112,-0.006555,-0.056870,-0.039435
3164,0,山口,2017-01-12,2022-12-18,122,573,16,42,55,214,1,0.057849,0.050621,0.077347,0.072731,-0.238392,-0.219139
3166,0,香川,2016-11-05,2017-03-16,0,49,0,1,0,7,0,,,,,,
3169,0,東京,2016-11-01,2017-05-13,0,90,0,2,0,23,0,,,,,,
3170,0,大阪,2016-11-03,2021-05-06,100,507,6,37,22,170,1,-0.012978,-0.002403,-0.115306,-0.086160,0.487022,0.381560
3171,0,長崎,2016-11-06,2017-12-28,34,128,1,5,9,35,1,-0.009651,0.003103,-0.008732,-0.015576,-0.086857,-0.072287
3174,0,福岡,2016-11-05,2019-09-08,59,311,2,20,19,79,1,-0.030410,-0.007809,0.068015,0.098019,-0.131887,-0.257179
3175,0,東京,2016-11-03,2026-08-05,284,1519,21,139,144,808,1,-0.017564,-0.017151,-0.024887,-0.024814,0.099567,0.099666
3176,0,山口,2016-12-07,2026-03-14,316,1238,34,139,143,535,1,-0.004683,0.000116,0.020383,0.027085,-0.059922,-0.085854
3177,0,東京,2016-11-03,2022-12-17,129,726,6,20,36,222,1,0.018963,-0.000347,-0.026715,-0.044591,-0.011115,0.065354
3182,0,群馬,2016-11-15,2022-12-11,187,703,5,18,69,238,1,0.001133,-0.015275,0.030435,0.026704,-0.010665,0.014834
3186,0,大阪,2016-11-15,2022-12-18,183,928,19,93,78,356,1,0.003610,0.003841,0.042609,0.036409,-0.122910,-0.102440
3187,0,香川,2016-11-09,2021-11-15,35,764,3,76,14,324,1,-0.013762,-0.035707,-0.024084,-0.064337,0.066343,0.222745
3188,0,福岡,2016-11-03,2025-04-04,164,1454,26,287,104,947,1,-0.038850,-0.032342,-0.017160,-0.012304,0.086104,0.065171
3189,0,香川,2016-11-08,2018-12-26,30,312,1,10,10,79,1,0.001282,-0.008855,0.080128,0.060617,0.098077,0.169737
3200,0,東京,2016-11-01,2021-10-30,114,651,30,171,67,452,1,0.000485,0.005303,-0.106597,-0.108161,0.230172,0.230212
3202,0,東京,2016-11-06,2026-08-10,219,861,20,48,82,290,1,0.035575,0.031515,0.037612,0.042275,-0.151799,-0.165123
3207,0,東京,2016-11-03,2026-07-21,201,889,11,47,65,285,1,0.001858,-0.014196,0.002798,-0.011572,0.016823,0.078650
3211,0,佐賀,2016-11-08,2026-08-11,444,1123,44,106,189,468,1,0.004709,0.007485,0.008935,0.012198,-0.066874,-0.079890
3212,0,広島,2016-11-01,2026-08-08,319,1165,33,139,162,560,1,-0.015865,-0.024375,0.027150,0.010743,-0.101901,-0.040256
3214,0,岡山,2016-11-03,2018-11-11,42,277,1,13,11,69,1,-0.023122,-0.005046,0.012807,0.038103,0.094894,-0.008411
3220,0,静岡,2016-11-15,2022-10-13,268,784,24,77,114,363,1,-0.008662,-0.009687,-0.037637,-0.045359,0.146722,0.173639
3224,0,佐賀,2016-11-10,2026-08-10,505,1233,75,117,250,539,1,0.053624,0.057870,0.057904,0.059195,-0.181928,-0.189695
3225,0,東京,2016-11-07,2017-10-14,17,48,1,1,4,5,0,,,,,,
3226,0,東京,2016-11-03,2026-08-08,213,1230,19,113,108,528,1,-0.002668,-0.003125,0.077774,0.069648,-0.192614,-0.163771
3227,0,東京,2016-11-05,2024-01-22,219,802,52,158,130,422,1,0.040435,0.026081,0.067423,0.050635,-0.280281,-0.210859
3228,0,群馬,2016-11-18,2017-03-03,24,12,2,0,5,3,0,,,,,,
3231,0,愛知,2016-11-01,2023-01-04,156,887,22,105,77,394,1,0.022649,0.026557,0.049396,0.068208,-0.186938,-0.254307
3232,0,香川,2016-11-03,2026-08-11,159,1658,44,436,104,1065,1,0.013762,0.007154,0.011748,0.011007,-0.053065,-0.042420
3233,0,岡山,2016-11-01,2026-07-20,429,1636,65,226,228,890,1,0.013373,0.013435,-0.012541,-0.018505,-0.027074,-0.007155
3234,0,香川,2016-11-01,2021-10-22,56,660,2,48,11,190,1,-0.037013,-0.050153,-0.091450,-0.102213,0.250325,0.302485
3235,0,群馬,2016-11-03,2021-06-25,177,580,22,39,71,168,1,0.057052,0.038736,0.111475,0.098872,-0.458854,-0.399865
3236,0,東京,2016-11-08,2020-02-24,70,420,7,56,28,177,1,-0.033333,-0.042606,-0.021429,-0.034871,0.140476,0.189166
3243,0,大阪,2018-07-17,2024-06-18,145,534,7,55,44,156,1,-0.054720,-0.043448,0.011313,0.027985,0.026979,-0.040167
3245,0,埼玉,2016-11-03,2020-04-26,87,437,11,45,36,164,1,0.023462,0.000453,0.038507,0.019609,-0.253137,-0.166514
3246,0,兵庫,2016-11-03,2026-05-31,236,1138,27,96,99,455,1,0.030048,0.027929,0.019667,0.017414,-0.105009,-0.094621
3251,0,埼玉,2016-11-05,2026-08-11,490,1871,85,373,299,1122,1,-0.025889,-0.012522,0.010525,0.024741,0.011036,-0.049479
3254,0,香川,2016-11-01,2022-03-04,46,714,2,50,17,248,1,-0.026550,-0.019071,0.022226,0.033943,-0.004872,-0.051314
3256,0,東京,2016-12-04,2026-08-11,336,1331,97,374,228,887,1,0.007699,0.026416,0.012155,0.025256,-0.060785,-0.120408
3257,0,福岡,2017-01-24,2026-08-07,190,909,78,330,130,598,1,0.047490,0.032487,0.026345,0.016743,-0.127109,-0.080650
3261,0,岡山,2016-11-01,2022-11-19,168,706,10,46,69,252,1,-0.005632,-0.007354,0.053774,0.053015,-0.045360,-0.041194
3265,0,福岡,2016-11-03,2026-08-02,365,1089,93,290,248,769,1,-0.011505,-0.016271,-0.026700,-0.027506,0.098424,0.105723
3268,0,三重,2016-11-05,2026-08-08,506,1404,90,243,271,774,1,0.004789,-0.000457,-0.015709,-0.023079,0.082007,0.110627
3269,0,群馬,2016-11-06,2016-11-11,0,0,0,0,0,0,0,,,,,,
3273,0,広島,2016-11-01,2025-07-27,300,1193,33,131,143,512,1,0.000193,-0.000313,0.047497,0.039742,-0.062666,-0.035944
3276,0,愛知,2016-11-10,2020-02-01,82,438,12,35,27,142,1,0.066433,0.065189,0.005067,-0.003183,-0.142221,-0.110068
3277,0,東京,2016-11-03,2026-08-10,221,1008,18,93,86,379,1,-0.010814,-0.022490,0.013148,0.011989,0.069395,0.082804
3278,0,滋賀,2016-11-01,2018-06-27,56,293,11,76,33,197,1,-0.062957,-0.044420,-0.083069,-0.071318,0.371039,0.316723
3280,0,三重,2016-11-03,2024-11-23,216,865,36,103,83,373,1,0.047592,0.056023,-0.046955,-0.036101,0.125915,0.080770
3281,0,大阪,2016-11-01,2020-06-26,61,525,4,30,16,175,1,0.008431,0.012363,-0.071038,-0.059596,0.439688,0.392459
3282,0,広島,2016-11-03,2026-08-10,266,1707,34,209,124,827,1,0.005383,0.004261,-0.018310,-0.019947,0.005372,0.010767
3283,0,福井,2016-11-01,2022-12-22,190,904,20,100,74,334,1,-0.005356,-0.003353,0.020005,0.023492,-0.074697,-0.088714
3284,0,佐賀,2016-11-01,2026-08-10,706,1288,142,265,414,712,1,-0.004612,-0.006034,0.033607,0.039053,-0.082872,-0.098770
3286,0,静岡,2016-11-01,2026-08-08,228,1196,26,124,90,497,1,0.010356,0.006996,-0.020815,-0.021281,-0.000088,0.004819
3289,0,大阪,2016-12-01,2026-06-29,172,1273,23,167,77,582,1,0.002535,-0.010537,-0.009513,-0.028070,-0.095115,-0.019875
3290,0,大阪,2016-11-03,2024-12-12,219,940,41,219,142,578,1,-0.045764,-0.036503,0.033508,0.042758,-0.022734,-0.062437
3291,0,福岡,2016-11-03,2017-10-16,9,118,0,4,0,30,0,,,,,,
3293,0,東京,2016-11-03,2026-08-03,297,1204,17,50,120,411,1,0.015711,0.005584,0.062678,0.054056,-0.210575,-0.171243
3294,0,静岡,2016-11-07,2026-08-08,358,1180,41,103,143,482,1,0.027237,0.030190,-0.009033,-0.011843,-0.056174,-0.049135
3295,0,徳島,2016-11-08,2023-02-27,48,972,9,156,27,523,1,0.027006,0.044370,0.024434,0.039841,-0.102623,-0.169324
3296,0,群馬,2016-11-03,2020-11-13,173,232,9,17,56,56,1,-0.021253,-0.037449,0.082320,0.061418,-0.201490,-0.113669
3297,0,福岡,2016-11-03,2026-08-03,357,1156,65,184,199,627,1,0.022903,0.013823,0.015035,0.012152,-0.078555,-0.060308
3298,0,静岡,2016-12-29,2019-11-02,26,90,0,3,4,21,1,-0.033333,-0.030479,-0.079487,-0.065786,0.227350,0.174613
3299,0,福岡,2016-11-03,2016-11-08,0,8,0,0,0,2,0,,,,,,
3300,0,岡山,2016-12-03,2026-07-09,431,1734,93,387,242,1097,1,-0.007406,-0.013019,-0.071156,-0.072824,0.194439,0.205734
3302,0,愛知,2016-11-03,2026-08-11,311,1454,67,298,156,755,1,0.010482,0.009347,-0.017650,-0.024729,0.052789,0.077318
3303,0,東京,2016-11-01,2026-08-10,278,1415,28,214,142,744,1,-0.050517,-0.055811,-0.015004,-0.020742,0.090177,0.113345
3304,0,徳島,2016-11-03,2026-08-10,196,1959,37,438,104,1168,1,-0.034808,-0.025385,-0.065610,-0.053710,0.159648,0.111262
3305,0,岡山,2016-11-03,2026-08-10,452,1436,46,158,166,507,1,-0.008258,-0.007784,0.014193,0.012255,-0.057313,-0.051346
3306,0,埼玉,2016-11-01,2026-08-05,529,899,49,50,197,294,1,0.037010,0.021658,0.045371,0.028967,-0.216992,-0.146760
3307,0,佐賀,2020-05-11,2024-07-03,197,377,40,91,112,210,1,-0.038334,-0.031680,0.011499,0.009758,0.001091,-0.001130
3309,0,東京,2016-11-08,2018-10-05,43,234,1,13,11,60,1,-0.032300,-0.026333,-0.000596,-0.001170,0.023057,0.017095
3310,0,群馬,2016-11-18,2022-06-13,346,512,18,15,120,158,1,0.022726,-0.001876,0.038227,0.009489,-0.178829,-0.059659
3312,0,愛知,2016-11-08,2016-12-04,10,15,5,2,8,5,0,,,,,,
3313,0,東京,2016-11-09,2026-08-10,176,970,10,61,56,309,1,-0.006068,-0.004017,-0.000375,-0.010455,-0.021942,0.011006
3315,0,愛知,2016-11-01,2026-08-11,196,1224,21,142,93,595,1,-0.008870,-0.009545,-0.011621,-0.017311,0.064059,0.084254
3317,0,福岡,2016-11-01,2018-10-01,45,233,3,13,19,81,1,0.010873,0.014960,0.074583,0.088487,-0.182070,-0.236719
3319,0,埼玉,2016-11-01,2026-08-11,751,1552,160,285,466,930,1,0.029415,0.043481,0.021279,0.031258,-0.108936,-0.155977
3324,0,兵庫,2016-11-12,2016-11-17,0,8,0,0,0,0,0,,,,,,
3325,0,長崎,2016-11-09,2020-04-05,175,370,11,20,45,106,1,0.008803,0.020001,-0.029344,-0.013265,0.017838,-0.046619
3326,0,群馬,2016-11-01,2017-09-25,61,135,10,28,33,86,1,-0.043473,-0.019153,-0.096053,-0.081525,0.279174,0.206128
3327,0,静岡,2016-11-01,2026-08-11,368,2021,65,424,228,1281,1,-0.033167,-0.022449,-0.014279,-0.009255,0.057065,0.028471
3328,0,東京,2016-11-03,2016-12-31,0,12,0,0,0,1,0,,,,,,
3329,0,愛知,2016-11-15,2017-11-28,46,172,16,56,30,113,1,0.022245,0.041847,-0.004803,0.019762,0.020981,-0.077973
3331,0,愛知,2016-11-03,2023-08-18,263,1102,56,233,167,703,1,0.001494,0.011546,-0.002950,0.013249,0.043212,-0.021578
3333,0,徳島,2016-11-03,2026-08-10,157,2000,28,428,83,1282,1,-0.035656,-0.031820,-0.112338,-0.111751,0.246277,0.239579
3334,0,広島,2016-11-07,2026-08-05,338,1829,52,263,200,963,1,0.010052,0.007016,0.065199,0.053140,-0.190905,-0.147096
3335,0,佐賀,2016-11-01,2020-10-11,170,413,11,31,58,141,1,-0.010355,0.003011,-0.000228,0.012732,-0.124512,-0.178997
3336,0,東京,2016-11-03,2021-08-15,95,560,9,44,36,231,1,0.016165,0.025738,-0.033553,-0.021837,0.077068,0.030734
3338,0,広島,2016-11-03,2024-05-03,197,788,9,53,64,254,1,-0.021574,-0.018701,0.002538,-0.002857,0.055838,0.072081
3339,0,兵庫,2016-11-01,2026-08-05,259,1354,31,176,114,632,1,-0.010294,-0.017456,-0.026611,-0.039791,0.035322,0.087338
3340,0,東京,2016-11-03,2026-08-10,226,1131,16,95,97,432,1,-0.013200,-0.020120,0.047241,0.046048,-0.099184,-0.089102
3342,0,愛知,2016-11-23,2016-12-31,0,24,0,0,0,0,0,,,,,,
3343,0,福井,2016-11-03,2019-10-02,48,386,6,53,27,214,1,-0.012306,-0.020879,0.008096,-0.001046,-0.227547,-0.189825
3344,0,静岡,2016-11-08,2018-06-11,51,219,4,11,21,75,1,0.028203,0.021614,0.069299,0.064587,-0.212732,-0.192334
3346,0,兵庫,2016-11-03,2026-01-26,257,1335,24,187,116,577,1,-0.046690,-0.044125,0.019152,0.011379,-0.032924,-0.008822
3347,0,東京,2016-11-03,2024-08-02,168,1317,27,231,97,800,1,-0.014684,-0.003363,-0.030060,-0.022133,0.112838,0.073740
3349,0,長崎,2016-11-12,2026-08-10,385,1489,85,375,239,975,1,-0.031068,-0.049804,-0.034023,-0.048396,0.148212,0.214313
3350,0,山口,2016-11-05,2026-08-01,290,1575,41,232,152,868,1,-0.005922,-0.013069,-0.026973,-0.030149,0.070213,0.089185
3352,0,福岡,2016-11-01,2026-08-11,285,1089,8,42,123,475,1,-0.010497,-0.011298,-0.004601,-0.007618,0.047373,0.059875
3353,0,埼玉,2016-11-01,2026-08-11,432,1052,47,113,187,468,1,0.001382,0.006373,-0.011997,0.002181,-0.012278,-0.064657
3355,0,東京,2016-11-01,2026-08-05,120,799,3,18,51,246,1,0.002472,-0.014839,0.117115,0.101855,-0.248540,-0.180822
3357,0,岡山,2016-11-01,2026-08-11,261,1548,24,120,105,584,1,0.014435,0.028188,0.025038,0.032637,-0.131627,-0.171106
3358,0,山口,2016-11-08,2019-01-24,48,197,3,13,14,54,1,-0.003490,-0.021977,0.017555,-0.027729,-0.221552,-0.052087
3360,0,福岡,2016-11-01,2020-02-18,57,595,14,116,35,350,1,0.050656,0.019762,0.025800,-0.000206,-0.060386,0.054685
3361,0,徳島,2016-11-01,2026-08-10,114,1395,6,127,39,541,1,-0.038408,-0.038990,-0.045708,-0.042641,0.290304,0.278308
3362,0,三重,2016-11-03,2026-08-11,589,1709,115,412,347,1044,1,-0.045830,-0.044818,-0.021749,-0.021732,0.127574,0.126367
3363,0,長崎,2016-11-01,2017-03-01,18,35,1,0,1,5,0,,,,,,
3365,0,大阪,2016-11-03,2019-09-25,70,374,7,29,34,138,1,0.022460,0.012199,0.116730,0.102987,-0.332238,-0.279052
3370,0,大阪,2016-11-01,2026-08-08,330,1228,27,94,101,439,1,0.005271,0.013268,-0.051431,-0.048289,0.136068,0.119940
3372,0,広島,2016-11-01,2026-08-08,348,920,13,37,92,260,1,-0.002861,-0.005572,-0.018241,-0.020401,0.065930,0.076485
3373,0,福岡,2016-11-03,2018-01-17,14,153,0,9,6,39,0,,,,,,
3376,0,群馬,2016-11-01,2021-06-24,296,505,28,25,100,135,1,0.045090,0.036172,0.070511,0.064557,-0.216417,-0.187293
3377,0,東京,2016-11-01,2026-08-05,138,1011,17,70,59,394,1,0.053950,0.042235,0.037823,0.024046,-0.127747,-0.069362
3379,0,福岡,2016-11-01,2018-06-03,52,268,13,61,36,165,1,0.022388,0.001035,0.076636,0.032566,-0.142078,0.026265
3381,0,埼玉,2016-12-15,2026-07-27,458,1186,81,213,242,600,1,-0.002739,0.005343,0.022482,0.024955,-0.057258,-0.071646
3382,0,東京,2016-11-23,2022-05-01,120,440,9,28,45,138,1,0.011364,-0.008045,0.061364,0.042440,-0.034848,0.046028
3385,0,東京,2016-11-01,2026-08-11,307,1397,64,282,196,824,1,0.006608,0.001908,0.048601,0.047107,-0.163923,-0.153148
3388,0,福井,2016-11-09,2026-06-22,278,1446,77,363,171,881,1,0.025941,0.027322,0.005841,0.011948,-0.084928,-0.105818
3391,0,東京,2016-11-05,2026-08-11,34,299,5,51,18,171,1,-0.023510,-0.019246,-0.042495,-0.028879,0.183061,0.133799
3392,0,三重,2016-11-08,2026-08-09,389,1121,31,80,158,410,1,0.008327,0.009168,0.040425,0.043873,-0.135346,-0.147685
3393,0,東京,2016-11-25,2019-12-20,47,210,3,6,16,45,1,0.035258,0.029593,0.126140,0.102430,-0.531408,-0.442010
3397,0,広島,2016-11-01,2018-10-26,56,242,3,13,12,61,1,-0.000148,0.002768,-0.037780,-0.044626,-0.028778,-0.006316
3398,0,埼玉,2016-11-03,2020-06-25,129,298,6,10,42,87,1,0.012955,0.023848,0.033635,0.046402,-0.110530,-0.163485
3400,0,愛知,2016-11-08,2024-08-15,97,263,6,18,28,98,1,-0.006585,-0.011067,-0.083964,-0.090458,0.325507,0.350825
3401,0,香川,2016-11-08,2026-08-11,160,1869,24,291,81,943,1,-0.005698,0.002316,0.001702,0.016420,0.138620,0.074289
3404,0,東京,2016-11-01,2018-08-11,56,229,1,10,16,62,1,-0.025811,-0.043886,0.014972,-0.005963,0.045072,0.133605
3406,0,群馬,2016-11-01,2026-08-11,450,1552,71,271,241,879,1,-0.016836,0.002224,-0.030810,-0.010002,0.120126,0.030801
3407,0,東京,2016-11-08,2018-12-19,35,232,1,14,11,70,1,-0.031773,-0.041219,0.012562,0.000343,0.218473,0.273147
3408,0,東京,2016-11-01,2019-03-31,56,133,1,6,8,30,1,-0.027256,-0.025711,-0.082707,-0.078701,0.150376,0.130919
3409,0,福井,2016-11-01,2021-10-05,131,759,19,105,64,334,1,0.006698,0.000141,0.048497,0.047029,-0.153476,-0.141980
3411,0,広島,2016-11-01,2026-08-11,279,1108,13,65,64,340,1,-0.012069,-0.006347,-0.077469,-0.073946,0.205174,0.188395
3412,0,埼玉,2016-11-08,2026-08-09,606,1538,147,375,395,995,1,-0.001249,0.018232,0.004871,0.018845,0.000560,-0.065282
3414,0,群馬,2016-11-01,2025-11-10,478,1358,76,210,277,736,1,0.004357,0.008377,0.037524,0.045376,-0.080860,-0.109983
3415,0,大阪,2016-11-09,2026-08-02,417,1584,121,360,289,997,1,0.062895,0.042660,0.063626,0.036841,-0.327670,-0.218978
3417,0,東京,2016-11-03,2019-12-29,59,381,2,18,14,106,1,-0.013346,-0.026813,-0.040927,-0.054546,0.091819,0.149353
3419,0,群馬,2016-11-01,2026-07-27,324,996,21,64,111,350,1,0.000558,-0.011185,-0.008813,-0.021303,-0.002045,0.050751
3422,0,静岡,2016-11-01,2026-08-11,376,1469,113,376,255,903,1,0.044575,0.037720,0.063488,0.054997,-0.261462,-0.227023
3424,0,岡山,2016-11-01,2023-04-28,167,255,11,14,46,75,1,0.010966,0.007686,-0.018669,-0.020341,0.171680,0.180309
3425,0,東京,2016-11-07,2019-08-28,22,110,0,6,4,35,1,-0.054545,-0.026402,-0.136364,-0.141080,0.409091,0.399278
3427,0,山口,2016-11-03,2025-01-22,78,924,13,182,48,567,1,-0.030303,-0.040247,0.001748,-0.007894,0.039710,0.078772
3430,0,広島,2016-11-21,2026-08-08,437,1451,66,215,196,611,1,0.002856,0.002361,0.027424,0.026581,-0.102305,-0.099702
3432,0,大阪,2016-11-06,2026-07-09,422,1723,45,242,201,811,1,-0.033818,-0.031255,0.005613,0.007823,0.020301,0.011309
3433,0,埼玉,2016-11-01,2020-11-10,133,590,9,30,39,205,1,0.016822,0.005524,-0.054225,-0.070110,0.116006,0.184361
3434,0,福岡,2016-11-03,2026-08-08,243,1161,23,108,110,474,1,0.001627,0.010295,0.044406,0.057048,-0.056656,-0.107660
3435,0,岡山,2016-11-03,2026-08-11,368,1904,103,526,242,1329,1,0.003631,0.003236,-0.040396,-0.036139,0.062043,0.047971
3436,0,岡山,2016-11-15,2026-08-05,316,1541,56,334,172,962,1,-0.039527,-0.039726,-0.079966,-0.081671,0.255608,0.262430
3439,0,大阪,2016-11-03,2026-08-09,410,2071,82,488,242,1265,1,-0.035635,-0.030873,-0.020572,-0.019269,0.074755,0.066591
3441,0,群馬,2016-11-03,2026-08-11,490,1378,55,132,256,654,1,0.016454,0.008726,0.047848,0.038494,-0.139421,-0.101666
3442,0,香川,2016-11-03,2026-08-11,193,1815,27,238,113,992,1,0.008767,0.007132,0.038936,0.040245,-0.184950,-0.189245
3443,0,岡山,2016-11-03,2023-02-17,331,941,42,124,173,472,1,-0.004886,-0.006901,0.021065,0.019387,-0.077404,-0.071423
3444,0,福岡,2016-11-08,2026-04-24,161,1205,12,113,53,378,1,-0.019242,-0.018563,0.015500,0.016122,-0.006948,-0.009313
3445,0,埼玉,2016-11-01,2026-08-05,555,1387,92,211,322,812,1,0.013639,0.020742,-0.005256,-0.001928,0.008211,-0.010288
3446,0,広島,2016-11-07,2016-12-06,0,8,0,0,0,1,0,,,,,,
3448,0,群馬,2016-11-08,2026-05-24,455,1242,39,105,210,548,1,0.001173,-0.005968,0.020315,0.010501,-0.075371,-0.036513
3452,0,愛知,2016-11-03,2017-11-06,16,139,2,11,8,59,0,,,,,,
3454,0,岡山,2016-11-23,2026-08-04,284,1501,29,127,139,701,1,0.017502,0.017763,0.022415,0.019951,-0.089426,-0.082123
3455,0,愛知,2016-11-01,2026-08-08,216,1451,34,191,130,769,1,0.025774,0.015721,0.071873,0.064824,-0.184305,-0.152464
3456,0,徳島,2016-11-09,2021-06-22,42,649,3,47,16,197,1,-0.000991,0.007058,0.077408,0.079204,-0.158155,-0.167948
3458,0,岡山,2016-11-08,2026-08-10,392,1399,64,191,173,654,1,0.026739,0.033111,-0.026150,-0.021379,0.028676,0.005552
3459,0,佐賀,2016-11-03,2026-08-05,418,1006,28,65,170,307,1,0.002373,0.004404,0.101530,0.097764,-0.235415,-0.225568
3460,0,東京,2016-11-01,2020-06-07,42,467,4,39,13,161,1,0.011726,-0.007642,-0.035230,-0.060566,-0.120424,-0.013193
3461,0,静岡,2016-11-01,2026-08-08,308,1295,29,82,110,496,1,0.030835,0.024495,-0.025869,-0.026311,0.054721,0.061244
3462,0,岡山,2016-11-22,2025-08-26,236,1624,36,260,106,849,1,-0.007556,0.001308,-0.073631,-0.064595,0.278617,0.239885
3463,0,東京,2016-11-03,2026-08-11,363,1303,52,151,196,653,1,0.027364,0.031279,0.038794,0.041485,-0.092355,-0.105252
3465,0,東京,2016-11-03,2019-12-29,22,374,1,12,2,95,1,0.013369,0.005554,-0.163102,-0.176418,0.422460,0.476462
3467,0,東京,2016-11-01,2026-08-08,368,1190,34,89,164,458,1,0.017601,0.012056,0.060778,0.051055,-0.232495,-0.195582
3469,0,福井,2016-11-01,2021-03-25,93,370,11,28,34,119,1,0.042604,0.044250,0.043970,0.048763,-0.183784,-0.202647
3470,0,徳島,2016-11-01,2026-08-05,100,1086,16,186,48,566,1,-0.011271,-0.003371,-0.041179,-0.032363,0.117864,0.079163
3471,0,佐賀,2016-11-07,2026-08-04,444,996,35,67,155,369,1,0.011560,0.012184,-0.021383,-0.028024,0.016417,0.039844
3472,0,東京,2016-11-03,2018-03-26,21,82,1,1,4,9,1,0.035424,-0.008732,0.080720,0.039172,-0.367596,-0.184436
3473,0,福岡,2016-11-01,2026-08-10,272,1845,87,568,190,1264,1,0.011994,0.000346,0.013435,0.000125,0.001536,0.056673
3474,0,静岡,2016-11-01,2026-08-05,225,1362,23,139,112,690,1,0.000166,0.003484,-0.008830,-0.006316,0.033372,0.021465
3475,0,群馬,2016-11-01,2026-08-11,584,1413,120,309,343,867,1,-0.013204,0.003702,-0.026259,-0.009236,0.098200,0.024976
3476,0,徳島,2016-11-08,2018-12-22,14,295,1,14,4,70,0,,,,,,
3477,0,徳島,2016-11-09,2026-08-10,180,1411,15,76,75,507,1,0.029471,0.013491,0.057347,0.051011,-0.243964,-0.209808
3478,0,香川,2016-11-01,2026-08-09,121,1440,16,179,59,662,1,0.007926,0.009534,0.027881,0.025363,-0.043779,-0.036091
3480,0,群馬,2016-11-08,2019-12-16,57,286,2,9,16,65,1,0.003619,-0.003080,0.053429,0.054259,-0.138817,-0.136421
3482,0,群馬,2016-11-01,2026-08-11,749,1253,105,107,377,537,1,0.054792,0.038086,0.074766,0.057380,-0.304018,-0.229998
3483,0,佐賀,2016-11-12,2020-10-22,121,436,7,25,39,139,1,0.000512,-0.004607,0.003507,-0.007083,-0.196812,-0.157018
3484,0,兵庫,2016-11-09,2026-08-11,342,1761,93,460,222,1141,1,0.010715,0.009730,0.001195,0.004444,0.052387,0.043218
3485,0,大阪,2016-11-03,2021-12-04,174,825,19,125,74,387,1,-0.042320,-0.052409,-0.043804,-0.065253,0.123197,0.203837
3486,0,福岡,2016-11-09,2023-12-01,63,455,6,44,17,181,1,-0.001465,0.010522,-0.127961,-0.100344,0.670818,0.562253
3488,0,東京,2016-11-03,2023-10-21,222,1028,24,152,107,501,1,-0.039752,-0.035317,-0.005372,-0.006712,0.149665,0.150409
3489,0,静岡,2016-11-01,2026-08-11,443,1904,102,434,293,1252,1,0.002307,0.002082,0.003837,0.002098,-0.041483,-0.036033
3491,0,福岡,2016-11-03,2023-12-20,236,857,11,52,69,252,1,-0.014067,-0.008339,-0.001676,0.000154,-0.008183,-0.018278
3492,0,香川,2016-11-09,2017-03-02,0,31,0,0,0,7,0,,,,,,
3493,0,大阪,2016-11-23,2018-12-13,23,311,0,18,6,85,1,-0.057878,-0.050015,-0.012442,-0.010977,0.163288,0.150219
3496,0,群馬,2016-11-06,2017-01-11,6,25,0,2,1,6,0,,,,,,
3497,0,埼玉,2016-11-03,2026-07-28,513,1467,102,290,289,755,1,0.001148,0.002979,0.048697,0.048452,-0.149308,-0.149934
3498,0,兵庫,2016-11-18,2021-12-02,120,544,6,51,32,172,1,-0.043750,-0.036100,-0.049510,-0.035834,0.267525,0.215585
3499,0,広島,2016-11-03,2026-08-08,458,1643,119,413,302,1006,1,0.008456,-0.000248,0.047094,0.036913,-0.117420,-0.075216
3501,0,長崎,2016-11-08,2025-01-24,545,1004,55,140,231,435,1,-0.038525,-0.035294,-0.009414,-0.008477,0.056343,0.051041
3502,0,静岡,2016-11-03,2026-08-11,542,1784,98,400,298,1139,1,-0.043403,-0.037487,-0.088637,-0.083375,0.256762,0.234303
3503,0,埼玉,2016-11-09,2026-07-27,430,1141,32,59,161,367,1,0.022710,0.009043,0.052771,0.041133,-0.137660,-0.085731
3505,0,東京,2016-11-01,2026-08-10,284,1399,52,226,177,814,1,0.021555,0.027105,0.041395,0.045940,-0.060013,-0.081994
3506,0,佐賀,2016-11-01,2023-04-26,262,637,10,38,81,212,1,-0.021487,-0.012223,-0.023650,-0.014569,0.136847,0.097501
3507,0,大阪,2016-11-07,2026-08-02,321,1386,22,113,129,615,1,-0.012994,-0.014320,-0.041854,-0.046505,0.130410,0.146934
3508,0,佐賀,2016-11-08,2026-08-11,609,1143,64,133,296,507,1,-0.011270,-0.011708,0.042473,0.037059,-0.090704,-0.072797
3509,0,香川,2016-11-12,2026-08-05,140,1200,8,81,52,399,1,-0.010357,-0.018345,0.038929,0.037892,-0.034524,-0.026250
3514,0,福岡,2016-11-08,2026-08-11,286,1481,70,394,176,870,1,-0.021281,-0.025596,0.027944,0.018800,-0.083246,-0.048751
3516,0,広島,2016-11-03,2026-08-10,217,1444,28,140,106,583,1,0.032079,0.044159,0.084740,0.092831,-0.225739,-0.264636
3517,0,東京,2016-11-07,2026-08-10,263,1187,44,259,133,708,1,-0.050897,-0.041029,-0.090758,-0.082414,0.368725,0.333227
3518,0,静岡,2016-11-12,2026-08-05,322,989,32,130,145,489,1,-0.032067,-0.033015,-0.044128,-0.047352,0.140402,0.152099
3519,0,愛知,2016-11-05,2026-08-11,262,1306,26,105,122,549,1,0.018838,0.011547,0.045281,0.038555,-0.174824,-0.144255
3521,0,福岡,2016-11-03,2020-06-21,61,474,1,14,17,136,1,-0.013142,0.003052,-0.008231,0.019516,-0.109670,-0.218713
3522,0,佐賀,2016-11-03,2022-12-19,424,667,113,131,269,376,1,0.070108,0.045800,0.070716,0.044112,-0.257705,-0.146009
3523,0,福岡,2016-11-01,2026-08-10,262,1082,40,140,133,516,1,0.023282,0.025095,0.030739,0.040200,-0.064900,-0.099690
3527,0,長崎,2016-11-06,2026-08-10,632,1456,86,240,341,823,1,-0.028759,-0.031923,-0.025690,-0.026449,0.074428,0.079543
3528,0,愛知,2016-11-01,2026-08-11,148,1106,10,70,45,369,1,0.004276,0.004658,-0.029581,-0.030335,0.178571,0.181151
3529,0,兵庫,2016-11-03,2020-02-09,173,525,44,145,111,374,1,-0.021855,-0.012118,-0.070762,-0.069186,0.175491,0.161387
3532,0,群馬,2016-11-07,2026-08-11,342,1477,81,403,221,1002,1,-0.036008,-0.020875,-0.032203,-0.020849,0.161844,0.111261
3533,0,埼玉,2016-11-03,2024-03-04,324,933,37,93,157,428,1,0.014519,0.007695,0.025833,0.021346,-0.103906,-0.084234
3534,0,東京,2016-11-05,2022-10-23,20,965,8,242,15,609,1,0.149223,0.126920,0.118912,0.078440,-0.364767,-0.202742
3535,0,兵庫,2016-11-08,2026-08-08,178,1254,18,132,56,424,1,-0.004140,-0.004987,-0.023511,-0.022714,0.148057,0.143685
3536,0,愛知,2016-11-03,2025-01-04,192,917,14,64,73,337,1,0.003124,-0.005808,0.012706,0.002399,-0.126823,-0.084183
3537,0,福岡,2016-11-06,2024-06-26,67,835,2,58,24,274,1,-0.039610,-0.030421,0.030065,0.036154,-0.027724,-0.053038
3538,0,群馬,2016-11-06,2026-08-09,516,1284,67,184,281,688,1,-0.013457,-0.010290,0.008748,0.018419,-0.017858,-0.054146
3539,0,山口,2016-11-01,2026-08-11,282,1207,22,112,92,435,1,-0.014778,-0.006099,-0.034157,-0.030271,0.144661,0.122464
3540,0,群馬,2016-11-08,2018-06-25,61,146,4,4,19,32,1,0.038177,0.002614,0.092297,0.067250,-0.345834,-0.231497
3541,0,香川,2016-11-03,2026-08-05,183,2039,44,525,118,1349,1,-0.017042,0.002161,-0.016790,0.001049,0.056403,-0.021636
3542,0,愛知,2016-11-25,2026-08-11,251,1190,23,95,97,425,1,0.011802,-0.002889,0.029311,0.013911,-0.091754,-0.026810
3543,0,香川,2016-11-03,2026-08-10,187,1668,40,337,104,964,1,0.011865,0.018296,-0.021788,-0.016278,0.018460,-0.006982
3544,0,静岡,2016-11-03,2026-08-08,295,1020,29,81,100,372,1,0.018893,0.022198,-0.025723,-0.019441,0.061250,0.037666
3546,0,埼玉,2016-11-03,2026-08-09,617,1348,82,173,290,681,1,0.004563,0.003456,-0.035177,-0.035643,0.112150,0.114860
3548,0,福井,2016-11-07,2026-08-03,324,1671,62,327,182,953,1,-0.004333,-0.003099,-0.008589,-0.011093,0.040168,0.048994
3549,0,滋賀,2016-11-03,2017-05-16,21,40,1,0,2,1,1,0.047619,0.049974,0.070238,0.050168,-0.379762,-0.318110
3550,0,愛知,2016-11-03,2026-08-11,371,1863,92,403,204,1022,1,0.031661,0.021669,0.001288,-0.005368,-0.083474,-0.050295
3551,0,福岡,2016-11-12,2026-08-02,198,887,25,79,90,335,1,0.037198,0.034148,0.076868,0.070164,-0.280750,-0.256796
3552,0,岡山,2016-11-26,2018-10-21,60,258,15,50,31,153,1,0.056202,0.045015,-0.076357,-0.094887,0.078295,0.155113
3553,0,香川,2016-11-03,2025-05-09,143,1282,13,103,56,557,1,0.010566,-0.004209,-0.042869,-0.059413,0.081641,0.150751
3554,0,愛知,2016-11-21,2026-08-11,264,1743,71,487,157,1121,1,-0.010464,-0.019172,-0.048447,-0.062080,0.054960,0.108607
3555,0,大阪,2016-11-03,2021-10-24,182,960,44,271,109,650,1,-0.040533,-0.029457,-0.078182,-0.068535,0.285646,0.241980
3556,0,大阪,2016-11-01,2026-07-27,395,1569,114,487,263,1115,1,-0.021781,-0.012015,-0.044821,-0.039535,0.055808,0.029488
3557,0,大阪,2016-11-03,2026-08-11,389,1756,117,473,268,1139,1,0.031409,0.031515,0.040313,0.035649,-0.198526,-0.181046
3558,0,岡山,2016-11-01,2026-08-02,353,1480,62,278,184,787,1,-0.012200,-0.008474,-0.010510,-0.011575,0.011100,0.010931
3559,0,山口,2016-11-03,2024-03-27,181,898,20,100,69,365,1,-0.000861,-0.003074,-0.025243,-0.021605,0.104037,0.088945
3560,0,群馬,2016-11-03,2022-12-12,325,432,26,36,111,143,1,-0.003333,-0.013073,0.010520,-0.005332,-0.002123,0.059576
3561,0,岡山,2016-11-07,2023-06-20,189,780,7,53,70,259,1,-0.030912,-0.029089,0.038319,0.034883,-0.038095,-0.027910
3562,0,広島,2016-11-03,2026-08-11,449,1967,86,486,231,1222,1,-0.055540,-0.055232,-0.106774,-0.104286,0.332163,0.325197
3563,0,静岡,2016-11-05,2026-08-11,454,1816,84,330,276,1050,1,0.003304,-0.006087,0.029736,0.014179,-0.117291,-0.056418
3564,0,福岡,2016-11-12,2026-08-05,141,1517,14,197,50,594,1,-0.030571,-0.030166,-0.036952,-0.031926,0.133475,0.114419
3565,0,東京,2016-11-08,2024-12-25,201,664,20,28,74,202,1,0.057334,0.048054,0.063942,0.050266,-0.297249,-0.241983
3566,0,福岡,2016-11-03,2026-08-11,300,1362,41,175,150,672,1,0.008179,0.008026,0.006608,0.008601,-0.026549,-0.033033
3567,0,山口,2016-11-01,2026-07-30,242,965,17,53,78,306,1,0.015326,0.021208,0.005216,0.002642,-0.045981,-0.041358
3568,0,香川,2016-11-03,2026-08-10,109,1799,22,380,54,934,1,-0.009394,0.011132,-0.023764,-0.004957,0.063496,-0.018611
3569,0,東京,2016-11-01,2026-08-10,193,1135,8,72,69,409,1,-0.021985,-0.033119,-0.002839,-0.013266,0.036543,0.082554
3571,0,長崎,2016-11-01,2024-01-10,275,715,21,42,92,220,1,0.017622,0.013463,0.026853,0.023795,-0.121678,-0.106453
3572,0,兵庫,2016-11-03,2026-08-10,262,1756,57,379,155,1072,1,0.001726,-0.005129,-0.018875,-0.027524,0.037103,0.072178
3573,0,広島,2016-11-03,2023-02-10,303,1100,92,346,220,786,1,-0.010915,-0.017506,0.011527,0.001427,-0.009934,0.029467
3574,0,福岡,2016-12-17,2026-08-10,498,932,116,211,294,526,1,0.006537,-0.002436,0.025984,0.014861,-0.090202,-0.045244
3575,0,埼玉,2016-11-09,2020-04-07,177,387,21,29,74,135,1,0.043709,0.021758,0.069242,0.056728,-0.276223,-0.218132
3576,0,福岡,2016-11-09,2026-08-10,283,1452,54,375,189,1032,1,-0.067452,-0.070010,-0.042899,-0.047226,0.237063,0.254908
3577,0,兵庫,2016-11-26,2026-08-11,341,1433,69,279,184,723,1,0.007650,0.008940,0.035054,0.036245,-0.132575,-0.138914
3578,0,香川,2016-11-03,2026-05-29,146,1601,20,142,75,704,1,0.048292,0.037048,0.073973,0.062430,-0.387249,-0.336963
3579,0,埼玉,2016-11-01,2026-07-10,460,1404,86,239,259,749,1,0.016729,0.026537,0.029568,0.038298,-0.075653,-0.113980
3580,0,滋賀,2016-11-03,2026-07-24,263,1571,29,195,132,758,1,-0.013859,-0.023877,0.019406,0.011351,-0.060060,-0.022118
3581,0,山口,2016-11-01,2026-08-11,239,1417,19,140,103,634,1,-0.019302,-0.011939,-0.016462,-0.014771,0.055282,0.044287
3582,0,滋賀,2016-11-06,2026-08-08,387,1774,101,515,229,1167,1,-0.029322,-0.018073,-0.066104,-0.055744,0.245411,0.200386
3583,0,埼玉,2016-11-01,2026-08-11,509,966,43,52,186,275,1,0.030649,0.018937,0.080743,0.075288,-0.223413,-0.194284
3584,0,広島,2016-11-03,2026-08-10,392,1747,53,238,202,889,1,-0.001029,-0.001152,0.006434,0.002962,-0.000263,0.013081
3585,0,岡山,2016-11-12,2020-06-03,104,542,3,32,35,205,1,-0.030194,-0.018351,-0.041690,-0.033355,0.186560,0.147796
3587,0,徳島,2016-11-03,2026-07-20,126,1310,16,120,56,514,1,0.035381,0.026618,0.052078,0.045636,-0.174579,-0.145418
3588,0,静岡,2016-11-12,2018-08-26,47,264,10,18,25,101,1,0.144584,0.115058,0.149339,0.119714,-0.724291,-0.596083
3589,0,埼玉,2016-11-05,2026-07-12,510,1288,86,241,270,667,1,-0.018484,-0.009474,0.011555,0.023212,0.023831,-0.022549
3590,0,東京,2016-11-03,2026-08-08,208,1581,67,435,133,993,1,0.046973,0.060663,0.011340,0.015661,-0.168145,-0.194357
3591,0,静岡,2016-11-03,2026-08-11,316,1024,24,100,124,380,1,-0.021707,-0.026886,0.021311,0.011146,0.016911,0.057182
3592,0,大阪,2016-11-03,2021-12-02,127,456,3,36,40,156,1,-0.055325,-0.057578,-0.027145,-0.021247,0.284052,0.268705
3593,0,長崎,2016-11-01,2024-03-21,374,896,28,59,141,374,1,0.009018,0.016212,-0.040405,-0.037133,0.040650,0.022685
3594,0,埼玉,2016-11-03,2023-11-29,318,546,19,17,101,140,1,0.028613,0.015093,0.061200,0.051859,-0.203124,-0.163887
3596,0,埼玉,2016-11-01,2026-08-05,604,951,70,60,261,371,1,0.052803,0.040266,0.042004,0.032401,-0.253738,-0.210272
3600,0,岡山,2016-11-07,2025-07-14,295,1286,23,125,117,488,1,-0.019235,-0.018523,0.017139,0.008912,-0.042428,-0.014890
3601,0,山口,2016-11-12,2019-06-24,74,269,6,13,26,78,1,0.032754,0.031007,0.061389,0.058072,-0.090274,-0.077321
3602,0,東京,2016-11-03,2026-08-10,275,1161,32,126,133,537,1,0.007837,0.007517,0.021104,0.016293,-0.048964,-0.032462
3604,0,福岡,2016-11-01,2026-08-05,293,1306,20,91,116,511,1,-0.001419,0.002788,0.004633,0.008925,0.025263,0.006585
3605,0,三重,2016-11-03,2026-08-09,441,1266,49,156,205,535,1,-0.012112,-0.014775,0.042262,0.038852,-0.050805,-0.034986
3606,0,滋賀,2016-11-09,2026-08-08,370,1498,92,379,229,973,1,-0.004355,-0.003463,-0.030614,-0.032709,0.059983,0.066550
3607,0,大阪,2016-11-01,2022-12-27,214,923,23,112,95,389,1,-0.013867,-0.015375,0.022473,0.017333,-0.017573,0.000722
3608,0,愛知,2016-11-01,2018-12-27,58,322,1,11,17,92,1,-0.016920,-0.026310,0.007389,-0.002129,-0.190940,-0.150354
3609,0,岡山,2016-11-03,2018-06-18,65,235,5,8,20,59,1,0.042881,0.056781,0.056628,0.061316,-0.267103,-0.295425
3611,0,徳島,2016-11-15,2026-08-11,194,1724,34,344,103,1059,1,-0.024278,-0.014079,-0.083341,-0.066693,0.211579,0.143561
3612,0,兵庫,2016-11-03,2026-08-11,405,1953,105,501,268,1264,1,0.002731,0.013231,0.014519,0.027526,0.004688,-0.050631
3613,0,東京,2016-11-03,2026-08-03,322,1518,87,424,223,1015,1,-0.009129,-0.001024,0.023904,0.032355,-0.076981,-0.113938
3614,0,広島,2016-11-07,2026-08-08,385,1517,34,152,151,621,1,-0.011886,-0.008637,-0.017153,-0.018580,0.041639,0.043658
3615,0,広島,2016-11-01,2026-08-08,426,1646,73,235,210,777,1,0.028591,0.025001,0.020904,0.018119,-0.116179,-0.103826
3616,0,福岡,2016-11-07,2026-08-10,202,1256,36,195,115,684,1,0.022963,0.015109,0.024721,0.012575,-0.134743,-0.083436
3617,0,佐賀,2016-11-07,2026-08-11,320,1139,37,124,102,365,1,0.006758,0.009379,-0.001707,-0.003793,0.068083,0.073900
3618,0,広島,2016-11-12,2026-08-11,413,1868,104,491,254,1196,1,-0.011032,-0.004640,-0.025245,-0.019595,0.148121,0.122796
3619,0,群馬,2016-11-01,2026-08-05,691,1424,95,189,369,734,1,0.004757,0.009755,0.018559,0.025229,-0.070832,-0.098613
3620,0,福井,2016-11-12,2026-08-10,294,1349,33,159,100,485,1,-0.005620,-0.007346,-0.019390,-0.019664,0.065844,0.068148
3621,0,愛知,2016-11-23,2026-06-22,255,1555,69,340,175,1051,1,0.051939,0.058466,0.010390,0.016508,-0.116386,-0.143490
3622,0,群馬,2016-11-03,2022-04-09,212,849,55,188,123,466,1,0.037997,0.038161,0.031308,0.028257,-0.168311,-0.157537
3623,0,佐賀,2016-11-09,2026-08-11,553,1525,191,491,390,1119,1,0.023422,0.014265,-0.028526,-0.032793,0.015406,0.038669
3624,0,静岡,2016-11-25,2024-05-16,322,949,32,89,97,324,1,0.005596,0.000286,-0.040170,-0.047473,0.141355,0.172060
3626,0,大阪,2016-11-18,2022-06-26,221,720,8,56,64,222,1,-0.041579,-0.040690,-0.018741,-0.015283,0.004695,-0.007333
3627,0,福岡,2016-11-03,2026-08-05,290,1266,44,199,139,590,1,-0.005464,-0.011045,0.013276,0.013534,-0.070556,-0.064889
3628,0,滋賀,2016-11-01,2018-12-21,54,149,3,4,10,35,1,0.028710,0.036492,-0.049714,-0.039609,0.204325,0.170369
3629,0,埼玉,2016-11-01,2026-05-18,653,1586,149,343,382,970,1,0.011910,0.029710,-0.026609,-0.005610,0.067027,-0.021742
3630,0,静岡,2016-11-08,2026-08-05,315,1036,20,72,99,375,1,-0.006006,-0.011152,-0.047683,-0.054241,0.171665,0.198479
3631,0,長崎,2016-11-08,2026-06-24,523,1128,57,139,244,532,1,-0.014240,-0.009835,-0.005092,-0.001554,0.018961,0.004420
3632,0,埼玉,2016-11-08,2017-10-22,35,67,1,3,9,9,1,-0.016205,-0.030904,0.122814,0.086393,-0.553945,-0.409512
3633,0,滋賀,2016-11-01,2019-12-20,40,122,1,5,6,22,1,-0.015984,-0.023707,-0.030328,-0.051452,0.103689,0.185216
3635,0,福井,2016-11-01,2026-08-10,324,1490,74,353,198,928,1,-0.008518,0.001467,-0.011708,-0.000369,0.132550,0.084712
3636,0,山口,2016-11-09,2020-02-15,46,414,3,22,17,121,1,0.012077,0.017052,0.077295,0.078048,-0.205314,-0.212794
3637,0,愛知,2016-11-06,2026-08-11,341,1337,37,127,143,539,1,0.013516,0.011124,0.016213,0.018165,-0.118436,-0.123414
3641,0,東京,2016-11-03,2026-08-06,498,1623,112,367,322,1022,1,-0.001225,0.003146,0.016888,0.023497,-0.037124,-0.063371
3642,0,静岡,2016-11-03,2026-08-08,302,1077,24,70,95,331,1,0.014475,0.007378,0.007234,0.001133,0.001968,0.029546
3643,0,岡山,2016-11-03,2026-08-03,342,1562,44,200,193,814,1,0.000614,-0.000642,0.043201,0.039913,-0.070235,-0.056179
3644,0,三重,2016-11-05,2022-07-16,199,724,22,55,68,279,1,0.034586,0.026919,-0.043651,-0.049083,0.024598,0.050257
3645,0,徳島,2016-11-03,2026-07-19,64,613,12,130,34,356,1,-0.024572,-0.007277,-0.049500,-0.024135,0.211613,0.110924
3647,0,埼玉,2016-11-05,2026-08-08,558,1065,48,69,225,364,1,0.021233,0.004247,0.061442,0.048678,-0.195184,-0.137348
3648,0,東京,2016-11-12,2018-12-24,29,258,2,11,6,56,1,0.026330,0.026082,-0.010158,0.003413,0.066426,0.017699
3650,0,佐賀,2016-11-12,2017-01-27,0,21,0,0,0,4,0,,,,,,
3652,0,群馬,2016-11-03,2026-08-09,528,997,55,64,189,270,1,0.039974,0.022414,0.087142,0.074664,-0.335997,-0.277894
3653,0,群馬,2016-11-03,2026-08-09,658,975,80,84,307,417,1,0.035427,0.023310,0.038873,0.031470,-0.170072,-0.136044
3654,0,福井,2016-11-01,2026-07-28,477,1461,135,385,309,927,1,0.019501,0.020983,0.013302,0.018910,-0.153935,-0.174039
3655,0,群馬,2016-11-07,2026-08-11,510,1453,90,220,299,801,1,0.025060,0.035042,0.035001,0.042658,-0.114392,-0.149956
3656,0,東京,2016-11-03,2026-07-25,229,1259,29,185,122,679,1,-0.020304,-0.007545,-0.006566,0.005707,0.081638,0.026535
3658,0,大阪,2016-11-03,2021-06-23,137,716,14,74,41,221,1,-0.001162,-0.007503,-0.009389,-0.011189,-0.011285,0.000733
3659,0,群馬,2016-11-03,2026-08-11,549,1166,89,222,330,711,1,-0.028282,-0.014022,-0.008684,0.002897,0.068737,0.017171
3660,0,香川,2016-11-05,2026-08-09,164,1442,4,83,57,429,1,-0.033169,-0.041050,0.050058,0.041777,-0.167992,-0.131818
3661,0,山口,2016-11-07,2026-08-11,271,1417,26,143,136,685,1,-0.004976,-0.005155,0.018429,0.012951,-0.042161,-0.023543
3662,0,福岡,2016-11-07,2026-08-03,289,1611,59,361,162,887,1,-0.019932,-0.030610,0.009964,0.004171,-0.000400,0.028388
3663,0,広島,2016-11-05,2026-07-28,526,1573,92,228,282,798,1,0.029959,0.026806,0.028811,0.021678,-0.135232,-0.107269
3664,0,埼玉,2016-11-07,2026-08-08,434,1296,85,233,216,642,1,0.016069,0.013474,0.002325,0.000609,0.000505,0.008690
3666,0,愛知,2016-11-09,2021-10-26,107,748,8,84,54,329,1,-0.037533,-0.043391,0.064833,0.055249,-0.149233,-0.107501
3667,0,群馬,2016-11-23,2017-05-16,50,0,1,0,11,0,0,,,,,,
3668,0,広島,2016-11-08,2024-10-25,282,842,12,30,87,272,1,0.006924,-0.000571,-0.014530,-0.023745,0.075866,0.114850
3670,0,福岡,2016-11-03,2024-03-27,147,643,17,67,61,269,1,0.011447,0.009500,-0.003385,-0.007361,-0.019403,-0.003412
3673,0,群馬,2016-11-07,2020-08-24,168,358,16,22,62,128,1,0.033786,0.028553,0.011506,0.010223,-0.064878,-0.055221
3674,0,徳島,2016-11-03,2025-01-10,120,1354,24,300,60,754,1,-0.021566,-0.015770,-0.056869,-0.041795,0.125997,0.070273
3678,0,佐賀,2016-11-03,2017-01-10,8,21,1,0,3,4,0,,,,,,
3679,0,埼玉,2016-11-03,2026-08-03,670,1487,159,365,456,1039,1,-0.008147,0.004553,-0.018125,-0.004238,0.133503,0.075006
3680,0,長崎,2016-11-06,2026-08-11,667,1479,79,142,301,596,1,0.022430,0.019987,0.048299,0.046832,-0.113531,-0.106703
3681,0,東京,2016-11-12,2026-08-11,230,1200,37,195,134,674,1,-0.001630,-0.002799,0.020942,0.030252,-0.098478,-0.129963
3682,0,山口,2016-11-05,2025-01-26,149,898,8,28,52,282,1,0.022511,0.030189,0.034962,0.039209,-0.097906,-0.120208
3683,0,福岡,2016-11-09,2023-02-13,95,764,10,150,56,424,1,-0.091072,-0.083723,0.034500,0.043162,0.102824,0.066212
3684,0,山口,2016-11-05,2026-07-27,188,1341,32,224,102,760,1,0.003173,0.000599,-0.024188,-0.031716,-0.004585,0.026861
3685,0,岡山,2016-11-06,2026-07-18,436,1660,110,393,277,1021,1,0.015547,0.002592,0.020261,0.007793,-0.066193,-0.011749
3686,0,群馬,2016-11-05,2026-07-22,731,1424,151,284,437,865,1,0.007128,0.020791,-0.009633,0.000988,0.095968,0.047239
3687,0,愛知,2016-11-03,2026-08-11,198,1306,35,210,117,676,1,0.015971,0.012287,0.073298,0.065822,-0.239771,-0.211159
3690,0,愛知,2016-11-01,2026-08-11,278,1727,39,260,145,889,1,-0.010262,-0.013778,0.006817,0.004630,0.015151,0.026181
3691,0,群馬,2016-11-03,2020-04-24,133,471,11,35,51,190,1,0.008397,-0.003298,-0.019938,-0.033334,0.118720,0.173636
3692,0,福井,2017-01-11,2026-08-10,158,1364,9,152,54,628,1,-0.054475,-0.048200,-0.118638,-0.113664,0.457348,0.435055
3693,0,東京,2016-11-01,2024-07-13,142,894,11,88,48,329,1,-0.020969,-0.017213,-0.029981,-0.026715,0.074030,0.059606
3694,0,大阪,2016-11-16,2020-03-27,98,491,3,26,31,172,1,-0.022341,-0.027292,-0.033979,-0.046899,0.085851,0.135774
3695,0,山口,2016-11-08,2020-06-25,64,371,6,18,18,102,1,0.045232,0.059336,0.006317,0.013899,-0.018447,-0.053752
3696,0,埼玉,2016-11-01,2026-08-08,619,1306,91,176,348,705,1,0.012249,0.015798,0.022381,0.019778,-0.141717,-0.136881
3697,0,兵庫,2016-11-03,2024-11-16,88,540,5,103,25,261,1,-0.133923,-0.107952,-0.199242,-0.184690,0.760017,0.690080
3698,0,埼玉,2016-11-03,2022-03-23,180,547,8,16,56,155,1,0.015194,0.003683,0.027747,0.013662,-0.118596,-0.061070
3699,0,埼玉,2016-11-05,2026-08-09,578,1369,94,199,310,677,1,0.017268,0.014778,0.041811,0.034155,-0.131391,-0.102941
3701,0,香川,2016-11-03,2026-08-03,146,1368,12,92,49,470,1,0.014940,0.004925,-0.007951,-0.018622,0.014480,0.059129
3702,0,福岡,2016-11-03,2025-05-18,107,1401,16,196,54,738,1,0.009633,0.017415,-0.022094,-0.010564,0.027137,-0.019887
3703,0,福岡,2016-11-05,2026-08-11,259,897,71,236,166,592,1,0.011032,0.011541,-0.019051,-0.019908,0.031572,0.034036
3704,0,三重,2016-11-01,2026-07-10,139,970,10,91,42,275,1,-0.021872,-0.026522,0.018653,0.012008,-0.060328,-0.034515
3705,0,大阪,2016-11-25,2022-07-11,59,632,9,78,25,284,1,0.029125,0.033085,-0.025638,-0.026480,-0.066831,-0.068451
3707,0,埼玉,2016-11-01,2017-05-10,35,49,1,1,11,15,1,0.008163,-0.029786,0.008163,-0.050683,-0.085714,0.140525
3708,0,岡山,2016-11-03,2026-07-28,351,1911,54,312,176,984,1,-0.009419,-0.004323,-0.013489,-0.011957,0.030118,0.021520
3709,0,山口,2016-11-01,2024-06-26,243,971,11,58,64,306,1,-0.014465,-0.014408,-0.051765,-0.051260,0.117121,0.116614
3710,0,香川,2016-11-01,2026-08-05,82,1710,9,149,37,785,1,0.022622,0.026760,-0.007845,0.002531,-0.009628,-0.049716
3711,0,山口,2016-11-01,2026-07-18,234,1557,38,284,125,915,1,-0.020009,-0.030243,-0.053481,-0.062444,0.198557,0.240113
3712,0,三重,2016-11-03,2026-08-05,403,1308,66,213,207,658,1,0.000928,0.008559,0.010590,0.018266,-0.021079,-0.053331
3713,0,愛知,2016-11-03,2026-08-05,303,1770,82,416,196,1102,1,0.035599,0.028242,0.024266,0.013261,-0.136684,-0.092143
3714,0,福岡,2016-11-03,2026-08-03,234,1308,20,135,92,556,1,-0.017741,-0.013919,-0.031914,-0.028242,0.083608,0.066188
3715,0,福岡,2016-11-01,2026-08-07,141,1194,11,139,67,571,1,-0.038401,-0.035988,-0.003047,-0.005440,0.071635,0.076372
3716,0,東京,2016-11-01,2026-08-10,279,1486,68,358,175,903,1,0.002812,0.016751,0.019569,0.028032,0.022135,-0.019450
3717,0,岡山,2016-11-03,2026-08-11,513,1574,130,384,328,1005,1,0.009447,-0.000726,0.000876,-0.008998,-0.049557,-0.006418
3718,0,静岡,2016-11-01,2026-08-05,367,1176,38,141,154,477,1,-0.016356,-0.014587,0.014006,0.014540,0.031917,0.029606
3719,0,広島,2016-11-03,2026-08-02,391,1625,99,410,270,1104,1,0.000889,-0.003654,0.011152,0.005116,-0.051045,-0.025892
3721,0,滋賀,2016-11-03,2026-08-09,278,1523,103,501,191,1035,1,0.041548,0.032542,0.007471,-0.005011,-0.005517,0.044989
3722,0,福岡,2016-11-01,2026-08-11,177,1094,8,55,53,342,1,-0.005076,-0.001523,-0.013179,-0.007087,0.062710,0.038301
3723,0,山口,2016-11-03,2021-12-25,139,513,13,24,36,154,1,0.046742,0.039274,-0.041202,-0.048353,-0.041623,-0.013210
3725,0,大阪,2016-11-01,2023-08-11,145,1185,15,141,48,543,1,-0.015539,-0.011209,-0.127193,-0.119136,0.357544,0.328218
3726,0,福岡,2016-11-01,2026-07-31,267,1462,43,211,132,741,1,0.016726,0.011844,-0.012458,-0.015438,0.050628,0.066550
3729,0,佐賀,2016-11-01,2020-07-11,202,388,8,20,75,151,1,-0.011942,-0.005578,-0.017888,-0.013867,0.034118,0.014004
3730,0,愛知,2016-11-03,2026-08-11,245,1573,27,179,87,681,1,-0.003591,-0.008701,-0.077829,-0.085589,0.207797,0.240892
3731,0,広島,2016-11-01,2026-08-11,733,1685,131,338,385,896,1,-0.021876,-0.021202,-0.006512,-0.006990,0.040329,0.041433
3734,0,福岡,2016-11-10,2023-06-11,146,726,18,101,62,304,1,-0.015831,-0.026189,0.005925,0.009772,-0.008698,-0.013015
3736,0,大阪,2016-11-06,2025-08-14,251,1506,40,222,139,814,1,0.011952,0.008744,0.013280,0.009079,-0.039841,-0.023103
3737,0,広島,2016-11-07,2026-08-06,513,1681,145,486,380,1251,1,-0.006463,-0.009828,-0.003459,-0.003819,0.023974,0.028761
3740,0,群馬,2016-11-01,2026-08-11,624,1464,149,305,392,891,1,0.030449,0.041253,0.019599,0.029689,-0.090768,-0.136592
3741,0,福岡,2016-11-03,2026-07-31,323,1224,19,97,121,427,1,-0.020425,-0.017307,0.025757,0.025268,-0.057706,-0.060144
3742,0,福岡,2016-11-01,2026-08-05,175,1494,18,182,79,710,1,-0.018963,-0.014774,-0.023806,-0.019608,0.076623,0.060682
3743,0,徳島,2016-11-03,2026-08-10,142,1785,32,557,99,1271,1,-0.086693,-0.084096,-0.014862,-0.009802,0.185844,0.165365
3744,0,静岡,2016-11-09,2026-08-11,351,1827,121,553,232,1145,1,0.042047,0.034609,0.034258,0.019029,-0.117413,-0.059253
3745,0,兵庫,2016-11-01,2026-08-09,286,1715,49,269,176,1017,1,0.014477,0.010936,0.022382,0.014640,-0.071781,-0.041981
3746,0,岡山,2016-11-01,2026-08-11,454,1964,103,394,270,1202,1,0.026261,0.019165,-0.017303,-0.023792,-0.036097,-0.007298
3747,0,福岡,2016-11-01,2026-08-10,198,1599,36,308,108,869,1,-0.010802,-0.010713,0.001990,0.004746,0.025158,0.015976
3748,0,埼玉,2016-11-03,2026-07-23,399,1185,25,76,143,392,1,-0.001478,-0.014157,0.027594,0.022990,-0.067333,-0.041448
3750,0,徳島,2016-11-06,2020-04-03,21,568,0,28,7,176,1,-0.049296,-0.058555,0.023474,0.009333,-0.154930,-0.101518
3752,0,福岡,2016-11-03,2026-08-11,292,1220,37,114,123,544,1,0.033270,0.040494,-0.024669,-0.014224,0.046923,0.006176
3753,0,香川,2016-11-01,2024-01-03,130,1019,16,87,41,342,1,0.037699,0.025055,-0.020239,-0.034256,-0.099879,-0.041541
3755,0,長崎,2016-11-01,2021-11-24,227,488,7,38,76,181,1,-0.047032,-0.040001,-0.036100,-0.025370,0.184526,0.141615
3757,0,広島,2016-11-03,2026-08-10,378,1534,56,250,204,843,1,-0.014824,-0.019771,-0.009861,-0.015622,0.039983,0.063763
3759,0,福井,2016-11-12,2019-12-18,65,331,8,28,22,103,1,0.038485,0.047688,0.027283,0.024014,-0.236440,-0.233027
3761,0,滋賀,2016-11-07,2026-07-29,295,1489,43,224,157,776,1,-0.004674,-0.011513,0.011048,-0.001375,0.057741,0.107035
3762,0,福井,2016-11-01,2020-08-13,79,402,1,19,18,128,1,-0.034605,-0.038149,-0.090560,-0.081816,0.371497,0.344443
3764,0,愛知,2016-11-03,2017-06-01,16,47,0,2,2,13,0,,,,,,
3768,0,東京,2016-11-18,2017-04-30,7,28,0,0,2,1,0,,,,,,
3769,0,滋賀,2016-11-03,2026-08-11,278,1699,43,275,153,961,1,-0.007184,0.002258,-0.015267,-0.011278,0.072677,0.048979
3771,0,東京,2016-11-03,2026-08-09,277,1314,49,195,155,753,1,0.028493,0.030462,-0.013493,-0.018843,0.032593,0.048248
3772,0,埼玉,2016-11-03,2026-08-09,457,1312,73,174,223,672,1,0.027115,0.020425,-0.024230,-0.038576,-0.041365,0.014408
3773,0,長崎,2016-11-06,2026-08-11,477,1114,61,163,218,476,1,-0.018437,-0.014270,0.029734,0.033402,-0.047478,-0.064239
3775,0,岡山,2016-11-01,2026-08-03,336,1555,30,152,144,601,1,-0.008463,-0.005655,0.042076,0.045797,-0.104213,-0.119662
3776,0,愛知,2016-11-03,2026-08-08,210,1565,17,105,86,579,1,0.013860,0.018886,0.039556,0.038247,-0.131127,-0.131913
3777,0,長崎,2016-11-03,2026-08-10,451,1470,90,291,246,825,1,0.001597,-0.004237,-0.015770,-0.021421,0.043071,0.069026
3778,0,埼玉,2016-11-15,2026-08-05,241,839,18,60,90,264,1,0.003175,-0.004052,0.058784,0.047613,-0.173666,-0.128562
3779,0,愛知,2016-11-09,2017-03-30,18,74,6,33,8,53,0,,,,,,
3779,1,長崎,2017-04-04,2026-08-02,349,1546,79,452,188,930,1,-0.066006,-0.058500,-0.062870,-0.050552,0.228596,0.180339
3780,0,兵庫,2016-11-09,2024-12-16,327,1389,78,331,202,917,1,0.000231,0.005022,-0.042450,-0.043237,0.163387,0.161114
3781,0,福井,2016-11-01,2023-11-29,212,842,24,118,91,364,1,-0.026935,-0.032595,-0.003059,-0.012476,0.009860,0.046336
3782,0,福岡,2016-11-03,2018-09-02,52,266,16,66,40,146,1,0.059572,0.037000,0.220359,0.189711,-0.664546,-0.543423
3783,0,福岡,2016-11-03,2026-08-11,267,1353,75,343,175,853,1,0.027388,0.009216,0.024980,-0.000388,-0.104628,-0.003309
3784,0,佐賀,2016-11-03,2026-08-11,630,1237,104,207,353,644,1,-0.002261,-0.010339,0.039703,0.035233,-0.090892,-0.068194
3787,0,岡山,2016-11-03,2026-08-11,288,1228,22,116,111,432,1,-0.018074,-0.016380,0.033625,0.031853,-0.060442,-0.056462
3788,0,徳島,2016-11-01,2026-08-03,85,1656,16,430,39,1040,1,-0.071427,-0.049898,-0.169196,-0.143083,0.533056,0.422767
3789,0,福岡,2016-11-09,2021-11-22,103,458,4,19,18,147,1,-0.002650,0.006945,-0.146203,-0.129027,0.370225,0.300394
3790,0,群馬,2016-11-07,2026-08-09,545,1227,81,130,263,595,1,0.042674,0.045498,-0.002354,0.004400,-0.073432,-0.100510
3791,0,群馬,2016-11-01,2019-12-16,120,346,7,21,40,108,1,-0.002360,-0.006378,0.021195,0.019288,-0.040222,-0.033224
3792,0,東京,2016-11-12,2026-07-27,300,1186,62,276,191,778,1,-0.026048,-0.011799,-0.019320,-0.001185,0.119258,0.045429
3793,0,埼玉,2016-11-05,2026-07-26,356,883,42,90,160,383,1,0.016052,0.014496,0.015690,0.006968,-0.019692,0.010004
3794,0,佐賀,2016-11-01,2019-06-17,73,203,3,10,17,50,1,-0.008165,0.009155,-0.013429,0.021506,0.129361,-0.008489
3795,0,兵庫,2016-11-09,2021-08-27,165,740,39,261,115,548,1,-0.116339,-0.091180,-0.043571,-0.023851,0.230467,0.137544
3796,0,静岡,2016-11-03,2026-08-11,347,1522,43,193,176,781,1,-0.002888,-0.003331,-0.005936,-0.009370,0.100634,0.111572
3797,0,広島,2016-11-07,2026-08-09,340,1370,18,69,127,465,1,0.002576,0.012458,0.034113,0.041977,-0.044289,-0.080423
3798,0,岡山,2016-11-01,2017-11-27,36,175,1,8,14,66,1,-0.017937,-0.014660,0.011746,0.006006,-0.083175,-0.062377
3799,0,愛知,2017-02-04,2019-12-15,43,436,8,77,25,222,1,0.009441,0.002888,0.072221,0.065965,-0.446608,-0.413192
3800,0,東京,2016-11-01,2026-08-11,284,1239,66,220,175,699,1,0.054832,0.043342,0.052033,0.041263,-0.222698,-0.175117
3801,0,大阪,2016-11-03,2026-07-24,333,1466,63,308,168,799,1,-0.020906,-0.017822,-0.040516,-0.038462,0.068866,0.059036
3802,0,岡山,2016-12-10,2025-06-27,249,1401,27,184,107,635,1,-0.022901,-0.014827,-0.023529,-0.019077,0.044289,0.023671
3804,0,福岡,2016-11-01,2026-08-08,219,1329,26,171,94,617,1,-0.009947,-0.012720,-0.035035,-0.039220,0.125421,0.143814
3805,0,東京,2016-11-03,2026-08-11,209,1569,50,310,129,928,1,0.041656,0.040196,0.025765,0.031260,-0.105440,-0.123224
3807,0,埼玉,2016-11-03,2026-08-05,602,1265,90,156,288,561,1,0.026182,0.023279,0.034927,0.035396,-0.151244,-0.151154
3808,0,埼玉,2016-11-07,2026-08-09,620,1021,68,72,242,322,1,0.039158,0.026139,0.074945,0.064357,-0.262230,-0.215341
3809,0,佐賀,2016-11-12,2026-08-11,499,1140,53,152,248,561,1,-0.027121,-0.022417,0.004889,0.004811,0.020123,0.017508
3811,0,静岡,2016-11-09,2026-08-08,391,1754,97,408,254,1103,1,0.015471,0.014479,0.020768,0.019031,-0.051689,-0.045023
3812,0,東京,2016-11-01,2026-08-08,297,1078,22,70,121,435,1,0.009139,0.006697,0.003882,0.001449,-0.040335,-0.030370
3813,0,愛知,2016-11-03,2026-07-28,241,1790,64,412,164,1230,1,0.035393,0.037196,-0.006653,-0.002828,0.008245,-0.006791
3814,0,福井,2016-11-03,2026-08-10,265,1686,44,236,136,852,1,0.026061,0.018802,0.007869,0.003157,0.004819,0.025925
3815,0,岡山,2016-11-07,2023-08-22,307,1031,55,188,146,517,1,-0.003194,-0.010681,-0.025885,-0.038734,0.101135,0.152483
3817,0,兵庫,2016-11-03,2018-07-14,24,126,2,6,9,38,1,0.035714,0.042280,0.073413,0.068631,-0.394841,-0.386225
3818,0,長崎,2016-11-05,2019-06-19,38,233,6,9,10,55,1,0.119268,0.123602,0.027106,0.046415,-0.103682,-0.173627
3819,0,滋賀,2016-11-06,2022-06-02,87,607,3,25,23,191,1,-0.006703,-0.004183,-0.050294,-0.055273,0.094491,0.110236
3820,0,徳島,2016-11-05,2026-05-13,74,1263,3,70,28,443,1,-0.014883,-0.023752,0.027626,0.020822,0.070050,0.103099
3822,0,岡山,2016-11-05,2026-08-11,322,1871,90,568,225,1300,1,-0.024078,-0.025890,0.003942,0.009998,0.052113,0.033669
3823,0,三重,2016-11-05,2022-03-02,229,735,45,101,115,354,1,0.059092,0.055898,0.020551,0.014087,-0.153290,-0.129391
3824,0,広島,2016-11-07,2019-04-18,44,275,0,5,11,63,1,-0.018182,-0.005419,0.020909,0.028977,-0.105455,-0.147687
3825,0,福岡,2016-11-12,2026-08-11,228,1050,35,107,88,332,1,0.051604,0.047177,0.069774,0.063074,-0.270802,-0.244021
3826,0,東京,2016-11-01,2026-08-11,279,1493,65,327,168,1005,1,0.013953,0.023063,-0.070991,-0.062037,0.109375,0.071778
3827,0,群馬,2016-11-09,2026-08-11,530,859,35,49,201,263,1,0.008995,-0.010960,0.073075,0.058313,-0.196945,-0.128893
3828,0,兵庫,2016-11-06,2026-08-11,347,1692,61,317,204,1049,1,-0.011560,-0.004394,-0.032080,-0.026123,0.061565,0.034505
3829,0,福岡,2016-11-01,2020-04-27,32,368,1,13,5,102,1,-0.004076,0.006022,-0.120924,-0.101251,0.502717,0.427024
3830,0,群馬,2016-11-12,2018-09-05,22,54,1,1,4,7,1,0.026936,-0.007613,0.052189,0.001844,-0.304714,-0.103541
3831,0,愛知,2016-11-06,2026-08-11,267,1222,44,173,128,531,1,0.023223,0.008603,0.044867,0.034147,-0.179987,-0.130804
3832,0,香川,2016-11-06,2026-08-01,189,1679,15,209,78,857,1,-0.045114,-0.041013,-0.097724,-0.092336,0.315390,0.295430
3833,0,福井,2016-11-10,2026-08-03,280,1645,80,497,180,1132,1,-0.016413,-0.003301,-0.045289,-0.029325,0.184347,0.116959
3834,0,岡山,2016-11-06,2026-08-09,339,1385,40,187,133,613,1,-0.017024,-0.013128,-0.050269,-0.053030,0.077635,0.084132
3835,0,兵庫,2016-11-06,2019-03-22,57,231,4,13,18,51,1,0.013898,0.022155,0.095010,0.106129,-0.098884,-0.140883
3837,0,香川,2016-12-01,2026-08-01,163,1899,45,456,95,1203,1,0.035947,0.031804,-0.050669,-0.042144,0.128860,0.101958
3838,0,埼玉,2016-11-01,2026-08-11,565,1829,134,397,345,1102,1,0.020110,0.027161,0.008104,0.015389,-0.077435,-0.108295
3839,0,静岡,2016-11-25,2026-08-03,415,1316,29,99,138,485,1,-0.005348,0.001341,-0.036011,-0.028271,0.036835,0.004845
3841,0,徳島,2016-11-06,2026-08-10,176,1835,39,435,114,1219,1,-0.015466,-0.016472,-0.016578,-0.021333,0.035825,0.054690
3842,0,三重,2016-11-16,2026-08-09,424,1524,92,306,253,868,1,0.016194,0.007476,0.027144,0.017259,-0.045146,-0.002992
3843,0,長崎,2016-11-06,2026-08-10,444,1382,53,211,211,685,1,-0.033308,-0.024545,-0.020433,-0.012556,0.153153,0.118290
3845,0,兵庫,2016-11-03,2026-08-05,272,1580,68,424,165,1034,1,-0.018354,-0.019076,-0.047813,-0.047076,0.163105,0.161583
3846,0,山口,2016-12-01,2021-12-19,68,581,3,35,18,192,1,-0.016123,-0.019848,-0.065759,-0.067612,0.287537,0.298898
3847,0,静岡,2016-11-05,2019-06-09,59,294,4,11,23,71,1,0.030382,0.023556,0.148334,0.151482,-0.476133,-0.481351
3848,0,愛知,2016-12-05,2026-08-11,297,1347,52,190,155,649,1,0.034030,0.040745,0.040074,0.048102,-0.182073,-0.216052
3849,0,香川,2016-11-03,2026-06-04,156,1663,36,541,96,1084,1,-0.094546,-0.075934,-0.036449,-0.012902,0.236478,0.140932
3850,0,群馬,2016-11-01,2026-08-11,787,1046,106,123,393,472,1,0.017098,0.013161,0.048122,0.046660,-0.143724,-0.136093
3851,0,福岡,2016-11-09,2026-03-05,236,860,20,93,70,258,1,-0.023394,-0.006040,-0.003390,0.016070,0.062791,-0.018251
3852,0,三重,2016-11-09,2026-08-11,338,1302,43,178,158,631,1,-0.009494,-0.025255,-0.017183,-0.040243,0.114535,0.208694
3853,0,福岡,2016-11-05,2026-08-10,218,1561,43,336,131,905,1,-0.017999,-0.012652,0.021161,0.026628,0.038834,0.014171
3854,0,兵庫,2016-11-09,2026-08-11,407,1509,119,399,282,982,1,0.027970,0.021192,0.042113,0.030198,-0.141576,-0.093996
3855,0,香川,2016-11-03,2025-07-29,109,1277,5,79,31,466,1,-0.015992,-0.036780,-0.080514,-0.099409,0.223876,0.308741
3856,0,愛知,2016-11-10,2020-06-22,49,195,1,10,10,37,1,-0.030874,-0.025362,0.014338,0.040062,-0.217059,-0.311498
3857,0,東京,2016-11-12,2026-08-11,191,961,28,67,85,361,1,0.076878,0.068394,0.069376,0.058526,-0.243344,-0.198095
3858,0,佐賀,2016-11-12,2022-03-24,318,527,36,68,134,220,1,-0.015825,-0.011985,0.003926,0.010178,-0.010096,-0.034307
3859,0,東京,2016-11-09,2026-08-11,190,988,20,82,75,360,1,0.022267,0.021120,0.030364,0.029170,-0.149190,-0.144426
3860,0,埼玉,2016-11-01,2026-08-11,421,1306,35,78,176,541,1,0.023411,0.016435,0.003810,-0.007842,-0.027009,0.018965
3862,0,滋賀,2016-11-15,2018-11-24,52,229,9,33,27,94,1,0.028972,0.016883,0.108750,0.105616,-0.160228,-0.141064
3863,0,東京,2016-11-07,2026-08-08,191,1282,21,133,84,563,1,0.006203,0.008689,0.000633,0.004680,0.056803,0.041324
3864,0,山口,2016-11-01,2017-06-21,8,79,0,2,2,28,0,,,,,,
3865,0,埼玉,2016-11-09,2020-05-18,158,412,16,34,62,147,1,0.018742,0.008040,0.035609,0.019376,-0.164127,-0.098396
3866,0,岡山,2016-11-03,2026-07-22,266,974,14,69,90,357,1,-0.018210,-0.010484,-0.028184,-0.011601,0.191019,0.124204
3867,0,愛知,2016-11-01,2026-08-11,144,1175,13,87,48,414,1,0.016235,-0.000235,-0.019007,-0.020658,-0.047967,-0.030721
3868,0,東京,2016-11-01,2026-08-05,295,1257,25,156,142,578,1,-0.039359,-0.033436,0.021531,0.030707,-0.067913,-0.104650
3869,0,福岡,2016-11-07,2026-07-31,183,1012,8,76,72,387,1,-0.031383,-0.034285,0.011032,0.008669,-0.083717,-0.072084
3870,0,福井,2016-11-07,2026-08-05,269,1280,27,148,106,524,1,-0.015253,-0.012784,-0.015323,-0.017006,0.030396,0.032682
3871,0,長崎,2016-11-03,2026-07-12,393,1074,56,128,184,516,1,0.023313,0.029753,-0.012254,-0.007170,-0.061872,-0.084750
3872,0,大阪,2016-11-01,2026-08-11,387,2186,93,528,243,1424,1,-0.001227,0.005060,-0.023511,-0.019036,0.038587,0.016737
3873,0,広島,2016-11-07,2026-08-04,435,1794,80,339,267,1057,1,-0.005055,-0.009091,0.024607,0.024952,-0.060293,-0.058518
3874,0,岡山,2016-11-03,2026-08-11,399,1772,120,446,270,1147,1,0.049059,0.032836,0.029401,0.022301,-0.120267,-0.080779
3875,0,山口,2016-11-07,2026-08-08,171,1478,19,170,68,585,1,-0.003909,-0.000167,0.001856,0.003511,-0.029192,-0.038632
3876,0,福岡,2016-11-03,2026-08-11,334,1464,122,521,248,1045,1,0.009395,-0.009909,0.028717,0.005559,-0.119478,-0.021376
3877,0,東京,2016-11-01,2023-03-19,173,763,15,81,90,367,1,-0.019455,-0.025857,0.039235,0.032870,-0.030159,-0.001973
3877,1,三重,2023-04-06,2024-09-30,98,194,10,21,49,90,1,-0.006207,0.001376,0.036082,0.042221,-0.087944,-0.115896
3878,0,山口,2016-11-01,2026-08-08,149,1230,9,109,49,500,1,-0.028215,-0.028338,-0.077645,-0.087690,0.258586,0.294818
3879,0,岡山,2016-11-01,2022-12-27,274,858,7,52,85,270,1,-0.035059,-0.027728,-0.004466,0.005063,0.073784,0.035271
3880,0,埼玉,2016-11-08,2026-07-28,786,1263,75,121,375,561,1,-0.000384,-0.010071,0.032919,0.023527,-0.120336,-0.080177
3881,0,大阪,2016-11-03,2025-02-09,372,1550,46,212,185,755,1,-0.013118,-0.013196,0.010215,0.009877,-0.011828,-0.009366
3882,0,大阪,2016-11-01,2026-08-05,366,1781,63,315,184,901,1,-0.004736,-0.008092,-0.003163,-0.004515,0.148207,0.155198
3883,0,広島,2016-11-09,2024-11-04,329,818,16,53,102,250,1,-0.016160,-0.013720,0.004407,0.004183,-0.020429,-0.019672
3884,0,徳島,2016-11-01,2022-02-11,50,726,3,32,17,236,1,0.015923,-0.001069,0.014931,0.015968,-0.057796,-0.048437
3885,0,愛知,2016-11-03,2026-08-11,303,1574,46,232,153,852,1,0.004420,-0.000415,-0.036346,-0.035596,0.114383,0.115525
3887,0,兵庫,2016-11-09,2017-05-14,8,28,2,10,7,20,0,,,,,,
3888,0,東京,2016-11-08,2026-08-10,270,1616,65,320,179,972,1,0.042721,0.050434,0.061478,0.066858,-0.242253,-0.267508
3889,0,群馬,2016-11-03,2026-08-09,487,1065,65,102,197,381,1,0.037696,0.029280,0.046771,0.037530,-0.144316,-0.105628
3890,0,岡山,2016-11-01,2023-09-30,271,1035,36,165,149,563,1,-0.026579,-0.016499,0.005854,0.009728,0.033831,0.013220
3891,0,福井,2016-11-01,2026-08-09,270,1387,17,101,75,435,1,-0.009856,0.000044,-0.035849,-0.031069,0.096742,0.073756
3892,0,佐賀,2016-11-03,2026-08-10,498,1166,70,220,245,641,1,-0.048117,-0.044853,-0.057775,-0.057636,0.216540,0.213733
3893,0,愛知,2016-11-07,2026-08-11,242,1381,32,188,134,714,1,-0.003902,-0.003772,0.036702,0.042110,-0.130295,-0.149907
3894,0,静岡,2016-11-01,2020-09-17,75,564,19,94,40,255,1,0.086667,0.089191,0.081206,0.062745,-0.415177,-0.352772
3895,0,愛知,2016-11-01,2026-06-26,188,1146,20,120,85,501,1,0.001671,-0.005767,0.014955,0.012904,-0.062604,-0.049438
3896,0,滋賀,2016-11-03,2026-08-11,268,1326,44,166,151,673,1,0.038991,0.034598,0.055891,0.047594,-0.259174,-0.226429
3897,0,山口,2016-12-01,2026-08-02,156,1517,46,480,116,1074,1,-0.021542,-0.017167,0.035613,0.036815,-0.088751,-0.097039
3898,0,福岡,2016-11-03,2026-08-08,233,1484,78,382,176,1062,1,0.077352,0.063916,0.039731,0.026501,-0.219408,-0.162533
3900,0,滋賀,2016-11-03,2026-08-11,302,1783,73,390,198,1146,1,0.022989,0.025955,0.012892,0.015783,-0.021842,-0.036457
3901,0,山口,2016-11-03,2026-08-11,269,1341,40,209,126,686,1,-0.007155,-0.001431,-0.043157,-0.041305,0.075924,0.064841
3902,0,東京,2016-11-07,2024-07-05,222,1069,39,194,127,605,1,-0.005802,0.004848,0.006123,0.014339,-0.053022,-0.091420
3903,0,兵庫,2016-11-01,2024-10-25,176,818,61,296,126,588,1,-0.015267,-0.013221,-0.002917,-0.001150,0.041870,0.033368
3904,0,大阪,2016-11-01,2026-08-03,302,1852,51,361,182,1104,1,-0.026050,-0.029649,0.006537,0.006512,0.084562,0.087641
3905,0,愛知,2016-11-01,2026-08-11,310,1560,41,220,166,858,1,-0.008768,-0.007818,-0.014516,-0.011242,0.036352,0.023999
3906,0,長崎,2016-11-05,2026-07-27,596,1286,78,178,265,568,1,-0.007541,-0.006486,0.002951,-0.000672,0.002805,0.014677
3907,0,香川,2016-11-03,2026-08-08,156,1937,35,452,90,1160,1,-0.008992,0.000813,-0.021941,-0.009882,0.195061,0.146947
3908,0,香川,2016-11-09,2026-08-08,111,1736,31,456,70,1118,1,0.016606,0.010395,-0.013379,-0.020466,0.070692,0.098809
3909,0,静岡,2016-11-01,2026-08-11,456,1623,137,506,284,1069,1,-0.011330,-0.008640,-0.035850,-0.036332,0.142288,0.141367
3910,0,香川,2016-11-03,2026-08-02,100,1452,17,146,39,588,1,0.069449,0.055842,-0.014959,-0.025854,0.071488,0.118765
3911,0,東京,2016-11-01,2026-08-10,307,1234,51,156,145,593,1,0.039706,0.035497,-0.008238,-0.010905,-0.034059,-0.021884
3912,0,福井,2016-11-22,2026-08-08,234,1860,47,417,115,1034,1,-0.023339,-0.018738,-0.064461,-0.061976,0.289592,0.277013
3915,0,大阪,2016-11-03,2026-08-04,443,1826,103,417,261,1183,1,0.004138,0.006366,-0.058699,-0.058888,0.140129,0.139869
3916,0,群馬,2016-11-23,2020-03-22,107,325,8,15,32,93,1,0.028613,0.001233,0.012912,-0.008324,0.097024,0.193284
3918,0,滋賀,2016-11-03,2026-08-09,387,1815,87,403,237,1128,1,0.002768,0.005020,-0.009085,-0.002574,0.017994,-0.008825
3919,0,岡山,2016-11-03,2024-04-12,402,1359,121,385,252,768,1,0.017698,0.029004,0.061744,0.069365,-0.141665,-0.177284
3920,0,広島,2016-11-01,2026-05-29,497,1330,111,322,317,837,1,-0.018765,-0.019768,0.008504,0.001330,0.019041,0.043002
3921,0,福井,2016-11-01,2026-02-04,290,1383,42,207,145,679,1,-0.004847,-0.011682,0.009038,0.003616,-0.025282,-0.000825
3922,0,愛知,2016-11-01,2026-08-05,359,1424,42,118,139,463,1,0.034126,0.024994,0.062046,0.055407,-0.166618,-0.135617
3924,0,東京,2016-11-23,2018-06-19,46,71,1,0,10,17,1,0.021739,0.021672,-0.022045,-0.020596,-0.105634,-0.105677
3925,0,山口,2016-11-01,2022-11-24,117,675,7,63,34,223,1,-0.033504,-0.026644,-0.039772,-0.034477,0.259373,0.236729
3926,0,佐賀,2016-11-01,2021-05-03,214,343,14,21,61,100,1,0.004196,0.018896,-0.006498,0.002928,-0.014768,-0.060164
3927,0,岡山,2016-11-08,2016-11-13,0,0,0,0,0,0,0,,,,,,
3928,0,福岡,2016-11-12,2026-08-05,243,1170,23,93,94,430,1,0.015163,0.013766,0.019310,0.021495,-0.062140,-0.066846
3929,0,愛知,2016-11-08,2026-08-11,262,1597,36,232,126,772,1,-0.007868,-0.007511,-0.002490,-0.005408,-0.005172,0.003662
3930,0,岡山,2016-12-21,2026-08-11,529,1402,98,255,265,688,1,0.003372,0.004651,0.010218,0.011586,-0.020387,-0.025989
3931,0,三重,2016-11-03,2026-08-05,432,1288,104,294,268,753,1,0.012480,0.008140,0.035743,0.023373,-0.122843,-0.076798
3932,0,静岡,2016-11-03,2026-07-29,286,1313,56,266,136,665,1,-0.006785,-0.014048,-0.030949,-0.033668,0.123347,0.137716
3933,0,岡山,2016-11-01,2026-08-11,373,1812,96,370,240,1138,1,0.053178,0.043590,0.015396,0.014963,-0.161950,-0.150265
3934,0,愛知,2016-11-15,2026-08-11,293,1658,43,201,150,859,1,0.025527,0.025984,-0.006149,-0.007611,-0.006842,-0.001740
3935,0,岡山,2016-11-17,2026-08-11,368,1281,47,136,192,620,1,0.021550,0.026401,0.037742,0.036050,-0.173938,-0.172241
3936,0,長崎,2016-11-06,2021-08-11,277,414,20,49,86,144,1,-0.046155,-0.037185,-0.037357,-0.032321,0.135859,0.110140
3939,0,愛知,2016-11-07,2026-08-09,199,1354,45,297,120,871,1,0.006781,0.006588,-0.040264,-0.044666,0.056130,0.070546
3940,0,東京,2016-11-03,2026-08-10,361,1509,105,397,238,948,1,0.027771,0.037141,0.031049,0.037727,-0.122414,-0.153751
3941,0,愛知,2016-11-03,2026-08-11,215,1481,68,410,147,1008,1,0.039439,0.035906,0.003100,-0.009996,-0.103736,-0.055844
3942,0,山口,2016-11-03,2026-08-11,153,1492,35,326,98,878,1,0.010260,0.001408,0.052051,0.041292,-0.190020,-0.145963
3943,0,岡山,2016-12-09,2026-08-01,156,806,7,55,36,250,1,-0.023366,-0.015923,-0.079404,-0.068488,0.303970,0.258082
3944,0,長崎,2016-11-01,2026-06-22,446,1388,108,315,304,912,1,0.015207,0.006473,0.024554,0.013164,-0.072737,-0.027150
3945,0,愛知,2016-11-12,2026-08-07,325,985,33,81,132,361,1,0.019305,0.014764,0.039656,0.035063,-0.188957,-0.170245
3946,0,愛知,2016-11-09,2026-08-11,135,1966,39,571,97,1361,1,-0.001549,-0.003477,0.026250,0.025083,-0.149968,-0.144880
3947,0,群馬,2016-11-05,2026-08-11,543,1010,64,107,267,451,1,0.011923,-0.006702,0.045178,0.027973,-0.182169,-0.106735
3948,0,大阪,2016-11-06,2026-08-10,240,1431,15,133,83,570,1,-0.030442,-0.026686,-0.052490,-0.042972,0.104717,0.067560
3949,0,岡山,2016-11-01,2026-08-11,278,1176,18,64,94,423,1,0.010326,0.015587,-0.021564,-0.014913,0.074169,0.047740
3950,0,大阪,2016-12-07,2026-08-10,420,1269,44,84,172,467,1,0.038568,0.037408,0.041518,0.043306,-0.131087,-0.136774
3951,0,大阪,2016-11-03,2026-07-14,259,1772,41,253,130,974,1,0.015525,0.011977,-0.047731,-0.048804,0.142036,0.148560
3952,0,埼玉,2016-11-01,2026-07-28,736,1400,226,399,505,940,1,0.022065,0.027824,0.014713,0.018840,-0.006467,-0.025074
3953,0,福岡,2016-11-08,2026-08-05,206,895,16,98,84,359,1,-0.031827,-0.019022,0.006650,0.027463,0.041460,-0.041466
3955,0,徳島,2016-11-03,2026-08-03,206,1847,35,325,122,1074,1,-0.006058,-0.004649,0.010750,0.009709,0.016424,0.019595
3956,0,静岡,2016-11-01,2026-08-11,418,1687,102,396,270,1040,1,0.009283,0.012818,0.029454,0.027303,-0.055489,-0.051379
3957,0,愛知,2016-11-07,2026-08-08,304,1790,55,278,174,997,1,0.025614,0.020726,0.015385,0.013039,-0.061416,-0.048886
3959,0,静岡,2016-11-03,2026-08-11,265,1773,71,449,169,1132,1,0.014681,0.010937,-0.000730,-0.008744,-0.099309,-0.067704
3960,0,静岡,2016-11-03,2026-08-11,315,1717,74,450,188,1069,1,-0.027164,-0.027067,-0.025772,-0.025653,0.037160,0.039360
3961,0,山口,2016-11-03,2026-08-11,263,1524,52,362,160,1003,1,-0.039814,-0.032033,-0.049771,-0.040717,0.141258,0.103853
3963,0,大阪,2016-11-03,2026-08-09,390,1828,71,400,243,1082,1,-0.036767,-0.036898,0.031173,0.029940,-0.000931,0.003555
3964,0,長崎,2016-11-03,2026-08-10,480,1174,20,63,167,406,1,-0.011996,-0.008197,0.002090,0.004977,-0.011063,-0.025251
3965,0,滋賀,2016-11-01,2026-08-09,228,1608,44,317,123,912,1,-0.004157,0.000871,-0.027690,-0.030181,0.089389,0.092300
3966,0,東京,2016-11-03,2026-08-11,333,1617,74,365,205,1065,1,-0.003504,0.012312,-0.043011,-0.031691,0.065637,0.014145
3967,0,愛知,2016-11-01,2026-07-27,231,1497,17,164,103,704,1,-0.035959,-0.031131,-0.024386,-0.019105,0.104000,0.080936
3968,0,滋賀,2016-11-22,2026-08-11,390,1670,63,264,237,981,1,0.003455,0.011277,0.020267,0.032215,-0.021265,-0.068016
3970,0,群馬,2016-11-06,2024-03-27,224,947,17,85,93,422,1,-0.013864,-0.021416,-0.030439,-0.035379,0.130544,0.153054
3973,0,群馬,2016-11-09,2026-08-11,737,1135,73,60,315,353,1,0.046187,0.023155,0.116395,0.088992,-0.388304,-0.274405
3974,0,佐賀,2016-11-01,2026-08-11,509,930,37,84,178,342,1,-0.017631,-0.015820,-0.018037,-0.015100,-0.013873,-0.024585
3975,0,香川,2016-11-06,2026-08-03,155,2022,26,339,97,1183,1,0.000086,-0.003019,0.040742,0.034710,-0.115820,-0.093325
3976,0,山口,2016-11-03,2026-08-09,201,1000,20,94,67,312,1,0.005502,0.009550,0.021333,0.020022,-0.037169,-0.035999
3977,0,大阪,2016-11-09,2026-07-27,352,1558,30,197,146,772,1,-0.041217,-0.040951,-0.080734,-0.081786,0.339162,0.342423
3978,0,東京,2016-11-08,2026-08-02,275,1581,75,402,192,1064,1,0.018458,0.029878,0.025190,0.038455,-0.085354,-0.139867
3979,0,山口,2016-11-10,2020-06-09,44,274,4,13,10,66,1,0.043464,0.045343,-0.013603,0.001730,0.185136,0.127809
3980,0,山口,2016-11-09,2018-09-09,27,247,2,22,15,91,1,-0.014995,-0.006561,0.187135,0.181393,-0.254611,-0.240262
3981,0,静岡,2016-11-06,2026-08-11,427,1479,60,219,186,667,1,-0.007558,-0.011166,-0.015383,-0.015876,0.070019,0.076509
3982,0,岡山,2016-11-01,2026-08-11,302,1172,25,120,117,479,1,-0.019608,-0.019898,-0.021286,-0.023479,0.086709,0.096349
3983,0,埼玉,2016-11-03,2026-08-05,607,1458,173,349,400,911,1,0.045639,0.049610,0.034150,0.037532,-0.179397,-0.194654
3984,0,三重,2016-11-03,2026-08-05,373,1628,109,415,251,1012,1,0.037311,0.036610,0.051301,0.044679,-0.180521,-0.159163
3986,0,福岡,2016-11-07,2026-06-27,180,1457,24,256,97,818,1,-0.042370,-0.042220,-0.022539,-0.023878,0.093179,0.095784
3987,0,静岡,2016-11-01,2026-08-11,425,1564,72,353,221,903,1,-0.056292,-0.045751,-0.057366,-0.046384,0.273248,0.227141
3988,0,愛知,2016-11-03,2026-08-11,295,1779,76,369,188,1056,1,0.050207,0.046815,0.043696,0.040407,-0.188548,-0.172196
3989,0,佐賀,2016-11-09,2026-08-11,510,1011,39,57,199,335,1,0.020091,0.027960,0.058841,0.058647,-0.186525,-0.192112
3990,0,静岡,2016-11-06,2026-08-11,328,1397,50,263,164,697,1,-0.035822,-0.035763,0.001074,0.000027,0.033366,0.036531
3992,0,埼玉,2016-12-01,2026-08-11,396,1214,75,195,205,605,1,0.028768,0.024567,0.019324,0.014287,-0.053721,-0.032518
3993,0,東京,2016-11-07,2026-08-04,89,838,18,138,51,427,1,0.037569,0.036154,0.063487,0.058730,-0.263442,-0.246384
3994,0,滋賀,2016-11-03,2026-08-05,203,1715,16,218,98,883,1,-0.048296,-0.045932,-0.032110,-0.038443,0.136906,0.158918
3995,0,静岡,2016-11-25,2026-08-11,410,1684,130,466,276,1144,1,0.040351,0.045174,-0.006164,0.001134,-0.031226,-0.060581
3996,0,群馬,2016-11-03,2025-03-15,460,1415,146,393,347,1018,1,0.039653,0.047194,0.034913,0.043340,-0.105953,-0.140859
3997,0,大阪,2016-11-01,2026-08-05,340,2098,79,567,230,1511,1,-0.037904,-0.020926,-0.043739,-0.033195,0.115631,0.063308
3998,0,佐賀,2016-11-07,2026-08-11,602,1192,63,124,267,527,1,0.000624,0.009593,0.001408,0.006678,-0.004774,-0.031770
3999,0,愛知,2016-11-01,2026-08-11,258,1695,46,377,158,1103,1,-0.044124,-0.040122,-0.038334,-0.032794,0.186897,0.165854
4000,0,広島,2016-11-23,2026-08-10,411,1969,76,369,221,1163,1,-0.002490,-0.006848,-0.052942,-0.056109,0.090061,0.105090
4002,0,兵庫,2016-11-03,2026-08-11,451,1674,141,505,315,1147,1,0.010966,0.013074,0.013263,0.012963,-0.048449,-0.050262
4003,0,福井,2016-11-03,2026-08-04,313,1641,51,206,195,925,1,0.037406,0.032248,0.059323,0.055299,-0.181902,-0.162738
4004,0,長崎,2016-11-05,2026-08-10,463,1114,35,119,178,493,1,-0.031228,-0.029658,-0.058100,-0.064119,0.194745,0.214519
4005,0,山口,2016-11-09,2025-09-04,147,964,10,71,52,309,1,-0.005624,-0.019189,0.033202,0.011720,-0.114087,-0.030678
4006,0,佐賀,2016-11-10,2026-08-11,489,1341,86,207,278,722,1,0.021507,0.020371,0.030103,0.030295,-0.154811,-0.154814
4007,0,山口,2016-11-03,2026-08-05,225,1157,29,174,96,479,1,-0.021500,-0.022197,0.012665,0.010605,-0.057755,-0.049541
4008,0,佐賀,2017-08-15,2020-02-23,96,179,13,34,48,95,1,-0.054527,-0.041033,-0.030726,-0.006312,0.270484,0.174507
4009,0,山口,2016-11-10,2026-08-11,213,1157,33,188,109,582,1,-0.007560,-0.002529,0.008712,0.019297,0.011382,-0.028970
4010,0,香川,2016-11-06,2026-08-05,86,1307,2,71,30,469,1,-0.031067,-0.039189,-0.010000,-0.019414,0.069002,0.108194
4011,0,岡山,2016-11-01,2026-08-11,293,1832,75,461,186,1110,1,0.004335,0.007824,0.028917,0.037993,0.009710,-0.024829
4012,0,滋賀,2016-11-15,2026-08-11,337,1383,72,285,181,790,1,0.007576,-0.000449,-0.034130,-0.032134,0.069515,0.068593
4013,0,福井,2016-11-09,2026-08-04,441,1804,116,448,284,1134,1,0.014702,0.009359,0.015388,0.011241,-0.074778,-0.057520
4014,0,山口,2016-11-12,2026-08-05,146,1369,16,198,63,688,1,-0.035042,-0.024556,-0.071050,-0.062295,0.270961,0.232234
4015,0,山口,2016-11-03,2026-08-11,241,1493,43,291,149,895,1,-0.016486,-0.010801,0.018793,0.016599,-0.031138,-0.025834
4016,0,愛知,2016-11-03,2026-08-11,192,1468,30,241,94,794,1,-0.007919,-0.008505,-0.051289,-0.054824,0.037721,0.048045
4017,0,山口,2017-01-17,2026-07-15,292,1476,69,273,176,817,1,0.051342,0.059058,0.049217,0.054453,-0.144402,-0.170432
4019,0,静岡,2016-11-09,2026-08-03,301,1362,71,398,179,907,1,-0.056337,-0.046197,-0.071248,-0.063350,0.318756,0.283820
4020,0,香川,2016-11-12,2026-08-11,119,1524,10,158,51,631,1,-0.019641,-0.031530,0.014529,-0.004425,-0.006628,0.070614
4021,0,愛知,2016-11-03,2023-04-11,189,1014,34,170,82,472,1,0.012241,0.022008,-0.031621,-0.020743,0.011740,-0.036575
4022,0,福岡,2016-11-03,2026-08-03,266,1308,45,250,160,740,1,-0.021959,-0.029894,0.035755,0.027134,-0.082103,-0.046259
4023,0,福岡,2016-11-01,2026-08-11,198,1469,15,116,78,500,1,-0.003208,0.003006,0.053572,0.060955,-0.095784,-0.128171
4024,0,三重,2016-11-09,2026-08-11,336,1653,93,394,232,1006,1,0.038431,0.024823,0.081886,0.060239,-0.269699,-0.182717
4025,0,兵庫,2016-11-09,2026-08-11,502,1668,136,449,327,1074,1,0.001732,0.004465,0.007510,0.010506,-0.005322,-0.018407
4026,0,東京,2016-11-25,2022-01-12,112,291,6,14,34,93,1,0.005461,-0.004753,-0.016016,-0.034300,0.120766,0.192215
4027,0,佐賀,2016-11-03,2026-07-28,695,1244,137,241,406,668,1,0.003392,-0.010620,0.047195,0.035051,-0.155947,-0.101656
4028,0,徳島,2016-11-01,2026-08-10,99,1738,24,443,55,1052,1,-0.012466,-0.011789,-0.049738,-0.047539,0.077036,0.067790
4030,0,香川,2016-11-03,2026-08-09,216,1888,51,391,136,1184,1,0.029014,0.023798,0.002511,0.004521,-0.023344,-0.026297
4031,0,埼玉,2016-11-01,2026-07-31,404,1150,43,94,154,473,1,0.024697,0.016890,-0.030116,-0.033374,0.040930,0.058275
4033,0,静岡,2016-11-01,2026-08-11,317,1825,81,561,186,1163,1,-0.051877,-0.046705,-0.050509,-0.047031,0.292421,0.277565
4034,0,香川,2016-11-09,2026-08-11,159,1549,16,134,70,614,1,0.014122,0.006981,0.043867,0.034188,-0.134284,-0.094935
4035,0,愛知,2016-11-01,2026-08-11,288,1606,39,173,117,588,1,0.027696,0.024130,0.040123,0.036751,-0.206811,-0.188983
4036,0,埼玉,2017-01-21,2026-08-11,530,1442,157,435,355,979,1,-0.005438,0.008464,-0.009107,0.008400,0.055246,-0.016635
4037,0,福岡,2016-11-01,2020-06-25,84,437,10,48,39,194,1,0.009208,0.032141,0.020350,0.051769,-0.003787,-0.132379
4037,1,埼玉,2020-07-02,2025-01-23,308,658,34,105,139,332,1,-0.049185,-0.048452,-0.053261,-0.050286,0.233559,0.221317
4038,0,岡山,2016-11-07,2021-11-24,113,624,13,50,44,205,1,0.034916,0.029470,0.060855,0.053012,-0.099146,-0.068901
4039,0,大阪,2016-11-01,2026-08-10,380,1571,52,248,216,833,1,-0.021019,-0.026938,0.038186,0.034509,-0.070465,-0.053310
4040,0,兵庫,2016-11-07,2026-08-11,339,1777,67,447,176,1055,1,-0.053907,-0.049515,-0.074523,-0.064159,0.278365,0.237289
4041,0,山口,2016-11-18,2026-08-11,223,1292,23,131,97,499,1,0.001746,0.005145,0.048755,0.052270,-0.117612,-0.131892
4042,0,大阪,2016-11-09,2026-08-05,386,1707,92,501,225,1125,1,-0.055155,-0.035754,-0.076149,-0.058404,0.273490,0.192523
4043,0,三重,2016-11-03,2026-08-11,478,1703,110,478,298,1109,1,-0.050556,-0.036968,-0.027773,-0.019609,0.144197,0.104589
4044,0,大阪,2016-11-03,2026-08-09,291,1667,72,455,186,1095,1,-0.025523,-0.019517,-0.017693,-0.004445,0.100223,0.050997
4045,0,山口,2016-11-01,2026-08-05,133,1512,31,323,69,758,1,0.019458,0.022030,0.017474,0.015082,-0.016326,-0.010434
4046,0,福岡,2016-11-01,2025-04-05,117,838,9,47,34,235,1,0.020837,0.024202,0.010169,0.016183,-0.219764,-0.243953
4047,0,大阪,2016-11-01,2026-08-03,393,1376,36,149,153,557,1,-0.016682,-0.016439,-0.015484,-0.010182,-0.017481,-0.035327
4049,0,三重,2016-11-03,2026-08-06,352,1859,81,415,230,1143,1,0.006875,0.001633,0.038562,0.031427,-0.044295,-0.013743
4050,0,岡山,2016-11-13,2026-08-11,360,1676,119,589,234,1207,1,-0.020876,-0.016684,-0.070167,-0.065834,0.205277,0.188435
4051,0,岡山,2016-11-01,2026-07-21,374,1386,94,384,258,997,1,-0.025719,-0.025858,-0.029497,-0.024708,0.092055,0.076101
4052,0,徳島,2016-11-01,2026-07-27,140,1824,37,461,89,1127,1,0.011544,0.023522,0.017841,0.029544,-0.024593,-0.076895
4053,0,東京,2016-11-12,2026-08-11,327,1213,69,246,198,739,1,0.008206,0.010991,-0.003729,0.000313,0.035495,0.020724
4054,0,岡山,2016-11-07,2026-08-11,324,1275,32,115,136,495,1,0.008569,0.003692,0.031518,0.020828,-0.121452,-0.079855
4055,0,兵庫,2016-11-01,2026-08-10,421,1802,102,453,263,1157,1,-0.009107,0.000715,-0.017361,-0.011874,0.040288,0.013106
4056,0,福井,2016-11-01,2025-11-25,260,1287,24,131,109,540,1,-0.009479,-0.013401,-0.000350,0.000777,0.070474,0.069242
4057,0,兵庫,2016-11-03,2026-08-11,276,1925,50,372,156,1153,1,-0.012087,-0.007908,-0.033744,-0.029210,0.097911,0.079839
4058,0,静岡,2016-11-03,2026-08-11,451,1675,56,221,254,891,1,-0.007772,-0.002608,0.031253,0.033919,-0.050350,-0.065034
4059,0,東京,2016-11-12,2026-06-13,280,1220,56,218,129,606,1,0.021311,0.017992,-0.036007,-0.040663,0.037881,0.055999
4060,0,福岡,2016-11-06,2026-08-03,290,1427,56,235,142,701,1,0.028422,0.028397,-0.001585,-0.000326,-0.013264,-0.018418
4061,0,福井,2016-11-03,2026-08-05,386,1758,83,535,225,1197,1,-0.089297,-0.067056,-0.097986,-0.076325,0.358889,0.264850
4062,0,愛知,2016-11-10,2026-06-25,256,1208,50,159,121,531,1,0.063690,0.059296,0.033087,0.026952,-0.199943,-0.175702
4063,0,徳島,2016-11-03,2026-08-10,151,2045,33,571,97,1352,1,-0.060675,-0.051631,-0.018741,-0.005450,0.150472,0.097722
4064,0,山口,2016-11-09,2026-08-11,258,1502,64,391,163,1018,1,-0.012258,-0.010288,-0.045980,-0.043175,0.086716,0.076315
4065,0,岡山,2016-11-01,2026-07-26,304,1590,73,358,178,912,1,0.014974,0.017578,0.011941,0.013282,-0.070312,-0.076648
4066,0,三重,2016-11-03,2026-08-11,381,1734,63,384,229,1083,1,-0.056099,-0.044362,-0.023518,-0.005979,0.111299,0.041429
4067,0,愛知,2016-11-18,2026-08-11,288,1691,66,433,180,1099,1,-0.026895,-0.029152,-0.024911,-0.027244,0.173069,0.181859
4068,0,静岡,2016-11-01,2026-08-11,397,1352,40,176,185,695,1,-0.029422,-0.021917,-0.048058,-0.044934,0.141775,0.123579
4069,0,岡山,2016-11-12,2026-07-22,381,1678,72,334,250,1098,1,-0.010070,-0.016689,0.001818,-0.005035,0.051036,0.081019
4070,0,長崎,2016-11-09,2022-10-31,260,743,97,241,166,505,1,0.048716,0.031140,-0.041215,-0.062715,0.064960,0.152777
4071,0,兵庫,2016-11-09,2026-08-05,182,1134,28,154,81,514,1,0.018044,0.015496,-0.008208,-0.012406,-0.054267,-0.039506
4072,0,佐賀,2016-12-01,2026-08-11,582,1085,194,336,367,719,1,0.023656,0.012142,-0.032089,-0.041107,0.012365,0.053332
4073,0,静岡,2016-11-03,2026-08-11,446,1739,111,427,294,1128,1,0.003336,0.007328,0.010544,0.014244,-0.036376,-0.054249
4074,0,愛知,2016-11-03,2026-08-11,251,1661,79,418,161,1065,1,0.063085,0.059212,0.000254,-0.000388,-0.103355,-0.098240
4075,0,東京,2016-11-01,2026-08-10,336,1699,101,435,231,1109,1,0.044562,0.042430,0.034763,0.030266,-0.187810,-0.171453
4076,0,静岡,2016-11-07,2026-08-11,373,1836,77,343,215,1085,1,0.019615,0.017657,-0.014551,-0.017805,-0.031989,-0.018405
4077,0,東京,2016-11-08,2026-08-10,243,1148,20,97,105,480,1,-0.002190,-0.002216,0.013980,0.012431,-0.004872,0.001311
4078,0,群馬,2016-11-09,2025-07-29,319,988,26,58,114,309,1,0.022800,0.006661,0.044614,0.030704,-0.108442,-0.046907
4079,0,福岡,2016-11-05,2026-08-08,321,1560,82,419,180,951,1,-0.013138,-0.017230,-0.048868,-0.048201,0.264348,0.267961
4080,0,愛知,2016-11-03,2026-01-26,218,1379,60,381,146,891,1,-0.001058,0.006651,0.023604,0.033654,-0.100295,-0.141859
4081,0,愛知,2016-11-01,2026-08-09,247,1469,25,114,108,525,1,0.023611,0.024667,0.079861,0.085627,-0.196338,-0.219095
4082,0,大阪,2016-11-01,2026-07-28,285,1500,55,335,153,860,1,-0.030351,-0.033830,-0.036491,-0.039562,0.116526,0.130860
4083,0,東京,2016-11-01,2026-08-09,299,1544,76,430,202,992,1,-0.024317,-0.008824,0.033098,0.046939,-0.054785,-0.113716
4084,0,愛知,2016-11-01,2026-08-11,256,1952,64,525,171,1320,1,-0.018955,-0.016779,-0.008261,-0.011252,0.021132,0.029334
4085,0,東京,2016-11-03,2026-08-08,313,1133,57,215,179,650,1,-0.007653,-0.011961,-0.001813,-0.008181,0.049271,0.073882
4086,0,東京,2016-11-03,2026-08-10,225,1473,44,320,134,953,1,-0.021688,-0.013368,-0.051423,-0.037281,0.152089,0.096169
4087,0,長崎,2016-11-03,2017-11-13,24,81,0,2,5,13,1,-0.024691,-0.002953,0.047840,0.089100,-0.035494,-0.194578
4088,0,長崎,2016-11-07,2024-01-23,220,888,16,81,81,291,1,-0.018489,-0.005073,0.040479,0.049867,-0.058866,-0.104396
4089,0,岡山,2016-11-01,2026-08-11,485,1729,117,364,313,1130,1,0.030711,0.026576,-0.008196,-0.009761,-0.037211,-0.028729
4090,0,埼玉,2016-11-01,2026-07-18,470,1511,107,386,283,946,1,-0.027800,-0.015234,-0.023948,-0.008955,0.104862,0.042451
4091,0,埼玉,2016-11-03,2024-04-12,255,881,40,121,118,367,1,0.019519,0.016281,0.046173,0.049309,-0.136449,-0.146739
4092,0,佐賀,2016-11-01,2026-08-10,614,1261,114,228,333,653,1,0.004859,-0.005766,0.024502,0.015379,-0.051856,-0.010493
4093,0,東京,2016-12-07,2026-07-31,225,977,18,82,86,385,1,-0.003930,-0.011329,-0.011841,-0.026539,-0.027936,0.029560
4094,0,福岡,2016-11-01,2026-07-29,206,1164,27,122,80,490,1,0.026257,0.027386,-0.032613,-0.031348,0.070905,0.063415
4095,0,東京,2016-11-01,2026-08-10,268,1206,93,379,194,833,1,0.032753,0.023060,0.033167,0.027193,-0.134328,-0.105466
4096,0,長崎,2016-11-15,2026-08-10,509,1346,136,354,343,858,1,0.004189,-0.001623,0.036426,0.025270,-0.094863,-0.050678
4097,0,広島,2016-11-03,2026-08-11,293,1111,13,55,111,386,1,-0.005136,-0.002669,0.031405,0.028512,-0.117052,-0.110532
4098,0,岡山,2016-11-01,2026-07-24,161,1128,15,93,57,469,1,0.010721,0.009736,-0.061743,-0.062295,0.066346,0.067779
4099,0,大阪,2016-11-03,2026-08-10,451,1752,103,447,289,1133,1,-0.026756,-0.027569,-0.005891,-0.008304,0.042654,0.051431
4100,0,福岡,2016-11-01,2026-08-11,227,1483,32,243,105,772,1,-0.022888,-0.017060,-0.058011,-0.052474,0.235797,0.211124
4101,0,佐賀,2016-11-03,2022-01-14,204,711,68,205,132,444,1,0.045007,0.029929,0.022586,-0.002595,-0.176429,-0.078460
4102,0,福岡,2016-11-01,2026-08-11,366,1657,102,493,247,1108,1,-0.018837,-0.029209,0.006185,-0.009522,0.057562,0.120933
4103,0,埼玉,2016-11-12,2026-08-08,529,1083,40,70,213,396,1,0.010979,0.011074,0.036996,0.035989,-0.120845,-0.117427
4104,0,東京,2016-11-03,2026-08-11,212,1131,36,165,110,516,1,0.023923,0.016237,0.062635,0.061127,-0.230052,-0.220338
4105,0,兵庫,2016-11-03,2026-08-11,370,1753,47,237,198,930,1,-0.008170,0.001900,0.004616,0.016619,-0.011650,-0.061433
4106,0,佐賀,2016-11-01,2026-08-08,369,1197,39,108,145,504,1,0.015465,0.031984,-0.028099,-0.017498,0.038266,-0.011298
4107,0,群馬,2016-11-10,2020-12-20,223,502,12,29,58,165,1,-0.003957,-0.016162,-0.068596,-0.076131,0.114198,0.152722
4108,0,山口,2016-12-03,2026-08-03,190,1330,70,376,137,857,1,0.085714,0.067096,0.076692,0.067053,-0.331579,-0.281476
4109,0,埼玉,2016-11-01,2026-08-09,528,1585,122,404,316,980,1,-0.023829,-0.013099,-0.019812,-0.011512,0.097862,0.061198
4110,0,埼玉,2016-11-03,2026-08-04,395,1254,45,139,156,527,1,0.003079,-0.007728,-0.025318,-0.036089,0.063768,0.109525
4111,0,広島,2016-11-05,2026-08-09,286,1506,39,227,140,768,1,-0.014367,-0.010714,-0.020450,-0.012873,0.007169,-0.021262
4112,0,佐賀,2016-11-09,2026-08-03,592,1291,93,246,334,749,1,-0.033455,-0.030681,-0.015981,-0.018140,0.061186,0.065670
4113,0,群馬,2016-11-06,2026-08-11,630,1341,79,191,287,660,1,-0.017034,-0.023334,-0.036614,-0.042382,0.086705,0.109959
4114,0,東京,2016-11-07,2026-08-08,319,1296,46,172,169,642,1,0.011485,0.014253,0.034410,0.041221,-0.000699,-0.029251
4116,0,徳島,2016-11-03,2026-07-19,96,1777,13,252,42,903,1,-0.006395,-0.016693,-0.070660,-0.080673,0.182980,0.225071
4117,0,東京,2016-11-28,2026-08-11,251,1380,57,266,163,894,1,0.034338,0.044345,0.001576,0.008002,-0.098149,-0.128858
4118,0,愛知,2016-11-03,2026-08-11,259,1869,52,444,154,1168,1,-0.036788,-0.031440,-0.030339,-0.024087,0.155438,0.130507
4119,0,大阪,2016-11-01,2026-08-05,361,1463,56,290,176,777,1,-0.043098,-0.042220,-0.043566,-0.042373,0.213332,0.208530
4120,0,滋賀,2016-11-03,2026-08-09,290,1719,62,298,172,957,1,0.040437,0.038595,0.036384,0.030721,-0.112965,-0.092176
4121,0,福岡,2016-11-01,2026-08-05,165,1418,25,257,83,787,1,-0.029726,-0.032866,-0.051977,-0.045559,0.077339,0.057562
4122,0,福岡,2016-11-01,2026-08-05,278,1386,47,238,161,797,1,-0.002652,-0.007962,0.004101,0.004591,0.124555,0.127909
4123,0,愛知,2016-11-29,2026-08-11,256,1802,70,454,181,1276,1,0.021495,0.024984,-0.001071,0.000986,-0.015859,-0.025727
4124,0,静岡,2016-11-03,2026-08-11,335,1606,70,357,207,972,1,-0.013336,-0.010348,0.012680,0.014792,-0.021905,-0.030870
4125,0,東京,2016-11-01,2019-09-29,43,228,2,5,12,54,1,0.024582,0.012628,0.042228,0.026122,-0.149837,-0.080445
4126,0,広島,2016-11-03,2024-10-25,297,925,29,71,103,254,1,0.020886,0.015863,0.072207,0.063451,-0.193135,-0.159461
4128,0,東京,2016-11-05,2026-08-08,313,1156,48,152,165,579,1,0.021867,0.030108,0.026291,0.035067,-0.098909,-0.135081
4129,0,愛知,2016-11-01,2026-08-11,337,1412,27,128,135,546,1,-0.010533,-0.014384,0.013908,0.008931,-0.049764,-0.030083
4131,0,静岡,2016-11-01,2026-08-11,344,1744,82,396,223,1035,1,0.011308,0.008769,0.054793,0.054021,-0.162831,-0.159124
4133,0,兵庫,2016-11-19,2026-08-11,384,1795,77,408,239,1130,1,-0.026777,-0.027071,-0.007131,-0.008367,0.104024,0.107624
4134,0,東京,2016-11-03,2026-08-09,308,1509,87,367,199,956,1,0.039260,0.036911,0.012572,0.008545,-0.139739,-0.125158
4136,0,福岡,2016-11-03,2026-05-15,241,1536,63,410,149,1071,1,-0.005516,-0.001129,-0.079008,-0.076696,0.169522,0.157829
4137,0,滋賀,2016-11-03,2026-08-09,316,1783,74,508,205,1186,1,-0.050736,-0.037990,-0.016437,-0.004429,0.132205,0.078101
4138,0,大阪,2016-11-01,2026-07-31,326,1521,39,226,141,706,1,-0.028955,-0.031930,-0.031653,-0.040904,0.017171,0.053224
4139,0,愛知,2016-11-01,2026-08-11,302,1489,42,194,136,660,1,0.008784,0.001835,0.007081,-0.000956,-0.022865,0.012018
4140,0,東京,2017-01-29,2026-07-17,338,1271,90,325,235,857,1,0.010568,0.013401,0.020994,0.022173,-0.083043,-0.089626
4142,0,愛知,2016-11-03,2026-08-11,221,1933,46,330,124,1116,1,0.037426,0.032448,-0.016255,-0.025334,0.021768,0.058215
4143,0,佐賀,2016-11-01,2026-08-11,539,1138,58,123,220,437,1,-0.000478,0.008269,0.024156,0.029471,-0.100683,-0.124898
4144,0,埼玉,2016-11-03,2026-08-01,438,1315,109,317,313,889,1,0.007794,0.020229,0.038566,0.048976,-0.089131,-0.136379
4145,0,東京,2016-11-09,2026-08-10,250,1002,17,24,88,283,1,0.044048,0.027402,0.069565,0.055254,-0.414379,-0.349087
4146,0,滋賀,2016-11-01,2026-08-10,216,1445,23,174,103,693,1,-0.013934,-0.013860,-0.002733,-0.002008,0.025644,0.023734
4147,0,愛知,2016-11-05,2018-10-06,19,323,0,15,5,92,0,,,,,,
4148,0,福岡,2016-11-07,2026-08-11,217,1437,52,361,130,976,1,-0.011586,-0.006135,-0.080114,-0.072553,0.233355,0.203471
4150,0,静岡,2016-11-01,2026-08-11,351,1462,83,349,221,893,1,-0.002247,0.004173,0.018823,0.024971,-0.059864,-0.085939
4151,0,福岡,2016-12-26,2026-08-08,310,1363,43,191,170,721,1,-0.001422,-0.005554,0.019407,0.011660,-0.077576,-0.048869
4152,0,東京,2016-11-08,2026-08-11,220,1257,39,190,123,684,1,0.026119,0.021445,0.014938,0.003681,-0.067314,-0.026183
4153,0,山口,2016-11-09,2023-06-09,118,686,12,41,37,242,1,0.041928,0.036063,-0.039210,-0.051329,0.042571,0.088380
4154,0,香川,2016-11-12,2026-08-09,167,1736,28,312,83,914,1,-0.012059,-0.014060,-0.029492,-0.022087,0.123158,0.098572
4155,0,福岡,2016-11-03,2026-08-11,263,1455,60,348,148,900,1,-0.011038,-0.009655,-0.055819,-0.051301,0.089870,0.074880
4156,0,三重,2016-11-08,2026-08-08,379,1571,77,303,207,901,1,0.010295,0.019016,-0.027346,-0.020451,0.067901,0.037775
4157,0,福岡,2016-11-03,2017-05-15,0,77,0,5,0,14,0,,,,,,
4158,0,山口,2016-11-05,2026-08-09,286,1184,46,138,124,456,1,0.044285,0.036308,0.048431,0.039044,-0.200819,-0.161342
4159,0,埼玉,2016-11-03,2026-08-01,544,1514,118,284,326,911,1,0.029329,0.029864,-0.002453,-0.005352,-0.020374,-0.010931
4160,0,愛知,2016-11-09,2019-05-09,50,317,4,24,12,88,1,0.004290,0.002183,-0.037603,-0.044189,0.090978,0.118442
4161,0,愛知,2016-11-09,2026-08-11,217,1583,33,281,106,909,1,-0.025437,-0.013211,-0.085747,-0.076922,0.258350,0.217334
4162,0,大阪,2016-11-23,2026-03-11,198,956,17,120,77,396,1,-0.039664,-0.040223,-0.025337,-0.026785,0.170682,0.176480
4163,0,広島,2016-11-03,2026-08-10,516,1664,118,333,312,978,1,0.028562,0.029866,0.016911,0.020413,-0.114681,-0.126622
4164,0,長崎,2016-11-12,2026-08-10,344,823,18,44,103,265,1,-0.001137,0.004675,-0.022574,-0.015735,0.078460,0.050754
4166,0,岡山,2016-11-01,2026-08-11,431,1718,127,513,306,1167,1,-0.003939,-0.016740,0.030699,0.014409,-0.108457,-0.040171
4167,0,徳島,2016-11-01,2026-08-10,75,1508,5,106,29,575,1,-0.003625,-0.003622,0.005367,0.013234,-0.082414,-0.110077
4168,0,大阪,2016-11-03,2026-07-29,227,1464,57,435,141,909,1,-0.046030,-0.039922,0.000244,0.013025,0.070337,0.019977
4169,0,東京,2016-11-03,2026-08-11,199,1057,20,69,65,333,1,0.035223,0.026632,0.011591,0.004093,-0.105618,-0.073626
4170,0,香川,2016-11-06,2020-12-21,33,515,0,30,5,175,1,-0.058252,-0.039657,-0.188291,-0.175353,0.731215,0.667092
4171,0,長崎,2016-11-05,2026-08-10,480,1480,113,361,296,921,1,-0.008502,-0.009604,-0.005631,-0.006986,-0.000845,0.004076
4172,0,岡山,2016-11-01,2026-08-11,347,1669,75,382,224,1081,1,-0.012741,-0.019355,-0.002160,-0.007216,-0.002885,0.020934
4173,0,広島,2016-11-01,2026-08-11,453,1747,72,308,247,947,1,-0.017362,-0.016010,0.003182,0.002307,-0.061781,-0.059417
4174,0,長崎,2016-11-03,2026-08-11,547,1575,158,426,370,1093,1,0.018372,0.013909,-0.017551,-0.022434,0.033802,0.054187
4175,0,埼玉,2016-11-01,2026-08-09,550,1424,114,264,320,813,1,0.021879,0.021941,0.010891,0.010452,-0.103054,-0.102807
4176,0,兵庫,2016-11-01,2026-07-27,226,1150,14,108,64,412,1,-0.031966,-0.026631,-0.075075,-0.069405,0.345725,0.321273
4177,0,群馬,2016-11-01,2026-08-08,502,1151,86,174,247,546,1,0.020142,0.009432,0.017662,0.005505,-0.092504,-0.041964
4179,0,山口,2016-11-09,2026-08-11,242,1629,45,231,136,905,1,0.044146,0.031218,0.006428,-0.002099,-0.135646,-0.094979
4180,0,福岡,2016-11-12,2026-08-11,210,1369,23,171,78,605,1,-0.015385,-0.010982,-0.070500,-0.069919,0.260986,0.258134
4181,0,三重,2016-11-03,2026-08-09,266,1338,16,131,94,533,1,-0.037757,-0.056590,-0.044972,-0.061502,0.161570,0.235951
4182,0,滋賀,2016-11-01,2026-08-05,324,1380,37,156,147,592,1,0.001154,0.000328,0.024718,0.028304,-0.094444,-0.107408
4183,0,愛知,2016-11-06,2026-06-12,250,1864,67,514,137,1063,1,-0.007751,0.002399,-0.022279,-0.009501,0.044232,-0.009075
4184,0,大阪,2016-11-08,2026-07-27,379,1732,101,499,264,1185,1,-0.021615,-0.012628,0.012390,0.024808,0.049125,0.000611
4185,0,香川,2016-11-18,2021-12-19,63,534,3,33,17,155,1,-0.014179,-0.015878,-0.020421,-0.027052,0.091671,0.114881
4186,0,埼玉,2016-11-03,2026-08-08,472,721,41,36,144,178,1,0.036934,0.025681,0.058205,0.045212,-0.223413,-0.168457
4187,0,香川,2016-11-03,2021-06-22,22,602,3,43,10,201,1,0.064935,0.057361,0.120658,0.117718,-0.311990,-0.296058
4188,0,群馬,2016-11-03,2026-08-11,401,1573,135,543,280,1138,1,-0.008542,0.010561,-0.025204,-0.005131,0.084780,-0.000634
4189,0,福岡,2016-11-03,2026-08-11,336,1626,81,349,202,992,1,0.026434,0.015903,-0.008896,-0.025558,-0.100411,-0.035242
4190,0,静岡,2016-11-01,2026-08-11,408,1655,116,464,275,1120,1,0.003951,0.001129,-0.002718,-0.005283,-0.015814,-0.004722
4191,0,埼玉,2016-11-15,2026-08-11,595,1307,122,270,362,793,1,-0.001538,0.008567,0.001670,0.013470,0.047897,-0.001487
4193,0,福岡,2016-11-05,2026-08-11,278,1439,74,349,172,897,1,0.023658,0.019694,-0.004645,-0.010156,-0.015043,0.006709
4194,0,東京,2016-11-01,2020-12-24,111,399,12,16,34,118,1,0.068008,0.045417,0.010567,-0.010372,-0.156066,-0.062036
4195,0,福岡,2016-11-03,2026-08-09,237,1291,49,199,139,609,1,0.052607,0.037856,0.114771,0.102444,-0.320564,-0.265523
4196,0,佐賀,2016-11-01,2026-08-08,442,1177,60,154,191,498,1,0.004905,0.006709,0.009017,0.005827,-0.128967,-0.118182
4197,0,静岡,2016-11-03,2026-08-09,324,1377,30,98,109,430,1,0.021423,0.018096,0.024147,0.018332,-0.133079,-0.108924
4198,0,徳島,2016-11-15,2022-06-26,39,581,1,39,11,184,1,-0.041485,-0.047018,-0.034644,-0.036939,0.061918,0.073430
4199,0,愛知,2016-11-01,2026-08-11,208,1856,44,407,128,1148,1,-0.007750,0.008080,-0.003150,0.012370,0.024702,-0.040719
4200,0,大阪,2016-11-01,2026-08-02,315,1745,21,136,126,719,1,-0.011270,-0.005997,-0.012034,-0.008184,-0.001810,-0.021002
4201,0,埼玉,2016-11-01,2026-08-03,638,1094,115,127,321,530,1,0.064163,0.067427,0.018674,0.016354,-0.165992,-0.161287
4202,0,岡山,2016-11-03,2026-08-11,362,1747,49,215,183,796,1,0.012291,0.013988,0.049887,0.049397,-0.171786,-0.171965
4203,0,群馬,2016-11-03,2026-08-09,480,969,51,111,168,361,1,-0.008301,-0.024767,-0.022549,-0.037989,0.089448,0.155873
4204,0,福岡,2016-11-01,2026-08-11,194,1194,23,150,84,512,1,-0.007071,-0.004912,0.004179,0.013118,0.055838,0.023781
4205,0,広島,2016-11-09,2026-08-02,365,1615,114,423,262,1075,1,0.050409,0.038606,0.052174,0.041831,-0.258611,-0.213393
4207,0,静岡,2016-11-09,2026-08-02,418,1469,125,421,261,931,1,0.012454,0.015161,-0.009363,-0.009136,-0.028456,-0.030461
4208,0,静岡,2016-11-01,2026-08-11,407,1424,127,400,280,992,1,0.031140,0.034919,-0.008669,-0.002790,-0.042050,-0.065039
4209,0,静岡,2016-11-03,2026-08-11,420,1676,55,258,209,918,1,-0.022986,-0.014248,-0.050114,-0.043079,0.109887,0.078531
4210,0,福井,2016-11-01,2026-08-09,307,1526,39,230,180,913,1,-0.023685,-0.016944,-0.011977,-0.005205,0.063473,0.034517
4211,0,東京,2016-11-01,2026-08-11,334,1226,38,130,142,511,1,0.007737,0.009380,0.008347,0.010582,-0.048886,-0.056570
4212,0,福岡,2016-11-01,2021-01-02,74,548,6,51,30,189,1,-0.011985,0.005944,0.060515,0.060324,-0.435638,-0.446182
4213,0,長崎,2016-11-05,2026-08-10,580,1103,37,92,218,449,1,-0.019616,-0.015789,-0.031210,-0.032164,0.090379,0.090176
4214,0,岡山,2016-11-01,2026-08-11,435,1421,102,275,249,803,1,0.040957,0.039227,0.007319,0.003748,-0.034061,-0.019260
4215,0,愛知,2016-11-03,2026-08-11,312,1582,44,303,151,854,1,-0.050504,-0.044278,-0.055849,-0.051809,0.218257,0.198156
4216,0,静岡,2016-11-05,2026-08-11,404,1751,79,391,237,1066,1,-0.027756,-0.034185,-0.022161,-0.024032,0.056576,0.067792
4218,0,滋賀,2016-11-07,2026-08-08,385,1931,82,433,234,1270,1,-0.011249,-0.003571,-0.049898,-0.045613,0.175944,0.155517
4219,0,広島,2016-11-01,2026-08-09,338,1540,21,90,143,529,1,0.003689,0.008382,0.079570,0.079125,-0.189280,-0.190190
4220,0,香川,2016-11-01,2026-08-10,138,1421,17,286,61,786,1,-0.078078,-0.077488,-0.111103,-0.110806,0.467547,0.463279
4221,0,香川,2016-11-03,2020-09-13,70,449,4,26,23,148,1,-0.000764,0.000040,-0.001050,-0.013279,0.080274,0.122370
4222,0,佐賀,2016-11-07,2024-07-09,408,892,73,165,212,475,1,-0.006056,-0.008279,-0.012903,-0.014376,-0.073694,-0.066638
4224,0,福岡,2016-11-06,2026-08-11,229,1326,33,221,98,593,1,-0.022562,-0.016592,-0.019262,-0.017875,0.077480,0.067581
4225,0,群馬,2017-03-18,2026-08-11,349,1067,59,203,209,628,1,-0.021199,-0.018924,0.010288,0.011310,0.025476,0.021313
4226,0,山口,2016-12-07,2026-08-09,243,1165,21,81,90,387,1,0.016892,0.019999,0.038182,0.037278,-0.199951,-0.197287
4227,0,三重,2016-12-29,2026-07-28,331,1554,85,450,197,1016,1,-0.032778,-0.018597,-0.058630,-0.044957,0.144613,0.085940
4228,0,愛知,2016-11-07,2026-08-05,245,1587,35,276,116,768,1,-0.031056,-0.023205,-0.010463,-0.003877,0.005393,-0.024427
4229,0,静岡,2016-11-10,2026-08-04,320,1102,27,98,124,459,1,-0.004554,0.002298,-0.029015,-0.021741,0.071807,0.039747
4230,0,埼玉,2016-11-25,2026-08-08,577,1557,184,466,376,1015,1,0.019597,0.021052,-0.000248,0.003027,-0.037568,-0.050680
4231,0,愛知,2016-11-08,2026-08-09,327,1539,52,224,164,724,1,0.013472,0.012717,0.031094,0.026744,-0.068697,-0.055427
4232,0,福岡,2016-11-03,2026-08-11,120,1077,14,100,44,365,1,0.023816,0.034885,0.027762,0.045881,-0.040947,-0.112043
4233,0,群馬,2016-11-01,2026-08-09,553,1513,103,264,325,903,1,0.011769,0.018240,-0.009124,-0.005438,-0.001238,-0.018262
4234,0,福岡,2016-11-01,2026-08-09,171,1279,17,130,77,551,1,-0.002227,0.006032,0.019487,0.024845,-0.035732,-0.060403
4235,0,群馬,2016-11-23,2017-10-01,44,146,9,32,32,94,1,-0.014633,0.008957,0.083437,0.113777,-0.091220,-0.214616
4236,0,福岡,2016-11-03,2026-08-08,295,1432,106,453,214,1008,1,0.042981,0.031467,0.021513,0.011766,-0.104507,-0.060423
4237,0,山口,2016-11-03,2026-08-11,236,1559,67,435,171,1037,1,0.004873,0.001808,0.059406,0.055317,-0.149547,-0.129618
4238,0,群馬,2016-11-09,2026-08-11,363,1533,141,476,252,1018,1,0.077927,0.081631,0.030157,0.027738,-0.168157,-0.162422
4239,0,山口,2016-11-03,2026-08-09,141,1427,37,392,78,893,1,-0.012291,-0.001371,-0.072597,-0.055341,0.314268,0.247071
4240,0,群馬,2016-11-15,2026-08-11,445,1273,91,211,246,646,1,0.038744,0.031384,0.045346,0.038734,-0.184324,-0.155726
4241,0,長崎,2016-11-01,2026-08-10,511,1068,71,130,261,502,1,0.017220,0.017411,0.040726,0.033845,-0.149659,-0.124743
4243,0,大阪,2016-11-06,2026-08-11,264,1107,37,189,128,559,1,-0.030580,-0.026701,-0.020120,-0.014790,0.136938,0.114347
4244,0,静岡,2016-11-06,2026-07-30,272,1311,41,165,114,556,1,0.024877,0.016050,-0.004986,-0.009721,0.038206,0.064091
4245,0,東京,2016-11-01,2026-08-10,183,1248,14,90,78,526,1,0.004387,-0.001941,0.004755,-0.000107,-0.056720,-0.033559
4246,0,静岡,2017-09-19,2026-08-02,221,1195,12,66,83,441,1,-0.000931,0.002176,0.006528,0.004703,-0.009701,-0.006489
4247,0,徳島,2016-11-16,2026-08-10,136,1482,26,189,74,697,1,0.063646,0.066361,0.073807,0.072466,-0.255001,-0.252562
4248,0,長崎,2016-11-09,2026-08-10,493,1071,37,101,177,446,1,-0.019254,-0.011090,-0.057407,-0.049530,0.156219,0.122297
4249,0,東京,2016-11-01,2019-03-06,56,240,6,24,25,90,1,0.007143,0.015010,0.071429,0.073806,-0.210119,-0.223002
4249,1,香川,2019-03-14,2020-06-17,30,160,0,16,13,52,1,-0.100000,-0.105925,0.108333,0.099409,-0.262500,-0.228784
4250,0,福岡,2016-11-01,2023-03-30,117,785,7,53,33,275,1,-0.007687,0.009189,-0.068267,-0.044514,0.235614,0.139934
4251,0,山口,2016-11-01,2026-08-11,212,1323,17,143,79,513,1,-0.027899,-0.024503,-0.015114,-0.014913,0.125052,0.121894
4252,0,福岡,2016-11-25,2026-08-11,319,1411,35,166,132,581,1,-0.007929,-0.012857,0.002028,0.004330,0.115436,0.114726
4253,0,滋賀,2016-11-01,2026-08-05,313,1483,28,137,108,580,1,-0.002923,-0.001497,-0.046051,-0.046886,0.121408,0.124569
4254,0,滋賀,2016-11-01,2026-08-05,260,1595,50,306,160,873,1,0.000458,-0.000616,0.068049,0.059785,-0.117458,-0.089998
4256,0,福岡,2016-11-03,2026-08-11,260,1517,76,413,188,1046,1,0.020060,0.010384,0.033558,0.023639,-0.114216,-0.071840
4257,0,広島,2016-11-01,2026-08-01,321,1418,56,234,170,684,1,0.009434,0.017108,0.047225,0.057620,-0.125101,-0.165879
4258,0,埼玉,2016-11-03,2026-08-10,568,1216,74,136,284,566,1,0.018440,0.015375,0.034539,0.029389,-0.075820,-0.055675
4259,0,長崎,2016-11-05,2026-08-10,624,1419,130,299,363,798,1,-0.002378,-0.013254,0.019363,0.005839,-0.064868,-0.009318
4260,0,香川,2016-11-27,2026-08-11,127,1860,22,387,67,1071,1,-0.034836,-0.031183,-0.048247,-0.045480,0.243756,0.231719
4261,0,三重,2016-11-01,2026-08-11,307,1568,77,398,191,945,1,-0.003012,-0.005342,0.019471,0.020409,-0.065072,-0.067772
4262,0,滋賀,2016-11-03,2026-08-11,453,1732,135,527,295,1124,1,-0.006259,-0.007109,0.002253,0.003867,0.022454,0.016956
4263,0,山口,2017-01-12,2026-08-08,217,1311,39,272,129,715,1,-0.027752,-0.029699,0.049085,0.048391,-0.027913,-0.022452
4264,0,山口,2016-11-03,2026-08-11,272,1571,55,333,167,997,1,-0.009761,-0.001991,-0.020657,-0.019257,0.075689,0.064113
4265,0,東京,2016-11-06,2019-11-03,33,322,0,14,8,84,1,-0.043478,-0.070158,-0.018445,-0.060134,0.108319,0.271799
4266,0,東京,2016-11-03,2026-08-10,276,1620,79,411,190,988,1,0.032528,0.023317,0.078529,0.067726,-0.202201,-0.158287
4268,0,福岡,2016-11-01,2026-05-20,203,1142,14,74,69,376,1,0.004167,0.015039,0.010655,0.023184,-0.061287,-0.112916
4269,0,愛知,2016-11-01,2026-08-11,212,1837,48,506,127,1259,1,-0.049034,-0.031901,-0.086300,-0.068450,0.462665,0.385519
4270,0,三重,2016-11-03,2026-08-11,342,1062,33,88,120,406,1,0.013629,0.013892,-0.031420,-0.027302,0.010011,-0.004505
4271,0,広島,2016-11-01,2026-08-01,457,1417,54,151,212,601,1,0.011599,0.012223,0.039759,0.036637,-0.083481,-0.074080
4272,0,福岡,2016-11-05,2026-08-11,290,1368,30,163,146,691,1,-0.015704,-0.014029,-0.001669,0.002004,0.043779,0.031261
4273,0,静岡,2016-11-01,2026-08-02,409,1274,50,160,183,614,1,-0.003339,0.000627,-0.034514,-0.024654,0.049191,0.011545
4274,0,東京,2016-11-12,2026-08-09,314,1158,44,142,138,489,1,0.017502,0.012873,0.017211,0.017159,-0.096592,-0.092390
4275,0,広島,2016-11-27,2026-08-05,202,1152,8,63,63,383,1,-0.015084,-0.007496,-0.020584,-0.007904,0.179773,0.127849
4276,0,愛知,2016-11-01,2026-08-11,182,1561,55,468,117,1025,1,0.002390,0.005167,-0.013773,-0.014338,0.016311,0.015554
4277,0,岡山,2016-11-03,2026-08-11,299,1208,58,184,136,518,1,0.041662,0.042017,0.026042,0.027130,-0.091104,-0.095196
4278,0,兵庫,2016-11-01,2026-08-11,385,1771,84,514,223,1235,1,-0.072050,-0.054794,-0.118125,-0.101598,0.349859,0.276790
4280,0,岡山,2016-11-01,2017-06-30,27,49,3,3,10,11,1,0.049887,0.050408,0.145881,0.138036,-0.760393,-0.736794
4281,0,埼玉,2016-11-01,2026-08-11,442,1356,83,215,239,673,1,0.029228,0.033084,0.044411,0.050017,-0.085936,-0.110454
4282,0,埼玉,2016-11-01,2023-09-29,130,421,9,38,34,130,1,-0.021031,-0.028740,-0.047250,-0.051179,0.175699,0.196671
4283,0,東京,2016-11-09,2026-08-11,154,836,8,30,48,281,1,0.016063,0.016846,-0.024436,-0.025235,0.043404,0.045823
4284,0,埼玉,2016-11-03,2020-05-12,169,341,20,18,61,101,1,0.065557,0.037109,0.064759,0.048676,-0.240105,-0.161177
4285,0,愛知,2016-11-01,2023-10-21,203,873,17,67,65,320,1,0.006997,-0.002337,-0.046355,-0.051165,0.135290,0.159864
4286,0,東京,2016-11-06,2026-08-08,340,1786,59,310,188,968,1,-0.000043,0.000456,0.010948,0.005948,-0.035973,-0.018777
4287,0,福岡,2016-11-01,2026-08-10,307,1716,94,458,218,1113,1,0.039289,0.023946,0.061496,0.044374,-0.210139,-0.137365
4288,0,福岡,2016-11-08,2026-08-11,328,1542,111,477,236,1088,1,0.029076,0.019791,0.013935,0.002312,-0.058200,-0.010004
4289,0,大阪,2016-11-01,2026-08-11,326,1717,76,402,185,1049,1,-0.001000,0.001805,-0.043465,-0.038411,0.180946,0.161760
4290,0,兵庫,2016-11-01,2026-08-11,428,1701,126,492,296,1123,1,0.005151,0.007986,0.031389,0.031519,-0.144150,-0.147309
4291,0,福岡,2016-11-07,2017-12-21,51,47,0,3,12,14,1,-0.063830,-0.041055,-0.062578,-0.045875,0.314977,0.241482
4292,0,広島,2016-11-01,2026-08-09,387,1720,88,410,230,1085,1,-0.010982,-0.010494,-0.036499,-0.037781,0.136951,0.141299
4293,0,愛知,2016-11-03,2026-08-11,329,1408,50,197,167,675,1,0.012061,0.016932,0.028195,0.032314,-0.161712,-0.179777
4294,0,佐賀,2016-11-01,2026-08-11,414,1296,93,345,246,838,1,-0.041566,-0.038925,-0.052402,-0.051745,0.181461,0.177098
4295,0,兵庫,2016-11-26,2026-08-11,492,1780,110,501,339,1243,1,-0.057883,-0.048150,-0.009290,0.000787,0.137599,0.095288
4296,0,福岡,2016-11-03,2026-08-08,242,1472,83,398,179,962,1,0.072595,0.043517,0.086137,0.051467,-0.370761,-0.227402
4297,0,東京,2016-11-09,2026-08-11,235,1431,80,466,142,910,1,0.014779,0.024786,-0.031664,-0.025294,0.091607,0.060866
4298,0,愛知,2016-11-03,2026-08-11,216,1547,32,255,128,914,1,-0.016687,-0.025611,0.001772,-0.006618,-0.019919,0.017780
4299,0,長崎,2016-11-12,2026-08-09,484,957,36,93,188,385,1,-0.022799,-0.014985,-0.013869,-0.005012,0.029638,-0.008612
4300,0,三重,2016-11-01,2026-08-05,203,1355,16,171,84,606,1,-0.047382,-0.054790,-0.033439,-0.048342,0.120833,0.179541
4301,0,福岡,2016-11-08,2026-08-06,260,1169,49,246,135,600,1,-0.021975,-0.019492,0.005972,0.002919,0.018477,0.029203
4302,0,広島,2016-11-07,2026-08-04,519,1789,133,428,328,1134,1,0.017022,0.014755,-0.001889,-0.005876,-0.007589,0.008121
4303,0,愛知,2016-11-01,2026-08-03,276,1467,37,197,146,715,1,-0.000230,-0.000695,0.041596,0.039269,-0.020072,-0.011432
4304,0,福岡,2016-11-01,2025-03-29,173,893,49,185,107,540,1,0.076070,0.068034,0.013794,0.012297,-0.149299,-0.135484
4305,0,群馬,2016-12-16,2026-08-09,376,1390,118,383,250,955,1,0.038290,0.044331,-0.022157,-0.014155,0.016424,-0.014361
4306,0,愛知,2016-11-08,2026-08-11,281,1358,42,195,154,699,1,0.005873,-0.000611,0.033315,0.028392,-0.084856,-0.063276
4307,0,愛知,2016-11-12,2020-12-11,72,396,5,21,19,108,1,0.016414,0.017988,-0.008838,0.001302,0.131313,0.093454
4308,0,愛知,2016-11-12,2026-08-11,297,1486,66,400,202,1022,1,-0.046957,-0.034642,-0.007618,0.001445,0.098162,0.058468
4309,0,香川,2016-11-03,2020-09-29,43,419,5,33,17,137,1,0.037520,0.017345,0.068380,0.048013,-0.160460,-0.070678
4310,0,愛知,2016-11-07,2021-09-05,132,600,9,42,35,179,1,-0.001818,-0.012719,-0.033182,-0.044007,0.087576,0.133564
4311,0,大阪,2016-11-09,2026-08-09,398,1678,123,459,278,1129,1,0.035505,0.033774,0.025668,0.022897,-0.122660,-0.113713
4313,0,香川,2016-11-06,2026-08-11,183,1476,37,327,99,847,1,-0.019359,0.000078,-0.032865,-0.014891,0.170954,0.093228
4314,0,福岡,2016-11-07,2026-08-08,181,1351,37,273,105,701,1,0.002347,-0.010134,0.061236,0.047064,-0.161526,-0.102756
4315,0,長崎,2016-11-03,2026-08-11,493,1226,70,153,210,514,1,0.017192,0.020747,0.006714,0.013387,-0.034448,-0.060325
4316,0,広島,2016-12-01,2023-12-27,190,917,42,146,79,423,1,0.061838,0.058836,-0.045497,-0.052882,-0.056913,-0.030372
4317,0,静岡,2016-12-09,2026-08-11,227,906,23,83,90,343,1,0.009710,0.012998,0.017889,0.022949,-0.094650,-0.114996
4318,0,東京,2016-11-03,2026-07-27,362,1188,64,183,226,621,1,0.022755,0.028479,0.101582,0.105761,-0.246238,-0.265748
4319,0,大阪,2016-11-09,2026-08-11,403,1892,84,383,248,1094,1,0.006005,0.011589,0.037161,0.042537,-0.165578,-0.188438
4320,0,佐賀,2016-11-07,2026-08-11,534,1338,224,475,436,1035,1,0.064468,0.050094,0.042937,0.025931,-0.182908,-0.112821
4321,0,静岡,2016-11-12,2021-11-14,103,464,14,60,36,179,1,0.006612,0.012752,-0.036261,-0.030305,0.113199,0.082588
4322,0,群馬,2016-11-01,2020-12-27,152,416,14,26,46,121,1,0.029605,0.008379,0.011766,-0.008793,-0.053264,0.035205
4323,0,岡山,2016-11-01,2026-08-11,347,1200,58,179,167,541,1,0.017980,0.014336,0.030435,0.025092,-0.134325,-0.110239
4324,0,山口,2016-11-03,2026-08-02,267,1889,80,520,192,1226,1,0.024348,0.015606,0.070080,0.060280,-0.206746,-0.164968
4325,0,大阪,2016-11-07,2026-07-29,264,1640,34,217,115,747,1,-0.003529,-0.007447,-0.019882,-0.020035,0.034996,0.037427
4327,0,静岡,2016-11-12,2026-08-11,378,1450,29,125,135,557,1,-0.009487,-0.004172,-0.026995,-0.024164,0.124419,0.110423
4329,0,福岡,2016-11-23,2026-08-08,229,1263,19,124,90,618,1,-0.015210,-0.006673,-0.096298,-0.089003,0.334339,0.301990
4330,0,福岡,2016-11-03,2026-08-04,296,1367,87,376,188,913,1,0.018864,0.016749,-0.032751,-0.037528,-0.000121,0.018675
4331,0,香川,2016-11-07,2026-08-11,85,1686,13,321,43,889,1,-0.037450,-0.024787,-0.021401,-0.005730,0.172054,0.110263
4332,0,福岡,2016-11-07,2026-07-20,117,1066,6,87,49,421,1,-0.030331,-0.016746,0.023869,0.024525,0.018032,0.004765
4333,0,徳島,2016-11-03,2024-09-29,55,857,7,72,17,237,1,0.043259,0.041806,0.032545,0.034635,-0.329352,-0.335261
4334,0,兵庫,2016-11-01,2017-05-13,25,32,1,0,9,3,1,0.040000,0.053160,0.266250,0.270909,-0.930000,-0.959874
4335,0,東京,2016-11-09,2026-08-09,303,1290,97,355,211,873,1,0.044938,0.052911,0.019625,0.031029,-0.111582,-0.158862
4336,0,福岡,2016-11-03,2026-07-28,280,1473,53,286,171,817,1,-0.004876,-0.007719,0.056064,0.050238,-0.109720,-0.088436
4337,0,愛知,2016-11-03,2026-08-11,161,1610,44,402,106,993,1,0.023602,0.016659,0.041615,0.032364,-0.186957,-0.148830
4338,0,滋賀,2016-11-06,2021-12-25,76,290,5,16,21,80,1,0.010617,0.014088,0.000454,-0.000858,0.006715,0.010846
4339,0,福井,2016-11-03,2026-08-10,180,1033,14,61,60,338,1,0.018726,0.010838,0.006131,-0.004314,-0.139443,-0.096526
4340,0,三重,2016-11-05,2026-08-05,364,1095,48,130,166,488,1,0.013147,0.017314,0.010382,0.018716,-0.117111,-0.149055
4342,0,静岡,2016-11-01,2026-08-11,394,1703,99,449,252,1154,1,-0.012383,-0.006072,-0.038034,-0.027483,0.131004,0.088807
4343,0,広島,2016-11-03,2026-08-10,470,1339,33,94,179,487,1,0.000011,0.001208,0.017147,0.021267,0.008457,-0.006994
4344,0,三重,2016-11-09,2026-08-02,340,1617,102,434,251,1077,1,0.031602,0.022244,0.072187,0.059494,-0.236087,-0.186177
4345,0,東京,2016-11-09,2026-08-10,283,949,33,131,117,424,1,-0.021432,-0.024979,-0.033359,-0.033521,0.169202,0.173390
4346,0,福岡,2016-11-01,2026-08-08,252,1166,37,164,115,505,1,0.006174,0.015376,0.023245,0.035441,-0.010053,-0.057463
4347,0,福岡,2016-11-06,2026-08-11,141,815,36,162,87,529,1,0.056546,0.048053,-0.032058,-0.037281,0.031780,0.057511
4348,0,香川,2016-11-09,2026-08-09,160,1979,31,361,100,1212,1,0.011335,0.019899,0.012569,0.028274,0.012396,-0.048486
4349,0,福岡,2016-11-06,2026-07-19,278,1244,34,143,131,629,1,0.007350,0.008866,-0.034404,-0.032739,0.030003,0.024091
4350,0,福岡,2016-12-01,2026-08-09,242,1405,85,354,170,878,1,0.099282,0.070902,0.077568,0.054032,-0.321782,-0.216710
4351,0,福岡,2016-12-27,2026-07-29,271,1607,65,419,181,1073,1,-0.020882,-0.015084,0.000193,0.006394,-0.054533,-0.081928
4352,0,長崎,2016-11-03,2026-08-10,521,1268,135,312,344,843,1,0.013060,0.014080,-0.004558,-0.007365,0.018175,0.026676
4353,0,福井,2016-11-03,2021-04-08,107,558,11,71,37,226,1,-0.024436,-0.023993,-0.059224,-0.061365,0.225438,0.235190
4354,0,東京,2016-11-06,2020-04-13,26,361,1,21,8,134,1,-0.019710,-0.042126,-0.063499,-0.067033,-0.002770,0.024984
4355,0,福岡,2016-11-03,2026-04-29,255,1191,10,74,77,393,1,-0.022917,-0.013520,-0.028014,-0.018589,0.100943,0.061712
4356,0,兵庫,2016-11-12,2026-08-11,368,1685,73,424,241,1111,1,-0.053262,-0.039735,-0.004456,0.012973,0.081681,0.007489
4357,0,大阪,2016-11-05,2026-08-11,331,1963,95,547,235,1373,1,0.008354,0.000154,0.010530,0.000234,-0.053693,-0.011355
4358,0,三重,2016-11-03,2026-08-08,401,1294,50,160,162,502,1,0.001041,-0.012803,0.016046,-0.002533,-0.046038,0.028752
4359,0,徳島,2016-11-09,2026-07-12,148,1651,21,268,64,876,1,-0.020434,-0.016735,-0.098155,-0.095126,0.372236,0.358562
4360,0,静岡,2016-11-23,2026-08-11,353,1328,49,174,170,614,1,0.007786,0.002162,0.019237,0.016073,-0.063590,-0.047287
4361,0,山口,2016-11-19,2026-08-11,246,1455,61,416,143,968,1,-0.037943,-0.033865,-0.083991,-0.079053,0.328061,0.307154
4362,0,群馬,2016-11-03,2026-08-11,434,1612,119,389,291,1051,1,0.032878,0.043819,0.018522,0.024813,-0.132045,-0.162310
4363,0,福岡,2016-11-01,2026-08-11,260,1490,52,287,153,832,1,0.007383,-0.002348,0.030072,0.012639,-0.067011,0.002388
4364,0,福岡,2016-11-03,2026-08-11,225,1529,85,500,161,1027,1,0.050767,0.035395,0.043875,0.018552,-0.127421,-0.028101
4365,0,兵庫,2016-11-12,2026-08-11,318,1529,47,241,143,734,1,-0.009821,-0.008671,-0.030367,-0.027621,0.018343,0.007932
4366,0,東京,2016-11-15,2026-08-10,345,1582,98,442,242,1099,1,0.004665,0.005424,0.006759,0.010762,0.044165,0.029431
4367,0,福岡,2016-11-03,2026-08-10,229,1278,25,125,104,629,1,0.011361,0.007556,-0.038027,-0.034139,0.021445,0.006364
4368,0,福岡,2016-11-01,2026-08-08,207,1312,23,151,97,532,1,-0.003980,-0.007601,0.063111,0.060950,-0.089151,-0.077561
4369,0,愛知,2016-11-03,2026-08-08,250,1670,62,384,154,1001,1,0.018060,0.023749,0.016599,0.024103,-0.104790,-0.134237
4370,0,岡山,2016-11-09,2026-08-11,299,1593,85,524,188,1077,1,-0.044658,-0.053649,-0.047320,-0.050644,0.137919,0.158652
4371,0,福岡,2016-11-03,2026-08-02,269,1437,92,351,187,905,1,0.097749,0.074929,0.065383,0.041050,-0.317121,-0.212964
4372,0,大阪,2016-11-06,2026-07-29,294,1385,62,272,167,821,1,0.014494,0.008937,-0.024753,-0.030425,-0.059918,-0.034205
4373,0,岡山,2016-11-01,2026-08-11,321,1429,40,216,171,859,1,-0.026544,-0.018315,-0.068409,-0.060518,0.195364,0.160911
4374,0,広島,2016-11-01,2026-08-10,285,1420,28,158,110,560,1,-0.013022,-0.003044,-0.008401,-0.003285,0.060897,0.034067
4375,0,兵庫,2016-11-03,2026-08-11,334,1572,65,293,188,893,1,0.008224,0.001639,-0.005192,-0.008392,0.037543,0.053922
4376,0,静岡,2016-11-03,2026-08-08,465,1940,82,395,261,1159,1,-0.027264,-0.018533,-0.036132,-0.027097,0.127031,0.088056
4377,0,大阪,2016-11-01,2026-08-03,255,1942,57,470,168,1263,1,-0.018489,-0.017074,0.008463,0.009523,0.008794,0.005344
4378,0,広島,2016-11-03,2017-08-21,40,178,9,30,23,109,1,0.056461,0.039252,-0.037360,-0.053057,-0.012360,0.065277
4379,0,東京,2016-11-03,2026-08-10,201,1521,37,271,118,933,1,0.005907,0.015473,-0.026348,-0.026052,0.079347,0.070206
4380,0,静岡,2016-11-07,2026-08-11,332,1339,29,156,122,570,1,-0.029155,-0.026729,-0.058221,-0.055979,0.243040,0.232878
4381,0,兵庫,2016-11-01,2026-08-11,294,1449,44,245,154,783,1,-0.019422,-0.016175,-0.016563,-0.012880,0.057429,0.041203
4382,0,滋賀,2016-11-22,2026-08-03,230,1401,21,157,108,665,1,-0.020758,-0.020990,-0.005096,-0.004680,-0.006840,-0.007067
4383,0,徳島,2016-11-12,2026-08-10,114,1537,14,200,64,753,1,-0.007317,-0.009011,0.071488,0.064403,-0.219287,-0.193102
4384,0,大阪,2016-11-01,2026-08-05,397,1907,82,474,240,1281,1,-0.042009,-0.027531,-0.067202,-0.053604,0.196194,0.135806
4385,0,三重,2016-11-15,2026-07-12,162,712,12,58,49,249,1,-0.007387,0.002924,-0.047250,-0.040838,0.314520,0.280661
4387,0,香川,2016-11-06,2026-08-11,40,1489,6,444,18,1029,1,-0.148187,-0.139335,-0.241068,-0.225675,0.820131,0.754556
4388,0,滋賀,2016-11-09,2026-08-08,405,1673,91,401,236,1017,1,-0.014998,-0.006817,-0.025174,-0.016996,0.112810,0.074771
4389,0,大阪,2016-11-01,2026-08-05,358,1447,32,158,185,750,1,-0.019806,-0.019022,-0.001554,-0.001687,-0.003540,-0.002849
4390,0,徳島,2016-11-03,2026-08-06,147,1327,13,114,62,512,1,0.002527,-0.008566,0.035936,0.024343,-0.081899,-0.029761
4391,0,福井,2016-11-01,2026-08-10,246,1684,51,454,160,1106,1,-0.062279,-0.052594,-0.006363,0.006104,0.084506,0.033486
4393,0,福岡,2016-11-03,2026-08-05,238,1146,21,103,105,488,1,-0.001643,0.002509,0.015348,0.014177,0.000565,0.001561
4394,0,福岡,2016-11-01,2026-08-11,186,1269,18,181,76,645,1,-0.045858,-0.028708,-0.099672,-0.072970,0.376001,0.268807
4395,0,福岡,2016-11-08,2026-07-28,229,1185,31,161,107,558,1,-0.000494,0.005422,-0.003637,0.002092,-0.082439,-0.106508
4396,0,山口,2016-11-09,2026-08-08,177,1474,14,178,79,729,1,-0.041664,-0.031088,-0.048245,-0.034677,0.153075,0.098077
4397,0,大阪,2016-11-08,2026-08-08,376,1851,113,575,269,1344,1,-0.010111,-0.007019,-0.010668,-0.003278,0.045892,0.018583
4398,0,広島,2016-11-03,2026-08-10,383,1773,86,462,236,1141,1,-0.036032,-0.035892,-0.027354,-0.027072,0.085205,0.085042
4399,0,群馬,2016-11-06,2025-04-06,301,1363,51,361,184,903,1,-0.095422,-0.072586,-0.051213,-0.030682,0.292858,0.202928
4400,0,福井,2016-11-06,2026-08-02,278,1130,20,48,107,385,1,0.029465,0.020273,0.044184,0.043526,-0.098517,-0.092354
4401,0,東京,2016-11-08,2026-08-10,264,1305,57,308,142,774,1,-0.020106,-0.008084,-0.055225,-0.050737,0.132715,0.106467
4402,0,福岡,2016-11-07,2026-08-11,277,1240,64,292,171,762,1,-0.004437,-0.013255,0.002812,-0.004565,0.044940,0.078921
4403,0,福岡,2016-11-09,2026-08-11,246,1222,41,237,141,693,1,-0.027278,-0.028792,0.006068,0.005473,-0.060250,-0.057493
4404,0,兵庫,2016-11-09,2026-07-27,288,1304,41,164,125,563,1,0.016594,0.012361,0.002279,-0.000924,0.006689,0.021852
4405,0,福井,2016-11-08,2026-08-09,208,1370,23,149,88,598,1,0.001818,0.001383,-0.013419,-0.011998,0.011967,0.008243
4406,0,福岡,2016-11-09,2026-08-11,256,1260,27,127,113,474,1,0.004675,0.007791,0.065216,0.066751,-0.152579,-0.159215
4407,0,群馬,2016-11-01,2026-08-11,814,1165,84,123,390,557,1,-0.002385,-0.016609,0.001004,-0.011489,0.006927,0.061624
4408,0,長崎,2016-11-06,2026-08-05,121,393,9,38,33,132,1,-0.022312,-0.011354,-0.063151,-0.050108,0.359746,0.306617
4409,0,愛知,2016-11-03,2026-08-11,260,1816,74,492,164,1182,1,0.013690,0.011478,-0.020112,-0.021503,0.097450,0.105292
4410,0,岡山,2016-11-01,2026-08-11,365,1746,71,298,193,924,1,0.023845,0.019732,-0.000442,-0.004541,-0.057630,-0.038816
4411,0,大阪,2016-11-07,2026-08-09,338,1840,49,297,186,962,1,-0.016443,-0.016181,0.027470,0.027265,-0.037121,-0.038872
4413,0,福岡,2016-11-07,2026-08-11,252,1527,62,399,155,981,1,-0.015265,-0.015991,-0.027357,-0.030852,0.059477,0.071179
4414,0,東京,2016-11-06,2026-08-11,136,670,20,53,52,221,1,0.067954,0.063402,0.052502,0.055142,-0.149868,-0.153772
4415,0,福井,2016-12-29,2026-08-09,339,1685,94,473,204,989,1,-0.003426,-0.005155,0.014826,0.009677,-0.095341,-0.075658
4416,0,広島,2016-11-03,2026-08-09,305,1304,39,142,148,624,1,0.018973,0.022433,0.006718,0.011906,-0.072591,-0.092888
4417,0,静岡,2016-11-03,2026-08-03,343,1203,36,120,157,547,1,0.005206,0.003719,0.003029,0.000102,0.023934,0.035269
4418,0,岡山,2016-11-03,2026-08-11,331,1643,97,433,227,1148,1,0.029509,0.011689,-0.012921,-0.027815,-0.090007,-0.022512
4419,0,埼玉,2016-11-21,2026-07-30,341,1156,46,126,174,560,1,0.025901,0.013051,0.025835,0.022235,-0.115212,-0.091750
4420,0,群馬,2016-11-25,2026-08-11,589,1209,109,155,338,598,1,0.056854,0.054174,0.079230,0.069777,-0.247399,-0.212672
4421,0,東京,2016-11-01,2026-08-11,179,869,3,42,61,297,1,-0.031572,-0.039675,-0.000990,-0.014582,0.016072,0.068489
4422,0,大阪,2016-11-03,2026-07-29,314,1546,26,194,127,622,1,-0.042683,-0.042949,0.002130,0.002942,0.056064,0.053498
4423,0,岡山,2016-11-03,2026-08-01,330,1598,49,220,143,733,1,0.010813,0.015728,-0.025365,-0.020600,0.017503,-0.002839
4424,0,福岡,2016-11-03,2026-08-02,276,1708,75,425,163,1065,1,0.022910,0.008498,-0.032957,-0.047328,0.044615,0.108208
4425,0,山口,2016-11-03,2026-08-11,232,1163,24,126,93,509,1,-0.004892,-0.003020,-0.036799,-0.035948,-0.037618,-0.040535
4427,0,大阪,2016-11-03,2026-08-03,385,1762,124,577,256,1210,1,-0.005391,-0.003001,-0.021785,-0.017037,0.107779,0.090076
4428,0,埼玉,2016-11-09,2026-08-05,509,1557,119,366,312,954,1,-0.001276,0.002181,0.000250,0.003258,-0.029920,-0.043813
4429,0,広島,2016-11-01,2026-08-10,224,1070,16,64,58,325,1,0.011615,0.021629,-0.044810,-0.030965,0.066814,0.010496
4430,0,東京,2016-11-03,2026-08-10,268,1460,80,374,183,949,1,0.042343,0.054049,0.032836,0.040359,-0.138172,-0.172593
4431,0,三重,2016-11-05,2026-08-04,330,1298,50,179,170,614,1,0.013611,0.009003,0.042116,0.031581,-0.096662,-0.057232
4432,0,埼玉,2016-11-09,2026-07-28,602,1259,79,137,313,617,1,0.022413,0.014908,0.029862,0.019199,-0.132268,-0.089732
4433,0,福岡,2016-11-01,2026-08-11,300,1519,79,369,190,989,1,0.020410,0.018921,-0.017753,-0.017439,0.051925,0.053405
4434,0,広島,2016-11-01,2026-07-28,485,1526,92,301,299,908,1,-0.007557,-0.012950,0.021475,0.018868,-0.057666,-0.043312
4435,0,愛知,2016-11-05,2026-08-11,180,1491,29,277,94,808,1,-0.024670,-0.033738,-0.019696,-0.023812,0.121462,0.142365
4436,0,大阪,2016-11-03,2026-08-08,349,1690,68,348,203,1017,1,-0.011075,-0.019845,-0.020113,-0.031467,0.040218,0.085431
4437,0,香川,2016-11-09,2026-08-08,149,1779,36,451,100,1135,1,-0.011902,0.009052,0.033142,0.053465,0.045890,-0.041391
4438,0,東京,2016-11-07,2026-08-10,171,1163,28,177,84,533,1,0.011550,0.003272,0.032931,0.023823,-0.121661,-0.083734
4439,0,埼玉,2016-11-07,2026-07-15,447,1082,42,83,164,366,1,0.017250,0.005897,0.028628,0.016873,-0.020920,0.029282
4440,0,東京,2016-11-10,2026-08-10,210,1107,18,95,72,395,1,-0.000103,-0.002205,-0.013963,-0.019628,0.056330,0.078936
4441,0,岡山,2016-11-03,2026-08-11,405,1812,91,389,243,1110,1,0.010011,0.013586,-0.012583,-0.009428,-0.021343,-0.035916
4442,0,愛知,2016-11-03,2026-08-11,284,1542,65,310,152,809,1,0.027836,0.009084,0.010568,-0.011718,-0.099450,-0.007391
4443,0,山口,2016-11-06,2026-08-08,172,1805,25,291,100,1033,1,-0.015870,-0.012968,0.009096,0.012304,-0.070470,-0.082109
4444,0,埼玉,2016-11-09,2026-08-05,329,1552,90,423,232,1082,1,0.001005,-0.004732,0.008002,-0.002480,-0.018486,0.023901
4445,0,佐賀,2016-11-03,2026-08-11,628,1394,216,353,411,881,1,0.090721,0.077048,0.022464,0.007996,-0.209040,-0.147314
4446,0,兵庫,2016-11-03,2026-08-11,414,1741,84,451,268,1120,1,-0.056148,-0.040713,0.004035,0.017902,0.084891,0.024154
4447,0,福岡,2016-11-01,2026-08-11,209,1322,23,256,123,775,1,-0.083598,-0.071767,0.002284,0.012320,0.187388,0.142996
4448,0,滋賀,2016-11-09,2026-08-05,356,1547,107,412,246,1076,1,0.034240,0.030730,-0.004529,-0.010688,-0.022016,0.001934
4449,0,兵庫,2016-11-09,2026-08-11,292,1324,19,102,103,445,1,-0.011971,-0.013648,0.016637,0.013375,-0.077432,-0.064725
4450,0,香川,2016-11-03,2026-08-02,149,1904,41,544,95,1275,1,-0.010547,-0.010134,-0.032059,-0.043396,0.105158,0.144164
4451,0,福岡,2016-11-01,2026-08-08,344,1480,82,376,229,1001,1,-0.015682,-0.023914,-0.010654,-0.018389,0.027828,0.062881
4452,0,香川,2016-11-01,2026-08-03,179,1664,32,294,98,981,1,0.002088,0.011605,-0.042057,-0.036713,0.087354,0.060496
4453,0,愛知,2016-11-01,2024-03-19,183,872,21,85,73,275,1,0.017277,0.016419,0.083540,0.074166,-0.250000,-0.216457
4456,0,大阪,2018-12-15,2026-08-11,170,1068,44,310,109,700,1,-0.031439,-0.031860,-0.014254,-0.015850,0.078145,0.084675
4457,0,愛知,2016-11-05,2026-08-09,182,1161,12,103,83,447,1,-0.022783,-0.021810,0.071031,0.069152,-0.037094,-0.030733
4458,0,広島,2016-11-09,2026-08-09,396,1652,57,231,164,765,1,0.004109,0.004130,-0.048934,-0.048542,0.066665,0.064446
4459,0,香川,2016-11-01,2026-08-02,210,1949,51,472,127,1137,1,0.000682,0.002996,0.021386,0.016453,-0.094522,-0.077937
4460,0,東京,2016-11-03,2026-08-11,252,1456,60,369,153,949,1,-0.015339,-0.012538,-0.044643,-0.043183,0.165827,0.160377
4461,0,三重,2016-11-01,2026-08-11,285,1051,27,75,94,384,1,0.023376,0.023545,-0.035542,-0.028291,0.051623,0.026998
4462,0,大阪,2016-12-29,2026-07-21,278,1242,36,154,129,565,1,0.005503,-0.003737,0.009117,-0.000686,0.000046,0.043060
4463,0,福岡,2016-11-03,2026-08-11,240,1228,47,222,149,669,1,0.015052,0.008931,0.076045,0.073708,-0.106718,-0.093252
4464,0,静岡,2016-11-29,2017-10-24,20,216,5,51,11,138,1,0.013889,0.033071,-0.088889,-0.080413,0.254630,0.207091
4464,1,三重,2017-11-11,2018-03-10,0,79,0,9,0,35,0,,,,,,
4464,2,静岡,2019-11-20,2026-07-30,252,980,52,155,143,532,1,0.048186,0.052424,0.024603,0.027770,-0.105215,-0.120593
4465,0,東京,2016-11-12,2026-08-10,177,906,11,45,61,309,1,0.012478,-0.002191,0.003573,-0.007994,-0.074924,-0.020485
4466,0,三重,2016-11-03,2026-08-10,362,1513,51,262,205,899,1,-0.032282,-0.031587,-0.027885,-0.030478,0.117432,0.126861
4467,0,愛知,2016-11-03,2026-08-11,236,1683,39,275,140,929,1,0.001856,-0.005102,0.041230,0.037495,-0.072434,-0.053081
4468,0,東京,2016-11-22,2026-07-12,253,1203,72,319,175,759,1,0.019415,0.026551,0.060777,0.069037,-0.157525,-0.191974
4469,0,福井,2016-11-05,2026-08-09,266,1432,55,290,137,773,1,0.004253,0.003941,-0.024767,-0.022878,0.059762,0.053776
4470,0,三重,2016-11-09,2026-08-11,410,1491,81,286,249,880,1,0.005743,0.004338,0.017109,0.015246,-0.062000,-0.052723
4471,0,広島,2016-11-01,2026-08-08,388,1625,100,410,254,1020,1,0.005424,0.006731,0.026947,0.029018,-0.057621,-0.066676
4472,0,兵庫,2016-11-01,2026-08-11,401,1900,94,524,254,1265,1,-0.041376,-0.025961,-0.032373,-0.016822,0.143296,0.075328
4473,0,福井,2016-11-07,2026-07-24,144,816,15,102,65,380,1,-0.020833,-0.019852,-0.014297,-0.012082,0.205882,0.197908
4474,0,福岡,2016-11-10,2026-07-28,291,1227,37,147,144,602,1,0.007343,0.004570,0.004218,0.003692,0.079954,0.083553
4475,0,山口,2016-11-03,2026-08-11,256,1335,42,232,127,780,1,-0.009720,-0.003720,-0.088176,-0.079026,0.200097,0.165309
4477,0,福岡,2016-11-03,2026-08-11,246,1316,53,319,155,833,1,-0.026954,-0.044397,-0.002897,-0.015017,-0.014858,0.043259
4478,0,東京,2016-11-12,2021-09-30,83,481,14,92,46,275,1,-0.022593,-0.026059,-0.017509,-0.015588,-0.022644,-0.026968
4478,1,群馬,2021-10-16,2026-08-11,235,703,43,169,120,415,1,-0.057420,-0.046273,-0.079689,-0.073420,0.290469,0.259056
4479,0,福岡,2016-11-12,2017-03-30,0,75,0,6,0,24,0,,,,,,
4479,1,山口,2020-03-12,2026-08-11,43,357,2,29,9,123,1,-0.034721,-0.031166,-0.135235,-0.128875,0.468504,0.443286
4482,0,岡山,2016-11-09,2026-08-11,392,1820,113,581,224,1234,1,-0.030965,-0.026666,-0.106593,-0.099664,0.327433,0.297265
4483,0,愛知,2016-11-09,2026-08-08,230,1487,49,430,130,965,1,-0.076129,-0.062707,-0.083740,-0.058328,0.427900,0.328539
4484,0,東京,2016-11-12,2026-08-11,109,949,5,57,43,358,1,-0.014192,-0.022387,0.017256,0.015600,-0.021268,-0.007931
4485,0,福岡,2016-11-01,2026-08-07,229,1235,29,192,109,655,1,-0.028828,-0.028693,-0.054382,-0.052884,0.142294,0.139482
4486,0,群馬,2016-11-01,2026-08-11,651,1266,162,239,401,702,1,0.060064,0.058653,0.061473,0.054636,-0.215145,-0.190983
4487,0,福岡,2016-11-03,2026-08-11,192,1134,16,119,68,438,1,-0.021605,-0.006411,-0.032077,-0.016879,0.061287,-0.004802
4488,0,埼玉,2016-11-01,2026-08-11,633,1337,132,303,401,862,1,-0.018096,-0.016417,-0.011236,-0.008869,0.052104,0.042876
4489,0,大阪,2016-11-18,2026-07-28,235,1515,30,206,100,711,1,-0.008314,-0.006207,-0.043775,-0.040705,0.176884,0.163692
4490,0,滋賀,2016-11-01,2019-06-22,53,216,2,13,6,49,1,-0.022449,-0.010219,-0.113644,-0.099385,0.351502,0.294718
4491,0,群馬,2016-11-01,2026-08-11,566,1146,73,112,249,481,1,0.031244,0.012873,0.020209,0.004007,-0.063469,0.007702
4492,0,愛知,2016-11-03,2026-01-11,181,1277,40,368,113,839,1,-0.067181,-0.051102,-0.032699,-0.017551,0.242579,0.176715
4494,0,静岡,2016-11-03,2026-07-12,484,1656,146,439,363,1112,1,0.036556,0.031322,0.078502,0.070354,-0.260061,-0.227461
4495,0,福岡,2016-11-03,2026-08-09,218,1051,48,147,107,514,1,0.080317,0.077884,0.001768,-0.000140,-0.043803,-0.034178
4496,0,東京,2016-11-01,2026-08-11,314,1392,71,320,197,868,1,-0.003770,0.003955,0.003825,0.009989,-0.002686,-0.030357
4497,0,長崎,2016-11-01,2026-08-10,415,1431,134,372,292,866,1,0.062933,0.042501,0.098443,0.069099,-0.361954,-0.242853
4498,0,長崎,2016-11-03,2026-08-10,440,1233,71,206,221,638,1,-0.005709,-0.009744,-0.015164,-0.018413,0.055235,0.069735
4499,0,長崎,2018-06-08,2026-08-11,252,605,44,103,134,318,1,0.004355,-0.002025,0.006126,0.001080,0.004421,0.026844
4500,0,佐賀,2016-12-29,2026-08-11,449,1448,147,440,326,991,1,0.023527,0.020184,0.041666,0.037993,-0.112269,-0.096646
4501,0,岡山,2016-11-06,2026-07-28,302,1693,60,346,169,985,1,-0.005695,-0.002764,-0.022205,-0.011768,0.081489,0.042122
4502,0,滋賀,2016-11-06,2026-08-11,367,1828,81,555,219,1238,1,-0.082902,-0.071785,-0.080513,-0.065703,0.383317,0.322477
4503,0,佐賀,2016-11-03,2026-08-11,618,1631,224,480,448,1121,1,0.068162,0.047773,0.037611,0.016945,-0.141192,-0.052084
4504,0,福岡,2016-11-06,2026-08-08,285,1540,67,436,191,1022,1,-0.048029,-0.047606,0.006539,0.000299,0.080201,0.101588
4505,0,埼玉,2016-11-01,2026-08-10,485,1531,102,337,268,901,1,-0.009808,-0.000666,-0.035927,-0.031605,0.127995,0.106059
4506,0,福岡,2016-11-01,2026-08-11,174,1593,43,340,102,899,1,0.033693,0.027755,0.021863,0.009199,-0.121426,-0.071622
4508,0,大阪,2016-11-03,2026-07-18,211,1047,18,134,92,502,1,-0.042677,-0.036529,-0.043446,-0.034736,0.282482,0.246886
4509,0,愛知,2016-11-01,2026-08-11,200,1747,34,307,128,1022,1,-0.005730,-0.018852,0.054997,0.051945,-0.154316,-0.132904
4510,0,福岡,2016-11-06,2026-07-31,28,431,1,18,5,121,1,-0.006049,0.044919,-0.102171,-0.045471,0.447879,0.207445
4511,0,香川,2016-11-01,2026-08-09,185,1472,16,144,82,592,1,-0.011340,-0.013427,0.041069,0.034823,-0.074115,-0.050938
4512,0,兵庫,2016-11-01,2026-08-11,451,1894,104,564,282,1291,1,-0.067184,-0.058867,-0.056349,-0.046782,0.218900,0.179005
4513,0,福岡,2016-11-01,2026-08-11,254,1449,50,259,139,825,1,0.018106,0.009312,-0.022114,-0.027338,0.045494,0.069558
4514,0,大阪,2016-11-05,2026-08-09,345,1956,77,477,209,1271,1,-0.020677,-0.006728,-0.043998,-0.025092,0.198955,0.120831
4515,0,佐賀,2016-11-01,2026-08-11,565,1456,115,283,331,850,1,0.009172,0.000831,0.002049,-0.001243,-0.043160,-0.023017
4516,0,愛知,2016-11-01,2026-07-24,273,1463,52,276,149,854,1,0.001823,0.009292,-0.037945,-0.030162,0.097990,0.063860
4517,0,東京,2016-11-01,2017-06-25,22,35,2,0,7,6,1,0.090909,0.082459,0.146753,0.160311,-0.983117,-1.022276
4518,0,愛知,2016-11-12,2026-08-05,190,1499,31,320,98,852,1,-0.050318,-0.043390,-0.052589,-0.047867,0.239454,0.218103
4519,0,東京,2017-03-18,2026-03-27,202,1135,47,181,121,571,1,0.073202,0.072880,0.095926,0.090274,-0.383264,-0.364214
4520,0,福井,2016-11-03,2026-08-02,319,1341,46,191,140,655,1,0.001770,0.003221,-0.049570,-0.048320,0.100211,0.093822
4521,0,福岡,2016-11-01,2026-08-11,274,1192,50,254,153,733,1,-0.030605,-0.030937,-0.056539,-0.054184,0.240423,0.232861
4522,0,福岡,2016-11-09,2026-08-07,352,1198,108,347,232,808,1,0.017169,0.011461,-0.015367,-0.016624,0.039076,0.049768
4523,0,長崎,2016-11-01,2026-08-09,535,1288,110,268,310,728,1,-0.002467,-0.008753,0.014222,0.011692,-0.017766,-0.004499
4524,0,静岡,2016-11-09,2026-06-28,362,1686,91,467,229,1073,1,-0.025606,-0.021434,-0.003821,0.000029,0.094257,0.077843
4525,0,福岡,2016-11-15,2026-07-31,196,1102,17,116,77,445,1,-0.018528,-0.015501,-0.010954,0.001430,0.077170,0.032898
4526,0,愛知,2016-11-03,2026-08-11,172,1593,34,342,102,949,1,-0.017015,-0.012099,-0.002708,-0.004101,0.006318,0.007511
4527,0,愛知,2016-11-07,2026-08-11,238,1192,13,99,78,431,1,-0.028432,-0.033563,-0.033846,-0.038008,0.086677,0.106575
4528,0,埼玉,2016-11-06,2026-06-13,398,1441,110,402,265,900,1,-0.002591,0.001879,0.041263,0.041626,-0.120603,-0.126142
4529,0,香川,2016-11-07,2026-08-09,161,1496,25,236,75,763,1,-0.002475,-0.003914,-0.044188,-0.045547,0.156073,0.161256
4530,0,福岡,2016-11-06,2026-08-11,194,1244,61,370,122,864,1,0.017005,0.013585,-0.065668,-0.071142,0.101460,0.124796
4531,0,佐賀,2016-11-01,2026-08-11,553,1315,127,304,347,773,1,-0.001522,-0.009132,0.039654,0.036222,-0.017821,-0.000653
4532,0,埼玉,2016-11-13,2026-08-08,401,1396,93,391,235,933,1,-0.048166,-0.036726,-0.082303,-0.071625,0.328177,0.282158
4533,0,岡山,2016-11-01,2026-08-11,374,1207,54,164,192,535,1,0.008511,0.013913,0.070121,0.072118,-0.175190,-0.184356
4534,0,大阪,2016-11-06,2026-07-18,230,704,13,77,84,280,1,-0.052853,-0.052701,-0.032510,-0.026427,0.137574,0.116519
4535,0,東京,2016-11-01,2026-07-13,274,1330,77,358,181,916,1,0.011849,0.028299,-0.028138,-0.010447,0.069914,-0.007056
4536,0,岡山,2016-11-01,2026-08-11,194,1211,37,230,109,725,1,0.000796,-0.002258,-0.036823,-0.042486,0.062303,0.085589
4537,0,岡山,2016-11-05,2026-08-11,354,1594,115,500,226,1076,1,0.011182,0.015302,-0.036613,-0.029310,0.056997,0.028395
4538,0,大阪,2016-11-01,2026-06-04,296,1357,57,227,145,656,1,0.025287,0.023454,0.006446,0.002779,-0.037453,-0.022967
4539,0,群馬,2016-11-01,2026-08-11,447,1584,117,380,257,894,1,0.021846,0.019718,0.010550,0.012085,-0.076851,-0.080533
4540,0,東京,2016-11-01,2026-08-11,201,1367,26,211,97,719,1,-0.024999,-0.026145,-0.043382,-0.043841,0.201847,0.203776
4541,0,愛知,2016-12-05,2018-10-18,33,181,0,3,5,36,1,-0.016575,-0.000270,-0.047380,-0.053184,0.160891,0.167121
4542,0,東京,2016-11-03,2019-10-27,70,130,2,7,11,32,1,-0.025275,-0.044261,-0.089011,-0.103957,0.182418,0.252484
4543,0,兵庫,2016-11-09,2026-08-11,269,1811,67,390,190,1124,1,0.033720,0.027549,0.085668,0.081197,-0.187686,-0.165696
4544,0,福岡,2016-11-22,2026-08-11,212,1694,76,584,155,1239,1,0.013744,-0.007779,-0.000273,-0.022050,0.003453,0.097992
4545,0,福岡,2016-11-03,2026-08-11,220,1423,62,441,148,977,1,-0.028090,-0.032968,-0.013850,-0.023765,0.037616,0.076805
4546,0,埼玉,2016-11-28,2026-08-11,463,1438,109,379,309,979,1,-0.028139,-0.017427,-0.013420,0.002363,0.108763,0.045734
4547,0,埼玉,2016-11-09,2026-08-01,445,1443,118,352,287,932,1,0.021232,0.024478,-0.000933,0.003921,-0.031905,-0.051697
4548,0,三重,2016-11-01,2026-08-05,94,777,6,52,34,257,1,-0.003094,-0.013898,0.030943,0.025693,-0.031408,-0.002107
4549,0,福岡,2016-11-21,2026-08-08,135,1225,19,182,75,659,1,-0.007831,-0.008747,0.017596,0.023825,0.005775,-0.014999
4550,0,群馬,2016-11-01,2026-08-11,586,1152,71,112,281,482,1,0.023938,0.001472,0.061119,0.039236,-0.228527,-0.133641
4551,0,福岡,2016-11-03,2026-08-11,242,1364,42,229,136,796,1,0.005665,0.010895,-0.021594,-0.011861,0.089043,0.051764
4552,0,佐賀,2016-11-03,2026-08-11,526,1186,77,159,210,481,1,0.012324,0.016387,-0.006325,0.001494,0.002042,-0.029159
4553,0,長崎,2016-11-07,2026-08-10,327,1307,50,223,184,748,1,-0.017715,-0.023367,-0.009612,-0.013183,0.057147,0.074781
4555,0,福岡,2016-11-10,2026-07-29,298,1169,38,142,146,538,1,0.006045,0.018861,0.029710,0.034362,-0.101176,-0.128107
4556,0,福岡,2016-11-01,2026-08-11,182,1110,54,352,128,762,1,-0.020414,-0.022851,0.016810,0.012581,-0.031838,-0.013175
4557,0,岡山,2016-11-09,2026-08-09,298,1184,31,146,103,452,1,-0.019284,-0.013996,-0.036119,-0.029817,0.113589,0.087739
4558,0,岡山,2016-11-01,2026-08-11,301,1252,37,148,138,546,1,0.004713,0.012887,0.022370,0.025227,-0.109857,-0.124097
4559,0,三重,2016-11-08,2019-09-21,53,554,12,121,34,321,1,0.008004,0.024014,0.062087,0.070446,-0.101424,-0.144495
4560,0,東京,2016-11-01,2026-08-11,124,1214,20,194,55,604,1,0.001488,-0.005110,-0.053980,-0.059535,0.108306,0.134133
4561,0,大阪,2016-11-01,2026-08-09,421,1703,132,475,239,957,1,0.034620,0.023492,0.005746,-0.008132,-0.063885,-0.007346
4562,0,岡山,2016-11-09,2026-08-11,375,1559,39,144,169,643,1,0.011633,0.010920,0.038223,0.044425,-0.115144,-0.135543
4563,0,岡山,2016-11-08,2026-08-02,350,1192,23,108,118,413,1,-0.024890,-0.018943,-0.009334,-0.001853,0.000278,-0.030842
4564,0,広島,2016-11-05,2026-08-10,282,1685,32,225,146,808,1,-0.020056,-0.016055,0.038205,0.037758,-0.047745,-0.046778
4565,0,愛知,2016-11-05,2026-08-11,303,1246,43,118,146,516,1,0.047211,0.033466,0.067723,0.049740,-0.233208,-0.158879
4566,0,福岡,2016-11-09,2026-08-03,283,1652,88,489,188,1105,1,0.014949,0.010266,-0.004575,-0.017936,0.033793,0.083909
4567,0,山口,2016-11-12,2026-08-11,125,1113,10,56,36,378,1,0.029686,0.030264,-0.051623,-0.042333,0.136381,0.103725
4568,0,東京,2016-11-07,2026-08-11,265,1227,50,223,144,642,1,0.006935,0.005227,0.020169,0.021625,-0.032016,-0.036140
4569,0,東京,2016-11-06,2026-08-11,157,1253,18,131,62,532,1,0.010101,0.005699,-0.029677,-0.026356,0.154213,0.145816
4570,0,愛知,2016-11-09,2026-08-11,227,1731,41,327,135,1015,1,-0.008291,0.001512,0.008347,0.017792,-0.041439,-0.079053
4571,0,徳島,2016-11-05,2026-08-10,87,1726,24,499,44,1009,1,-0.013246,0.034067,-0.078842,0.006556,0.265660,-0.074074
4572,0,大阪,2016-11-05,2026-08-08,383,1965,62,353,226,1079,1,-0.017764,-0.020272,0.040969,0.035117,-0.103082,-0.080097
4573,0,埼玉,2016-11-09,2026-08-02,400,1559,123,384,276,991,1,0.061188,0.062595,0.054336,0.058568,-0.195297,-0.209539
4574,0,広島,2016-11-05,2026-08-06,398,1484,44,165,162,701,1,-0.000633,0.003731,-0.065337,-0.060486,0.183939,0.163711
4575,0,東京,2016-11-26,2026-07-28,169,968,23,167,79,500,1,-0.036426,-0.033721,-0.049073,-0.055240,0.169568,0.187072
4577,0,東京,2017-05-11,2018-05-09,15,25,0,1,1,3,0,,,,,,
4578,0,大阪,2016-11-05,2026-08-03,349,1735,83,380,183,1040,1,0.018802,0.019399,-0.075068,-0.074609,0.236503,0.233607
4579,0,三重,2016-11-05,2026-08-11,412,1411,88,317,259,863,1,-0.011071,-0.006471,0.017018,0.018444,0.028448,0.019374
4580,0,岡山,2016-11-05,2026-08-11,387,1689,69,365,193,946,1,-0.037810,-0.032799,-0.061387,-0.056636,0.168647,0.145508
4581,0,静岡,2016-11-05,2026-08-11,324,1658,63,310,187,923,1,0.007472,0.007915,0.020466,0.013904,-0.078739,-0.057722
4583,0,香川,2016-11-18,2026-08-08,180,1875,24,282,107,1071,1,-0.017067,-0.018530,0.023244,0.021984,-0.032222,-0.026622
4584,0,岡山,2016-11-12,2026-08-11,443,1570,105,395,274,1010,1,-0.014572,-0.017141,-0.024802,-0.025335,0.060556,0.065080
4585,0,広島,2016-11-06,2019-02-08,93,262,2,10,32,91,1,-0.016663,-0.026670,-0.003242,-0.006200,0.054748,0.077641
4586,0,愛知,2016-12-03,2026-08-11,253,1537,79,445,181,965,1,0.022728,0.018300,0.087569,0.089697,-0.214578,-0.218785
4587,0,福井,2016-11-17,2026-07-30,283,1424,48,262,143,805,1,-0.014377,-0.004842,-0.060009,-0.047987,0.131303,0.081553
4588,0,福岡,2016-11-08,2026-08-10,301,1398,57,278,157,766,1,-0.009487,-0.008349,-0.026331,-0.027140,0.085621,0.087032
4589,0,三重,2018-01-06,2026-08-05,260,1058,47,246,160,623,1,-0.051745,-0.045634,0.026538,0.030426,0.040686,0.024007
4590,0,福岡,2016-11-06,2026-08-11,285,1598,66,401,189,1018,1,-0.019360,-0.019425,0.026112,0.032859,0.000090,-0.025060
4591,0,三重,2016-11-03,2018-08-01,53,180,4,7,21,47,1,0.036583,0.036830,0.135115,0.128288,-0.570964,-0.545207
4592,0,山口,2016-11-01,2026-08-03,213,1246,29,115,101,506,1,0.043855,0.045293,0.068079,0.074888,-0.246053,-0.271776
4593,0,大阪,2016-11-05,2026-08-03,464,1476,102,308,291,852,1,0.011155,0.008757,0.049919,0.042392,-0.165931,-0.137878
4594,0,滋賀,2016-11-07,2026-08-03,317,1681,91,398,201,1017,1,0.050302,0.040751,0.029072,0.019355,-0.153225,-0.112106
4596,0,徳島,2016-11-03,2026-08-10,151,1776,26,264,88,1039,1,0.023537,0.025061,-0.002241,-0.001707,0.018439,0.013467
4597,0,愛知,2017-05-02,2017-12-27,17,23,0,1,0,6,0,,,,,,
4598,0,東京,2016-11-09,2026-08-10,236,1216,44,207,139,675,1,0.016210,0.017371,0.033884,0.039909,-0.043390,-0.064469
4599,0,大阪,2016-11-06,2017-03-08,17,28,0,2,2,3,0,,,,,,
4600,0,広島,2016-11-03,2026-07-29,488,1513,110,307,297,872,1,0.022502,0.018640,0.032268,0.027682,-0.184789,-0.165020
4601,0,山口,2016-11-01,2026-08-08,217,1553,47,361,128,979,1,-0.015863,-0.019944,-0.040531,-0.041857,0.091584,0.098614
4602,0,東京,2016-11-12,2020-06-23,87,132,7,2,27,32,1,0.065308,0.051432,0.067921,0.047763,-0.327325,-0.247927
4603,0,長崎,2016-11-03,2026-08-11,433,1156,53,127,182,497,1,0.012540,0.022654,-0.009607,0.000881,-0.017621,-0.063307
4604,0,愛知,2016-11-01,2026-08-11,282,1532,91,394,210,1057,1,0.065515,0.056174,0.054733,0.043703,-0.279920,-0.233005
4605,0,滋賀,2016-11-06,2022-09-03,30,131,4,20,9,57,1,-0.019338,-0.041150,-0.135115,-0.140646,0.410178,0.447245
4607,0,福岡,2016-11-01,2026-08-11,287,1317,42,186,155,736,1,0.005111,0.003919,-0.018776,-0.020728,0.038148,0.045450
4608,0,東京,2016-11-28,2026-08-10,228,1413,48,259,135,846,1,0.027228,0.033642,-0.006621,0.002002,-0.050713,-0.084038
4610,0,東京,2016-11-05,2026-08-10,248,1290,80,333,166,723,1,0.064441,0.054534,0.108890,0.098127,-0.320043,-0.275692
4611,0,福井,2016-11-29,2026-08-11,287,1579,64,387,156,892,1,-0.022095,-0.020791,-0.021360,-0.022848,0.049476,0.052703
4612,0,福岡,2016-11-15,2019-04-15,46,203,1,8,13,68,1,-0.017670,0.031519,-0.052367,-0.011135,0.193403,0.013261
4613,0,東京,2016-11-25,2017-12-29,29,29,0,0,0,0,1,0.000000,0.021997,0.000000,0.036019,-0.172414,-0.326953
4614,0,福岡,2016-11-12,2026-07-28,237,1401,72,406,167,930,1,0.014004,0.003511,0.040830,0.028742,-0.092312,-0.041263
4615,0,東京,2016-11-05,2026-08-10,212,1183,18,74,100,469,1,0.022353,0.011009,0.075248,0.065094,-0.243226,-0.200729
4616,0,福岡,2016-11-05,2017-12-25,31,57,0,0,1,4,1,0.000000,0.027343,-0.037917,-0.025896,0.092247,0.021536
4617,0,東京,2016-11-09,2017-12-24,8,70,0,1,0,19,0,,,,,,
4618,0,三重,2016-11-09,2026-07-14,425,1195,56,153,216,577,1,0.003731,-0.002703,0.025390,0.022082,-0.043288,-0.027658
4619,0,東京,2017-03-17,2026-08-11,145,931,19,109,62,398,1,0.013956,0.003115,0.000089,-0.025706,-0.042779,0.059137
4620,0,大阪,2016-11-02,2017-06-26,25,73,1,3,6,12,1,-0.001096,0.013433,0.075616,0.074883,-0.059726,-0.067820
4621,0,徳島,2016-11-12,2017-11-04,17,64,0,5,2,20,0,,,,,,
4622,0,福井,2016-11-03,2020-04-26,94,314,8,21,38,101,1,0.018227,0.019650,0.082599,0.077363,-0.254845,-0.236296
4623,0,三重,2016-11-15,2026-08-10,251,1372,17,138,88,550,1,-0.032854,-0.029204,-0.050277,-0.042593,0.193149,0.159939
4624,0,佐賀,2016-11-03,2026-08-10,512,1314,119,307,286,772,1,-0.001216,0.000211,-0.028925,-0.026118,0.094823,0.083302
4625,0,静岡,2016-11-01,2026-08-11,286,1276,38,172,108,525,1,-0.001929,-0.002326,-0.033820,-0.035692,0.034422,0.040150
4626,0,愛知,2016-11-10,2026-08-01,164,890,16,80,71,306,1,0.007673,0.000272,0.089107,0.081847,-0.393327,-0.362774
4627,0,東京,2016-11-06,2026-08-08,122,1372,37,362,70,834,1,0.039430,0.055102,-0.034101,-0.007425,0.139129,0.034791
4628,0,大阪,2016-11-03,2016-12-31,8,8,0,2,1,5,0,,,,,,
4629,0,滋賀,2017-03-21,2018-01-10,14,43,0,1,1,10,0,,,,,,
4630,0,愛知,2016-11-01,2026-08-11,237,1534,36,247,137,847,1,-0.009118,-0.016841,0.025908,0.017897,-0.100540,-0.066162
4631,0,大阪,2016-11-10,2026-08-06,230,1164,35,153,104,526,1,0.020731,0.018884,0.000284,-0.001494,-0.044479,-0.035375
4632,0,福岡,2016-11-01,2026-08-09,204,1155,14,115,98,491,1,-0.030940,-0.019385,0.055284,0.057129,-0.085421,-0.100757
4633,0,兵庫,2016-11-17,2026-08-11,245,1599,34,194,137,832,1,0.017450,0.024971,0.038858,0.048129,-0.169833,-0.208769
4635,0,岡山,2016-11-03,2026-08-11,231,1256,18,187,87,538,1,-0.070963,-0.063630,-0.051721,-0.045777,0.227359,0.200425
4636,0,徳島,2016-11-09,2026-08-10,68,1181,10,103,23,371,1,0.059845,0.057104,0.024095,0.010027,-0.173943,-0.121277
4637,0,埼玉,2016-11-03,2026-08-08,545,1198,63,145,272,568,1,-0.005439,-0.013792,0.024959,0.014312,-0.019997,0.024194
4638,0,福岡,2016-11-08,2026-08-11,154,1235,16,179,70,585,1,-0.041043,-0.030228,-0.019139,-0.011642,0.059861,0.025427
4639,0,大阪,2016-11-03,2026-08-08,307,1346,35,137,117,535,1,0.012223,0.009573,-0.016367,-0.019033,0.043439,0.055723
4640,0,福岡,2016-11-03,2026-08-11,206,1374,38,283,119,762,1,-0.021502,-0.008775,0.023085,0.025392,-0.088940,-0.108916
4641,0,東京,2016-11-15,2026-06-16,165,904,23,116,74,402,1,0.011075,0.004528,0.003795,0.001496,0.000020,0.013129
4642,0,香川,2016-11-09,2017-03-31,0,69,0,8,0,25,0,,,,,,
4642,1,徳島,2017-04-13,2018-04-12,15,137,3,16,3,54,0,,,,,,
4642,2,香川,2019-10-24,2026-08-11,123,942,28,267,70,608,1,-0.055797,-0.058354,-0.076330,-0.080004,0.291647,0.305048
4643,0,香川,2016-11-05,2026-08-10,144,1674,37,448,86,1039,1,-0.010678,-0.002592,-0.023447,-0.014879,0.010379,-0.027521
4644,0,東京,2016-11-03,2026-08-09,282,1234,58,227,154,695,1,0.021719,0.026022,-0.017110,-0.025905,-0.042593,-0.015159
4645,0,群馬,2016-11-17,2026-08-11,660,1408,168,354,398,893,1,0.003125,0.003287,-0.031203,-0.028246,0.060559,0.050084
4646,0,埼玉,2016-11-06,2018-06-18,89,35,2,0,12,2,1,0.022472,0.021051,0.077689,0.064846,-0.172392,-0.123883
4648,0,兵庫,2016-11-03,2026-08-11,235,1265,22,155,100,611,1,-0.028913,-0.030351,-0.057472,-0.056725,0.143890,0.145247
4649,0,滋賀,2016-11-03,2026-08-10,368,1452,67,249,198,744,1,0.010578,0.016284,0.025647,0.029406,-0.089816,-0.109029
4650,0,愛知,2016-11-12,2025-12-24,272,1575,68,352,156,980,1,0.026508,0.024703,-0.048693,-0.048579,0.081487,0.081309
4651,0,大阪,2016-11-01,2026-08-08,230,1314,19,147,82,522,1,-0.029263,-0.029004,-0.040739,-0.041997,0.075998,0.080980
4652,0,佐賀,2016-11-03,2026-08-11,455,1452,76,194,245,698,1,0.033424,0.043349,0.057745,0.066591,-0.159259,-0.196872
4653,0,大阪,2016-11-05,2026-05-15,317,1909,77,535,195,1261,1,-0.037349,-0.034914,-0.045413,-0.041528,0.126302,0.110508
4654,0,兵庫,2016-11-16,2026-08-11,257,1269,37,206,148,703,1,-0.018364,-0.014328,0.021896,0.022801,-0.027072,-0.034135
4655,0,大阪,2016-11-12,2017-10-28,42,49,1,0,5,7,1,0.023810,0.020752,-0.023810,-0.016283,0.037415,0.015474
4656,0,兵庫,2016-12-03,2026-08-10,233,1562,23,194,104,733,1,-0.025487,-0.027726,-0.022918,-0.025825,0.061262,0.073740
4657,0,福岡,2016-11-01,2023-08-06,136,808,29,148,73,421,1,0.030067,0.024900,0.015725,0.005419,-0.135192,-0.093745
4658,0,愛知,2016-11-01,2017-12-18,12,92,1,6,2,22,0,,,,,,
4659,0,大阪,2016-11-01,2026-08-09,468,1645,124,445,309,1136,1,-0.005559,0.004176,-0.030321,-0.023811,0.062454,0.031575
4660,0,東京,2016-11-03,2026-08-11,186,797,6,48,57,256,1,-0.027968,-0.031270,-0.014753,-0.019597,0.133127,0.154089
4661,0,佐賀,2016-11-01,2026-08-11,529,1135,48,126,275,596,1,-0.020276,-0.007400,-0.005261,0.000137,0.055738,0.027199
4662,0,滋賀,2016-11-03,2024-11-28,185,472,8,36,49,136,1,-0.033028,-0.036827,-0.023271,-0.027774,0.033120,0.051734
4663,0,愛知,2017-10-07,2026-07-28,302,870,23,81,129,381,1,-0.016945,-0.017673,-0.010779,-0.006532,0.074340,0.060265
4664,0,福井,2016-11-12,2026-08-01,184,1327,12,87,60,430,1,-0.000344,-0.007557,0.002048,-0.011095,-0.055265,-0.005720
4665,0,愛知,2016-11-01,2026-08-11,165,1110,9,61,73,394,1,-0.000410,-0.007126,0.087469,0.080929,-0.198198,-0.168670
4666,0,大阪,2016-11-01,2026-07-31,314,1417,32,166,99,571,1,-0.015238,-0.009003,-0.087677,-0.073139,0.278412,0.223091
4667,0,埼玉,2016-11-01,2019-03-23,114,179,11,11,30,42,1,0.035039,0.031580,0.028521,0.022237,-0.171861,-0.148330
4668,0,福岡,2016-11-03,2023-12-21,100,452,5,22,28,149,1,0.001327,0.020931,-0.049646,-0.042100,-0.047788,-0.090621
4669,0,福岡,2016-11-18,2026-08-08,270,942,21,77,97,387,1,-0.003963,0.007128,-0.051569,-0.037876,0.178769,0.123407
4670,0,山口,2018-01-07,2019-12-26,0,114,0,4,0,34,0,,,,,,
4671,0,愛知,2016-11-10,2018-11-05,35,125,1,4,5,29,1,-0.003429,0.016169,-0.089143,-0.051736,0.212571,0.064223
4672,0,岡山,2016-11-09,2026-08-10,352,1233,36,80,146,461,1,0.037390,0.043917,0.040888,0.050989,-0.206126,-0.247762
4673,0,東京,2017-06-10,2018-10-19,0,78,0,0,0,1,0,,,,,,
4674,0,福岡,2016-11-01,2026-07-29,282,1253,24,144,139,623,1,-0.029818,-0.035041,-0.004299,-0.009031,-0.075156,-0.052929
4675,0,大阪,2016-11-01,2026-08-03,189,1449,15,205,88,691,1,-0.062112,-0.055243,-0.011272,-0.002483,0.106970,0.070056
4676,0,東京,2016-11-01,2026-08-11,242,1356,32,170,116,665,1,0.006863,-0.000335,-0.011074,-0.021937,-0.028432,0.014601
4677,0,滋賀,2016-11-09,2026-08-11,286,1608,69,400,172,976,1,-0.007497,0.003391,-0.005567,0.001227,0.012938,-0.019775
4678,0,愛知,2016-11-06,2026-08-11,205,1339,38,230,101,702,1,0.013596,0.013576,-0.031589,-0.030326,-0.030711,-0.035043
4679,0,福岡,2016-11-01,2026-08-11,183,1132,39,192,100,525,1,0.043503,0.055395,0.082667,0.091245,-0.256961,-0.296173
4680,0,東京,2016-11-03,2026-08-11,141,894,9,95,64,439,1,-0.042434,-0.032223,-0.037151,-0.024320,0.242468,0.189164
4681,0,愛知,2016-11-01,2026-05-19,219,1048,22,94,95,404,1,0.010762,0.003560,0.048294,0.038145,-0.192665,-0.152797
4682,0,広島,2016-11-01,2026-08-02,301,1812,80,533,186,1197,1,-0.028369,-0.023742,-0.042656,-0.035593,0.152439,0.124664
4683,0,広島,2016-11-01,2026-08-11,192,1032,28,136,87,435,1,0.014050,0.028562,0.031613,0.055454,-0.062379,-0.160424
4684,0,福岡,2016-12-25,2026-08-08,245,1322,31,192,129,670,1,-0.018704,-0.008512,0.019723,0.033187,-0.098188,-0.153561
4685,0,徳島,2016-11-01,2026-07-12,149,1819,51,539,99,1187,1,0.045965,0.033171,0.011873,0.003018,-0.046840,-0.007324
4686,0,滋賀,2016-11-01,2026-08-02,418,1621,103,418,262,1013,1,-0.011454,-0.003115,0.001871,0.015552,0.029129,-0.024892
4687,0,広島,2018-01-06,2018-10-26,7,64,0,3,1,19,0,,,,,,
4688,0,東京,2016-11-01,2026-08-09,226,1445,55,342,143,862,1,0.006685,0.012147,0.036204,0.036045,-0.013927,-0.018254
4689,0,静岡,2016-11-03,2026-07-30,214,815,33,90,100,313,1,0.043776,0.034809,0.083241,0.083019,-0.368138,-0.357008
4690,0,東京,2016-11-06,2026-07-27,119,442,13,41,55,168,1,0.016484,0.006956,0.082094,0.073782,-0.295734,-0.258086
4691,0,徳島,2016-11-01,2026-05-13,60,1479,5,127,26,591,1,-0.002535,-0.010382,0.033739,0.018191,-0.169743,-0.109563
4692,0,福井,2016-11-01,2026-08-02,206,1227,22,201,90,565,1,-0.057018,-0.057187,-0.023579,-0.027487,0.219594,0.232066
4693,0,福岡,2016-11-03,2026-08-10,258,1265,14,107,83,440,1,-0.030321,-0.013704,-0.026121,-0.012217,0.064819,0.002292
4694,0,福岡,2016-11-15,2026-08-11,145,1050,14,115,69,422,1,-0.012972,-0.001394,0.073957,0.078965,-0.281445,-0.311131
4695,0,長崎,2016-11-03,2026-08-10,451,1019,36,99,169,414,1,-0.017331,-0.008473,-0.031558,-0.023915,0.122378,0.090657
4696,0,東京,2016-11-25,2019-06-07,33,114,3,1,13,15,1,0.082137,0.066863,0.262360,0.212476,-0.599681,-0.409276
4697,0,福岡,2016-11-03,2026-08-11,201,1262,11,92,66,456,1,-0.018174,-0.007048,-0.032973,-0.026666,0.153878,0.121145
4698,0,福岡,2016-11-01,2018-06-24,28,134,2,5,4,30,1,0.034115,0.069196,-0.081023,-0.038589,0.339552,0.161709
4699,0,福井,2018-09-12,2019-07-11,20,68,3,0,9,10,1,0.150000,0.147174,0.302941,0.292568,-1.020588,-0.984244
4700,0,埼玉,2016-11-26,2026-08-11,469,1189,84,199,269,644,1,0.011737,0.006982,0.031929,0.019188,-0.085304,-0.037659
4701,0,大阪,2016-11-03,2019-05-01,76,173,2,9,26,42,1,-0.025707,-0.028044,0.099331,0.095280,-0.195695,-0.180166
4702,0,東京,2016-11-01,2026-08-08,260,1375,87,401,157,872,1,0.042979,0.039597,-0.030336,-0.026970,0.008797,0.001097
4703,0,山口,2016-11-01,2026-08-11,159,1544,36,325,99,973,1,0.015923,0.010061,-0.007540,-0.004768,0.024681,0.019755
4704,0,徳島,2016-11-12,2026-08-10,145,1969,27,442,85,1202,1,-0.038273,-0.020229,-0.024255,-0.009071,0.146835,0.079946
4705,0,長崎,2016-11-05,2026-08-10,476,1071,40,124,164,375,1,-0.031746,-0.013284,-0.005602,0.008179,-0.011671,-0.075846
4706,0,愛知,2016-11-01,2026-07-29,197,1641,44,292,114,868,1,0.045410,0.037822,0.049734,0.035230,-0.208478,-0.152979
4708,0,広島,2016-11-03,2026-08-10,399,921,21,44,133,279,1,0.004857,0.012280,0.030402,0.040964,-0.097957,-0.142501
4709,0,福岡,2016-11-12,2026-07-06,231,1266,40,197,116,665,1,0.017552,0.011812,-0.023112,-0.033270,-0.073234,-0.033521
4710,0,大阪,2016-11-01,2026-08-08,333,1754,66,331,210,1040,1,0.009487,0.004941,0.037700,0.029301,-0.138609,-0.105810
4711,0,福井,2016-11-08,2026-08-09,185,1351,21,194,88,736,1,-0.030084,-0.014617,-0.069106,-0.049893,0.252266,0.173458
4712,0,兵庫,2016-11-03,2023-12-09,189,603,2,32,50,181,1,-0.042486,-0.032702,-0.035616,-0.023272,0.109690,0.060113
4713,0,岡山,2016-12-03,2026-08-11,338,1776,79,432,219,1100,1,-0.009515,-0.009050,0.028560,0.028178,-0.051259,-0.050759
4714,0,徳島,2016-11-01,2026-08-11,150,1455,15,153,60,692,1,-0.005155,0.000806,-0.075601,-0.064773,0.197663,0.155893
4715,0,長崎,2016-11-25,2026-08-10,458,1133,128,289,288,665,1,0.024401,0.017437,0.041884,0.036015,-0.119199,-0.092298
4716,0,大阪,2016-11-01,2018-06-12,55,88,3,7,12,23,1,-0.025000,-0.031722,-0.043182,-0.047526,0.225000,0.241345
4718,0,佐賀,2016-11-01,2026-08-11,420,1266,68,209,238,693,1,-0.003182,-0.007817,0.019273,0.012537,-0.088761,-0.059993
4719,0,大阪,2016-11-03,2026-08-02,390,1581,111,454,249,1050,1,-0.002545,-0.001821,-0.025675,-0.026243,-0.000676,0.001858
4720,0,長崎,2018-08-23,2026-08-11,225,663,24,57,90,253,1,0.020694,0.023987,0.018401,0.028000,-0.008004,-0.042692
4721,0,大阪,2016-11-03,2019-11-04,124,148,0,0,0,3,1,0.000000,0.025467,-0.020270,0.015271,0.107018,-0.040603
4722,0,福岡,2016-11-01,2020-06-28,17,297,1,19,3,85,0,,,,,,
4723,0,東京,2016-11-01,2026-08-10,238,997,24,71,102,412,1,0.029627,0.021828,0.015332,0.007043,-0.114853,-0.078740
4724,0,佐賀,2016-11-01,2026-08-11,514,834,32,53,166,284,1,-0.001292,0.008031,-0.017570,-0.019355,-0.053350,-0.054879
4725,0,兵庫,2016-11-01,2026-08-11,231,1409,24,193,94,643,1,-0.033080,-0.034104,-0.049426,-0.056067,0.149764,0.173620
4726,0,埼玉,2016-11-06,2026-04-20,246,802,40,112,120,408,1,0.022951,0.014534,-0.020923,-0.031268,-0.000943,0.042938
4727,0,福岡,2016-11-01,2026-08-01,128,1089,8,102,38,388,1,-0.031164,-0.020514,-0.059415,-0.052768,0.246341,0.216839
4728,0,東京,2016-11-01,2026-08-11,153,1144,9,105,53,438,1,-0.032960,-0.029385,-0.036462,-0.022373,0.253434,0.199889
4729,0,福岡,2016-11-05,2026-08-11,87,1358,4,111,29,533,1,-0.035761,-0.009248,-0.059156,-0.036685,0.348890,0.248347
4730,0,静岡,2017-05-27,2026-08-11,216,1378,45,257,123,731,1,0.021831,0.005914,0.038965,0.018746,-0.146226,-0.062580
4731,0,愛知,2016-11-06,2026-08-11,232,1293,21,157,108,627,1,-0.030906,-0.027094,-0.019402,-0.009607,0.119880,0.081577
4732,0,徳島,2016-11-01,2026-08-10,172,1533,39,350,109,944,1,-0.001566,-0.007649,0.017935,0.006059,-0.074846,-0.029491
4733,0,岡山,2016-11-01,2017-10-14,9,148,1,21,4,71,0,,,,,,
4733,1,徳島,2020-02-22,2026-08-05,61,574,7,97,23,271,1,-0.054235,-0.046219,-0.095076,-0.092610,0.472925,0.456532
4734,0,佐賀,2016-11-01,2026-08-11,521,1282,147,323,351,829,1,0.030200,0.014703,0.027059,0.014740,-0.125408,-0.068336
4735,0,兵庫,2016-11-09,2026-08-11,272,1285,26,124,109,494,1,-0.000910,-0.004164,0.016299,0.018147,0.091211,0.086720
4736,0,福岡,2016-11-01,2026-08-11,199,1423,48,381,126,985,1,-0.026538,-0.030880,-0.059034,-0.069778,0.274041,0.313646
4737,0,福岡,2016-11-01,2026-08-03,204,1177,50,323,138,775,1,-0.029328,-0.037149,0.018017,0.015543,-0.025368,-0.011040
4738,0,埼玉,2016-11-01,2026-08-02,549,1421,132,247,285,689,1,0.066616,0.059541,0.034256,0.027434,-0.174053,-0.145203
4739,0,香川,2016-11-03,2026-08-09,151,2086,36,484,91,1319,1,0.006388,0.017490,-0.029662,-0.015721,0.054720,-0.003375
4740,0,静岡,2016-11-18,2026-08-11,376,1234,31,88,153,460,1,0.011134,0.011431,0.034143,0.035792,-0.156686,-0.163193
4741,0,福岡,2016-11-09,2019-10-20,35,180,4,6,8,34,1,0.080952,0.099573,0.039683,0.060119,-0.273810,-0.363154
4742,0,愛知,2017-03-21,2023-03-21,35,175,0,5,5,25,1,-0.028571,-0.041324,0.000000,-0.025699,-0.057143,0.040956
4743,0,滋賀,2016-11-01,2026-08-08,357,1537,66,365,208,935,1,-0.052602,-0.046746,-0.025695,-0.025128,0.158993,0.153073
4744,0,福岡,2016-11-06,2026-08-01,203,627,26,45,90,259,1,0.056308,0.060927,0.030272,0.034911,-0.134804,-0.155709
4745,0,福岡,2016-11-23,2019-11-06,49,115,1,4,7,29,1,-0.014374,-0.002110,-0.109317,-0.086036,0.291571,0.199524
4746,0,埼玉,2016-11-03,2026-07-30,376,1056,77,174,219,579,1,0.040015,0.040432,0.034151,0.033193,-0.052547,-0.048215
4747,0,長崎,2016-11-07,2026-08-11,476,803,26,47,138,243,1,-0.003909,0.006138,-0.012699,-0.006100,0.024519,-0.006600
4748,0,東京,2016-11-03,2026-08-10,261,1129,65,238,165,633,1,0.038236,0.047328,0.071511,0.082482,-0.188517,-0.233882
4749,0,福岡,2016-11-03,2023-06-25,104,458,8,20,30,127,1,0.033255,0.015511,0.011169,-0.004276,-0.078771,-0.009528
4750,0,大阪,2016-11-01,2026-08-11,286,1408,25,139,113,558,1,-0.011309,-0.007190,-0.001202,-0.000104,-0.006283,-0.013124
4751,0,静岡,2016-11-01,2021-04-21,103,474,4,19,36,149,1,-0.001249,-0.001445,0.035169,0.029118,-0.035373,-0.012449
4752,0,愛知,2016-11-03,2026-08-11,195,1261,17,97,77,450,1,0.010256,0.009757,0.038012,0.037016,-0.109596,-0.106251
4753,0,福岡,2016-11-07,2026-08-11,154,890,20,115,62,350,1,0.000657,0.015707,0.009339,0.014724,0.012330,-0.017976
4754,0,三重,2016-11-09,2026-08-05,273,1743,67,379,162,1019,1,0.027980,0.033961,0.008782,0.015535,-0.012048,-0.040937
4755,0,長崎,2016-11-01,2020-05-08,171,129,0,3,9,8,1,-0.023256,0.005317,-0.009384,0.027526,0.151503,0.004744
4756,0,静岡,2016-11-12,2025-05-08,113,370,11,34,43,128,1,0.005453,0.002690,0.034585,0.029265,-0.038316,-0.015296
4757,0,徳島,2016-11-12,2026-08-11,210,1785,64,504,147,1097,1,0.022409,0.003783,0.085434,0.073421,-0.266667,-0.207482
4758,0,東京,2016-11-01,2025-12-31,211,898,34,140,101,502,1,0.005235,0.011938,-0.080347,-0.080377,0.150682,0.145449
4759,0,東京,2016-11-01,2026-08-11,268,1448,49,275,174,951,1,-0.007081,-0.009137,-0.007514,-0.008052,0.037169,0.041806
4760,0,大阪,2016-11-01,2026-08-02,464,1725,148,578,326,1213,1,-0.016107,-0.004661,-0.000602,0.011200,0.016878,-0.033597
4761,0,滋賀,2016-11-02,2026-08-09,301,1361,46,235,150,702,1,-0.019843,-0.011985,-0.017458,-0.007097,0.107225,0.064825
4762,0,岡山,2016-11-01,2026-08-11,373,1521,106,400,247,1003,1,0.021197,0.021389,0.002764,0.007453,-0.085703,-0.102388
4763,0,広島,2016-11-09,2019-04-24,74,170,0,3,13,31,1,-0.017647,-0.015989,-0.006677,-0.012608,0.073132,0.090865
4764,0,福岡,2016-11-15,2026-08-11,205,780,24,135,99,390,1,-0.056004,-0.049452,-0.017073,-0.014062,0.085366,0.069585
4765,0,福岡,2016-11-06,2026-08-11,134,953,15,121,51,372,1,-0.015027,-0.004682,-0.009749,-0.007577,0.006061,-0.009773
4766,0,群馬,2016-11-06,2026-08-11,339,1001,42,120,121,375,1,0.004014,-0.020565,-0.017693,-0.037592,0.095103,0.183706
4767,0,東京,2016-11-28,2021-04-16,32,178,2,8,4,22,1,0.017556,-0.003568,0.001404,-0.043409,0.031952,0.204790
4768,0,福岡,2016-11-29,2020-04-18,77,113,2,1,7,8,1,0.017124,0.027201,0.020113,0.028534,-0.039995,-0.078407
4769,0,東京,2016-11-01,2026-08-10,228,1267,53,294,146,760,1,0.000412,0.009690,0.040509,0.053430,-0.115053,-0.166566
4770,0,福岡,2016-11-01,2020-12-27,16,230,1,6,5,69,0,,,,,,
4771,0,広島,2016-11-01,2026-08-02,319,1552,71,346,186,915,1,-0.000368,0.007876,-0.006490,0.004526,0.101039,0.056829
4772,0,香川,2017-01-19,2026-08-08,120,1828,35,509,73,1158,1,0.013220,0.024802,-0.025146,-0.011199,0.029796,-0.025564
4773,0,福岡,2016-11-12,2026-08-11,211,1387,28,235,109,713,1,-0.036729,-0.026242,0.002529,0.013058,-0.030168,-0.076440
4774,0,福岡,2016-11-03,2019-06-25,71,152,4,9,26,43,1,-0.002872,0.024994,0.083302,0.114687,-0.164659,-0.293186
4775,0,静岡,2016-11-01,2026-08-11,195,1115,27,134,93,509,1,0.018282,0.018188,0.020421,0.019696,-0.063424,-0.059171
4776,0,香川,2016-11-01,2026-08-11,144,1852,30,449,86,1166,1,-0.034107,-0.039068,-0.032367,-0.032998,0.195584,0.205269
4777,0,山口,2016-11-01,2019-04-18,20,223,0,11,1,68,1,-0.049327,-0.040436,-0.254933,-0.237519,0.567489,0.502620
4778,0,佐賀,2016-11-01,2026-07-27,329,1107,27,131,127,491,1,-0.036271,-0.018367,-0.057523,-0.035837,0.279525,0.191389
4779,0,東京,2016-11-25,2026-08-11,198,650,11,46,60,245,1,-0.015214,-0.030012,-0.073893,-0.082811,0.202953,0.246415
4780,0,東京,2016-11-21,2024-12-26,201,542,17,23,64,175,1,0.042142,0.034481,-0.004470,-0.013059,-0.034817,0.002987
4781,0,東京,2016-11-01,2026-07-16,122,741,13,45,49,280,1,0.045829,0.037503,0.023772,0.014227,-0.304230,-0.264838
4782,0,岡山,2016-11-12,2026-08-11,314,1247,54,173,144,573,1,0.033242,0.041735,-0.000904,0.005319,0.000352,-0.028159
4783,0,山口,2017-06-10,2023-03-05,24,273,0,19,3,78,1,-0.069597,-0.067646,-0.160714,-0.161396,0.557234,0.557556
4784,0,広島,2016-11-12,2026-08-05,173,723,17,43,67,247,1,0.038791,0.046185,0.045651,0.049111,-0.186082,-0.204896
4785,0,愛知,2016-11-01,2026-08-11,161,880,6,51,58,326,1,-0.020687,-0.022653,-0.010206,-0.009907,0.021217,0.019447
4786,0,愛知,2016-11-09,2026-08-11,138,1582,32,419,83,1012,1,-0.032971,-0.010113,-0.038247,-0.015686,0.191026,0.093580
4787,0,群馬,2016-11-03,2026-08-11,527,1586,169,468,334,1011,1,0.025601,0.033987,-0.003677,0.002325,0.078268,0.050733
4788,0,大阪,2016-11-01,2026-08-05,308,1774,52,306,184,973,1,-0.003660,-0.004160,0.048925,0.055817,-0.093585,-0.117086
4789,0,福岡,2016-11-01,2026-07-24,232,1127,24,131,104,493,1,-0.012790,-0.009199,0.010831,0.017879,0.061079,0.033630
4790,0,兵庫,2016-11-03,2026-08-11,269,1543,44,292,138,812,1,-0.025673,-0.025601,-0.013236,-0.020161,0.063248,0.086726
4791,0,東京,2016-11-06,2026-07-19,232,1086,26,135,97,490,1,-0.012240,-0.010111,-0.033094,-0.030404,0.003826,-0.010130
4792,0,東京,2016-12-08,2026-06-02,241,720,23,56,101,250,1,0.017658,0.001240,0.071865,0.053467,-0.192502,-0.116573
4793,0,静岡,2016-12-07,2026-08-11,306,1613,59,334,166,919,1,-0.014257,-0.011239,-0.027262,-0.022177,0.118249,0.096751
4794,0,兵庫,2016-11-25,2026-08-10,319,1530,70,341,185,891,1,-0.003440,-0.000846,-0.002416,0.002569,0.055638,0.035577
4795,0,埼玉,2016-11-03,2016-11-08,0,9,0,0,0,1,0,,,,,,
4796,0,三重,2016-11-01,2026-08-09,447,1358,101,319,281,810,1,-0.008953,-0.007743,0.032170,0.033659,-0.063281,-0.069312
4797,0,三重,2016-11-01,2026-08-10,319,1304,54,262,160,666,1,-0.031641,-0.024991,-0.009169,-0.002382,0.052813,0.025819
4798,0,広島,2016-11-03,2026-08-08,348,1551,76,360,206,983,1,-0.013718,-0.005440,-0.041831,-0.028781,0.149075,0.097663
4799,0,大阪,2016-11-01,2020-06-23,60,215,1,7,17,47,1,-0.015891,-0.014462,0.064729,0.052688,-0.143411,-0.102390
4800,0,福井,2016-11-15,2024-10-30,96,713,4,33,20,190,1,-0.004617,0.006506,-0.058146,-0.035423,0.265954,0.179032
4801,0,福岡,2016-11-22,2017-08-14,0,63,0,6,0,25,0,,,,,,
4802,0,福岡,2016-11-03,2022-11-06,142,907,38,233,86,554,1,0.010715,-0.003374,-0.005171,-0.018475,-0.004053,0.052037
4803,0,福岡,2016-11-01,2026-08-10,164,893,8,46,37,273,1,-0.002731,0.021412,-0.080101,-0.058645,0.231974,0.135880
4804,0,三重,2016-11-12,2026-08-11,308,1548,93,403,182,922,1,0.041612,0.047918,-0.004698,0.004816,0.005160,-0.031924
4805,0,福岡,2016-11-07,2020-06-15,78,305,2,17,28,65,1,-0.030097,-0.010268,0.145860,0.144469,-0.422320,-0.432454
4806,0,大阪,2016-11-06,2022-04-22,74,373,1,12,6,43,1,-0.018658,-0.023375,-0.034200,-0.034494,0.098471,0.104394
4807,0,東京,2016-11-23,2021-12-21,96,136,6,0,18,12,1,0.062500,0.059294,0.099265,0.111202,-0.323529,-0.358401
4808,0,三重,2016-11-13,2026-08-04,315,1550,78,414,192,927,1,-0.019478,-0.013431,0.011459,0.020710,0.042488,0.005782
4809,0,埼玉,2016-11-09,2026-08-04,583,1033,85,150,314,547,1,0.000589,0.004836,0.009068,0.012160,-0.083774,-0.097695
4810,0,兵庫,2016-11-03,2018-06-20,50,123,0,0,5,12,1,0.000000,0.007851,0.002439,0.014175,0.035447,-0.007597
4811,0,広島,2016-11-01,2026-08-09,305,1607,39,239,146,753,1,-0.020855,-0.011243,0.010114,0.019513,0.010583,-0.029644
4812,0,徳島,2016-11-12,2026-08-10,134,1323,32,373,84,847,1,-0.043129,-0.035784,-0.013346,0.002385,0.097974,0.037248
4813,0,東京,2016-11-01,2026-08-11,221,843,19,66,83,278,1,0.007681,-0.001569,0.045791,0.034943,-0.145956,-0.099987
4814,0,愛知,2016-11-15,2021-01-06,51,318,4,13,12,61,1,0.037551,0.028261,0.043470,0.034230,-0.152238,-0.109216
4815,0,東京,2016-11-16,2026-08-10,170,982,16,83,63,398,1,0.009596,0.013000,-0.034707,-0.029554,0.050365,0.029243
4816,0,広島,2016-11-03,2026-08-02,376,1477,97,391,241,935,1,-0.006747,-0.009221,0.007918,0.000701,-0.015183,0.012154
4817,0,山口,2016-11-01,2026-07-31,220,1312,34,200,125,687,1,0.002106,0.004878,0.044554,0.040947,-0.069069,-0.059525
4818,0,東京,2016-11-16,2026-06-28,155,745,32,109,79,320,1,0.060143,0.058166,0.080147,0.090183,-0.295215,-0.326775
4819,0,群馬,2016-11-01,2026-08-11,307,1274,60,189,147,605,1,0.047088,0.045134,0.003945,0.001520,-0.130904,-0.121390
4820,0,福岡,2016-11-01,2021-06-26,92,274,0,9,13,42,1,-0.032847,-0.014740,-0.011980,0.014016,-0.013805,-0.122202
4821,0,香川,2016-11-08,2026-08-08,134,1509,22,200,67,775,1,0.031641,0.021004,-0.013585,-0.029248,-0.089537,-0.024762
4822,0,佐賀,2016-11-03,2026-08-08,527,1219,72,149,285,623,1,0.014391,0.024262,0.029722,0.044229,-0.133017,-0.193965
4823,0,香川,2016-11-01,2026-08-11,110,1292,24,343,67,841,1,-0.047298,-0.029558,-0.041838,-0.022921,0.315691,0.235133
4824,0,三重,2016-11-09,2026-08-08,378,1541,79,324,222,926,1,-0.001258,0.008247,-0.013607,-0.002811,0.056747,0.011855
4825,0,東京,2016-11-01,2026-08-11,122,1115,27,208,69,658,1,0.034764,0.030915,-0.024561,-0.022753,-0.036690,-0.037213
4826,0,大阪,2016-11-22,2026-08-09,300,1767,73,472,177,1111,1,-0.023786,-0.016642,-0.038749,-0.031974,0.158110,0.128198
4828,0,滋賀,2016-11-01,2026-08-09,361,1585,74,362,198,974,1,-0.023405,-0.014685,-0.066035,-0.056287,0.183830,0.141301
4829,0,広島,2016-11-07,2017-06-21,19,86,0,2,1,22,0,,,,,,
4830,0,静岡,2016-11-01,2019-11-25,43,197,0,6,7,44,1,-0.030457,-0.028816,-0.060560,-0.030476,0.178137,0.071183
4831,0,福岡,2016-11-09,2026-08-11,245,1351,60,321,153,870,1,0.007296,-0.006024,-0.019478,-0.028878,-0.000127,0.041060
4832,0,大阪,2016-11-01,2026-08-02,347,1668,91,431,244,1140,1,0.003855,-0.005607,0.019717,0.007872,-0.099137,-0.050018
4833,0,福井,2016-11-08,2021-10-22,102,505,10,43,32,177,1,0.012891,-0.005159,-0.036770,-0.056455,0.026364,0.113151
4834,0,大阪,2016-11-03,2026-08-05,279,1531,30,171,115,633,1,-0.004165,-0.003194,-0.001269,-0.003093,0.030725,0.036541
4835,0,広島,2016-11-03,2026-08-03,328,1377,30,110,149,577,1,0.011580,0.018875,0.035241,0.042736,-0.083827,-0.115986
4836,0,埼玉,2016-11-03,2026-08-05,471,840,81,99,212,357,1,0.054117,0.040335,0.025106,0.010374,-0.156309,-0.094013
4837,0,愛知,2016-11-01,2026-08-11,192,1249,18,106,66,451,1,0.008882,0.013972,-0.017339,-0.012978,0.066916,0.048208
4838,0,愛知,2016-11-05,2020-05-11,59,347,4,14,13,47,1,0.027451,0.014947,0.084892,0.064881,-0.300151,-0.219036
4839,0,徳島,2016-11-01,2026-08-10,108,1487,18,233,53,759,1,0.009975,0.022903,-0.019683,-0.018124,0.065462,0.050191
4840,0,静岡,2016-11-03,2026-08-11,296,954,22,76,103,344,1,-0.005340,0.001626,-0.012614,0.003945,0.013768,-0.048246
4841,0,岡山,2017-01-26,2021-12-13,77,500,8,34,24,133,1,0.035896,0.048407,0.045688,0.063611,-0.017455,-0.086426
4842,0,岡山,2016-11-08,2026-08-11,322,1318,40,165,173,661,1,-0.000966,0.000432,0.035750,0.034934,-0.106278,-0.104123
4843,0,群馬,2016-11-01,2024-04-18,258,652,35,48,108,185,1,0.062039,0.035848,0.134862,0.107066,-0.458969,-0.339820
4843,1,静岡,2024-05-25,2026-08-11,66,254,16,37,33,108,1,0.096755,0.079028,0.074803,0.061774,-0.251372,-0.189976
4844,0,広島,2016-11-12,2026-08-08,257,1302,17,107,93,451,1,-0.016033,-0.013450,0.015478,0.016315,-0.018439,-0.023603
4845,0,埼玉,2016-11-06,2026-08-11,360,1274,62,208,157,657,1,0.008957,0.016916,-0.079587,-0.070554,0.152712,0.114566
4846,0,山口,2016-11-01,2026-08-11,176,1162,14,107,58,412,1,-0.012537,-0.002782,-0.025016,-0.011232,0.062383,0.007070
4847,0,東京,2016-11-05,2026-08-10,234,1329,60,319,137,816,1,0.016380,0.020822,-0.028525,-0.022166,0.044230,0.017232
4848,0,福岡,2016-11-05,2026-08-11,240,1467,59,389,162,966,1,-0.019334,-0.014803,0.016513,0.018145,-0.016846,-0.027720
4849,0,福岡,2016-11-06,2019-07-11,26,303,2,15,8,84,1,0.027418,0.038758,0.030465,0.017266,-0.116781,-0.083808
4849,1,滋賀,2019-08-22,2022-08-15,43,97,2,5,15,34,1,-0.005035,0.009748,-0.001678,0.022218,0.008152,-0.087914
4850,0,愛知,2016-11-01,2026-08-11,241,1417,55,360,141,882,1,-0.025842,-0.019512,-0.037380,-0.025374,0.188245,0.141996
4851,0,群馬,2016-11-07,2026-08-11,527,1387,135,374,354,928,1,-0.013480,-0.002923,0.002657,0.012368,0.026363,-0.015425
4852,0,香川,2016-11-03,2026-08-11,184,1905,57,424,125,1172,1,0.087210,0.076487,0.064125,0.058159,-0.207229,-0.176019
4853,0,岡山,2016-11-01,2026-08-11,206,975,17,88,71,391,1,-0.007732,-0.007291,-0.056365,-0.059145,0.114598,0.121160
4854,0,東京,2016-11-06,2026-07-16,76,764,5,49,21,226,1,0.001653,-0.011319,-0.019496,-0.028116,0.010333,0.055640
4855,0,長崎,2016-11-03,2024-03-05,286,504,19,57,85,160,1,-0.046662,-0.020853,-0.020258,0.010355,0.151987,0.025313
4856,0,三重,2016-11-03,2026-08-11,427,1497,119,339,275,920,1,0.052236,0.047736,0.029466,0.025532,-0.134339,-0.115878
4857,0,兵庫,2016-11-23,2026-08-11,339,1231,62,265,182,726,1,-0.032381,-0.033132,-0.052891,-0.057738,0.174880,0.191606
4859,0,埼玉,2016-11-22,2020-10-15,192,282,13,15,47,66,1,0.014517,-0.003068,0.010749,-0.003939,-0.074246,-0.009538
4860,0,愛知,2016-12-01,2020-12-18,28,402,5,21,10,112,1,0.126333,0.135171,0.078536,0.069107,-0.230277,-0.203538
4861,0,福岡,2016-11-19,2026-08-11,224,1193,22,161,99,525,1,-0.036740,-0.015656,0.001897,0.021194,0.063421,-0.024014
4862,0,群馬,2016-11-18,2022-06-13,334,265,17,11,71,44,1,0.009389,-0.006818,0.046537,0.029961,-0.375878,-0.302497
4863,0,東京,2016-11-01,2026-08-08,195,844,21,72,81,326,1,0.022384,0.025224,0.029129,0.041040,-0.061854,-0.104901
4864,0,福岡,2016-11-18,2026-08-10,207,1057,12,89,64,358,1,-0.026230,-0.009993,-0.029516,-0.024978,0.151024,0.118746
4865,0,大阪,2016-11-25,2026-08-10,191,834,13,53,57,239,1,0.004514,0.000339,0.011859,0.013822,0.032600,0.032132
4866,0,福岡,2016-12-07,2026-07-29,173,879,17,75,75,311,1,0.012942,0.011051,0.079715,0.084649,-0.174949,-0.189467
4867,0,三重,2016-11-03,2020-09-22,80,341,1,12,12,76,1,-0.022691,0.007507,-0.072874,-0.025853,0.355462,0.163116
4868,0,福岡,2016-11-01,2020-12-20,101,350,5,15,28,84,1,0.006648,0.041647,0.037228,0.075685,-0.179180,-0.341844
4870,0,広島,2016-11-12,2021-12-19,121,679,10,78,43,286,1,-0.032230,-0.009407,-0.065836,-0.020841,0.275904,0.103113
4871,0,山口,2016-11-01,2026-08-11,167,1100,13,77,63,366,1,0.007844,0.017285,0.044518,0.059926,-0.022433,-0.084227
4872,0,広島,2016-11-01,2026-07-27,276,1463,31,149,120,679,1,0.010473,0.024277,-0.029332,-0.015570,0.100716,0.042890
4873,0,佐賀,2016-11-08,2026-08-03,450,1005,43,106,189,421,1,-0.009917,0.001007,0.001095,0.012023,-0.010680,-0.057745
4874,0,福岡,2016-11-06,2026-08-11,196,962,23,68,78,360,1,0.046661,0.028539,0.023739,-0.003466,-0.155427,-0.047612
4875,0,東京,2016-11-09,2026-08-03,219,1058,31,126,97,439,1,0.022460,0.009714,0.027989,0.017899,-0.232773,-0.184820
4876,0,福井,2016-11-03,2026-08-09,290,1204,40,125,119,449,1,0.034110,0.037437,0.037421,0.037308,-0.170426,-0.172565
4877,0,兵庫,2016-11-01,2026-08-11,246,1394,41,309,117,747,1,-0.054998,-0.035433,-0.060258,-0.031686,0.269249,0.153054
4878,0,徳島,2016-11-03,2026-08-11,94,1331,6,117,25,482,1,-0.024074,-0.022076,-0.096176,-0.086824,0.211383,0.170204
4879,0,佐賀,2016-11-12,2026-08-11,468,1058,53,135,210,451,1,-0.014351,-0.002125,0.022442,0.037597,-0.006018,-0.069637
4880,0,東京,2016-11-10,2026-08-11,268,943,23,111,109,444,1,-0.031889,-0.020385,-0.064121,-0.047937,0.191778,0.125617
4881,0,福岡,2016-11-16,2024-12-29,42,290,1,9,8,54,1,-0.007225,-0.002073,0.004269,0.008817,-0.116092,-0.135912
4882,0,埼玉,2016-11-01,2018-06-23,62,185,9,11,22,51,1,0.085702,0.060491,0.079163,0.058848,-0.292241,-0.204759
4882,1,広島,2020-04-14,2026-07-28,50,535,4,46,15,195,1,-0.005981,-0.000608,-0.064486,-0.051542,0.142617,0.091977
4883,0,東京,2016-11-10,2026-08-09,304,1086,55,171,163,530,1,0.023462,0.019599,0.048155,0.041537,-0.166970,-0.140739
4884,0,岡山,2016-11-01,2025-12-31,269,1734,40,264,119,778,1,-0.003550,0.004027,-0.006294,0.005452,-0.002961,-0.049364
4885,0,福岡,2016-11-06,2026-08-11,121,1120,33,346,71,732,1,-0.036201,-0.035332,-0.066795,-0.054639,0.244067,0.200284
4886,0,岡山,2016-11-07,2026-08-11,308,1479,58,336,188,906,1,-0.038869,-0.038374,-0.002186,-0.004159,0.046565,0.053733
4887,0,群馬,2017-01-02,2026-07-21,480,963,76,129,221,400,1,0.024377,0.017711,0.045048,0.037644,-0.112961,-0.081183
4888,0,群馬,2016-11-01,2026-08-11,560,1321,106,242,285,678,1,0.006091,0.003361,-0.004319,-0.007147,0.024604,0.037444
4889,0,東京,2016-11-03,2026-06-03,280,1022,44,147,106,422,1,0.013307,0.021961,-0.034344,-0.019846,0.134687,0.074600
4890,0,山口,2016-11-01,2026-08-09,128,1138,13,117,53,442,1,-0.001249,0.002411,0.025662,0.030101,-0.073361,-0.090769
4891,0,東京,2016-11-01,2026-07-30,263,1037,17,89,101,357,1,-0.021186,-0.028190,0.039768,0.034173,-0.040831,-0.017832
4892,0,福岡,2016-11-16,2026-08-11,204,1320,20,180,95,633,1,-0.038324,-0.019591,-0.013859,0.010051,0.142825,0.044533
4893,0,東京,2016-11-12,2026-08-11,143,1086,15,81,56,371,1,0.030309,0.021763,0.049988,0.046082,-0.151335,-0.131676
4894,0,香川,2016-11-01,2026-08-03,126,1465,8,124,45,535,1,-0.021150,-0.016228,-0.008045,-0.013611,0.037207,0.052061
4895,0,東京,2016-11-01,2026-08-11,184,1167,12,105,64,480,1,-0.024757,-0.026227,-0.063485,-0.062553,0.243159,0.241010
4896,0,山口,2016-11-01,2026-08-09,90,1038,5,91,30,361,1,-0.032113,-0.047049,-0.014451,-0.034629,0.006551,0.091654
4897,0,愛知,2016-11-15,2026-08-11,137,934,5,83,31,318,1,-0.052369,-0.046995,-0.114194,-0.100420,0.420724,0.367136
4898,0,埼玉,2016-11-06,2026-08-08,530,407,39,23,148,113,1,0.017074,-0.000176,0.001604,-0.022363,-0.032919,0.064775
4899,0,福岡,2016-11-01,2026-08-03,159,849,11,85,40,253,1,-0.030935,-0.015645,-0.046425,-0.027524,0.209058,0.132844
4900,0,埼玉,2016-11-01,2026-08-04,454,1252,69,207,209,613,1,-0.013353,-0.009434,-0.029264,-0.015886,0.129717,0.077753
4901,0,愛知,2016-11-03,2026-08-11,99,1219,17,192,47,579,1,0.014211,-0.003476,-0.000232,-0.014922,-0.062678,0.002863
4902,0,兵庫,2016-11-12,2026-08-11,359,1348,46,158,143,535,1,0.010923,0.004686,0.001444,-0.001289,-0.046990,-0.031888
4903,0,愛知,2016-11-03,2026-08-11,159,1377,37,322,103,798,1,-0.001137,-0.002770,0.068278,0.054374,-0.249503,-0.197940
4904,0,大阪,2016-11-01,2026-08-11,350,1458,42,197,142,659,1,-0.015117,-0.016700,-0.046275,-0.048873,0.162591,0.172644
4905,0,大阪,2016-11-03,2026-08-09,302,1407,25,110,90,491,1,0.004601,0.013880,-0.050956,-0.019008,0.141332,0.023349
4906,0,東京,2016-11-18,2026-08-09,253,1048,35,132,120,480,1,0.012386,0.012270,0.016293,0.027320,0.015444,-0.022968
4907,0,大阪,2016-11-23,2026-08-09,250,1619,76,471,156,1020,1,0.013080,0.010787,-0.006019,-0.005625,-0.024499,-0.024121
4908,0,大阪,2016-11-01,2026-08-11,431,1360,115,452,268,910,1,-0.065532,-0.057343,-0.047308,-0.034562,0.253757,0.203077
4909,0,岡山,2016-12-09,2026-08-11,198,1416,22,166,73,581,1,-0.006121,-0.001762,-0.041624,-0.044823,0.178309,0.185779
4910,0,愛知,2016-11-05,2026-08-11,193,1472,57,315,126,902,1,0.081342,0.069078,0.040078,0.021406,-0.221327,-0.145783
4911,0,東京,2016-11-01,2026-08-08,201,996,8,70,53,349,1,-0.030480,-0.023722,-0.086720,-0.069396,0.348454,0.279932
4912,0,福井,2016-11-08,2024-08-21,197,915,25,109,79,368,1,0.007778,0.018160,-0.001171,0.020186,0.129350,0.047064
4913,0,愛知,2016-11-12,2023-12-18,108,692,6,38,37,184,1,0.000642,0.002459,0.076697,0.088919,-0.191768,-0.236522
4914,0,愛知,2016-11-03,2026-08-02,189,1263,48,329,125,815,1,-0.006523,-0.019635,0.016087,-0.001549,0.007767,0.080067
4915,0,愛知,2016-11-01,2021-03-10,60,254,0,5,2,15,1,-0.019685,0.000322,-0.025722,0.008725,0.131759,-0.001490
4916,0,群馬,2016-11-03,2023-12-13,307,329,14,15,69,74,1,0.000010,-0.029266,-0.000168,-0.043481,-0.085403,0.090629
4917,0,兵庫,2016-11-01,2026-08-08,232,1350,6,89,49,404,1,-0.040064,-0.025246,-0.088052,-0.056622,0.415568,0.295542
4918,0,静岡,2016-11-15,2026-08-11,192,1167,18,108,71,390,1,0.001205,0.008535,0.035601,0.043536,-0.154643,-0.188273
4919,0,長崎,2016-11-19,2026-07-22,481,846,43,83,190,336,1,-0.008712,0.004684,-0.002153,0.013502,-0.029072,-0.096429
4920,0,大阪,2016-11-02,2023-04-27,158,532,3,28,21,110,1,-0.033644,-0.021047,-0.073856,-0.045065,0.313910,0.205314
4921,0,東京,2016-11-18,2022-06-19,89,375,5,13,17,75,1,0.021513,0.004541,-0.008989,-0.039987,0.160030,0.278270
4922,0,東京,2016-11-01,2018-09-11,51,45,0,0,0,0,1,0.000000,0.004249,0.000000,0.014380,-0.040523,-0.097865
4923,0,山口,2016-11-01,2023-12-18,8,478,0,3,0,52,0,,,,,,
4924,0,愛知,2016-12-10,2020-03-30,33,441,2,25,9,95,1,0.003917,0.009542,0.057308,0.050326,-0.098124,-0.072092
4924,1,長崎,2020-05-09,2026-08-02,172,605,9,46,51,221,1,-0.023707,-0.017258,-0.068778,-0.069311,0.227138,0.223597
4925,0,兵庫,2016-11-23,2026-08-11,332,1401,42,175,153,663,1,0.001595,-0.005329,-0.012390,-0.019769,0.077395,0.108134
4926,0,三重,2016-11-22,2026-08-10,322,1507,71,364,180,863,1,-0.021043,-0.013331,-0.013655,-0.010452,0.060896,0.042899
4927,0,大阪,2016-11-22,2026-08-05,236,1355,30,231,111,706,1,-0.043361,-0.030611,-0.050694,-0.040586,0.209431,0.163740
4928,0,東京,2016-11-18,2026-08-01,248,1269,65,348,139,778,1,-0.012135,-0.004996,-0.052597,-0.044784,0.174216,0.140871
4929,0,東京,2016-11-15,2024-04-06,125,452,0,2,11,42,1,-0.004425,-0.018364,-0.004920,-0.022318,0.132619,0.205625
4930,0,福井,2016-11-01,2026-08-08,249,1174,28,163,109,521,1,-0.026392,-0.021726,-0.006031,-0.003685,0.065441,0.052376
4931,0,香川,2016-11-01,2026-08-11,126,1678,21,304,73,925,1,-0.014501,-0.009670,0.028114,0.041964,-0.060285,-0.109957
4932,0,福岡,2016-11-19,2026-08-11,250,1338,64,371,152,850,1,-0.021280,-0.022486,-0.027277,-0.022793,0.186422,0.170925
4933,0,静岡,2016-11-25,2026-08-11,236,1453,55,332,141,862,1,0.004558,-0.006850,0.004202,-0.009373,-0.023995,0.032742
4934,0,大阪,2016-11-16,2026-08-04,249,1428,34,182,113,672,1,0.009095,0.018711,-0.016773,0.003613,0.092040,0.013229
4936,0,福岡,2017-01-08,2026-08-11,138,771,13,127,50,358,1,-0.070518,-0.042575,-0.102013,-0.067280,0.454689,0.308606
4937,0,山口,2016-11-01,2020-07-19,36,317,0,4,4,53,1,-0.012618,-0.031301,-0.056081,-0.087723,0.191816,0.323332
4938,0,佐賀,2017-10-20,2026-08-11,395,1263,69,231,188,638,1,-0.008214,-0.022682,-0.029197,-0.044022,0.051064,0.114313
4939,0,東京,2016-11-03,2026-08-08,165,1214,46,363,106,810,1,-0.020224,-0.001544,-0.024792,-0.011720,0.088668,0.026612
4940,0,東京,2016-11-17,2026-08-11,72,569,2,9,14,49,1,0.011961,-0.016491,0.108328,0.057568,-0.471270,-0.268265
4941,0,滋賀,2016-11-29,2026-07-24,190,1258,13,102,61,498,1,-0.012660,-0.002517,-0.074814,-0.057770,0.211949,0.144066
4942,0,福岡,2016-11-15,2026-08-11,139,973,12,69,46,358,1,0.015416,0.035688,-0.036999,0.001390,0.177801,0.029688
4943,0,愛知,2016-11-10,2026-08-11,216,1073,26,69,90,356,1,0.056065,0.045229,0.084887,0.077114,-0.338778,-0.301625
4944,0,東京,2016-11-05,2026-08-09,207,582,12,32,54,141,1,0.002988,0.002327,0.018602,0.026476,-0.003187,-0.031394
4945,0,東京,2016-11-22,2026-08-10,181,829,13,66,62,307,1,-0.007791,0.000475,-0.027784,-0.002515,0.192357,0.094531
4946,0,香川,2016-11-18,2025-01-09,115,955,5,47,27,263,1,-0.005736,-0.002360,-0.040610,-0.031783,0.137856,0.100512
4947,0,福岡,2016-11-15,2026-08-05,227,1010,10,57,64,330,1,-0.012383,-0.011159,-0.044794,-0.049957,0.185986,0.202825
4948,0,長崎,2016-11-05,2026-08-10,483,997,46,126,234,453,1,-0.031141,-0.021535,0.030109,0.042686,0.036675,-0.015331
4949,0,佐賀,2016-11-03,2026-08-10,474,1161,60,197,185,642,1,-0.043099,-0.021112,-0.162676,-0.128131,0.541071,0.403401
4950,0,山口,2016-11-09,2026-08-09,181,1273,30,183,82,596,1,0.021991,0.018804,-0.015147,-0.022458,-0.051364,-0.021614
4951,0,広島,2016-11-19,2026-08-08,326,1127,22,82,117,443,1,-0.005275,-0.006880,-0.034183,-0.035218,0.083685,0.087197
4952,0,福岡,2016-11-12,2026-08-10,224,779,12,47,64,209,1,-0.006762,0.006037,0.017422,0.038857,0.034419,-0.051313
4953,0,埼玉,2016-11-18,2026-08-10,555,1178,89,258,229,647,1,-0.058655,-0.039557,-0.136623,-0.111383,0.508674,0.406581
4954,0,東京,2016-11-05,2026-08-10,188,648,19,61,59,231,1,0.006928,0.010307,-0.042652,-0.024279,0.198713,0.131712
4955,0,広島,2016-11-19,2022-12-12,151,482,2,16,27,83,1,-0.019950,-0.026634,0.006609,-0.002705,-0.051290,-0.013952
4956,0,東京,2016-11-22,2026-05-09,169,675,3,34,30,203,1,-0.032619,-0.000008,-0.123226,-0.056868,0.536594,0.275141
4957,0,福岡,2016-11-26,2026-07-28,271,1097,21,130,92,461,1,-0.041014,-0.013877,-0.080754,-0.034442,0.271051,0.088087
4958,0,福岡,2016-11-12,2026-08-11,188,1246,32,215,107,661,1,-0.002339,0.014444,0.038651,0.061176,-0.055241,-0.148645
4959,0,大阪,2016-11-15,2026-08-02,326,1511,79,388,186,954,1,-0.014452,0.002637,-0.060818,-0.037872,0.237215,0.141906
4960,0,愛知,2016-11-21,2026-08-11,230,1588,51,396,122,1012,1,-0.027631,-0.011019,-0.106845,-0.077382,0.347317,0.230663
4961,0,福井,2016-11-17,2026-08-11,227,1517,55,339,135,874,1,0.018823,0.022996,0.018577,0.029149,-0.014328,-0.055356
4962,0,三重,2016-11-03,2026-08-08,403,1135,64,164,191,506,1,0.014316,0.009273,0.028130,0.027431,-0.113322,-0.109593
4963,0,広島,2016-11-07,2026-08-11,288,1426,52,278,144,688,1,-0.014395,-0.012148,0.017532,0.015883,-0.085349,-0.079985
4964,0,岡山,2016-11-22,2026-08-11,250,1127,43,205,128,584,1,-0.009899,-0.008988,-0.006190,-0.002343,-0.020092,-0.033538
4965,0,兵庫,2016-11-03,2026-08-11,142,675,4,52,33,197,1,-0.048868,-0.045402,-0.059457,-0.059622,0.323078,0.325224
4966,0,長崎,2016-11-05,2026-08-10,495,887,59,110,216,386,1,-0.004822,0.003179,0.001189,0.009326,-0.020751,-0.055311
4967,0,大阪,2016-11-15,2026-08-09,290,1361,41,268,149,776,1,-0.055535,-0.042089,-0.056376,-0.026204,0.289351,0.173239
4968,0,徳島,2017-05-20,2023-06-15,50,446,2,12,4,40,1,0.013094,-0.009105,-0.009686,-0.048273,0.114260,0.268143
4969,0,長崎,2017-05-13,2026-08-10,395,881,26,68,127,318,1,-0.011362,0.009627,-0.039434,-0.013638,0.157212,0.049373
4970,0,山口,2017-05-26,2024-12-05,84,398,4,6,15,35,1,0.032544,0.004510,0.090632,0.034301,-0.463149,-0.241937
4971,0,岡山,2017-05-11,2023-04-19,125,450,3,13,19,55,1,-0.004889,0.006867,0.029778,0.043055,-0.028889,-0.080628
4972,0,福井,2017-05-24,2020-03-22,60,180,0,0,0,1,1,0.000000,-0.002187,-0.005556,-0.012310,-0.016667,0.009274
4973,0,埼玉,2017-05-11,2026-06-18,455,796,51,71,161,314,1,0.022892,0.027582,-0.040626,-0.032223,0.113355,0.078722
4974,0,岡山,2017-05-11,2026-08-11,244,1107,32,133,91,410,1,0.011003,0.018764,0.002580,0.022445,0.050284,-0.026266
4976,0,東京,2017-05-03,2026-08-10,202,885,16,76,60,322,1,-0.006668,-0.005144,-0.066812,-0.057635,0.136248,0.102633
4977,0,大阪,2017-05-02,2026-08-09,247,1319,29,201,120,654,1,-0.034979,-0.019413,-0.010000,0.015538,0.054596,-0.049705
4978,0,広島,2017-05-02,2026-08-06,246,1175,20,89,77,388,1,0.005556,0.004533,-0.017205,-0.025089,0.040038,0.067385
4979,0,愛知,2017-05-23,2026-08-11,192,1129,22,108,81,441,1,0.018923,0.023054,0.031264,0.037173,-0.086240,-0.113047
4980,0,山口,2017-05-02,2026-08-11,200,1133,50,245,126,640,1,0.033760,0.015517,0.065128,0.033008,-0.289492,-0.164307
4981,0,佐賀,2017-05-20,2026-08-11,412,935,32,98,149,382,1,-0.027143,0.002529,-0.046906,-0.005031,0.229009,0.058076
4982,0,兵庫,2017-05-02,2026-08-11,207,796,12,47,61,252,1,-0.001074,0.006326,-0.021897,0.002344,0.079577,-0.010647
4983,0,愛知,2017-05-20,2026-08-11,184,1467,39,427,111,934,1,-0.079114,-0.077032,-0.033413,-0.028379,0.209378,0.187800
4984,0,静岡,2017-05-17,2026-08-11,257,1041,23,106,98,367,1,-0.012331,-0.016059,0.028777,0.028623,-0.163802,-0.160558
4985,0,山口,2017-05-02,2026-08-08,239,1204,44,226,123,661,1,-0.003607,-0.001209,-0.034359,-0.035605,0.045879,0.049112
4986,0,兵庫,2017-05-02,2024-06-16,187,457,5,23,15,59,1,-0.023590,-0.023642,-0.048889,-0.048563,0.250845,0.250019
4987,0,群馬,2017-05-05,2026-08-11,278,875,14,40,76,186,1,0.004645,-0.003554,0.060810,0.043724,-0.178068,-0.113603
4988,0,静岡,2017-05-05,2026-08-03,302,1026,36,93,98,308,1,0.028562,0.022891,0.024308,0.024605,-0.155364,-0.150201
4989,0,静岡,2017-05-05,2026-08-11,264,1027,59,179,153,522,1,0.049191,0.039926,0.071269,0.059428,-0.265649,-0.218832
4990,0,福岡,2017-05-14,2026-08-05,74,651,1,18,5,67,1,-0.014136,-0.008262,-0.035351,-0.016210,0.071532,-0.003375
4991,0,広島,2017-05-02,2026-08-09,231,1177,36,157,116,592,1,0.022454,0.012940,-0.000809,-0.003501,-0.013958,0.003025
4992,0,滋賀,2017-05-07,2026-08-02,257,918,21,97,71,294,1,-0.023952,-0.025520,-0.043997,-0.045930,0.041280,0.051364
4993,0,東京,2017-05-14,2024-05-06,73,508,2,26,13,90,1,-0.023784,-0.018186,0.000917,0.007491,0.031981,0.004300
4994,0,佐賀,2017-05-20,2026-08-11,351,1063,37,104,162,478,1,0.007577,0.003656,0.011868,0.010069,-0.087963,-0.078979
4995,0,東京,2017-11-09,2026-08-05,187,735,9,45,40,197,1,-0.013096,0.000536,-0.054123,-0.024841,0.254051,0.141420
4996,0,佐賀,2017-11-19,2021-07-14,168,134,0,1,13,11,1,-0.007463,0.011244,-0.004709,0.030914,0.065832,-0.075263
4997,0,埼玉,2017-11-21,2026-08-02,142,479,2,11,12,55,1,-0.008880,-0.030575,-0.030316,-0.072848,-0.005822,0.165788
4998,0,東京,2017-11-09,2026-08-08,128,962,11,125,48,363,1,-0.044000,-0.044508,-0.002339,0.004685,0.050432,0.027520
4999,0,愛知,2017-11-16,2023-08-10,62,396,2,8,9,40,1,0.012056,0.029165,0.044151,0.073365,-0.141414,-0.261294
5000,0,山口,2017-11-10,2026-08-08,172,857,15,59,53,287,1,0.018364,0.026801,-0.026750,-0.004397,0.042441,-0.044509
5001,0,岡山,2017-11-14,2022-10-23,153,499,6,23,36,98,1,-0.006876,-0.019677,0.038901,0.016428,-0.144708,-0.057631
5002,0,愛知,2017-11-16,2026-08-11,128,1166,21,209,68,578,1,-0.015183,-0.001948,0.035538,0.060931,-0.027538,-0.128345
5003,0,兵庫,2017-11-03,2026-08-11,264,1149,17,95,79,374,1,-0.018287,-0.026423,-0.026258,-0.040262,0.070546,0.126189
5004,0,大阪,2017-11-10,2026-08-03,250,990,27,120,97,393,1,-0.013212,-0.003426,-0.008970,0.010877,0.085939,0.009507
5005,0,埼玉,2017-11-16,2026-08-11,448,1000,47,142,181,507,1,-0.037089,-0.025168,-0.102982,-0.079084,0.351589,0.259629
5006,0,群馬,2017-11-16,2026-08-09,391,674,25,49,91,166,1,-0.008762,-0.012738,-0.013554,-0.010725,0.074840,0.069611
5007,0,東京,2017-11-09,2026-08-10,264,552,19,21,70,166,1,0.033926,0.031772,-0.035573,-0.023496,0.049242,0.006865
5008,0,福岡,2017-11-05,2026-08-05,202,792,10,64,47,287,1,-0.031303,0.012082,-0.129700,-0.052857,0.451958,0.145218
5009,0,福岡,2017-11-05,2026-07-24,156,885,16,102,49,328,1,-0.012690,0.007223,-0.056519,-0.015138,0.297914,0.137840
5010,0,三重,2017-11-05,2026-07-28,310,1053,33,102,106,426,1,0.009586,0.025612,-0.062623,-0.028667,0.198042,0.065699
5011,0,長崎,2017-11-08,2026-08-10,326,831,10,41,67,191,1,-0.018663,0.005482,-0.024322,0.010698,0.166552,0.024123
5012,0,福岡,2017-11-02,2026-08-11,168,798,16,111,58,353,1,-0.043860,-0.029933,-0.097118,-0.079362,0.350251,0.276031
5013,0,三重,2017-11-14,2026-07-23,192,1158,36,161,72,408,1,0.048467,0.041803,0.022668,0.007156,-0.234591,-0.176363
5014,0,佐賀,2017-11-19,2026-08-08,269,973,26,75,101,344,1,0.019573,0.032330,0.021919,0.047705,-0.164856,-0.266529
5015,0,広島,2017-11-14,2026-08-09,245,1360,38,275,133,793,1,-0.047104,-0.019311,-0.040231,0.007005,0.343773,0.155935
5016,0,兵庫,2017-11-03,2026-08-10,290,1133,48,196,136,581,1,-0.007475,-0.000942,-0.043832,-0.037143,0.164501,0.137073
5017,0,滋賀,2017-11-04,2026-08-11,348,1154,67,269,188,692,1,-0.040574,-0.018315,-0.059423,-0.023786,0.200567,0.058297
5018,0,福岡,2017-11-02,2026-07-31,171,982,19,189,86,556,1,-0.081353,-0.046066,-0.063267,-0.010443,0.315897,0.102622
5019,0,静岡,2017-11-14,2026-07-23,322,980,24,61,124,336,1,0.012289,-0.001349,0.042236,0.020398,-0.161402,-0.076130
5020,0,三重,2018-05-13,2026-08-09,214,717,9,54,47,199,1,-0.033258,-0.021078,-0.057919,-0.043340,0.160814,0.098623
5021,0,大阪,2018-05-28,2021-06-17,79,310,1,7,4,24,1,-0.009922,-0.011033,-0.026786,-0.017952,0.032830,0.002472
5022,0,福岡,2018-05-15,2026-08-03,134,830,6,60,30,260,1,-0.027513,0.000180,-0.089372,-0.035967,0.369538,0.160582
5023,0,東京,2018-05-16,2026-08-10,132,679,9,72,35,265,1,-0.037856,-0.008771,-0.125128,-0.067651,0.625619,0.401036
5024,0,福井,2018-05-23,2022-11-23,119,215,1,4,12,29,1,-0.010201,-0.010370,-0.034043,-0.023187,0.179637,0.139681
5025,0,徳島,2018-05-20,2024-12-14,90,575,6,27,17,102,1,0.019710,0.026956,0.011498,0.013842,-0.164444,-0.177947
5026,0,佐賀,2018-05-01,2026-08-11,274,933,58,234,138,540,1,-0.039125,-0.030772,-0.075129,-0.059574,0.291838,0.229903
5027,0,山口,2018-05-11,2026-06-03,129,813,15,56,39,260,1,0.047398,0.051985,-0.017478,0.000737,0.060013,-0.009706
5028,0,福岡,2018-05-07,2026-08-11,154,947,34,203,79,514,1,0.006418,0.015743,-0.029780,-0.002010,0.120229,0.017289
5029,0,福岡,2018-05-12,2026-08-11,174,1009,27,233,87,554,1,-0.075749,-0.048798,-0.049058,-0.023496,0.183441,0.073322
5030,0,群馬,2018-05-05,2024-12-07,158,460,3,5,16,34,1,0.008118,-0.011016,0.027353,-0.006130,-0.135828,-0.004302
5031,0,福岡,2018-05-12,2026-08-09,138,668,5,41,20,194,1,-0.025145,0.012675,-0.145492,-0.083746,0.606222,0.357720
5032,0,香川,2018-05-16,2026-08-09,123,1095,7,102,42,360,1,-0.036240,-0.045074,0.012696,-0.005149,-0.035483,0.032464
5033,0,愛知,2018-05-09,2026-08-10,198,1008,12,78,55,298,1,-0.016775,-0.005554,-0.017857,0.000167,0.006313,-0.065150
5034,0,静岡,2018-05-17,2026-08-11,250,1089,43,234,115,594,1,-0.042876,-0.031441,-0.085455,-0.057371,0.294994,0.186602
5035,0,埼玉,2018-05-10,2026-08-03,377,801,36,75,128,276,1,0.001858,0.005400,-0.005047,0.013000,0.048040,-0.017007
5036,0,大阪,2018-05-03,2026-08-09,177,1201,21,120,71,458,1,0.018727,0.021855,0.019781,0.030222,-0.140885,-0.179335
5037,0,香川,2018-05-16,2026-08-08,116,1105,16,169,49,493,1,-0.015010,-0.007567,-0.023740,0.000993,0.129513,0.036588
5038,0,福井,2018-05-23,2026-08-10,172,988,20,194,57,482,1,-0.080077,-0.038253,-0.156459,-0.072504,0.654905,0.322586
5039,0,愛知,2018-05-09,2026-07-23,148,1083,10,123,37,405,1,-0.046006,-0.019213,-0.123961,-0.071413,0.588468,0.379193
5040,0,山口,2018-05-20,2023-08-09,58,247,1,4,8,18,1,0.001047,-0.009958,0.065057,0.036274,-0.428242,-0.314575
5041,0,福岡,2018-05-15,2026-08-11,144,737,19,73,58,238,1,0.032894,0.042453,0.079847,0.100427,-0.253901,-0.334955
5042,0,埼玉,2018-05-10,2026-07-23,390,1055,67,258,204,650,1,-0.072755,-0.015697,-0.093037,-0.033446,0.371102,0.118464
5043,0,香川,2018-05-16,2026-08-08,136,1393,34,336,71,823,1,0.008794,0.029649,-0.068752,-0.044154,0.094918,-0.007245
5044,0,東京,2018-05-16,2026-08-08,182,729,27,96,70,285,1,0.016664,0.033558,-0.006331,0.031414,0.057583,-0.088865
5045,0,埼玉,2018-05-22,2026-08-11,251,1044,30,148,107,480,1,-0.022241,-0.023975,-0.033475,-0.042145,0.196765,0.227844
5046,0,大阪,2018-11-19,2026-08-03,213,980,3,78,48,316,1,-0.065507,-0.022278,-0.097097,-0.019604,0.466044,0.159202
5047,0,東京,2018-11-06,2026-08-11,134,621,9,79,37,286,1,-0.060050,-0.015997,-0.184428,-0.103026,0.740837,0.420784
5048,0,長崎,2018-11-21,2026-08-10,428,722,21,57,133,267,1,-0.029882,-0.005356,-0.059058,-0.018355,0.151688,-0.011398
5049,0,大阪,2018-11-19,2026-07-16,227,1083,21,160,100,506,1,-0.055227,-0.035231,-0.026692,0.010312,0.231088,0.085385
5050,0,滋賀,2018-11-18,2026-08-08,265,816,29,112,93,357,1,-0.027821,-0.013649,-0.086557,-0.061041,0.306641,0.203369
5051,0,埼玉,2018-11-15,2026-08-04,443,937,73,192,214,527,1,-0.040124,-0.020222,-0.079363,-0.045509,0.318087,0.183286
5052,0,大阪,2018-11-03,2026-07-10,63,548,2,25,7,101,1,-0.013874,0.012804,-0.073195,-0.034609,0.406355,0.253316
5053,0,福岡,2018-11-07,2026-08-11,137,632,6,68,29,212,1,-0.063799,-0.014885,-0.123764,-0.040026,0.578536,0.244576
5054,0,大阪,2018-11-19,2026-07-03,268,876,23,123,81,399,1,-0.054590,-0.025696,-0.153241,-0.098080,0.565290,0.348606
5055,0,長崎,2018-11-28,2026-08-10,421,844,39,125,162,379,1,-0.055468,-0.032832,-0.064254,-0.022945,0.253397,0.092309
5056,0,徳島,2018-11-26,2026-07-13,73,861,12,109,39,355,1,0.037787,0.001511,0.121935,0.070503,-0.322180,-0.115066
5057,0,大阪,2018-11-03,2026-08-05,163,994,18,154,55,383,1,-0.044500,-0.019431,-0.047889,-0.004709,0.282523,0.107477
5058,0,岡山,2018-11-21,2026-08-11,272,975,35,208,138,579,1,-0.084657,-0.053485,-0.086493,-0.042248,0.434137,0.253119
5059,0,香川,2018-11-17,2025-05-12,55,427,1,11,5,61,1,-0.007579,-0.003066,-0.051948,-0.034815,0.251650,0.186017
5060,0,兵庫,2018-11-08,2026-08-11,241,892,21,108,85,359,1,-0.033939,-0.017612,-0.049769,-0.026020,0.243534,0.146100
5061,0,愛知,2018-11-23,2026-07-16,176,746,12,42,35,159,1,0.011882,0.014691,-0.014273,-0.008827,-0.034837,-0.056493
5062,0,東京,2018-11-08,2022-08-03,80,135,0,0,8,7,1,0.000000,-0.023558,0.048148,-0.003983,-0.433333,-0.232098
5063,0,東京,2018-11-06,2026-08-08,158,639,14,45,53,207,1,0.018185,0.043232,0.011499,0.067417,0.000862,-0.216064
5064,0,山口,2018-11-19,2026-08-11,167,722,17,86,77,303,1,-0.017317,-0.015679,0.041410,0.041563,-0.079752,-0.076572
5065,0,群馬,2018-11-12,2026-08-11,438,670,47,73,137,264,1,-0.001649,0.009813,-0.081244,-0.050453,0.328931,0.212286
5066,0,埼玉,2018-11-15,2026-08-04,426,853,56,154,171,439,1,-0.049084,-0.040334,-0.113246,-0.098665,0.447746,0.390295
5067,0,山口,2018-11-17,2026-08-11,202,904,16,84,64,269,1,-0.013712,-0.000105,0.019265,0.045165,0.059143,-0.041294
5068,0,愛知,2018-11-10,2026-08-11,154,939,46,209,97,561,1,0.076124,0.074182,0.032426,0.043315,-0.217328,-0.251639
5069,0,群馬,2018-11-12,2026-08-05,279,796,19,81,71,276,1,-0.033658,-0.015357,-0.092253,-0.053305,0.424272,0.272700
5070,0,東京,2019-05-18,2026-08-10,147,506,16,28,51,148,1,0.053508,0.046704,0.054449,0.046783,-0.329394,-0.294286
5071,0,福岡,2019-05-11,2026-07-19,131,678,7,58,30,235,1,-0.032111,-0.018591,-0.117600,-0.098523,0.388694,0.313691
5072,0,埼玉,2019-05-09,2026-06-23,85,348,1,2,6,24,1,0.006018,-0.023345,0.001623,-0.042079,-0.136748,0.041977
5073,0,福岡,2019-05-25,2026-08-11,149,884,11,67,52,361,1,-0.001966,0.009718,-0.059378,-0.036919,0.186196,0.101088
5074,0,愛知,2019-05-10,2026-08-11,142,1041,10,82,39,317,1,-0.008348,-0.005990,-0.029867,-0.028080,0.128939,0.120387
5075,0,滋賀,2019-05-16,2026-08-11,173,1005,30,186,94,546,1,-0.011664,-0.003488,0.000069,0.006825,0.045990,0.013714
5076,0,静岡,2019-05-16,2026-08-11,210,767,17,65,50,241,1,-0.003793,0.004510,-0.076116,-0.062898,0.238337,0.188787
5077,0,埼玉,2019-05-16,2026-08-09,312,348,15,12,46,60,1,0.013594,0.013407,-0.024978,-0.017882,0.043877,0.020804
5078,0,三重,2019-05-25,2026-08-11,134,752,9,53,36,218,1,-0.003315,-0.018942,-0.021237,-0.052048,0.106085,0.225922
5079,0,静岡,2019-05-23,2026-07-12,269,846,21,76,68,295,1,-0.011768,-0.007200,-0.095912,-0.085986,0.336699,0.298523
5080,0,静岡,2019-05-16,2022-02-13,42,156,0,5,9,28,1,-0.032051,-0.021236,0.034799,0.055572,-0.083333,-0.167691
5081,0,福岡,2019-05-16,2026-07-01,164,756,13,86,56,334,1,-0.034488,-0.007250,-0.100336,-0.059382,0.284585,0.118392
5082,0,愛知,2019-05-16,2026-08-11,156,838,19,65,61,342,1,0.044229,0.039802,-0.017089,-0.022040,-0.078223,-0.057125
5083,0,山口,2019-05-19,2026-07-28,127,743,11,38,43,206,1,0.035470,0.038910,0.061328,0.071247,-0.203760,-0.240319
5084,0,佐賀,2019-05-01,2026-05-20,362,876,58,216,185,535,1,-0.086354,-0.054163,-0.099681,-0.050871,0.446940,0.251755
5085,0,福井,2019-05-22,2026-08-04,209,785,13,80,53,328,1,-0.039710,-0.019876,-0.164246,-0.125057,0.602127,0.448618
5086,0,長崎,2019-05-27,2026-08-10,279,538,17,46,81,172,1,-0.024570,-0.006097,-0.029380,0.009654,0.184888,0.033311
5087,0,埼玉,2019-05-16,2026-08-08,359,791,55,192,150,480,1,-0.089527,-0.062062,-0.189000,-0.145633,0.699376,0.525631
5088,0,大阪,2019-05-14,2026-08-11,181,1155,50,253,106,607,1,0.057195,0.045690,0.060094,0.060200,-0.222133,-0.214845
5089,0,愛知,2019-05-10,2026-08-08,178,960,32,184,113,574,1,-0.011891,0.007490,0.036915,0.054140,-0.021009,-0.095840
5090,0,群馬,2019-05-21,2026-08-11,405,606,40,58,127,235,1,0.003056,0.006024,-0.074209,-0.052428,0.260372,0.181974
5091,0,福井,2019-05-22,2026-08-09,84,746,10,121,36,330,1,-0.043151,-0.033703,-0.013788,0.015881,-0.000351,-0.116021
5092,0,福岡,2019-05-11,2026-08-04,166,764,23,128,68,350,1,-0.028985,-0.005057,-0.048477,-0.018470,0.152779,0.031267
5093,0,福岡,2019-05-16,2026-08-11,129,681,5,68,19,234,1,-0.061093,-0.009220,-0.196326,-0.092758,0.824096,0.417703
5094,0,東京,2019-05-12,2023-04-09,55,373,6,22,21,109,1,0.050110,0.040664,0.089593,0.077658,-0.236754,-0.184734
5095,0,東京,2019-11-07,2026-08-10,163,544,19,81,70,278,1,-0.032333,-0.005601,-0.081582,-0.037060,0.312229,0.135880
5096,0,東京,2019-11-07,2026-08-10,167,696,6,81,47,268,1,-0.080451,-0.056097,-0.103620,-0.071580,0.416030,0.286607
5097,0,大阪,2019-11-25,2020-05-02,16,37,0,0,0,0,0,,,,,,
5098,0,愛知,2019-11-25,2026-08-11,128,813,13,77,45,280,1,0.006852,0.012755,0.007159,0.007701,0.103196,0.099907
5099,0,広島,2019-11-06,2024-02-25,37,124,0,0,4,5,1,0.000000,-0.045016,0.067786,-0.015643,-0.526591,-0.198606
5100,0,群馬,2019-11-07,2026-08-09,398,394,20,27,76,100,1,-0.018277,-0.023067,-0.062852,-0.061403,0.215723,0.216916
5101,0,福岡,2019-11-19,2026-08-10,115,372,0,10,9,65,1,-0.026882,0.006647,-0.096470,-0.036884,0.418373,0.184810
5102,0,福岡,2019-11-12,2026-08-11,105,792,11,83,40,325,1,-0.000036,0.028416,-0.029401,0.018747,0.280808,0.089103
5103,0,埼玉,2019-11-27,2026-08-11,446,415,26,12,108,91,1,0.029380,0.033276,0.022875,0.038358,-0.039900,-0.095105
5104,0,福岡,2019-11-10,2026-08-11,141,538,15,87,56,237,1,-0.055327,-0.039325,-0.043357,-0.022978,0.248240,0.164195
5105,0,福岡,2019-11-10,2026-08-11,132,659,8,47,42,227,1,-0.010714,0.000629,-0.026279,-0.011889,0.202867,0.142851
5106,0,山口,2019-11-14,2026-08-11,75,679,6,70,15,263,1,-0.023093,0.016572,-0.187334,-0.118509,0.710928,0.438526
5107,0,福岡,2019-11-19,2026-07-28,137,595,7,27,22,150,1,0.005717,0.059969,-0.091517,0.019636,0.415985,-0.021573
5108,0,群馬,2019-11-07,2026-08-05,153,280,1,3,19,24,1,-0.004178,-0.016494,0.038469,0.026008,-0.144071,-0.090929
5109,0,岡山,2019-11-13,2026-08-11,247,875,14,63,96,326,1,-0.015320,-0.013977,0.016093,0.014264,-0.040814,-0.034822
5110,0,静岡,2019-11-30,2026-07-23,220,887,12,82,74,352,1,-0.037901,-0.010952,-0.060480,-0.012135,0.252521,0.060051
5111,0,岡山,2019-11-13,2026-08-11,204,865,19,99,80,358,1,-0.021314,0.004959,-0.021716,0.022869,0.142429,-0.032727
5112,0,埼玉,2019-11-27,2026-08-02,430,815,81,167,229,466,1,-0.016536,-0.002409,-0.039221,-0.020963,0.183992,0.108853
5113,0,岡山,2019-11-23,2026-05-14,94,622,3,18,11,87,1,0.002976,-0.004794,-0.022850,-0.047537,0.031675,0.124140
5114,0,福井,2019-11-22,2026-08-05,202,957,24,101,61,384,1,0.013274,0.030561,-0.099274,-0.068720,0.260767,0.137738
5115,0,滋賀,2019-11-19,2026-08-08,252,758,32,104,94,301,1,-0.010219,0.001050,-0.024082,-0.003297,0.051326,-0.030762
5116,0,福井,2019-11-25,2024-10-25,132,349,3,11,18,48,1,-0.008791,0.014116,-0.001172,0.053695,0.058131,-0.156357
5117,0,福岡,2019-11-22,2026-08-05,152,533,10,34,37,163,1,0.002000,0.009901,-0.062395,-0.054603,0.248716,0.213255
5118,0,佐賀,2019-11-22,2026-07-21,209,670,13,36,67,197,1,0.008470,0.009246,0.026544,0.011520,-0.231436,-0.178499
5119,0,福岡,2019-11-12,2022-03-19,68,72,0,0,0,0,1,0.000000,-0.016824,0.000000,-0.035503,0.026961,0.164410
5120,0,愛知,2019-11-09,2026-08-08,175,654,17,62,75,296,1,0.002342,-0.004930,-0.024028,-0.025292,0.001669,0.009516
5121,0,佐賀,2019-11-02,2026-08-11,288,899,70,241,158,562,1,-0.025020,-0.000623,-0.076528,-0.033220,0.362088,0.188956
5122,0,埼玉,2019-11-27,2026-07-13,273,628,24,37,85,179,1,0.028995,0.022038,0.026323,0.025471,-0.178461,-0.171626
5123,0,山口,2020-05-26,2026-08-05,123,540,7,18,27,113,1,0.023577,0.012035,0.010253,-0.000972,-0.031752,0.012870
5124,0,佐賀,2020-05-13,2026-08-11,257,444,7,23,52,124,1,-0.024564,0.008336,-0.076945,-0.016887,0.297446,0.058973
5125,0,愛知,2020-05-15,2026-08-11,97,696,16,93,38,328,1,0.031328,0.047919,-0.079512,-0.037983,0.038423,-0.123455
5126,0,兵庫,2020-05-02,2026-08-11,258,821,42,137,112,366,1,-0.004079,0.016040,-0.011689,0.020918,0.018573,-0.114301
5127,0,愛知,2020-05-02,2026-08-04,118,727,6,47,37,230,1,-0.013802,-0.029963,-0.002809,-0.043220,-0.094876,0.060923
5128,0,三重,2020-05-29,2026-08-11,203,465,12,17,51,102,1,0.022554,0.022603,0.031877,0.030636,-0.056931,-0.053739
5129,0,長崎,2020-05-22,2026-08-05,238,657,25,70,81,269,1,-0.001503,0.004210,-0.069101,-0.054034,0.272041,0.216640
5130,0,三重,2020-05-29,2026-08-04,206,737,4,38,40,196,1,-0.032143,0.001109,-0.071768,-0.012965,0.366930,0.132653
5131,0,福岡,2020-05-23,2026-08-09,110,577,3,22,20,115,1,-0.010856,0.022900,-0.017489,0.046485,0.219348,-0.034589
5132,0,埼玉,2020-05-22,2026-08-04,387,634,51,101,176,316,1,-0.027523,-0.016668,-0.043642,-0.029240,0.077568,0.018618
5133,0,東京,2020-05-09,2026-07-16,185,462,16,37,65,162,1,0.006400,0.009475,0.000702,0.022324,0.035580,-0.044514
5134,0,広島,2020-05-24,2026-08-04,211,604,23,66,72,258,1,-0.000267,0.035339,-0.085920,-0.026300,0.276059,0.037443
5135,0,東京,2020-05-09,2026-08-11,122,566,11,65,32,222,1,-0.024677,-0.009547,-0.129931,-0.096766,0.584313,0.458702
5136,0,香川,2020-05-12,2026-08-10,103,935,19,182,53,484,1,-0.010186,-0.006436,-0.003084,0.012129,0.112590,0.054674
5137,0,愛知,2020-05-15,2026-08-11,160,702,19,72,61,252,1,0.016186,0.022978,0.022276,0.037127,0.025552,-0.035135
5138,0,福岡,2020-05-23,2026-08-09,155,407,1,7,16,60,1,-0.010747,0.028060,-0.044194,0.016839,0.289673,0.044010
5139,0,愛知,2020-05-02,2026-07-21,117,664,18,126,54,339,1,-0.035913,-0.037543,-0.049004,-0.046548,0.251982,0.240301
5140,0,静岡,2020-05-01,2026-07-26,155,612,3,37,20,180,1,-0.041103,0.015478,-0.165085,-0.053286,0.787613,0.346897
5141,0,群馬,2020-05-01,2026-08-11,279,706,43,148,133,407,1,-0.055510,-0.030198,-0.099785,-0.054748,0.396276,0.218270
5142,0,佐賀,2020-05-13,2026-08-11,328,750,55,168,185,465,1,-0.056317,-0.029366,-0.055976,-0.012464,0.317276,0.143988
5143,0,徳島,2020-05-12,2026-08-09,81,766,4,30,21,186,1,0.010218,-0.003816,0.016439,0.008111,-0.004497,0.037779
5144,0,福岡,2020-05-18,2026-08-11,116,640,3,37,27,169,1,-0.031950,-0.015217,-0.031304,-0.011977,0.228017,0.147864
5145,0,山口,2020-05-06,2026-08-11,159,680,19,111,55,304,1,-0.043738,-0.009864,-0.101147,-0.051032,0.361737,0.158184
5146,0,山口,2020-05-26,2026-08-02,107,625,7,48,38,216,1,-0.011379,-0.005773,0.009540,0.013834,-0.061742,-0.083078
5147,0,埼玉,2020-11-12,2026-08-05,347,457,26,37,96,144,1,-0.006035,0.009149,-0.038441,0.002274,0.314115,0.158870
5148,0,福岡,2020-11-14,2026-07-31,94,596,8,43,38,170,1,0.012959,-0.022761,0.119020,0.053617,-0.440240,-0.181581
5149,0,東京,2020-11-12,2021-03-27,13,0,0,0,0,0,0,,,,,,
5150,0,群馬,2020-11-08,2026-08-11,269,621,43,104,107,288,1,-0.007621,0.018007,-0.065999,-0.011554,0.203461,-0.006599
5151,0,大阪,2020-11-04,2026-07-24,166,715,3,20,32,137,1,-0.009900,-0.007659,0.001163,0.005662,0.090614,0.069578
5152,0,福岡,2020-11-18,2026-08-08,123,494,3,21,17,113,1,-0.018120,0.032565,-0.090534,0.005303,0.453178,0.075963
5153,0,東京,2020-11-12,2026-08-11,98,593,3,28,18,131,1,-0.016605,-0.038125,-0.037237,-0.068580,0.242541,0.369745
5154,0,広島,2020-11-25,2026-08-10,180,683,14,45,58,187,1,0.011892,-0.000602,0.048430,0.013144,-0.258232,-0.125187
5155,0,福岡,2020-11-14,2026-08-11,111,548,12,56,38,179,1,0.005918,-0.012893,0.015700,-0.017339,-0.123529,0.008968
5156,0,福井,2020-11-18,2026-07-19,191,726,18,59,50,206,1,0.012974,0.028865,-0.021966,0.008856,0.161034,0.041725
5157,0,滋賀,2020-11-18,2026-08-11,191,582,9,48,46,166,1,-0.035354,-0.024605,-0.044386,-0.023487,0.133202,0.052571
5158,0,福岡,2020-11-18,2026-08-11,169,704,15,121,40,286,1,-0.083118,-0.036216,-0.169564,-0.084128,0.863947,0.521529
5159,0,愛知,2020-11-13,2024-05-12,54,264,2,11,7,31,1,-0.004630,0.012411,0.012205,0.025081,0.063552,0.001937
5160,0,福岡,2020-11-18,2026-08-08,131,704,9,90,41,294,1,-0.059139,-0.018547,-0.104637,-0.047249,0.448278,0.217027
5161,0,兵庫,2020-11-18,2026-08-11,109,815,13,139,47,365,1,-0.051286,-0.031935,-0.016660,0.015653,0.215118,0.087551
5162,0,福岡,2020-11-08,2026-02-20,98,521,3,18,21,106,1,-0.003937,-0.010706,0.010831,-0.009194,-0.151984,-0.075970
5163,0,山口,2020-11-02,2026-08-05,65,753,4,122,23,388,1,-0.100480,-0.073601,-0.161426,-0.116274,0.586556,0.406715
5164,0,福岡,2020-11-08,2026-08-02,72,486,0,6,5,31,1,-0.012346,-0.016168,0.005658,-0.028275,-0.156893,-0.031876
5165,0,岡山,2020-11-26,2026-08-11,153,775,8,38,35,243,1,0.003255,0.020992,-0.084790,-0.048707,0.231432,0.088571
5166,0,愛知,2020-11-06,2026-08-09,93,656,9,114,30,358,1,-0.077006,-0.067863,-0.223151,-0.203171,0.734133,0.654934
5167,0,埼玉,2020-11-12,2026-08-09,322,477,23,36,96,150,1,-0.004043,-0.004173,-0.016329,-0.000372,-0.001647,-0.054942
5168,0,大阪,2020-11-04,2024-10-12,72,186,0,3,4,19,1,-0.016129,-0.032967,-0.046595,-0.079987,0.086470,0.217051
5169,0,愛知,2020-11-06,2026-08-09,86,463,4,17,16,98,1,0.009795,0.018671,-0.025617,-0.010101,0.067005,0.004996
5170,0,岡山,2020-11-21,2026-08-11,155,741,7,59,35,251,1,-0.034461,-0.008454,-0.112925,-0.067377,0.381377,0.200125
5171,0,滋賀,2020-11-18,2025-10-15,78,518,1,31,9,117,1,-0.047025,-0.016472,-0.110484,-0.047656,0.471191,0.228465
5172,0,徳島,2020-11-13,2026-07-26,64,713,6,62,21,246,1,0.006793,0.029835,-0.016896,0.034313,0.059059,-0.143330
5173,0,香川,2020-11-26,2026-08-04,31,679,1,79,6,226,1,-0.084090,-0.073981,-0.139294,-0.121208,0.438976,0.364162
5174,0,静岡,2020-11-24,2026-08-11,190,669,35,87,96,272,1,0.054166,0.051921,0.098686,0.083248,-0.367029,-0.307109
5175,0,東京,2020-11-11,2026-08-11,148,411,8,23,32,117,1,-0.001907,0.017770,-0.068455,-0.023184,0.323683,0.148945
5176,0,山口,2021-05-28,2026-08-11,70,239,3,1,7,15,1,0.038673,0.042832,0.037238,0.047146,-0.126778,-0.165708
5177,0,福岡,2021-05-25,2026-08-11,180,557,5,26,31,142,1,-0.018901,-0.001959,-0.082715,-0.051904,0.379553,0.255754
5178,0,愛知,2021-05-13,2026-08-09,127,734,0,29,17,171,1,-0.039510,-0.010842,-0.099112,-0.047714,0.450514,0.251738
5179,0,兵庫,2021-05-14,2026-08-11,170,520,14,33,48,115,1,0.018891,0.009332,0.061199,0.032056,-0.222511,-0.112696
5180,0,山口,2021-05-27,2026-08-05,46,283,2,10,12,54,1,0.008143,-0.020498,0.070057,0.024226,-0.231449,-0.052235
5181,0,岡山,2021-05-08,2026-08-11,125,712,8,58,40,242,1,-0.017461,-0.019985,-0.019888,-0.024115,0.145899,0.162167
5182,0,埼玉,2021-05-21,2026-08-05,185,633,11,44,42,185,1,-0.010051,-0.007159,-0.065232,-0.055432,0.315734,0.280339
5183,0,三重,2021-05-21,2026-08-10,119,548,4,38,31,167,1,-0.035730,-0.013854,-0.044240,0.011927,0.276529,0.063199
5184,0,群馬,2021-05-13,2026-08-02,124,407,2,15,13,57,1,-0.020726,-0.044457,-0.035210,-0.060453,0.142387,0.250013
5185,0,福井,2021-05-09,2026-08-09,113,652,7,66,40,251,1,-0.039280,-0.025132,-0.030987,-0.004135,0.196455,0.089878
5186,0,東京,2021-05-03,2026-08-09,164,489,13,29,55,136,1,0.019964,0.045484,0.057247,0.111239,-0.099955,-0.309675
5187,0,福井,2021-05-09,2026-07-21,96,597,3,37,19,180,1,-0.030727,-0.007804,-0.103591,-0.049953,0.529418,0.324296
5188,0,兵庫,2021-06-18,2026-08-11,165,634,20,81,59,254,1,-0.006548,-0.000079,-0.043055,-0.024779,0.262919,0.192718
5189,0,岡山,2021-05-27,2026-08-11,134,663,18,44,58,205,1,0.067963,0.052127,0.123635,0.103461,-0.357241,-0.273832
5190,0,東京,2021-05-20,2026-08-09,131,441,10,28,32,135,1,0.012844,0.031885,-0.061848,-0.016898,0.244102,0.071773
5191,0,埼玉,2021-05-01,2026-08-08,354,616,68,150,161,368,1,-0.051416,-0.018902,-0.142600,-0.097414,0.411531,0.227930
5192,0,福岡,2021-06-24,2026-06-21,135,486,12,32,36,131,1,0.023045,0.022535,-0.002881,0.007903,-0.037860,-0.076252
5193,0,福岡,2021-05-15,2026-08-11,117,523,17,82,52,248,1,-0.011489,0.011668,-0.029743,0.003291,0.188753,0.053332
5194,0,埼玉,2021-05-21,2026-07-30,174,612,12,44,45,184,1,-0.002930,0.008468,-0.042033,-0.027497,0.187232,0.126938
5195,0,長崎,2021-05-06,2026-07-24,218,467,16,40,76,149,1,-0.012259,-0.002806,0.029566,0.031206,0.003310,-0.009786
5196,0,愛知,2021-05-28,2026-07-23,166,655,23,126,72,342,1,-0.053812,-0.040595,-0.088402,-0.069213,0.276593,0.196929
5197,0,愛知,2021-05-13,2026-08-11,112,624,11,100,42,274,1,-0.062042,-0.039545,-0.064103,-0.037679,0.272436,0.162507
5198,0,福岡,2021-05-15,2026-08-11,112,560,2,37,29,147,1,-0.048214,-0.041073,-0.003571,0.014636,0.167857,0.093443
5199,0,徳島,2021-05-15,2026-08-10,50,579,8,43,17,175,1,0.085734,0.115508,0.037755,0.083890,-0.066425,-0.251963
5200,0,福岡,2021-05-15,2026-08-11,72,285,0,2,2,21,1,-0.007018,0.017663,-0.045906,-0.015961,0.236842,0.114996
5201,0,東京,2021-05-20,2026-08-04,57,515,3,57,14,198,1,-0.058048,-0.010137,-0.138852,-0.033922,0.727065,0.320614
5202,0,大阪,2021-05-09,2024-09-03,76,335,1,14,7,72,1,-0.028633,0.018588,-0.122820,-0.029863,0.435389,0.074129
5203,0,福岡,2021-05-24,2026-08-11,125,609,5,36,34,181,1,-0.019113,0.004834,-0.025209,0.006840,0.180479,0.054742
5204,0,三重,2021-11-27,2026-08-11,77,436,2,23,15,105,1,-0.026778,-0.020992,-0.046020,-0.034303,-0.008072,-0.052917
5205,0,静岡,2021-11-23,2026-08-11,182,560,16,104,64,301,1,-0.097802,-0.052271,-0.185852,-0.102061,0.759753,0.428743
5206,0,岡山,2021-11-09,2026-07-12,170,619,6,48,32,183,1,-0.042250,-0.018427,-0.107403,-0.068328,0.411366,0.255240
5207,0,福岡,2021-11-12,2026-07-28,83,378,4,37,21,102,1,-0.049691,-0.024691,-0.016829,0.031179,0.365175,0.180437
5208,0,長崎,2021-11-20,2026-08-11,221,459,10,24,39,103,1,-0.007039,0.027143,-0.047930,0.005616,0.078264,-0.136537
5209,0,福岡,2021-11-24,2026-08-10,142,339,2,12,21,58,1,-0.021314,0.008056,-0.023204,0.025142,0.194877,0.002017
5210,0,福岡,2021-11-24,2026-08-11,133,486,7,37,29,172,1,-0.023500,0.013959,-0.135864,-0.065760,0.586714,0.311339
5211,0,愛知,2021-11-20,2026-08-04,118,508,1,17,12,107,1,-0.024990,-0.012579,-0.108935,-0.076538,0.483585,0.362712
5212,0,福岡,2021-11-12,2026-08-11,103,570,4,63,27,219,1,-0.071691,-0.027093,-0.122075,-0.051859,0.438648,0.158049
5213,0,群馬,2021-12-14,2026-07-23,165,620,13,68,45,229,1,-0.030890,-0.028575,-0.096628,-0.085838,0.288221,0.249056
5214,0,佐賀,2021-11-27,2026-08-11,227,422,11,20,44,125,1,0.001065,0.038416,-0.102376,-0.031349,0.484895,0.205796
5215,0,香川,2021-11-27,2025-06-06,10,168,0,6,0,40,0,,,,,,
5216,0,群馬,2021-11-03,2026-08-11,319,466,34,84,102,225,1,-0.073674,-0.030253,-0.163083,-0.087789,0.691223,0.389907
5217,0,岡山,2021-11-09,2026-07-24,148,640,27,137,87,372,1,-0.031630,-0.010747,0.006588,0.043329,0.053083,-0.091511
5218,0,香川,2021-11-27,2026-07-24,52,691,10,101,25,314,1,0.046143,0.025208,0.026355,-0.020837,-0.248191,-0.067989
5219,0,福岡,2021-11-16,2026-08-11,135,366,6,29,37,100,1,-0.034791,-0.012708,0.000850,0.043847,0.152034,-0.019475
5220,0,埼玉,2021-11-07,2026-08-01,249,548,28,102,104,269,1,-0.073682,-0.031982,-0.073205,-0.003574,0.388664,0.109902
5221,0,大阪,2021-11-10,2026-07-23,184,626,36,123,91,338,1,-0.000833,-0.011386,-0.045371,-0.059822,0.137345,0.196329
5222,0,広島,2021-11-16,2026-08-04,100,579,18,65,45,272,1,0.067737,0.037235,-0.019775,-0.054505,-0.203661,-0.056802
5223,0,福岡,2021-11-16,2026-08-11,134,535,4,40,23,152,1,-0.044916,0.003062,-0.112470,-0.025056,0.517980,0.173841
5224,0,香川,2021-11-05,2026-08-09,61,681,9,105,28,369,1,-0.006644,-0.010691,-0.082834,-0.089008,0.090922,0.116846
5225,0,埼玉,2021-11-27,2025-01-15,242,75,1,0,7,1,1,0.004132,-0.005618,0.015592,-0.001708,-0.074435,-0.004087
5226,0,東京,2021-11-07,2026-08-11,117,397,14,75,38,212,1,-0.069259,-0.025988,-0.209219,-0.127958,0.784559,0.464880
5227,0,福岡,2021-11-07,2026-07-28,69,312,4,5,9,34,1,0.041945,0.046643,0.021460,0.013619,-0.007386,0.015885
5228,0,東京,2021-11-20,2026-08-11,79,466,10,79,34,222,1,-0.042946,-0.018354,-0.046015,0.006726,0.101999,-0.103148
5229,0,滋賀,2021-11-23,2026-08-03,161,547,10,67,39,222,1,-0.060374,-0.024237,-0.163614,-0.094080,0.845935,0.572462
5230,0,愛知,2021-11-13,2026-08-11,78,437,5,22,15,83,1,0.013759,0.029718,0.002376,0.029135,0.034677,-0.068896
5231,0,山口,2021-11-16,2026-07-30,69,433,6,37,18,116,1,0.001506,0.002580,-0.007029,-0.005015,0.034609,0.025990
5232,0,愛知,2022-05-13,2026-08-11,87,528,3,43,24,179,1,-0.046957,-0.029373,-0.063153,-0.045937,0.373694,0.299706
5233,0,大阪,2022-05-20,2023-05-04,17,101,0,1,1,6,0,,,,,,
5234,0,群馬,2022-05-02,2026-08-11,243,455,38,72,96,222,1,-0.001863,0.025759,-0.092850,-0.034629,0.312549,0.086694
5235,0,大阪,2022-05-20,2026-08-09,106,283,2,13,11,28,1,-0.027068,-0.001292,0.004834,0.059574,0.085106,-0.129152
5236,0,岡山,2022-05-28,2025-11-23,116,429,0,10,9,52,1,-0.023310,-0.007729,-0.043626,-0.002161,0.232497,0.071103
5236,1,広島,2025-12-10,2026-07-27,33,105,1,7,15,39,1,-0.036364,-0.036446,0.083117,0.101063,-0.396537,-0.462948
5237,0,福岡,2022-05-19,2026-08-05,75,303,2,21,11,78,1,-0.042640,0.004784,-0.110759,-0.041426,0.478812,0.198062
5238,0,山口,2022-05-16,2026-07-28,63,480,9,50,23,160,1,0.038690,0.019233,0.031746,-0.002385,-0.156250,-0.020464
5239,0,福岡,2022-05-06,2026-07-28,53,362,4,38,14,152,1,-0.029501,0.010831,-0.155739,-0.077698,0.555509,0.260296
5240,0,福岡,2022-05-06,2026-07-26,82,404,3,31,16,119,1,-0.040147,0.004361,-0.099433,-0.033790,0.456411,0.192112
5241,0,香川,2022-05-16,2026-07-30,57,607,1,49,7,198,1,-0.063181,-0.023705,-0.203387,-0.141311,1.001792,0.754426
5242,0,埼玉,2022-05-26,2026-07-13,241,277,6,8,31,65,1,-0.003985,0.021843,-0.106026,-0.050715,0.317525,0.105063
5243,0,広島,2022-05-14,2026-08-04,153,540,9,59,30,200,1,-0.050436,0.002358,-0.174292,-0.087019,0.775381,0.427059
5244,0,福岡,2022-05-19,2026-08-09,82,406,4,18,8,86,1,0.004446,0.031767,-0.114262,-0.063382,0.395951,0.198294
5245,0,愛知,2022-05-13,2026-08-08,89,502,5,39,12,153,1,-0.021509,0.007477,-0.169949,-0.130930,0.428511,0.272383
5246,0,埼玉,2022-05-26,2026-08-09,151,402,13,47,48,151,1,-0.030823,-0.011447,-0.057741,-0.028119,0.220125,0.101113
5247,0,兵庫,2022-05-21,2026-08-11,237,438,5,18,46,107,1,-0.019999,0.003519,-0.050199,-0.002787,0.118924,-0.062548
5248,0,静岡,2022-05-28,2026-08-11,91,439,4,22,23,128,1,-0.006158,0.009139,-0.038825,-0.013601,0.096673,-0.002990
5249,0,徳島,2022-05-26,2026-08-10,50,532,6,32,13,140,1,0.059850,0.049326,-0.003158,-0.009028,-0.069925,-0.043322
5250,0,長崎,2022-05-26,2026-08-02,156,320,8,6,39,42,1,0.032532,0.031785,0.118750,0.098032,-0.323638,-0.248954
5251,0,福井,2022-05-13,2026-07-30,107,395,0,4,6,24,1,-0.010127,-0.014656,-0.004685,-0.017446,0.018053,0.068076
5252,0,愛知,2022-05-13,2026-08-11,108,609,5,75,31,243,1,-0.076856,-0.039732,-0.111978,-0.042893,0.589856,0.316320
5253,0,東京,2022-05-19,2026-08-11,106,208,2,11,11,38,1,-0.034017,-0.007566,-0.078919,-0.028216,0.494557,0.292842
5254,0,愛知,2022-05-19,2026-07-24,71,291,1,9,16,61,1,-0.016843,-0.021041,0.015730,0.010327,0.101157,0.125900
5255,0,滋賀,2022-05-21,2026-07-23,168,541,27,89,83,276,1,-0.003796,0.004738,-0.016119,-0.002203,0.048763,-0.004372
5256,0,三重,2022-05-01,2026-07-23,156,573,31,105,73,281,1,0.015472,0.036394,-0.022453,0.024865,0.018996,-0.165036
5257,0,香川,2022-05-16,2026-08-10,51,733,6,113,23,334,1,-0.036514,0.001017,-0.004681,0.036776,0.036541,-0.138620
5258,0,福岡,2022-05-26,2026-08-11,60,278,3,20,10,78,1,-0.021942,0.024494,-0.113909,-0.046394,0.670743,0.397761
5259,0,埼玉,2022-11-03,2026-08-10,239,251,3,9,26,41,1,-0.023304,-0.013433,-0.054560,-0.023095,0.227708,0.113074
5260,0,大阪,2022-11-18,2024-02-08,50,71,1,0,2,0,1,0.020000,0.033845,0.040000,0.053417,-0.104225,-0.162840
5261,0,長崎,2022-11-18,2026-08-11,163,384,7,30,25,95,1,-0.035180,-0.009352,-0.094022,-0.038847,0.342919,0.123497
5262,0,愛知,2022-11-19,2026-08-03,60,422,1,17,12,132,1,-0.023618,-0.016351,-0.112796,-0.108930,0.236967,0.220811
5263,0,福岡,2022-11-19,2026-08-11,85,279,4,17,19,82,1,-0.013873,0.023566,-0.070377,-0.006460,0.333038,0.074123
5264,0,兵庫,2022-11-24,2026-07-18,111,406,10,25,36,107,1,0.028514,0.032322,0.060778,0.059249,-0.264923,-0.259531
5265,0,香川,2022-11-22,2026-08-08,53,534,1,21,4,99,1,-0.020458,-0.024725,-0.109922,-0.123237,0.384001,0.435718
5266,0,愛知,2022-11-19,2026-08-11,87,419,3,23,16,87,1,-0.020410,-0.009213,-0.023729,-0.008756,0.105314,0.042318
5267,0,大阪,2022-11-03,2026-08-09,164,517,43,146,83,311,1,-0.020203,-0.000879,-0.095450,-0.061145,0.374145,0.237670
5268,0,福岡,2022-11-19,2026-08-11,105,244,2,3,12,28,1,0.006753,0.065027,-0.000468,0.110239,0.186144,-0.248511
5269,0,静岡,2022-11-17,2026-08-11,85,488,13,79,35,177,1,-0.008944,0.016080,0.049060,0.096884,0.023602,-0.166660
5270,0,佐賀,2022-11-25,2026-08-11,232,282,17,14,51,75,1,0.023630,0.042759,-0.046130,-0.017436,0.124236,0.005612
5271,0,福岡,2022-11-19,2026-08-04,65,350,2,17,10,89,1,-0.017802,0.045257,-0.100440,-0.010029,0.460000,0.089179
5272,0,愛知,2022-11-24,2026-07-24,27,377,1,24,5,86,1,-0.026623,0.012940,-0.042932,0.021067,0.156793,-0.101472
5273,0,兵庫,2022-11-12,2026-08-11,141,455,4,33,17,119,1,-0.044159,-0.020689,-0.140971,-0.107276,0.418393,0.283338
5274,0,福岡,2022-11-08,2026-07-01,82,331,8,32,19,105,1,0.000884,0.039046,-0.085513,-0.000430,0.340211,0.010287
5275,0,三重,2022-11-19,2026-07-23,113,504,9,73,35,209,1,-0.065195,-0.027137,-0.104948,-0.048235,0.545407,0.316873
5276,0,福岡,2022-11-08,2026-08-11,117,442,11,38,41,182,1,0.008044,0.047776,-0.061337,0.016761,0.248869,-0.055988
5277,0,福岡,2022-11-22,2026-08-11,96,487,6,39,26,167,1,-0.017582,0.015942,-0.072082,-0.014449,0.290105,0.066915
5278,0,徳島,2022-11-03,2026-07-24,30,533,9,108,16,261,1,0.097373,0.129430,0.043652,0.076831,-0.427205,-0.573105
5279,0,東京,2022-11-08,2026-08-10,66,310,3,37,12,136,1,-0.073900,-0.022649,-0.256891,-0.145980,1.072043,0.637192
5280,0,滋賀,2022-11-12,2026-08-04,146,423,14,51,58,201,1,-0.024677,-0.001995,-0.077917,-0.039175,0.353460,0.201195
5281,0,徳島,2022-11-10,2026-08-11,50,602,10,78,26,255,1,0.070432,0.043750,0.096412,0.071875,-0.250498,-0.143311
5282,0,福井,2022-11-22,2026-08-04,122,328,10,29,29,100,1,-0.006447,0.025086,-0.067173,0.002139,0.272891,0.003334
5283,0,東京,2022-11-12,2026-07-28,81,229,5,4,11,29,1,0.044261,0.054367,0.009165,0.043051,-0.101030,-0.232855
5284,0,福岡,2023-05-23,2026-08-03,108,201,3,5,14,22,1,0.002902,0.013211,0.020177,0.039671,-0.018242,-0.095958
5285,0,東京,2023-05-20,2026-07-29,105,333,1,11,8,47,1,-0.023509,0.021959,-0.064951,0.015862,0.399399,0.086651
5286,0,福岡,2023-05-06,2026-08-11,88,318,1,27,20,112,1,-0.073542,-0.033957,-0.124929,-0.053869,0.572256,0.292756
5287,0,埼玉,2023-05-24,2026-07-27,57,340,4,9,12,60,1,0.043705,0.035402,0.034056,0.011922,-0.150361,-0.066428
5288,0,埼玉,2023-05-02,2026-08-04,147,238,3,9,22,40,1,-0.017407,0.007236,-0.018407,0.037970,0.275710,0.056648
5289,0,大阪,2023-05-01,2026-08-04,69,528,4,49,24,219,1,-0.034832,0.001298,-0.066947,0.008943,0.359354,0.060279
5290,0,東京,2023-05-20,2026-07-14,82,260,0,7,5,37,1,-0.026923,0.015646,-0.081332,0.006215,0.618011,0.276930
5291,0,香川,2023-05-21,2026-08-05,31,458,1,5,6,77,1,0.021341,0.030468,0.025426,0.037149,-0.239118,-0.287019
5292,0,東京,2023-05-20,2026-08-11,59,314,1,14,10,75,1,-0.027637,-0.006725,-0.069362,-0.009793,0.362032,0.138123
5293,0,静岡,2023-05-18,2026-08-11,101,312,2,11,14,52,1,-0.015454,-0.013615,-0.028053,-0.019948,0.274372,0.242299
5294,0,静岡,2023-05-18,2026-08-11,114,392,6,17,18,78,1,0.009264,0.034562,-0.041085,0.012053,0.271482,0.062156
5295,0,大阪,2023-05-10,2026-07-12,130,368,5,22,21,71,1,-0.021321,-0.030922,-0.031396,-0.054801,0.276714,0.364850
5296,0,愛知,2023-05-20,2026-07-12,52,405,3,27,10,93,1,-0.008974,-0.015671,-0.037322,-0.043529,0.245252,0.271310
5297,0,兵庫,2023-05-10,2026-08-11,115,349,1,4,7,36,1,-0.002766,0.024195,-0.042282,0.004651,0.098144,-0.088710
5298,0,香川,2023-05-03,2026-08-09,23,499,2,103,6,261,1,-0.119456,-0.094647,-0.262177,-0.226759,0.900148,0.764526
5299,0,香川,2023-05-03,2026-08-04,29,474,3,47,12,178,1,0.004292,-0.001274,0.038266,0.018643,-0.201950,-0.127964
5300,0,愛知,2023-05-20,2026-08-03,93,357,1,11,6,35,1,-0.020060,0.032488,-0.033523,0.078291,0.104093,-0.329960
5301,0,群馬,2023-05-07,2026-08-11,226,345,11,29,52,102,1,-0.035385,-0.004709,-0.065564,-0.002918,0.267500,0.026610
5302,0,大阪,2023-05-01,2026-07-26,123,252,3,10,16,50,1,-0.015292,0.015643,-0.068331,-0.009975,0.292199,0.062617
5303,0,福岡,2023-05-06,2026-08-11,33,369,4,41,17,154,1,0.010101,0.008901,0.097807,0.112028,-0.402316,-0.451301
5304,0,群馬,2024-03-05,2026-08-09,145,68,0,1,4,6,1,-0.014706,-0.025514,-0.060649,-0.068519,0.100000,0.139042
5305,0,愛知,2023-05-20,2026-06-24,93,222,0,2,4,12,1,-0.009009,-0.006092,-0.011043,0.007661,0.125254,0.054552
5306,0,群馬,2023-05-27,2026-06-23,112,382,1,5,6,42,1,-0.004160,-0.024015,-0.056376,-0.081717,0.259817,0.364494
5307,0,佐賀,2023-05-09,2026-08-11,153,328,11,27,48,99,1,-0.010422,0.026836,0.011896,0.059823,0.033676,-0.164125
5308,0,福岡,2023-05-23,2026-08-11,63,321,0,16,9,87,1,-0.049844,0.010091,-0.128171,-0.021308,0.604361,0.178347
5309,0,長崎,2023-05-06,2026-08-01,171,215,1,5,8,18,1,-0.017408,-0.002734,-0.036937,-0.006634,0.233021,0.109774
5310,0,岡山,2023-05-18,2026-08-11,49,297,0,11,3,69,1,-0.037037,-0.000709,-0.171099,-0.104351,0.618223,0.351575
5311,0,山口,2023-11-09,2026-07-28,38,290,2,25,8,85,1,-0.033575,-0.005648,-0.082577,-0.036671,0.447187,0.261607
5312,0,佐賀,2023-11-21,2026-08-11,160,184,4,8,18,24,1,-0.018478,0.015992,-0.017935,0.046404,0.162500,-0.091041
5313,0,群馬,2023-11-15,2026-07-25,149,190,6,8,29,48,1,-0.001837,0.016895,-0.058001,-0.013066,0.085729,-0.092336
5314,0,東京,2023-11-18,2026-08-11,52,209,0,2,2,17,1,-0.009569,0.018098,-0.042878,0.022247,0.140596,-0.112556
5315,0,埼玉,2023-11-26,2026-08-11,195,198,8,5,24,27,1,0.015773,0.016496,-0.013287,0.006111,0.103341,0.033045
5316,0,静岡,2023-11-07,2026-08-11,107,301,2,23,29,112,1,-0.057720,-0.015560,-0.101065,-0.032722,0.450275,0.173938
5317,0,岡山,2023-11-02,2026-08-11,124,326,7,16,49,90,1,0.007372,-0.008153,0.119088,0.101880,-0.359687,-0.286450
5318,0,愛知,2023-11-17,2026-08-11,42,325,2,7,7,48,1,0.026081,0.037880,0.018974,0.066713,0.057656,-0.122937
5319,0,愛知,2023-11-17,2026-07-06,46,308,4,27,18,89,1,-0.000706,-0.029965,0.102343,0.049950,-0.318888,-0.119623
5320,0,群馬,2023-11-15,2026-08-11,128,273,2,4,7,26,1,0.000973,0.004104,-0.040551,-0.023894,0.256296,0.196160
5321,0,愛知,2023-11-17,2026-08-11,43,295,1,29,12,108,1,-0.075049,-0.030912,-0.087032,-0.008557,0.338668,0.032562
5322,0,埼玉,2023-11-07,2026-08-11,85,213,2,2,7,15,1,0.014140,0.025299,0.011930,0.032720,-0.060260,-0.143913
5323,0,滋賀,2023-11-05,2026-08-02,89,304,1,22,14,103,1,-0.061132,-0.026233,-0.181512,-0.099795,0.486916,0.169932
5324,0,兵庫,2023-11-10,2026-08-11,44,242,1,1,2,7,1,0.018595,-0.015962,0.016529,-0.044069,-0.150826,0.085735
5325,0,大阪,2023-11-05,2026-07-27,98,323,2,25,19,110,1,-0.056991,-0.022226,-0.146680,-0.077088,0.694099,0.420486
5326,0,香川,2023-11-05,2026-07-30,38,380,1,19,5,82,1,-0.023684,0.000217,-0.084211,-0.042661,0.213158,0.051246
5327,0,埼玉,2023-11-07,2026-07-26,65,226,0,0,0,6,1,0.000000,0.015806,-0.026549,0.010708,0.176310,0.035553
5328,0,福岡,2023-11-09,2026-08-11,62,237,0,9,3,55,1,-0.037975,0.021893,-0.183680,-0.070474,0.689193,0.242036
5329,0,兵庫,2023-11-10,2026-08-11,84,300,6,20,19,97,1,0.004762,0.012103,-0.097143,-0.079234,0.150000,0.074259
5330,0,福岡,2023-11-09,2026-08-11,55,320,4,69,11,171,1,-0.142898,-0.094146,-0.334375,-0.235552,0.995455,0.606379
5331,0,東京,2023-11-24,2026-08-11,38,213,0,20,6,58,1,-0.093897,-0.039219,-0.114406,0.006713,0.527675,0.057667
5332,0,静岡,2023-11-23,2026-08-11,77,313,5,10,19,67,1,0.032986,0.018642,0.032696,0.003315,-0.255757,-0.139680
5333,0,兵庫,2023-11-10,2026-08-11,65,278,2,20,9,60,1,-0.041173,-0.023083,-0.077366,-0.052843,0.324350,0.217983
5334,0,徳島,2023-11-06,2026-07-19,31,431,2,6,3,46,1,0.050595,0.068739,-0.009954,0.029429,-0.080982,-0.236471
5335,0,長崎,2023-11-19,2026-08-02,116,292,1,6,9,41,1,-0.011927,0.008945,-0.062825,-0.019835,0.322863,0.157924
5336,0,山口,2023-11-22,2026-08-11,63,237,0,3,1,22,1,-0.012658,-0.001773,-0.076954,-0.059221,0.327707,0.258114
5337,0,福岡,2023-11-09,2026-07-27,48,210,1,10,3,48,1,-0.026786,-0.015473,-0.166071,-0.128265,0.610714,0.455082
5338,0,福岡,2024-05-07,2026-08-11,55,195,0,12,6,55,1,-0.061538,-0.015228,-0.172960,-0.075841,0.718881,0.331333
5339,0,香川,2024-05-29,2026-07-22,32,277,1,23,5,103,1,-0.051782,-0.005379,-0.215591,-0.115133,0.629738,0.237925
5340,0,愛知,2024-05-25,2026-08-11,65,299,3,6,18,70,1,0.026087,0.022458,0.042809,0.033786,-0.111037,-0.076169
5341,0,群馬,2024-05-01,2026-07-27,154,110,0,3,7,10,1,-0.027273,-0.009076,-0.045455,-0.012331,0.057143,-0.071936
5342,0,山口,2024-05-26,2026-08-02,17,181,0,2,1,8,0,,,,,,
5343,0,広島,2024-05-17,2026-08-10,85,255,3,4,20,49,1,0.019608,0.025340,0.043137,0.053424,-0.164706,-0.207365
5344,0,滋賀,2024-05-01,2026-08-02,90,264,4,21,12,74,1,-0.035101,-0.021508,-0.146970,-0.113577,0.706061,0.576602
5345,0,愛知,2024-05-24,2026-08-04,43,256,1,3,4,18,1,0.011537,0.014724,0.022711,0.049589,0.119277,0.018723
5346,0,愛知,2024-05-25,2026-08-04,53,178,0,0,0,17,1,0.000000,0.006784,-0.095506,-0.062596,0.531588,0.400443
5347,0,愛知,2024-05-25,2026-08-11,43,203,0,0,0,3,1,0.000000,0.000846,-0.014778,-0.014120,-0.067476,-0.066277
5348,0,広島,2024-05-17,2026-08-04,33,198,0,11,4,55,1,-0.055556,-0.019614,-0.156566,-0.059045,0.924242,0.543116
5349,0,静岡,2024-05-15,2026-07-16,73,178,0,0,0,3,1,0.000000,0.002380,-0.016854,-0.013975,0.024165,0.014233
5350,0,兵庫,2024-05-24,2026-08-09,79,224,5,19,19,77,1,-0.021530,0.001113,-0.103244,-0.066441,0.559279,0.413449
5351,0,福岡,2024-05-07,2026-08-11,68,189,5,9,20,45,1,0.025910,0.072781,0.056022,0.150940,0.044974,-0.322169
5352,0,香川,2024-05-29,2026-08-04,40,300,2,19,8,85,1,-0.013333,-0.006077,-0.083333,-0.071725,0.338333,0.292417
5353,0,滋賀,2024-05-21,2026-08-11,64,180,0,4,1,22,1,-0.022222,0.000502,-0.106597,-0.060196,0.480903,0.299139
5354,0,三重,2024-05-27,2026-08-09,58,175,1,4,5,22,1,-0.005616,-0.010506,-0.039507,-0.048077,0.035074,0.068673
5355,0,福井,2024-05-10,2026-08-05,69,191,0,3,1,20,1,-0.015707,-0.014721,-0.090219,-0.079268,0.348964,0.309418
5356,0,岡山,2024-05-29,2026-08-03,34,289,1,24,13,87,1,-0.053633,-0.030900,0.081315,0.133868,-0.237024,-0.446788
5357,0,埼玉,2024-05-01,2026-07-26,58,196,0,0,1,5,1,0.000000,-0.012794,-0.008269,-0.033533,-0.008797,0.096234
5358,0,福岡,2024-05-23,2026-08-08,68,135,2,1,7,15,1,0.022004,0.073399,-0.008170,0.102094,0.000327,-0.429434
5359,0,東京,2024-05-03,2026-08-03,40,164,4,9,8,36,1,0.045122,0.073149,-0.019512,0.068928,-0.010366,-0.347845
5360,0,埼玉,2024-05-01,2026-08-05,83,190,2,4,8,29,1,0.003044,0.020461,-0.056246,-0.014274,0.318263,0.152263
5361,0,東京,2024-05-05,2026-08-11,29,177,0,1,0,18,1,-0.005650,0.009337,-0.101695,-0.067577,0.343853,0.211222
5362,0,静岡,2024-05-28,2026-07-30,68,191,0,2,7,12,1,-0.010471,-0.011325,0.040114,0.022870,0.000154,0.069871
5363,0,広島,2024-11-05,2026-05-05,44,107,0,1,1,1,1,-0.009346,-0.007403,0.013381,0.019899,-0.099193,-0.124926
5364,0,群馬,2024-11-16,2026-08-11,129,103,1,0,6,6,1,0.007752,0.022081,-0.011741,0.023131,0.113570,-0.023547
5365,0,東京,2024-11-22,2026-08-11,58,117,0,1,2,8,1,-0.008547,0.018908,-0.033893,0.024791,0.148099,-0.083941
5366,0,福井,2024-11-11,2026-07-27,55,128,0,1,1,1,1,-0.007812,0.005005,0.010369,0.042172,-0.035938,-0.155397
5367,0,徳島,2024-11-18,2026-07-31,14,198,0,0,0,4,0,,,,,,
5368,0,埼玉,2024-11-01,2026-08-04,114,130,13,15,35,46,1,-0.001350,-0.002024,-0.046829,-0.057016,0.118219,0.155681
5369,0,長崎,2024-11-15,2026-08-09,77,128,2,5,11,20,1,-0.013088,0.036556,-0.013393,0.071131,0.265422,-0.072736
5370,0,福岡,2024-11-19,2026-08-11,24,126,0,0,1,3,1,0.000000,0.004420,0.017857,0.032061,-0.013889,-0.069369
5371,0,東京,2024-11-16,2026-08-10,35,71,1,0,3,1,1,0.028571,0.015806,0.071630,0.029167,-0.390342,-0.222663
5372,0,広島,2024-11-05,2026-08-03,43,152,0,1,1,7,1,-0.006579,0.000108,-0.022797,-0.000040,0.319155,0.228216
5373,0,岡山,2024-11-01,2026-08-01,24,139,0,1,1,17,1,-0.007194,0.018438,-0.080635,-0.004869,0.203837,-0.095377
5374,0,岡山,2024-11-01,2026-08-11,59,141,0,0,1,17,1,0.000000,0.009028,-0.103618,-0.075455,0.285010,0.176370
5375,0,山口,2024-11-27,2026-08-08,29,156,1,0,7,9,1,0.034483,0.029423,0.183687,0.168252,-0.579576,-0.520617
5376,0,大阪,2024-11-16,2026-08-04,42,226,2,16,5,81,1,-0.023177,0.003617,-0.239359,-0.197201,0.744206,0.576739
5377,0,群馬,2024-11-16,2026-08-03,100,89,2,10,17,32,1,-0.092360,-0.031437,-0.189551,-0.062580,0.814944,0.319417
5378,0,静岡,2024-11-16,2026-08-11,50,160,0,0,2,5,1,0.000000,0.005922,0.008750,0.021405,0.160000,0.108288
5379,0,滋賀,2024-11-25,2026-08-04,48,127,1,1,6,8,1,0.012959,-0.004045,0.062008,0.040106,0.090223,0.184885
5380,0,徳島,2024-11-18,2026-07-30,24,172,0,0,0,0,1,0.000000,0.019269,0.000000,0.062888,0.086240,-0.160969
5381,0,大阪,2024-11-16,2026-07-17,53,151,2,5,6,22,1,0.004623,0.004975,-0.032488,-0.017282,0.083469,0.023411
5382,0,福岡,2024-11-16,2026-08-11,56,118,0,0,4,15,1,0.000000,0.002532,-0.055690,-0.046245,0.271489,0.231960
5383,0,三重,2024-11-11,2026-08-05,58,128,0,0,1,7,1,0.000000,0.012910,-0.037446,0.003086,0.286099,0.129317
5384,0,長崎,2024-11-15,2026-08-10,90,112,3,1,4,5,1,0.024405,0.041640,-0.000198,0.055467,-0.030754,-0.248400
5385,0,静岡,2024-11-16,2026-08-11,66,161,0,1,5,15,1,-0.006211,-0.015891,-0.017410,-0.048633,0.103520,0.225599
5386,0,兵庫,2024-11-19,2026-08-11,80,147,1,5,6,24,1,-0.021514,0.029911,-0.088265,0.005133,0.362330,-0.009351
5387,0,山口,2024-11-13,2026-08-11,27,129,0,0,0,2,1,0.000000,0.015992,-0.015504,0.037594,0.223945,0.013784
5388,0,徳島,2024-11-27,2026-08-10,13,184,0,6,1,43,0,,,,,,
5389,0,福岡,2024-11-19,2026-08-11,55,208,0,1,2,15,1,-0.004808,-0.005514,-0.035752,-0.037300,0.207430,0.212310
5390,0,群馬,2024-11-07,2026-08-11,74,93,1,0,2,5,1,0.013514,0.018671,-0.026736,-0.008933,0.032403,-0.039121
5391,0,山口,2024-11-13,2026-07-31,44,89,0,0,1,3,1,0.000000,0.005279,-0.010981,0.005216,0.345761,0.283736
5392,0,福岡,2025-05-01,2026-08-11,40,43,0,0,0,1,1,0.000000,-0.012565,-0.023256,-0.063410,0.158140,0.314624
5393,0,大阪,2025-05-02,2026-07-20,53,100,0,0,2,0,1,0.000000,-0.000281,0.037736,0.038296,-0.200566,-0.205114
5394,0,埼玉,2025-05-01,2026-08-04,90,98,0,2,13,21,1,-0.020408,-0.012156,-0.069841,-0.044237,0.433107,0.334568
5395,0,佐賀,2025-05-08,2026-08-10,62,70,2,1,8,7,1,0.017972,0.019130,0.029032,0.052428,-0.022581,-0.114504
5396,0,兵庫,2025-05-24,2026-08-11,53,89,0,1,1,5,1,-0.011236,0.001043,-0.037312,0.000663,0.217299,0.071766
5397,0,山口,2025-05-19,2026-07-26,7,93,0,0,0,1,0,,,,,,
5398,0,福岡,2025-05-03,2026-08-11,26,107,3,4,11,23,1,0.078001,0.038107,0.208124,0.155720,-0.811287,-0.593267
5399,0,三重,2025-05-09,2026-07-20,31,103,0,0,1,5,1,0.000000,-0.012715,-0.016286,-0.055376,-0.050736,0.099098
5400,0,滋賀,2025-05-29,2026-07-27,55,82,0,2,3,7,1,-0.024390,-0.035285,-0.030820,-0.052022,-0.111308,-0.026208
5401,0,広島,2025-05-28,2026-05-05,24,78,0,1,4,6,1,-0.012821,-0.011803,0.089744,0.093506,-0.246795,-0.262290
5402,0,群馬,2025-05-17,2026-07-20,56,67,0,0,0,0,1,0.000000,0.001421,0.000000,0.004535,-0.055704,-0.073369
5403,0,徳島,2025-05-05,2026-08-11,17,117,1,0,5,3,0,,,,,,
5404,0,山口,2025-05-15,2026-08-11,18,113,1,1,1,12,0,,,,,,
5405,0,愛知,2025-05-22,2026-08-11,25,105,0,1,3,10,1,-0.009524,0.008081,0.024762,0.084273,-0.034286,-0.272205
5406,0,山口,2025-05-19,2026-07-31,0,114,0,0,0,2,0,,,,,,
5407,0,香川,2025-05-04,2026-08-04,0,142,0,1,0,15,0,,,,,,
5408,0,福岡,2025-05-03,2026-01-26,9,39,0,0,0,3,0,,,,,,
5409,0,福岡,2025-05-17,2026-08-05,27,62,1,0,3,3,1,0.037037,0.023542,0.062724,0.016292,-0.765830,-0.579509
5410,0,愛知,2025-05-22,2026-08-11,22,73,1,0,1,3,1,0.045455,0.048172,0.004359,0.014410,0.070361,0.028970
5411,0,東京,2025-05-17,2026-08-10,30,38,0,0,3,1,1,0.000000,-0.002805,0.073684,0.065732,-0.484211,-0.454865
5412,0,佐賀,2025-05-27,2026-08-11,70,66,0,0,2,2,1,0.000000,0.004713,-0.001732,0.009225,-0.048918,-0.084952
5413,0,福岡,2025-05-01,2026-08-11,23,105,0,1,1,7,1,-0.009524,-0.008867,-0.023188,-0.020758,0.178882,0.168873
5414,0,埼玉,2025-05-09,2025-10-27,8,42,0,0,0,1,0,,,,,,
5415,0,東京,2025-05-11,2026-08-11,25,66,0,0,0,0,1,0.000000,-0.002357,0.000000,-0.008716,-0.058182,-0.022289
5416,0,三重,2025-05-09,2026-08-05,24,126,0,5,2,20,1,-0.039683,-0.025774,-0.075397,-0.032059,-0.029762,-0.196854
5417,0,佐賀,2025-05-08,2026-07-09,59,64,0,1,7,9,1,-0.015625,-0.013217,-0.021981,-0.014641,0.316472,0.288699
5418,0,大阪,2025-05-24,2026-07-31,40,115,0,0,0,0,1,0.000000,-0.008024,0.000000,-0.025696,0.089130,0.189357
5419,0,埼玉,2025-05-01,2026-08-09,78,91,0,0,4,8,1,0.000000,0.000307,-0.036630,-0.035603,0.032967,0.028892
5420,0,長崎,2025-05-17,2026-07-29,53,95,0,0,1,4,1,0.000000,-0.000153,-0.023237,-0.024196,-0.279245,-0.274744
5421,0,兵庫,2025-11-13,2026-08-11,21,43,0,0,0,2,1,0.000000,-0.007043,-0.046512,-0.071033,0.158361,0.257192
5422,0,埼玉,2025-11-22,2026-08-11,42,31,0,0,1,0,1,0.000000,0.004411,0.023810,0.037172,-0.034562,-0.085445
5423,0,徳島,2025-12-09,2026-08-10,0,57,0,0,0,0,0,,,,,,
5424,0,東京,2025-11-29,2026-08-10,28,21,0,0,0,0,1,0.000000,0.012462,0.000000,0.041801,-0.190476,-0.356592
5425,0,三重,2025-11-05,2026-08-09,17,66,0,0,0,1,0,,,,,,
5426,0,福岡,2025-11-01,2026-08-11,14,41,0,0,0,1,0,,,,,,
5427,0,東京,2025-11-09,2026-08-11,30,52,0,0,3,4,1,0.000000,0.007039,0.023077,0.045645,-0.124359,-0.212431
5428,0,佐賀,2025-11-15,2026-08-11,36,37,0,0,0,0,1,0.000000,-0.002204,0.000000,-0.008153,-0.056306,-0.022733
5429,0,佐賀,2025-11-01,2026-08-02,37,39,0,0,1,0,1,0.000000,-0.002200,0.027027,0.018891,-0.115038,-0.081535
5430,0,三重,2025-11-05,2026-08-10,17,34,0,0,0,0,0,,,,,,
5431,0,広島,2025-11-13,2026-07-22,12,71,0,0,0,3,0,,,,,,
5432,0,静岡,2025-11-26,2026-08-11,15,77,0,2,4,11,0,,,,,,
5433,0,東京,2025-11-09,2026-08-10,37,27,0,0,3,0,1,0.000000,-0.005340,0.081081,0.064578,0.233233,0.296636
5434,0,静岡,2025-11-11,2026-08-11,15,81,0,3,0,21,0,,,,,,
5435,0,広島,2025-11-21,2026-08-08,18,48,0,0,0,0,0,,,,,,
5436,0,東京,2025-11-29,2026-08-11,14,42,0,0,0,0,0,,,,,,
5437,0,香川,2025-11-16,2026-07-18,2,54,0,0,0,2,0,,,,,,
5438,0,福岡,2025-11-15,2026-07-31,16,40,0,0,1,1,0,,,,,,
5439,0,愛知,2025-11-03,2026-08-11,8,65,0,1,0,4,0,,,,,,
5440,0,兵庫,2025-11-13,2026-08-11,34,39,0,0,2,1,1,0.000000,0.001017,0.033183,0.036945,0.104827,0.089331
5441,0,愛知,2025-11-11,2026-07-14,14,73,1,3,7,18,0,,,,,,
5442,0,広島,2025-11-21,2026-08-02,37,38,0,0,2,1,1,0.000000,0.000000,0.027738,0.027738,-0.144381,-0.144381
5443,0,長崎,2025-11-03,2026-08-10,33,47,0,0,0,2,1,0.000000,0.000000,-0.042553,-0.042553,0.204384,0.204384
5444,0,愛知,2025-11-03,2026-08-11,17,63,0,0,0,1,0,,,,,,
5445,0,三重,2026-05-11,2026-07-23,7,17,0,0,0,0,0,,,,,,
5446,0,福岡,2026-05-09,2026-08-11,0,13,0,0,0,0,0,,,,,,
5447,0,岡山,2026-05-19,2026-08-11,8,13,0,0,0,0,0,,,,,,
5448,0,山口,2026-05-21,2026-08-11,17,17,0,0,0,0,0,,,,,,
5449,0,東京,2026-05-20,2026-08-11,7,15,0,1,0,2,0,,,,,,
5450,0,大阪,2026-05-03,2026-08-04,8,16,1,0,3,0,0,,,,,,
5451,0,佐賀,2026-05-01,2026-08-11,14,0,0,0,1,0,0,,,,,,
5452,0,広島,2026-05-16,2026-08-03,8,19,0,0,0,0,0,,,,,,
5453,0,香川,2026-05-17,2026-08-11,0,34,0,0,0,2,0,,,,,,
5454,0,埼玉,2026-05-01,2026-08-05,16,18,0,0,0,1,0,,,,,,
5455,0,群馬,2026-05-01,2026-08-11,14,20,0,0,1,0,0,,,,,,
5456,0,兵庫,2026-05-04,2026-08-11,7,21,0,0,0,2,0,,,,,,
5457,0,長崎,2026-05-07,2026-08-10,9,9,0,0,0,0,0,,,,,,
5458,0,福岡,2026-05-08,2026-08-01,9,6,0,0,0,0,0,,,,,,
5459,0,山口,2026-05-27,2026-07-26,0,21,0,0,0,0,0,,,,,,
5460,0,滋賀,2026-05-09,2026-08-08,22,27,0,0,2,1,1,0.000000,0.000000,0.053872,0.053872,0.146465,0.146465
5461,0,三重,2026-05-20,2026-08-01,16,14,0,0,0,0,0,,,,,,
5462,0,佐賀,2026-05-01,2026-08-11,0,24,0,0,0,1,0,,,,,,
5463,0,大阪,2026-05-23,2026-07-20,6,17,0,0,0,0,0,,,,,,
5464,0,福岡,2026-05-09,2026-08-11,0,14,0,0,0,0,0,,,,,,
5465,0,福井,2026-05-02,2026-07-03,7,7,0,0,0,0,0,,,,,,
5466,0,埼玉,2026-05-01,2026-08-09,7,18,0,0,0,1,0,,,,,,
5467,0,大阪,2026-05-03,2026-07-26,7,23,0,0,1,5,0,,,,,,
5468,0,福岡,2026-05-24,2026-08-05,8,9,0,0,0,0,0,,,,,,
5469,0,佐賀,2026-05-10,2026-08-02,17,9,0,0,0,1,0,,,,,,
5470,0,兵庫,2026-05-04,2026-08-11,10,13,0,0,0,0,0,,,,,,
5471,0,大阪,2026-05-11,2026-07-31,8,32,0,0,0,0,0,,,,,,
5472,0,愛知,2026-05-19,2026-08-11,7,7,0,0,0,0,0,,,,,,
