toban,stint,branch,firstDate,lastDate,nHome,nNon,winsHome,winsNon,top3Home,top3Non,eligible,winDiff,winDiffCourseAdj,top3Diff,top3DiffCourseAdj,meanFinishDiff,meanFinishDiffCourseAdj
2014,0,静岡,2016-11-08,2025-02-27,448,1169,48,106,185,509,1,0.016467,0.004729,-0.022468,-0.028419,0.109763,0.141636
2380,0,岡山,2016-11-01,2017-01-28,0,48,0,2,0,14,0,,,,,,
2505,0,長崎,2016-11-05,2016-11-08,6,0,1,0,3,0,0,,,,,,
2538,0,東京,2016-11-08,2026-08-02,534,1258,35,52,210,392,1,0.024208,-0.006233,0.081653,0.049573,-0.215981,-0.079782
2568,0,長崎,2016-11-18,2018-04-02,62,192,7,5,25,44,1,0.086862,0.048421,0.174059,0.133160,-0.744624,-0.569086
2596,0,群馬,2016-11-03,2017-07-31,29,101,3,4,13,28,1,0.063844,0.016747,0.171048,0.133827,-0.479344,-0.312341
2698,0,香川,2016-11-12,2018-08-15,79,263,5,14,31,100,1,0.010059,-0.002686,0.012177,0.009597,0.002599,0.025179
2776,0,大阪,2016-11-12,2016-12-31,6,26,0,0,2,6,0,,,,,,
2785,0,兵庫,2016-11-03,2019-01-30,68,305,14,27,28,86,1,0.117358,0.078716,0.129797,0.087325,-0.667502,-0.487758
2787,0,群馬,2016-11-12,2021-03-16,171,721,29,94,90,335,1,0.039216,0.016899,0.061683,0.037866,-0.230074,-0.130363
2816,0,福岡,2016-11-07,2018-09-28,82,307,9,29,35,147,1,0.015294,0.017221,-0.051998,-0.054709,0.175459,0.182121
2841,0,群馬,2016-11-10,2022-03-01,186,837,9,66,94,384,1,-0.030466,-0.052277,0.046595,0.028493,-0.157109,-0.075870
2842,0,大阪,2016-11-07,2017-10-19,6,161,0,11,0,50,0,,,,,,
2844,0,広島,2016-11-03,2022-08-03,277,736,35,57,104,287,1,0.048908,0.034978,-0.014494,-0.020276,-0.072433,-0.038851
2876,0,愛知,2016-11-03,2023-01-30,318,1093,66,275,169,595,1,-0.044054,-0.086676,-0.012927,-0.039033,0.054739,0.183462
2878,0,大阪,2016-11-01,2026-07-27,283,2180,55,316,176,1230,1,0.049392,0.034369,0.057688,0.038029,-0.175795,-0.095488
2883,0,東京,2016-11-12,2019-06-18,132,294,10,14,51,68,1,0.028139,0.015816,0.155071,0.147605,-0.544836,-0.510406
2887,0,香川,2016-11-01,2017-01-22,10,42,0,3,6,16,0,,,,,,
2903,0,福岡,2016-11-06,2023-10-29,460,783,37,64,217,358,1,-0.001302,0.004000,0.014523,0.017999,-0.055117,-0.070939
2907,0,香川,2016-11-08,2020-06-12,0,605,0,17,0,179,0,,,,,,
2910,0,岡山,2016-11-06,2018-04-03,48,251,8,18,17,81,1,0.094954,0.091015,0.031458,0.024804,-0.246680,-0.217554
2912,0,長崎,2016-11-01,2022-09-28,213,985,30,98,88,349,1,0.041353,0.037585,0.058831,0.059445,-0.225738,-0.229459
2914,0,徳島,2016-11-03,2017-01-29,10,60,4,9,5,27,0,,,,,,
2930,0,山口,2016-11-18,2024-04-25,405,691,74,110,213,351,1,0.023526,0.016462,0.017966,0.006474,-0.111697,-0.067525
2935,0,広島,2016-11-05,2021-04-28,147,603,12,31,50,186,1,0.030223,0.013111,0.031678,0.017675,-0.083393,-0.016294
2941,0,群馬,2016-11-06,2020-02-06,101,405,5,13,50,130,1,0.017406,0.001645,0.174062,0.149862,-0.487006,-0.390628
2942,0,徳島,2016-11-12,2020-02-13,185,584,50,112,115,298,1,0.078489,0.053591,0.111348,0.082126,-0.323093,-0.200328
2958,0,長崎,2016-11-01,2021-10-31,140,687,11,51,49,233,1,0.004336,0.001068,0.010844,0.005230,-0.124537,-0.100824
2969,0,群馬,2016-11-01,2018-10-09,64,161,7,8,22,41,1,0.059686,0.035597,0.089092,0.057506,-0.315606,-0.183710
2974,0,福岡,2016-11-01,2017-07-03,16,57,3,4,4,11,0,,,,,,
2983,0,愛知,2016-11-03,2020-10-29,138,281,9,11,42,85,1,0.026071,0.023327,0.001857,0.007718,-0.055470,-0.071710
2992,0,山口,2016-11-03,2020-09-28,287,534,87,114,204,314,1,0.089653,0.057343,0.122786,0.084832,-0.455219,-0.298195
2994,0,東京,2016-11-05,2017-04-20,29,30,0,0,5,2,1,0.000000,-0.049836,0.105747,0.032980,-0.575862,-0.287696
2995,0,東京,2016-11-03,2018-03-13,18,153,2,7,5,43,0,,,,,,
3005,0,岡山,2016-11-03,2018-02-14,48,184,2,8,11,58,1,-0.001812,-0.019813,-0.086051,-0.095064,0.069746,0.118138
3006,0,大阪,2016-11-07,2020-11-16,24,665,5,54,12,206,1,0.127130,0.089731,0.190226,0.131644,-0.792356,-0.562689
3010,0,愛知,2016-11-29,2017-11-09,80,200,27,56,53,139,1,0.057500,0.083775,-0.032500,-0.017452,0.007500,-0.068458
3020,0,東京,2016-11-01,2022-03-14,244,646,21,66,100,246,1,-0.016102,-0.022801,0.029031,0.034757,-0.024692,-0.035733
3022,0,愛知,2016-11-03,2023-12-25,311,1504,68,353,204,980,1,-0.016058,-0.021627,0.004353,-0.005156,0.046401,0.083927
3024,0,広島,2016-11-09,2026-04-26,408,2275,131,678,263,1580,1,0.023056,0.006853,-0.049898,-0.063302,0.156385,0.216638
3025,0,長崎,2016-11-03,2022-11-03,181,783,20,43,67,288,1,0.055580,0.042756,0.002350,-0.014262,-0.247758,-0.181329
3036,0,山口,2016-11-03,2022-11-04,272,792,29,72,112,292,1,0.015709,0.011404,0.043078,0.030192,-0.135398,-0.087757
3044,0,福井,2018-03-08,2024-03-13,0,1097,0,83,0,441,0,,,,,,
3051,0,佐賀,2016-11-01,2022-12-24,92,751,7,60,30,276,1,-0.003807,0.003241,-0.041423,-0.032454,0.179022,0.144688
3052,0,徳島,2016-11-01,2020-11-30,93,627,5,24,24,203,1,0.015486,-0.006723,-0.065699,-0.076997,0.164274,0.221876
3054,0,広島,2016-11-01,2026-08-05,373,1517,89,329,234,857,1,0.021730,0.023229,0.062415,0.062036,-0.253964,-0.253253
3058,0,岡山,2016-11-03,2021-04-28,125,748,9,57,48,260,1,-0.004203,-0.016721,0.036406,0.027418,-0.006813,0.035094
3064,0,香川,2016-11-08,2021-02-20,168,726,31,146,79,352,1,-0.016578,-0.014838,-0.014610,-0.023853,0.175817,0.204634
3065,0,埼玉,2016-11-05,2024-10-12,286,1300,22,66,137,492,1,0.026154,0.015463,0.100559,0.090035,-0.321469,-0.276663
3066,0,埼玉,2016-11-03,2022-12-20,195,968,11,72,68,338,1,-0.017970,-0.039475,-0.000456,-0.026395,-0.067848,0.039915
3070,0,岡山,2016-11-03,2026-06-17,0,1627,0,387,0,1018,0,,,,,,
3072,0,東京,2016-11-12,2026-08-05,562,1333,81,181,251,574,1,0.008344,0.028099,0.016012,0.028219,-0.083988,-0.143559
3073,0,佐賀,2016-11-03,2020-04-30,93,529,8,39,38,159,1,0.012297,0.032666,0.108035,0.144629,-0.317926,-0.460609
3075,0,埼玉,2016-11-03,2026-08-05,354,1980,62,365,189,988,1,-0.009202,-0.011521,0.034908,0.035221,-0.071940,-0.072757
3079,0,大阪,2016-11-03,2022-07-12,89,707,12,95,42,271,1,0.000461,0.001526,0.088600,0.087238,-0.262432,-0.256732
3081,0,山口,2016-11-01,2026-05-31,245,1473,43,245,132,761,1,0.009183,-0.000816,0.022143,0.002281,-0.126982,-0.050962
3085,0,東京,2016-11-09,2019-05-13,139,221,10,18,61,89,1,-0.009506,-0.032072,0.036134,0.020306,0.015756,0.090140
3090,0,東京,2016-11-01,2018-06-15,71,248,5,10,23,68,1,0.030100,0.003576,0.049750,0.030624,-0.083258,0.005195
3095,0,岡山,2016-11-09,2017-02-22,0,50,0,5,0,22,0,,,,,,
3105,0,東京,2016-11-06,2026-08-10,847,1338,144,154,456,671,1,0.054915,0.045367,0.036876,0.028792,-0.221197,-0.185071
3107,0,大阪,2016-11-01,2026-06-12,218,1745,33,172,115,716,1,0.052809,0.029444,0.117208,0.086990,-0.364254,-0.240536
3108,0,徳島,2016-11-08,2021-06-22,0,968,0,43,0,267,0,,,,,,
3117,0,東京,2016-11-03,2019-12-24,126,384,12,8,39,95,1,0.074405,0.043270,0.062128,0.039590,-0.236731,-0.131445
3120,0,大阪,2016-11-03,2017-09-28,0,122,0,8,0,37,0,,,,,,
3121,0,福岡,2016-11-03,2017-01-19,19,39,1,5,9,16,0,,,,,,
3122,0,兵庫,2016-11-03,2022-11-19,207,1043,13,75,80,358,1,-0.009106,-0.022557,0.043233,0.025130,-0.058411,0.016369
3123,0,滋賀,2016-11-03,2022-12-27,80,1169,2,80,30,442,1,-0.043435,-0.043555,-0.003101,-0.004886,-0.003144,0.004356
3128,0,福岡,2016-11-01,2018-03-29,16,233,1,18,7,63,0,,,,,,
3135,0,長崎,2016-11-05,2018-06-11,38,207,4,20,13,54,1,0.008645,0.004111,0.081236,0.042404,-0.191584,-0.057119
3136,0,埼玉,2016-11-03,2019-05-06,99,332,9,15,31,94,1,0.045728,0.006238,0.029999,-0.006337,-0.214890,-0.055331
3137,0,香川,2016-11-05,2018-12-26,81,313,6,13,18,88,1,0.032541,0.031396,-0.058928,-0.065742,0.073246,0.099833
3138,0,東京,2016-11-01,2020-10-18,203,356,8,8,63,105,1,0.016937,-0.009351,0.015401,-0.015169,0.013685,0.143075
3139,0,長崎,2016-11-15,2017-05-04,9,66,0,1,2,9,0,,,,,,
3141,0,東京,2016-11-03,2024-10-16,611,924,67,77,245,329,1,0.026323,0.004591,0.044921,0.026503,-0.218887,-0.136294
3142,0,徳島,2016-11-03,2021-11-25,131,570,13,24,38,169,1,0.057131,0.021649,-0.006415,-0.037902,-0.077675,0.062749
3151,0,長崎,2016-11-01,2023-10-02,331,1026,52,108,158,432,1,0.051837,0.033668,0.056289,0.042924,-0.275198,-0.213342
3153,0,佐賀,2016-11-08,2022-01-05,153,896,9,71,62,312,1,-0.020418,-0.023621,0.057014,0.053947,-0.223032,-0.209248
3156,0,静岡,2016-11-01,2026-08-11,452,1726,102,281,247,815,1,0.062860,0.024998,0.074270,0.048527,-0.296145,-0.174075
3158,0,広島,2016-11-01,2026-08-11,250,2325,72,557,156,1443,1,0.048430,0.034345,0.003355,-0.012332,-0.101462,-0.036258
3159,0,群馬,2016-11-03,2026-05-06,489,1752,203,606,386,1281,1,0.069243,0.010541,0.058202,0.023366,-0.234351,-0.060740
3161,0,大阪,2016-11-03,2026-08-08,298,2179,36,316,174,1249,1,-0.024215,-0.033437,0.010694,-0.000447,0.006524,0.052590
3164,0,山口,2017-01-12,2022-12-18,169,695,24,58,74,269,1,0.058559,0.038445,0.050819,0.026109,-0.344813,-0.241611
3166,0,香川,2016-11-05,2017-03-16,0,49,0,1,0,7,0,,,,,,
3169,0,東京,2016-11-01,2017-05-13,17,90,2,2,9,23,0,,,,,,
3170,0,大阪,2016-11-03,2021-05-06,7,607,1,43,2,192,0,,,,,,
3171,0,長崎,2016-11-06,2017-12-28,34,162,1,6,7,44,1,-0.007625,-0.008134,-0.065723,-0.075914,0.225490,0.267106
3174,0,福岡,2016-11-05,2019-09-08,95,370,4,22,38,98,1,-0.017354,-0.005125,0.135135,0.156576,-0.307824,-0.390797
3175,0,東京,2016-11-03,2026-08-05,322,1803,40,160,189,952,1,0.035483,0.036555,0.058948,0.058521,-0.169746,-0.167822
3176,0,山口,2016-12-07,2026-03-14,202,1554,30,173,96,678,1,0.037189,0.027705,0.038954,0.032178,-0.172847,-0.140666
3177,0,東京,2016-11-03,2022-12-17,395,855,29,26,158,258,1,0.043008,0.021920,0.098246,0.082982,-0.336472,-0.267079
3182,0,群馬,2016-11-15,2022-12-11,143,890,3,23,52,307,1,-0.004864,-0.031805,0.018693,-0.011489,-0.068893,0.057108
3186,0,大阪,2016-11-15,2022-12-18,107,1111,23,112,42,434,1,0.114143,0.090839,0.001884,-0.027999,-0.121765,-0.001454
3187,0,香川,2016-11-09,2021-11-15,233,799,23,79,104,338,1,-0.000161,-0.006872,0.023323,0.014285,-0.011119,0.025500
3188,0,福岡,2016-11-03,2025-04-04,580,1618,124,313,377,1051,1,0.020344,0.004378,0.000433,-0.011476,-0.002312,0.052871
3189,0,香川,2016-11-08,2018-12-26,100,342,7,11,28,89,1,0.037836,0.027493,0.019766,0.002741,-0.117193,-0.049824
3200,0,東京,2016-11-01,2021-10-30,291,765,62,201,181,519,1,-0.049687,-0.040829,-0.056438,-0.047509,0.198585,0.157236
3202,0,東京,2016-11-06,2026-08-10,801,1080,82,68,369,372,1,0.039409,0.015739,0.116230,0.091016,-0.427518,-0.319974
3207,0,東京,2016-11-03,2026-07-21,480,1090,34,58,177,350,1,0.017622,-0.008685,0.047649,0.020568,-0.212959,-0.098081
3211,0,佐賀,2016-11-08,2026-08-11,399,1567,26,150,166,657,1,-0.030561,-0.043493,-0.003232,-0.016537,0.061876,0.120034
3212,0,広島,2016-11-01,2026-08-08,408,1484,58,172,203,722,1,0.026254,0.021216,0.011026,0.010519,-0.092397,-0.087755
3214,0,岡山,2016-11-03,2018-11-11,37,319,1,14,11,80,1,-0.016860,-0.021917,0.046514,0.046585,-0.191731,-0.180928
3220,0,静岡,2016-11-15,2022-10-13,243,1052,30,101,109,477,1,0.027449,0.014919,-0.004862,-0.022565,0.022771,0.096353
3224,0,佐賀,2016-11-10,2026-08-10,326,1738,30,192,126,789,1,-0.018447,-0.020016,-0.067467,-0.068358,0.230164,0.234361
3225,0,東京,2016-11-07,2017-10-14,36,65,1,2,13,9,1,-0.002991,-0.034304,0.222650,0.184584,-0.883333,-0.725205
3226,0,東京,2016-11-03,2026-08-08,717,1443,105,132,332,636,1,0.054967,0.035195,0.022292,0.010670,-0.107157,-0.050600
3227,0,東京,2016-11-05,2024-01-22,407,1021,76,210,216,552,1,-0.018949,-0.011278,-0.009934,0.002887,0.076350,0.026302
3228,0,群馬,2016-11-18,2017-03-03,8,36,0,2,3,8,0,,,,,,
3231,0,愛知,2016-11-01,2023-01-04,342,1043,49,127,176,471,1,0.021511,0.011578,0.063038,0.039927,-0.218020,-0.132764
3232,0,香川,2016-11-03,2026-08-11,271,1817,55,480,144,1169,1,-0.061220,-0.055178,-0.112003,-0.108820,0.282916,0.266431
3233,0,岡山,2016-11-01,2026-07-20,469,2065,68,291,251,1118,1,0.004069,-0.004059,-0.006223,-0.017331,-0.045217,0.001412
3234,0,香川,2016-11-01,2021-10-22,262,716,31,50,100,201,1,0.048488,0.032652,0.100953,0.084482,-0.270481,-0.198926
3235,0,群馬,2016-11-03,2021-06-25,134,757,14,61,50,239,1,0.023896,-0.003948,0.057414,0.025391,-0.209902,-0.075561
3236,0,東京,2016-11-08,2020-02-24,176,490,31,63,79,205,1,0.047565,0.019477,0.030496,0.004877,-0.177644,-0.066657
3243,0,大阪,2018-07-17,2024-06-18,181,679,17,62,62,200,1,0.002612,-0.014731,0.047991,0.025033,-0.097129,-0.003911
3245,0,埼玉,2016-11-03,2020-04-26,98,524,8,56,42,200,1,-0.025238,-0.029842,0.046892,0.033389,-0.135457,-0.083854
3246,0,兵庫,2016-11-03,2026-05-31,310,1374,49,123,140,554,1,0.068545,0.059377,0.048411,0.041293,-0.272456,-0.241081
3251,0,埼玉,2016-11-05,2026-08-11,529,2361,104,458,313,1421,1,0.002612,0.006962,-0.010181,-0.010259,0.023089,0.020366
3254,0,香川,2016-11-01,2022-03-04,170,760,13,52,62,265,1,0.008050,-0.000728,0.016022,0.015857,0.014861,0.022286
3256,0,東京,2016-12-04,2026-08-11,902,1667,228,471,599,1115,1,-0.029772,-0.029297,-0.004786,-0.002552,0.029917,0.022351
3257,0,福岡,2017-01-24,2026-08-07,712,1099,290,408,507,728,1,0.036057,0.030704,0.049658,0.048935,-0.179469,-0.171285
3261,0,岡山,2016-11-01,2022-11-19,198,874,16,56,74,321,1,0.016735,0.002322,0.006460,-0.005296,-0.037723,0.014906
3265,0,福岡,2016-11-03,2026-08-02,608,1454,178,383,407,1017,1,0.029352,0.022252,-0.030042,-0.033635,0.073608,0.092782
3268,0,三重,2016-11-05,2026-08-08,300,1910,67,333,173,1045,1,0.048988,0.031745,0.029546,0.013362,-0.160785,-0.090780
3269,0,群馬,2016-11-06,2016-11-11,9,0,0,0,2,0,0,,,,,,
3273,0,広島,2016-11-01,2025-07-27,365,1493,59,164,192,655,1,0.051798,0.033233,0.087313,0.071043,-0.305416,-0.232877
3276,0,愛知,2016-11-10,2020-02-01,116,520,10,47,34,169,1,-0.004178,-0.013334,-0.031897,-0.049153,0.008886,0.076787
3277,0,東京,2016-11-03,2026-08-10,692,1229,79,111,300,465,1,0.023845,0.006690,0.055170,0.045107,-0.210163,-0.160086
3278,0,滋賀,2016-11-01,2018-06-27,78,349,19,87,46,230,1,-0.005694,-0.013719,-0.069282,-0.077030,0.102711,0.136166
3280,0,三重,2016-11-03,2024-11-23,276,1081,34,139,125,456,1,-0.005396,-0.016880,0.031067,0.024924,-0.116636,-0.083580
3281,0,大阪,2016-11-01,2020-06-26,106,586,8,34,33,191,1,0.017451,0.009020,-0.014618,-0.031351,0.011301,0.076532
3282,0,広島,2016-11-03,2026-08-10,411,1973,63,243,215,951,1,0.030122,0.018540,0.041107,0.027293,-0.155159,-0.097797
3283,0,福井,2016-11-01,2022-12-22,210,1094,17,120,87,408,1,-0.028737,-0.038961,0.041342,0.029134,0.027248,0.077980
3284,0,佐賀,2016-11-01,2026-08-10,415,1994,111,407,274,1126,1,0.063358,0.059687,0.095547,0.092843,-0.271289,-0.259719
3286,0,静岡,2016-11-01,2026-08-08,337,1424,64,150,171,587,1,0.084574,0.056285,0.095199,0.063003,-0.436939,-0.302135
3289,0,大阪,2016-12-01,2026-06-29,268,1445,47,190,133,659,1,0.043885,0.022214,0.040213,0.009291,-0.120846,0.003800
3290,0,大阪,2016-11-03,2024-12-12,195,1159,49,260,120,720,1,0.026951,0.016713,-0.005841,-0.010169,-0.054406,-0.029711
3291,0,福岡,2016-11-03,2017-10-16,27,127,1,4,7,30,1,0.005541,-0.005441,0.023039,0.018246,0.107612,0.132435
3293,0,東京,2016-11-03,2026-08-03,459,1501,30,67,186,531,1,0.020723,0.005591,0.051465,0.038693,-0.154450,-0.097790
3294,0,静岡,2016-11-07,2026-08-08,460,1538,64,144,207,625,1,0.045502,0.024357,0.043628,0.026268,-0.224249,-0.146496
3295,0,徳島,2016-11-08,2023-02-27,121,1020,10,165,69,550,1,-0.079120,-0.092295,0.031032,0.021760,0.019802,0.063009
3296,0,群馬,2016-11-03,2020-11-13,161,405,10,26,55,112,1,-0.002086,-0.026645,0.065072,0.032769,-0.225427,-0.094139
3297,0,福岡,2016-11-03,2026-08-03,935,1513,175,249,568,826,1,0.022592,0.006717,0.061551,0.044926,-0.178838,-0.109347
3298,0,静岡,2016-12-29,2019-11-02,40,116,1,3,5,25,1,-0.000862,-0.016568,-0.090517,-0.099898,0.162931,0.208272
3299,0,福岡,2016-11-03,2016-11-08,0,8,0,0,0,2,0,,,,,,
3300,0,岡山,2016-12-03,2026-07-09,461,2165,118,480,291,1339,1,0.034256,0.022917,0.012761,0.000973,-0.164168,-0.113138
3302,0,愛知,2016-11-03,2026-08-11,506,1765,119,365,283,911,1,0.028379,0.015460,0.043141,0.023209,-0.113884,-0.034747
3303,0,東京,2016-11-01,2026-08-10,897,1693,145,242,548,886,1,0.018708,0.020725,0.087594,0.089571,-0.250421,-0.259640
3304,0,徳島,2016-11-03,2026-08-10,616,2155,147,475,386,1272,1,0.018219,0.019576,0.036368,0.036015,-0.117859,-0.116423
3305,0,岡山,2016-11-03,2026-08-10,0,1888,0,204,0,673,0,,,,,,
3306,0,埼玉,2016-11-01,2026-08-05,300,1428,44,99,150,491,1,0.077339,0.047760,0.156162,0.122323,-0.548655,-0.407274
3307,0,佐賀,2020-05-11,2024-07-03,135,574,39,131,81,322,1,0.060666,0.017645,0.039024,0.005219,-0.047864,0.105294
3309,0,東京,2016-11-08,2018-10-05,69,277,3,14,21,71,1,-0.007063,-0.027229,0.048030,0.027868,-0.204991,-0.117874
3310,0,群馬,2016-11-18,2022-06-13,181,858,7,33,52,278,1,0.000212,-0.011858,-0.036717,-0.053095,0.127709,0.193750
3312,0,愛知,2016-11-08,2016-12-04,0,25,0,7,0,13,0,,,,,,
3313,0,東京,2016-11-09,2026-08-10,667,1146,75,71,289,365,1,0.050489,0.025477,0.114784,0.087436,-0.381400,-0.265025
3315,0,愛知,2016-11-01,2026-08-11,396,1420,34,163,184,688,1,-0.028930,-0.031031,-0.019861,-0.025515,0.114895,0.136307
3317,0,福岡,2016-11-01,2018-10-01,77,278,4,16,26,100,1,-0.005606,-0.023052,-0.022050,-0.039090,0.129076,0.203333
3319,0,埼玉,2016-11-01,2026-08-11,401,2303,94,445,268,1396,1,0.041188,0.047829,0.062163,0.065437,-0.201803,-0.218844
3324,0,兵庫,2016-11-12,2016-11-17,0,8,0,0,0,0,0,,,,,,
3325,0,長崎,2016-11-09,2020-04-05,7,545,2,31,4,151,0,,,,,,
3326,0,群馬,2016-11-01,2017-09-25,42,196,12,38,28,119,1,0.091837,0.070344,0.059524,0.021243,-0.144558,0.005340
3327,0,静岡,2016-11-01,2026-08-11,0,2389,0,489,0,1509,0,,,,,,
3328,0,東京,2016-11-03,2016-12-31,10,12,1,0,4,1,0,,,,,,
3329,0,愛知,2016-11-15,2017-11-28,33,218,5,72,18,143,1,-0.178760,-0.196763,-0.110509,-0.136476,0.476369,0.584879
3331,0,愛知,2016-11-03,2023-08-18,313,1365,63,289,197,870,1,-0.010444,-0.013556,-0.007970,-0.015476,0.004152,0.033987
3333,0,徳島,2016-11-03,2026-08-10,573,2157,138,456,379,1365,1,0.029433,0.028240,0.028608,0.022930,-0.145099,-0.122461
3334,0,広島,2016-11-07,2026-08-05,301,2167,53,315,173,1163,1,0.030717,0.016406,0.038064,0.025379,-0.207404,-0.151766
3335,0,佐賀,2016-11-01,2020-10-11,150,583,14,42,51,199,1,0.021292,0.007380,-0.001338,-0.024537,-0.010166,0.080467
3336,0,東京,2016-11-03,2021-08-15,240,655,17,53,100,267,1,-0.010083,-0.034370,0.009033,-0.018519,-0.014154,0.101789
3338,0,広島,2016-11-03,2024-05-03,303,985,33,62,114,318,1,0.045967,0.027545,0.053395,0.043807,-0.142645,-0.091934
3339,0,兵庫,2016-11-01,2026-08-05,319,1613,47,207,153,746,1,0.019003,0.011219,0.017132,0.005704,-0.144494,-0.101019
3340,0,東京,2016-11-03,2026-08-10,802,1357,95,111,361,529,1,0.036656,0.022414,0.060294,0.050777,-0.272258,-0.226789
3342,0,愛知,2016-11-23,2016-12-31,0,24,0,0,0,0,0,,,,,,
3343,0,福井,2016-11-03,2019-10-02,60,434,11,59,38,241,1,0.047389,0.029387,0.078034,0.065528,-0.185714,-0.121686
3344,0,静岡,2016-11-08,2018-06-11,58,270,5,15,18,96,1,0.030651,-0.005428,-0.045211,-0.072010,-0.098851,0.023991
3346,0,兵庫,2016-11-03,2026-01-26,245,1592,38,211,107,693,1,0.022564,0.010741,0.001433,-0.019036,-0.047318,0.032269
3347,0,東京,2016-11-03,2024-08-02,428,1485,75,258,257,897,1,0.001496,-0.000214,-0.003573,-0.000326,-0.010186,-0.020902
3349,0,長崎,2016-11-12,2026-08-10,442,1874,122,460,279,1214,1,0.030554,0.007540,-0.016590,-0.035276,-0.058032,0.027459
3350,0,山口,2016-11-05,2026-08-01,476,1865,79,273,269,1020,1,0.019586,0.008000,0.018209,0.001838,-0.119797,-0.052952
3352,0,福岡,2016-11-01,2026-08-11,595,1374,11,50,244,598,1,-0.017903,-0.017612,-0.025142,-0.024110,0.096724,0.092538
3353,0,埼玉,2016-11-01,2026-08-11,260,1484,43,160,129,655,1,0.057568,0.050572,0.054779,0.048837,-0.303255,-0.275789
3355,0,東京,2016-11-01,2026-08-05,245,919,8,21,100,297,1,0.009802,-0.014112,0.084986,0.066766,-0.230712,-0.148033
3357,0,岡山,2016-11-01,2026-08-11,300,1809,31,144,120,689,1,0.023731,0.008480,0.019127,0.011958,-0.049226,-0.011483
3358,0,山口,2016-11-08,2019-01-24,56,245,6,16,18,68,1,0.041837,0.014709,0.043878,0.006950,-0.323980,-0.176827
3360,0,福岡,2016-11-01,2020-02-18,308,652,76,130,201,385,1,0.047367,0.029467,0.062107,0.043190,-0.252589,-0.172029
3361,0,徳島,2016-11-01,2026-08-10,456,1509,50,133,215,580,1,0.021511,-0.003774,0.087131,0.063821,-0.310575,-0.208971
3362,0,三重,2016-11-03,2026-08-11,145,2298,43,527,98,1391,1,0.067222,0.051272,0.070553,0.059519,-0.332301,-0.280163
3363,0,長崎,2016-11-01,2017-03-01,0,53,0,1,0,6,0,,,,,,
3365,0,大阪,2016-11-03,2019-09-25,17,444,3,36,8,172,0,,,,,,
3370,0,大阪,2016-11-01,2026-08-08,168,1558,16,121,67,540,1,0.017574,0.004920,0.052211,0.035066,-0.203359,-0.133420
3372,0,広島,2016-11-01,2026-08-08,351,1268,33,50,143,352,1,0.054585,0.023858,0.129805,0.111915,-0.439000,-0.350648
3373,0,福岡,2016-11-03,2018-01-17,41,167,2,9,6,45,1,-0.005112,-0.013151,-0.123120,-0.122210,0.268001,0.275562
3376,0,群馬,2016-11-01,2021-06-24,181,801,5,53,59,235,1,-0.038543,-0.057450,0.032584,0.005743,-0.020458,0.088879
3377,0,東京,2016-11-01,2026-08-05,420,1149,43,87,180,453,1,0.026663,0.009137,0.034316,0.020505,-0.124102,-0.062378
3379,0,福岡,2016-11-01,2018-06-03,133,320,29,74,73,201,1,-0.013205,-0.030825,-0.079253,-0.098873,0.226151,0.307805
3381,0,埼玉,2016-12-15,2026-07-27,345,1644,78,294,204,842,1,0.047255,0.049517,0.079139,0.073547,-0.278361,-0.261072
3382,0,東京,2016-11-23,2022-05-01,263,560,20,37,108,183,1,0.009974,-0.005270,0.083861,0.068408,-0.251399,-0.185037
3385,0,東京,2016-11-01,2026-08-11,578,1704,123,346,345,1020,1,0.009751,0.016520,-0.001706,0.002557,-0.002902,-0.023208
3388,0,福井,2016-11-09,2026-06-22,480,1724,231,440,391,1052,1,0.226030,0.182600,0.204375,0.148955,-0.894345,-0.667869
3391,0,東京,2016-11-05,2026-08-11,121,333,18,56,63,189,1,-0.019408,-0.014233,-0.046906,-0.038399,0.237535,0.205517
3392,0,三重,2016-11-08,2026-08-09,412,1510,36,111,165,568,1,0.013869,0.006384,0.024326,0.019367,-0.034607,-0.011057
3393,0,東京,2016-11-25,2019-12-20,146,257,14,9,45,61,1,0.060871,0.035800,0.070865,0.043668,-0.272027,-0.160707
3397,0,広島,2016-11-01,2018-10-26,69,298,4,16,20,73,1,0.004280,0.000459,0.044889,0.040890,-0.252407,-0.235207
3398,0,埼玉,2016-11-03,2020-06-25,55,427,4,16,18,129,1,0.035257,0.039568,0.025165,0.050759,-0.242325,-0.336486
3400,0,愛知,2016-11-08,2024-08-15,98,360,5,24,31,126,1,-0.015646,-0.015967,-0.033673,-0.032408,0.111565,0.108611
3401,0,香川,2016-11-08,2026-08-11,376,2029,65,315,197,1024,1,0.017623,0.017814,0.019254,0.019812,-0.076965,-0.077843
3404,0,東京,2016-11-01,2018-08-11,75,285,12,11,20,78,1,0.121404,0.090983,-0.007018,-0.029596,-0.001404,0.098417
3406,0,群馬,2016-11-01,2026-08-11,470,2002,76,342,294,1120,1,-0.009127,-0.017694,0.066091,0.047724,-0.144275,-0.073635
3407,0,東京,2016-11-08,2018-12-19,105,267,3,15,32,81,1,-0.027608,-0.058368,0.001391,-0.018704,0.027929,0.125168
3408,0,東京,2016-11-01,2019-03-31,70,189,2,7,16,38,1,-0.008466,-0.066233,0.027513,-0.027878,-0.122751,0.114779
3409,0,福井,2016-11-01,2021-10-05,298,890,49,124,159,398,1,0.025104,0.007658,0.086366,0.061666,-0.375801,-0.275828
3411,0,広島,2016-11-01,2026-08-11,396,1387,37,78,136,404,1,0.037198,0.016755,0.052158,0.031152,-0.267915,-0.177449
3412,0,埼玉,2016-11-08,2026-08-09,419,2144,127,522,292,1390,1,0.059632,0.065363,0.048576,0.050143,-0.186370,-0.197875
3414,0,群馬,2016-11-01,2025-11-10,264,1836,50,286,136,1013,1,0.033621,0.031707,-0.036591,-0.038513,0.008913,0.017614
3415,0,大阪,2016-11-09,2026-08-02,504,2001,156,481,373,1286,1,0.069144,0.042520,0.097401,0.065876,-0.370838,-0.240852
3417,0,東京,2016-11-03,2019-12-29,199,440,14,20,63,120,1,0.024897,-0.013367,0.043856,0.012157,-0.156418,-0.017760
3419,0,群馬,2016-11-01,2026-07-27,356,1320,23,85,123,461,1,0.000213,-0.016365,-0.003737,-0.016368,-0.030431,0.027359
3422,0,静岡,2016-11-01,2026-08-11,602,1845,193,489,396,1158,1,0.055557,0.049833,0.030165,0.023609,-0.174805,-0.147614
3424,0,岡山,2016-11-01,2023-04-28,102,422,7,25,43,121,1,0.009386,-0.028384,0.134839,0.097115,-0.458136,-0.296628
3425,0,東京,2016-11-07,2019-08-28,67,132,1,6,18,39,1,-0.030529,-0.060079,-0.026798,-0.057030,-0.059362,0.069583
3427,0,山口,2016-11-03,2025-01-22,744,1002,180,195,481,615,1,0.047325,0.023226,0.032733,0.005962,-0.175850,-0.062685
3430,0,広島,2016-11-21,2026-08-08,415,1888,72,281,187,807,1,0.024659,0.020006,0.023166,0.017190,-0.146194,-0.120995
3432,0,大阪,2016-11-06,2026-07-09,287,2145,34,287,124,1012,1,-0.015333,-0.018173,-0.039739,-0.055326,0.123537,0.179508
3433,0,埼玉,2016-11-01,2020-11-10,54,723,2,39,21,244,1,-0.016905,-0.045633,0.051406,0.015665,-0.298678,-0.148778
3434,0,福岡,2016-11-03,2026-08-08,653,1404,94,131,306,584,1,0.050646,0.047122,0.052652,0.047455,-0.236768,-0.217639
3435,0,岡山,2016-11-03,2026-08-11,321,2272,91,629,226,1571,1,0.006641,-0.000264,0.012589,0.001698,-0.005486,0.038255
3436,0,岡山,2016-11-15,2026-08-05,367,1857,69,390,214,1134,1,-0.022005,-0.025847,-0.027556,-0.027852,0.093515,0.097357
3439,0,大阪,2016-11-03,2026-08-09,174,2481,36,570,120,1507,1,-0.022850,-0.032323,0.082239,0.062667,-0.203929,-0.129295
3441,0,群馬,2016-11-03,2026-08-11,387,1868,49,187,208,910,1,0.026508,0.011934,0.050316,0.031537,-0.272364,-0.195977
3442,0,香川,2016-11-03,2026-08-11,253,2008,29,265,124,1105,1,-0.017348,-0.005746,-0.060180,-0.048516,0.181820,0.131912
3443,0,岡山,2016-11-03,2023-02-17,326,1272,54,166,176,645,1,0.035141,0.023901,0.032802,0.026193,-0.155115,-0.123093
3444,0,福岡,2016-11-08,2026-04-24,535,1366,47,125,174,431,1,-0.003658,-0.004841,0.009714,0.002724,-0.065478,-0.038862
3445,0,埼玉,2016-11-01,2026-08-05,304,1942,63,303,195,1134,1,0.051212,0.043455,0.057513,0.047770,-0.192731,-0.153037
3446,0,広島,2016-11-07,2016-12-06,7,8,0,0,3,1,0,,,,,,
3448,0,群馬,2016-11-08,2026-05-24,348,1697,31,144,149,758,1,0.004225,-0.004235,-0.018510,-0.027379,0.048014,0.086034
3452,0,愛知,2016-11-03,2017-11-06,49,155,13,13,29,67,1,0.181435,0.165778,0.159579,0.141479,-0.766689,-0.690374
3454,0,岡山,2016-11-23,2026-08-04,353,1785,43,156,180,840,1,0.034418,0.012909,0.039327,0.016342,-0.110739,-0.014556
3455,0,愛知,2016-11-01,2026-08-08,464,1667,60,225,230,899,1,-0.005663,-0.011039,-0.043602,-0.041846,0.196218,0.195082
3456,0,徳島,2016-11-09,2021-06-22,205,691,11,50,65,213,1,-0.018700,-0.047295,0.008824,-0.016579,-0.034605,0.078935
3458,0,岡山,2016-11-08,2026-08-10,282,1791,49,255,149,827,1,0.031380,0.013893,0.066616,0.047422,-0.255390,-0.175708
3459,0,佐賀,2016-11-03,2026-08-05,404,1424,31,93,155,477,1,0.011424,-0.003690,0.048691,0.038652,-0.179031,-0.129608
3460,0,東京,2016-11-01,2020-06-07,260,509,42,43,119,174,1,0.077059,0.050368,0.115846,0.100332,-0.420561,-0.344552
3461,0,静岡,2016-11-01,2026-08-08,408,1603,33,111,159,606,1,0.011637,-0.000060,0.011665,0.002085,-0.121346,-0.077730
3462,0,岡山,2016-11-22,2025-08-26,314,1860,68,296,179,955,1,0.057421,0.038707,0.056623,0.027319,-0.292333,-0.175524
3463,0,東京,2016-11-03,2026-08-11,444,1666,59,203,237,849,1,0.011034,0.012313,0.024180,0.026319,-0.069533,-0.078426
3465,0,東京,2016-11-03,2019-12-29,193,396,8,13,67,97,1,0.008622,-0.026758,0.102201,0.061233,-0.317920,-0.144317
3467,0,東京,2016-11-01,2026-08-08,482,1558,42,123,162,622,1,0.008190,-0.004222,-0.063130,-0.067256,0.142024,0.165225
3469,0,福井,2016-11-01,2021-03-25,65,463,3,39,18,153,1,-0.038079,-0.043499,-0.053530,-0.057419,0.237747,0.258582
3470,0,徳島,2016-11-01,2026-08-05,285,1186,44,202,139,614,1,-0.015934,-0.031234,-0.029987,-0.036820,0.078101,0.114266
3471,0,佐賀,2016-11-07,2026-08-04,422,1440,37,102,166,524,1,0.016844,0.006604,0.029476,0.014429,-0.151939,-0.090732
3472,0,東京,2016-11-03,2018-03-26,55,103,1,2,8,13,1,-0.001236,-0.016841,0.019241,-0.010227,0.045013,0.158722
3473,0,福岡,2016-11-01,2026-08-10,689,2117,210,655,480,1454,1,-0.004611,-0.010961,0.009841,0.002681,0.012827,0.042564
3474,0,静岡,2016-11-01,2026-08-05,319,1587,41,162,156,802,1,0.026447,0.028309,-0.016328,-0.014225,0.051992,0.042368
3475,0,群馬,2016-11-01,2026-08-11,443,1997,95,429,260,1210,1,-0.000375,-0.016712,-0.019001,-0.037889,0.050813,0.129084
3476,0,徳島,2016-11-08,2018-12-22,90,309,8,15,31,74,1,0.040345,0.020119,0.104962,0.079332,-0.336030,-0.228424
3477,0,徳島,2016-11-09,2026-08-10,407,1591,39,91,175,582,1,0.038626,0.013449,0.064168,0.045262,-0.258214,-0.173417
3478,0,香川,2016-11-01,2026-08-09,359,1561,50,195,164,721,1,0.014356,0.009541,-0.005059,-0.013724,-0.028276,0.005960
3480,0,群馬,2016-11-08,2019-12-16,116,343,7,11,44,81,1,0.028275,-0.003271,0.143159,0.106208,-0.388132,-0.230833
3482,0,群馬,2016-11-01,2026-08-11,280,2002,41,212,138,914,1,0.040534,0.038016,0.036314,0.033151,-0.182867,-0.167603
3483,0,佐賀,2016-11-12,2020-10-22,122,557,7,32,46,178,1,-0.000074,-0.010624,0.057480,0.052052,-0.153854,-0.124555
3484,0,兵庫,2016-11-09,2026-08-11,409,2103,121,553,268,1363,1,0.032886,0.024423,0.007135,-0.001963,-0.085766,-0.046952
3485,0,大阪,2016-11-03,2021-12-04,18,999,2,144,8,461,0,,,,,,
3486,0,福岡,2016-11-09,2023-12-01,129,518,15,50,62,198,1,0.019754,0.031299,0.098381,0.114798,-0.320329,-0.388386
3488,0,東京,2016-11-03,2023-10-21,294,1250,54,176,161,608,1,0.042873,0.041194,0.061219,0.056282,-0.296294,-0.279794
3489,0,静岡,2016-11-01,2026-08-11,523,2347,131,536,357,1545,1,0.022101,0.010225,0.024313,0.004793,-0.113398,-0.036293
3491,0,福岡,2016-11-03,2023-12-20,310,1093,28,63,106,321,1,0.032683,0.025522,0.048248,0.039538,-0.251167,-0.215373
3492,0,香川,2016-11-09,2017-03-02,19,31,2,0,4,7,0,,,,,,
3493,0,大阪,2016-11-23,2018-12-13,21,334,4,18,11,91,1,0.136584,0.096080,0.251354,0.221090,-0.889364,-0.749630
3496,0,群馬,2016-11-06,2017-01-11,10,31,3,2,5,7,0,,,,,,
3497,0,埼玉,2016-11-03,2026-07-28,232,1980,51,392,129,1044,1,0.021848,0.019179,0.028762,0.031387,-0.158046,-0.167133
3498,0,兵庫,2016-11-18,2021-12-02,150,664,9,57,54,204,1,-0.025843,-0.052345,0.052771,0.022665,-0.144157,-0.015878
3499,0,広島,2016-11-03,2026-08-08,455,2101,142,532,309,1308,1,0.058875,0.048562,0.056560,0.050059,-0.248184,-0.216292
3501,0,長崎,2016-11-08,2025-01-24,401,1549,73,195,204,666,1,0.056157,0.032216,0.078773,0.051538,-0.301992,-0.188034
3502,0,静岡,2016-11-03,2026-08-11,388,2326,88,498,244,1437,1,0.012703,0.007773,0.011067,-0.001170,-0.076074,-0.030550
3503,0,埼玉,2016-11-09,2026-07-27,317,1571,22,91,110,528,1,0.011476,0.001426,0.010911,0.001533,-0.122870,-0.080388
3505,0,東京,2016-11-01,2026-08-10,653,1683,108,278,395,991,1,0.000209,0.007265,0.016071,0.021369,-0.046780,-0.071273
3506,0,佐賀,2016-11-01,2023-04-26,220,899,5,48,76,293,1,-0.030665,-0.032173,0.019537,0.009646,-0.170765,-0.134597
3507,0,大阪,2016-11-07,2026-08-02,191,1707,30,135,88,744,1,0.077982,0.059637,0.024881,0.000744,-0.132016,-0.035690
3508,0,佐賀,2016-11-08,2026-08-11,467,1752,71,197,226,803,1,0.039591,0.032998,0.025607,0.022781,-0.193284,-0.177780
3509,0,香川,2016-11-12,2026-08-05,273,1340,31,89,108,451,1,0.047135,0.024276,0.059037,0.047476,-0.230917,-0.172382
3514,0,福岡,2016-11-08,2026-08-11,840,1767,257,464,536,1046,1,0.043360,0.026203,0.046131,0.025737,-0.195663,-0.112136
3516,0,広島,2016-11-03,2026-08-10,320,1661,38,168,121,689,1,0.017606,0.018648,-0.036685,-0.030405,0.068974,0.047476
3517,0,東京,2016-11-07,2026-08-10,447,1450,93,303,258,841,1,-0.000912,0.001387,-0.002819,0.010062,0.037524,-0.007343
3518,0,静岡,2016-11-12,2026-08-05,189,1311,25,162,92,634,1,0.008705,-0.005642,0.003172,-0.008239,-0.000363,0.051265
3519,0,愛知,2016-11-05,2026-08-11,358,1568,35,131,161,671,1,0.014219,0.006368,0.021787,0.017700,-0.016268,0.001952
3521,0,福岡,2016-11-03,2020-06-21,90,535,3,15,39,153,1,0.005296,0.014438,0.147352,0.144808,-0.288058,-0.291706
3522,0,佐賀,2016-11-03,2022-12-19,288,1091,76,244,176,645,1,0.040241,0.027673,0.019910,-0.003411,-0.119685,-0.028458
3523,0,福岡,2016-11-01,2026-08-10,423,1344,61,180,220,649,1,0.010279,0.011398,0.037208,0.039937,-0.095243,-0.106206
3527,0,長崎,2016-11-06,2026-08-10,526,2088,94,326,327,1164,1,0.022577,0.001063,0.064202,0.038949,-0.218291,-0.113294
3528,0,愛知,2016-11-01,2026-08-11,445,1254,39,80,151,414,1,0.023845,0.012511,0.009182,-0.004610,-0.101493,-0.043423
3529,0,兵庫,2016-11-03,2020-02-09,212,698,57,189,152,485,1,-0.001906,-0.004794,0.022139,0.019532,-0.011232,0.000071
3532,0,群馬,2016-11-07,2026-08-11,478,1819,112,484,305,1223,1,-0.031771,-0.031994,-0.034272,-0.033525,0.092070,0.091327
3533,0,埼玉,2016-11-03,2024-03-04,213,1257,43,130,113,585,1,0.098457,0.078663,0.065123,0.048458,-0.313691,-0.237367
3534,0,東京,2016-11-05,2022-10-23,272,985,87,250,191,624,1,0.066046,0.073504,0.068703,0.077480,-0.203684,-0.240633
3535,0,兵庫,2016-11-08,2026-08-08,297,1432,41,150,113,480,1,0.033299,0.009947,0.045276,0.016033,-0.280232,-0.157680
3536,0,愛知,2016-11-03,2025-01-04,360,1109,32,78,149,410,1,0.018555,0.005263,0.044186,0.025294,-0.117714,-0.040617
3537,0,福岡,2016-11-06,2024-06-26,403,902,30,60,131,298,1,0.007923,0.002127,-0.005315,-0.011732,0.031259,0.059417
3538,0,群馬,2016-11-06,2026-08-09,394,1800,66,251,238,969,1,0.028068,0.017633,0.065728,0.048996,-0.215155,-0.149240
3539,0,山口,2016-11-01,2026-08-11,671,1489,59,134,265,527,1,-0.002065,-0.018064,0.041004,0.017640,-0.110865,-0.019932
3540,0,群馬,2016-11-08,2018-06-25,38,207,2,8,13,51,1,0.013984,-0.000903,0.095728,0.069637,-0.315535,-0.213521
3541,0,香川,2016-11-03,2026-08-05,431,2222,95,569,276,1467,1,-0.035658,-0.036773,-0.019845,-0.024741,0.057526,0.074859
3542,0,愛知,2016-11-25,2026-08-11,487,1441,54,118,197,522,1,0.028995,0.007256,0.042269,0.022544,-0.152606,-0.066426
3543,0,香川,2016-11-03,2026-08-10,458,1855,93,377,282,1068,1,-0.000178,-0.002726,0.039979,0.030718,-0.114335,-0.079643
3544,0,静岡,2016-11-03,2026-08-08,264,1315,29,110,104,472,1,0.026198,0.002245,0.035004,0.023875,-0.203313,-0.142290
3546,0,埼玉,2016-11-03,2026-08-09,339,1965,55,255,179,971,1,0.032471,0.017447,0.033876,0.016001,-0.187786,-0.115412
3548,0,福井,2016-11-07,2026-08-03,498,1995,115,389,281,1135,1,0.035936,0.024704,-0.004665,-0.023185,-0.045375,0.028098
3549,0,滋賀,2016-11-03,2017-05-16,9,61,0,1,0,3,0,,,,,,
3550,0,愛知,2016-11-03,2026-08-11,451,2234,152,495,293,1226,1,0.115453,0.088516,0.100876,0.069695,-0.439631,-0.310044
3551,0,福岡,2016-11-12,2026-08-02,453,1085,35,104,159,425,1,-0.018590,-0.014798,-0.040712,-0.039127,0.170076,0.161358
3552,0,岡山,2016-11-26,2018-10-21,46,318,13,65,34,184,1,0.078206,0.037999,0.160514,0.110558,-0.582855,-0.379616
3553,0,香川,2016-11-03,2025-05-09,427,1425,50,116,200,613,1,0.035693,0.020291,0.038209,0.029539,-0.107502,-0.065473
3554,0,愛知,2016-11-21,2026-08-11,749,2007,241,558,550,1278,1,0.043735,0.011842,0.097541,0.065876,-0.299834,-0.165783
3555,0,大阪,2016-11-03,2021-10-24,191,1142,53,315,123,759,1,0.001655,-0.002500,-0.020644,-0.021360,0.062428,0.069382
3556,0,大阪,2016-11-01,2026-07-27,512,1964,121,601,329,1378,1,-0.069680,-0.058639,-0.059051,-0.047219,0.234526,0.184243
3557,0,大阪,2016-11-03,2026-08-11,504,2145,141,590,323,1407,1,0.004704,-0.007198,-0.015071,-0.030143,0.023393,0.084945
3558,0,岡山,2016-11-01,2026-08-02,262,1833,51,340,142,971,1,0.009168,-0.003630,0.012252,-0.000971,-0.055815,0.002861
3559,0,山口,2016-11-03,2024-03-27,370,1079,47,120,169,434,1,0.015813,0.007126,0.054532,0.043627,-0.206695,-0.162060
3560,0,群馬,2016-11-03,2022-12-12,163,757,16,62,67,254,1,0.016257,-0.005771,0.075508,0.047612,-0.164364,-0.050803
3561,0,岡山,2016-11-07,2023-06-20,308,969,35,60,101,329,1,0.051717,0.026196,-0.011603,-0.028130,-0.057721,0.022292
3562,0,広島,2016-11-03,2026-08-11,198,2416,51,572,124,1453,1,0.020821,0.003272,0.024855,0.006243,-0.195552,-0.117076
3563,0,静岡,2016-11-05,2026-08-11,459,2270,89,414,290,1326,1,0.011521,-0.030891,0.047667,0.005208,-0.156442,0.024984
3564,0,福岡,2016-11-12,2026-08-05,446,1658,47,211,168,644,1,-0.021881,-0.017392,-0.011738,-0.006614,0.069044,0.046835
3565,0,東京,2016-11-08,2024-12-25,445,865,20,48,131,276,1,-0.010548,-0.033484,-0.024693,-0.043964,0.040346,0.126004
3566,0,福岡,2016-11-03,2026-08-11,632,1662,68,216,324,822,1,-0.022369,-0.026772,0.018073,0.009836,-0.041651,-0.009415
3567,0,山口,2016-11-01,2026-07-30,292,1207,22,70,107,384,1,0.017347,0.013320,0.048294,0.031965,-0.140181,-0.081666
3568,0,香川,2016-11-03,2026-08-10,428,1908,84,402,250,988,1,-0.014430,-0.017643,0.066292,0.064647,-0.123146,-0.116188
3569,0,東京,2016-11-01,2026-08-10,902,1328,129,80,411,478,1,0.082775,0.062103,0.095714,0.080549,-0.374871,-0.305508
3571,0,長崎,2016-11-01,2024-01-10,255,990,21,63,92,312,1,0.018717,0.002889,0.045633,0.025151,-0.188057,-0.104597
3572,0,兵庫,2016-11-03,2026-08-10,381,2018,95,436,230,1227,1,0.033288,0.031945,-0.004353,-0.006636,-0.068624,-0.060770
3573,0,広島,2016-11-03,2023-02-10,327,1403,156,438,277,1006,1,0.164876,0.131992,0.130060,0.091352,-0.597518,-0.439428
3574,0,福岡,2016-12-17,2026-08-10,967,1430,258,327,645,820,1,0.038133,0.022777,0.093585,0.077404,-0.302633,-0.234397
3575,0,埼玉,2016-11-09,2020-04-07,67,564,11,50,32,209,1,0.075527,0.062685,0.107045,0.101752,-0.353631,-0.324636
3576,0,福岡,2016-11-09,2026-08-10,762,1735,187,429,552,1221,1,-0.001855,-0.015859,0.020663,0.013441,-0.067805,-0.030774
3577,0,兵庫,2016-11-26,2026-08-11,362,1774,75,348,197,907,1,0.011015,-0.005608,0.032925,0.005887,-0.098220,0.009984
3578,0,香川,2016-11-03,2026-05-29,498,1747,55,162,223,779,1,0.017711,0.008574,0.001884,-0.007949,0.002874,0.044308
3579,0,埼玉,2016-11-01,2026-07-10,75,1864,12,325,45,1008,1,-0.014356,-0.046417,0.059227,0.017488,-0.232926,-0.064328
3580,0,滋賀,2016-11-03,2026-07-24,282,1834,32,224,144,890,1,-0.008662,-0.018204,0.025360,0.014365,-0.026988,0.019389
3581,0,山口,2016-11-01,2026-08-11,520,1656,67,159,233,737,1,0.032832,0.023843,0.003029,-0.002336,-0.040812,-0.015512
3582,0,滋賀,2016-11-06,2026-08-08,547,2161,187,616,380,1396,1,0.056812,0.044469,0.048701,0.032757,-0.214512,-0.150987
3583,0,埼玉,2016-11-01,2026-08-11,348,1475,40,95,159,461,1,0.050536,0.016224,0.144354,0.111120,-0.492494,-0.348481
3584,0,広島,2016-11-03,2026-08-10,368,2139,50,291,178,1091,1,-0.000175,-0.009042,-0.026356,-0.033730,0.066445,0.099305
3585,0,岡山,2016-11-12,2020-06-03,131,646,11,35,68,240,1,0.029790,0.015356,0.147567,0.128816,-0.458712,-0.381229
3587,0,徳島,2016-11-03,2026-07-20,393,1436,44,136,182,570,1,0.017252,-0.010929,0.066168,0.041782,-0.215725,-0.107289
3588,0,静岡,2016-11-12,2018-08-26,67,311,11,28,34,126,1,0.074147,0.059210,0.102318,0.066708,-0.445890,-0.311262
3589,0,埼玉,2016-11-05,2026-07-12,326,1798,73,327,192,937,1,0.042058,0.033964,0.067822,0.057530,-0.253878,-0.210928
3590,0,東京,2016-11-03,2026-08-08,636,1789,211,502,458,1126,1,0.051157,0.045921,0.090724,0.082643,-0.355840,-0.322715
3591,0,静岡,2016-11-03,2026-08-11,425,1340,57,124,177,504,1,0.041580,0.020361,0.040351,0.019461,-0.174337,-0.083790
3592,0,大阪,2016-11-03,2021-12-02,93,583,9,39,37,196,1,0.029879,0.008445,0.061657,0.043411,-0.289806,-0.207219
3593,0,長崎,2016-11-01,2024-03-21,27,1270,4,87,13,515,1,0.079644,0.101353,0.075970,0.122105,-0.276728,-0.455974
3594,0,埼玉,2016-11-03,2023-11-29,250,864,16,36,93,241,1,0.022333,0.003603,0.093065,0.069601,-0.246426,-0.149630
3596,0,埼玉,2016-11-01,2026-08-05,246,1555,24,130,112,632,1,0.013960,-0.002752,0.048854,0.037635,-0.174697,-0.122232
3600,0,岡山,2016-11-07,2025-07-14,377,1581,52,148,158,605,1,0.044319,0.027690,0.036429,0.013226,-0.268230,-0.174837
3601,0,山口,2016-11-12,2019-06-24,84,343,4,19,21,104,1,-0.007775,-0.014596,-0.053207,-0.062052,0.248056,0.284250
3602,0,東京,2016-11-03,2026-08-10,667,1436,123,158,364,670,1,0.074380,0.066508,0.079153,0.066704,-0.327710,-0.279350
3604,0,福岡,2016-11-01,2026-08-05,446,1599,37,111,188,627,1,0.013541,0.014356,0.029405,0.021951,-0.057222,-0.032582
3605,0,三重,2016-11-03,2026-08-09,420,1707,64,205,197,740,1,0.032287,0.014511,0.035539,0.020948,-0.186773,-0.122730
3606,0,滋賀,2016-11-09,2026-08-08,626,1868,187,471,417,1202,1,0.046581,0.045504,0.022665,0.023439,-0.132289,-0.133556
3607,0,大阪,2016-11-01,2022-12-27,185,1137,28,135,82,484,1,0.032618,0.013996,0.017562,-0.001166,-0.141040,-0.061761
3608,0,愛知,2016-11-01,2018-12-27,74,380,3,12,22,109,1,0.008962,-0.016763,0.010455,-0.015972,-0.077454,0.034987
3609,0,岡山,2016-11-03,2018-06-18,0,300,0,13,0,79,0,,,,,,
3611,0,徳島,2016-11-15,2026-08-11,341,1918,78,378,228,1162,1,0.031659,0.013812,0.062782,0.041667,-0.198898,-0.109621
3612,0,兵庫,2016-11-03,2026-08-11,463,2358,117,606,298,1532,1,-0.004298,0.000545,-0.006075,0.002117,0.010693,-0.021619
3613,0,東京,2016-11-03,2026-08-03,674,1840,172,511,460,1238,1,-0.022525,-0.011068,0.009666,0.024215,0.006067,-0.053938
3614,0,広島,2016-11-07,2026-08-08,469,1902,72,186,216,772,1,0.055726,0.042337,0.054666,0.042527,-0.253434,-0.199164
3615,0,広島,2016-11-01,2026-08-08,370,2072,57,308,174,987,1,0.005405,0.006539,-0.006081,-0.005493,-0.077992,-0.079519
3616,0,福岡,2016-11-07,2026-08-10,688,1458,129,231,405,799,1,0.029064,0.017711,0.040652,0.026464,-0.146483,-0.086975
3617,0,佐賀,2016-11-07,2026-08-11,394,1459,53,161,137,467,1,0.024168,0.017215,0.027633,0.017581,-0.189632,-0.148218
3618,0,広島,2016-11-12,2026-08-11,309,2281,89,595,207,1450,1,0.027175,0.008097,0.034217,0.009888,-0.129331,-0.026351
3619,0,群馬,2016-11-01,2026-08-05,359,2115,50,284,183,1103,1,0.004997,0.002291,-0.011764,-0.016868,0.009789,0.030773
3620,0,福井,2016-11-12,2026-08-10,384,1643,34,192,144,585,1,-0.028318,-0.030497,0.018944,0.014729,0.008781,0.026570
3621,0,愛知,2016-11-23,2026-06-22,555,1810,111,409,375,1226,1,-0.025967,-0.030492,-0.001672,-0.008573,0.074362,0.100844
3622,0,群馬,2016-11-03,2022-04-09,266,1061,96,243,188,589,1,0.131873,0.083438,0.151630,0.089172,-0.614394,-0.359159
3623,0,佐賀,2016-11-09,2026-08-11,527,2078,226,682,419,1509,1,0.100642,0.072451,0.068887,0.051015,-0.362916,-0.275912
3624,0,静岡,2016-11-25,2024-05-16,203,1271,22,121,77,421,1,0.013174,-0.019102,0.048075,0.019398,-0.209834,-0.084840
3626,0,大阪,2016-11-18,2022-06-26,98,941,9,64,23,286,1,0.023824,0.027505,-0.069238,-0.058211,0.102724,0.060226
3627,0,福岡,2016-11-03,2026-08-05,648,1556,111,243,317,729,1,0.015127,0.005102,0.020689,0.004537,-0.115931,-0.054949
3628,0,滋賀,2016-11-01,2018-12-21,27,203,2,7,10,45,1,0.039591,0.010451,0.148695,0.125198,-0.405583,-0.292239
3629,0,埼玉,2016-11-01,2026-05-18,162,2239,30,492,89,1352,1,-0.034556,-0.008690,-0.054458,-0.030891,0.198198,0.094534
3630,0,静岡,2016-11-08,2026-08-05,371,1351,38,92,151,474,1,0.034328,0.008962,0.056157,0.040646,-0.200676,-0.126052
3631,0,長崎,2016-11-08,2026-06-24,60,1651,10,196,23,776,1,0.047951,0.033052,-0.086685,-0.092505,0.360660,0.390183
3632,0,埼玉,2016-11-08,2017-10-22,25,102,3,4,8,18,1,0.080784,0.051739,0.143529,0.110447,-0.575294,-0.441259
3633,0,滋賀,2016-11-01,2019-12-20,149,162,7,6,37,28,1,0.009943,-0.014514,0.075483,0.061736,-0.263692,-0.194849
3635,0,福井,2016-11-01,2026-08-10,630,1814,173,427,395,1126,1,0.039212,0.029573,0.006256,-0.008651,-0.069696,-0.010119
3636,0,山口,2016-11-09,2020-02-15,138,460,12,25,56,138,1,0.032609,0.021538,0.105797,0.081902,-0.155797,-0.063791
3637,0,愛知,2016-11-06,2026-08-11,498,1678,52,164,225,682,1,0.006682,-0.009799,0.045371,0.026140,-0.171327,-0.090607
3641,0,東京,2016-11-03,2026-08-06,645,2121,164,479,463,1344,1,0.028427,0.035347,0.084166,0.089590,-0.224896,-0.248777
3642,0,静岡,2016-11-03,2026-08-08,226,1379,22,94,81,426,1,0.029180,0.010466,0.049488,0.037921,-0.113273,-0.058287
3643,0,岡山,2016-11-03,2026-08-03,369,1904,49,244,188,1007,1,0.004640,-0.011046,-0.019401,-0.031755,0.034593,0.090463
3644,0,三重,2016-11-05,2022-07-16,276,923,25,77,96,347,1,0.007156,-0.018320,-0.028122,-0.051527,0.011812,0.115731
3645,0,徳島,2016-11-03,2026-07-19,209,677,46,142,123,390,1,0.010347,-0.004398,0.012446,0.000546,0.005753,0.059026
3647,0,埼玉,2016-11-05,2026-08-08,320,1623,24,117,130,589,1,0.002911,-0.011243,0.043342,0.024390,-0.116418,-0.038874
3648,0,東京,2016-11-12,2018-12-24,104,287,10,13,29,62,1,0.050858,0.001060,0.062818,0.009445,-0.282129,-0.054744
3650,0,佐賀,2016-11-12,2017-01-27,3,21,0,0,1,4,0,,,,,,
3652,0,群馬,2016-11-03,2026-08-09,324,1525,26,119,113,459,1,0.002214,-0.000027,0.047782,0.039698,-0.142364,-0.112676
3653,0,群馬,2016-11-03,2026-08-09,367,1633,30,164,173,724,1,-0.018685,-0.022736,0.028034,0.019981,-0.078652,-0.049081
3654,0,福井,2016-11-01,2026-07-28,613,1938,222,520,432,1236,1,0.093835,0.075940,0.066960,0.041548,-0.346590,-0.243546
3655,0,群馬,2016-11-07,2026-08-11,393,1963,69,310,225,1100,1,0.017651,-0.003569,0.012152,-0.016652,-0.076650,0.041801
3656,0,東京,2016-11-03,2026-07-25,700,1488,118,214,419,801,1,0.024754,0.022060,0.060265,0.056495,-0.180465,-0.164874
3658,0,大阪,2016-11-03,2021-06-23,103,853,16,88,34,262,1,0.052175,0.038410,0.022946,-0.003699,-0.119316,-0.015668
3659,0,群馬,2016-11-03,2026-08-11,564,1715,114,311,368,1041,1,0.020787,0.003142,0.045485,0.018681,-0.152662,-0.044245
3660,0,香川,2016-11-05,2026-08-09,398,1606,27,87,146,486,1,0.013667,-0.002705,0.064219,0.053637,-0.210035,-0.157850
3661,0,山口,2016-11-07,2026-08-11,702,1688,84,169,370,821,1,0.019540,0.008470,0.040691,0.022400,-0.191015,-0.119026
3662,0,福岡,2016-11-07,2026-08-03,763,1900,181,420,460,1049,1,0.016169,-0.003262,0.050778,0.026731,-0.147246,-0.045552
3663,0,広島,2016-11-05,2026-07-28,436,2099,68,320,245,1080,1,0.003510,-0.011636,0.047396,0.032011,-0.076184,-0.010001
3664,0,埼玉,2016-11-07,2026-08-08,334,1730,79,318,186,858,1,0.052712,0.035118,0.060932,0.043026,-0.314710,-0.236673
3666,0,愛知,2016-11-09,2021-10-26,151,855,18,92,72,383,1,0.011603,0.008629,0.028868,0.035523,-0.034871,-0.057543
3667,0,群馬,2016-11-23,2017-05-16,23,50,0,1,7,11,1,-0.020000,-0.026430,0.084348,0.105478,-0.101739,-0.176493
3668,0,広島,2016-11-08,2024-10-25,257,1124,16,42,100,359,1,0.024890,0.005378,0.069710,0.053861,-0.258329,-0.186137
3670,0,福岡,2016-11-03,2024-03-27,348,790,37,84,144,330,1,-0.000007,-0.008603,-0.003928,-0.009383,0.008017,0.036744
3673,0,群馬,2016-11-07,2020-08-24,106,526,7,38,40,190,1,-0.006206,-0.032945,0.016142,-0.005216,-0.084475,0.012845
3674,0,徳島,2016-11-03,2025-01-10,200,1474,38,324,114,814,1,-0.029810,-0.047786,0.017761,0.001978,0.070739,0.141407
3678,0,佐賀,2016-11-03,2017-01-10,9,29,1,1,3,7,0,,,,,,
3679,0,埼玉,2016-11-03,2026-08-03,365,2157,66,524,244,1495,1,-0.062108,-0.048460,-0.024599,-0.015952,0.146707,0.104438
3680,0,長崎,2016-11-06,2026-08-11,43,2146,7,221,21,897,1,0.059808,0.045655,0.070385,0.052729,-0.310280,-0.236876
3681,0,東京,2016-11-12,2026-08-11,660,1430,147,232,412,808,1,0.060490,0.062665,0.059207,0.061453,-0.202797,-0.213188
3682,0,山口,2016-11-05,2025-01-26,215,1047,15,36,86,334,1,0.035383,0.028423,0.080993,0.067306,-0.234340,-0.182086
3683,0,福岡,2016-11-09,2023-02-13,372,859,70,160,205,480,1,0.001909,-0.003134,-0.007714,-0.012793,0.024560,0.047034
3684,0,山口,2016-11-05,2026-07-27,630,1529,127,256,389,862,1,0.034158,0.020460,0.053693,0.034339,-0.180921,-0.101778
3685,0,岡山,2016-11-06,2026-07-18,382,2096,65,503,225,1298,1,-0.069824,-0.065595,-0.030270,-0.029832,0.192701,0.187434
3686,0,群馬,2016-11-05,2026-07-22,478,2155,113,435,331,1302,1,0.034546,0.021688,0.088292,0.072509,-0.281305,-0.216575
3687,0,愛知,2016-11-03,2026-08-11,489,1504,89,245,248,793,1,0.019105,0.002031,-0.020103,-0.042444,-0.004605,0.085172
3690,0,愛知,2016-11-01,2026-08-11,505,2005,74,299,269,1034,1,-0.002593,-0.010183,0.016963,0.009017,-0.051342,-0.016440
3691,0,群馬,2016-11-03,2020-04-24,100,604,15,46,57,241,1,0.073841,0.062815,0.170993,0.163913,-0.562384,-0.529087
3692,0,福井,2017-01-11,2026-08-10,483,1522,65,161,221,682,1,0.028794,0.018130,0.009462,0.000328,-0.087902,-0.047678
3693,0,東京,2016-11-01,2024-07-13,375,1036,46,99,146,377,1,0.027107,0.011916,0.025434,0.011389,-0.145619,-0.085212
3694,0,大阪,2016-11-16,2020-03-27,93,589,8,29,34,203,1,0.036786,0.019515,0.020939,-0.011061,-0.027731,0.097539
3695,0,山口,2016-11-08,2020-06-25,194,435,9,24,53,120,1,-0.008781,-0.018593,-0.002666,-0.020303,0.049022,0.117779
3696,0,埼玉,2016-11-01,2026-08-08,295,1925,49,267,172,1053,1,0.027400,0.020103,0.036038,0.027720,-0.161884,-0.126561
3697,0,兵庫,2016-11-03,2024-11-16,154,628,25,108,69,286,1,-0.009637,-0.016632,-0.007362,-0.021745,0.025271,0.081158
3698,0,埼玉,2016-11-03,2022-03-23,117,727,10,24,51,211,1,0.052458,0.023672,0.145664,0.106960,-0.489660,-0.331148
3699,0,埼玉,2016-11-05,2026-08-09,0,1947,0,293,0,987,0,,,,,,
3701,0,香川,2016-11-03,2026-08-03,413,1514,37,104,144,519,1,0.020896,0.010909,0.005868,-0.003987,-0.092907,-0.049397
3702,0,福岡,2016-11-03,2025-05-18,283,1508,36,212,153,792,1,-0.013375,-0.018706,0.015437,0.003053,-0.055103,-0.008561
3703,0,福岡,2016-11-05,2026-08-11,694,1156,176,307,462,758,1,-0.011969,-0.020067,0.009997,-0.002616,0.004993,0.054496
3704,0,三重,2016-11-01,2026-07-10,219,1109,18,101,83,317,1,-0.008881,-0.031550,0.093152,0.070690,-0.211730,-0.112803
3705,0,大阪,2016-11-25,2022-07-11,82,691,12,87,42,309,1,0.020437,0.029932,0.065017,0.068636,-0.270922,-0.292669
3707,0,埼玉,2016-11-01,2017-05-10,11,84,0,2,4,26,0,,,,,,
3708,0,岡山,2016-11-03,2026-07-28,242,2262,52,366,142,1160,1,0.053072,0.020602,0.073956,0.039956,-0.178636,-0.033060
3709,0,山口,2016-11-01,2024-06-26,290,1214,23,69,92,370,1,0.022473,0.015714,0.012464,0.000587,-0.047560,-0.001113
3710,0,香川,2016-11-01,2026-08-05,380,1792,35,158,159,822,1,0.003936,-0.002555,-0.040284,-0.042873,0.171493,0.186243
3711,0,山口,2016-11-01,2026-07-18,993,1791,236,322,631,1040,1,0.057876,0.034024,0.054767,0.025666,-0.219540,-0.098619
3712,0,三重,2016-11-03,2026-08-05,438,1711,88,279,249,865,1,0.037851,0.014526,0.062941,0.035008,-0.261352,-0.143975
3713,0,愛知,2016-11-03,2026-08-05,580,2073,133,498,356,1298,1,-0.010921,-0.015874,-0.012353,-0.016121,0.021664,0.039785
3714,0,福岡,2016-11-03,2026-08-03,486,1542,41,155,185,648,1,-0.016157,-0.010805,-0.039575,-0.034304,0.115555,0.093386
3715,0,福岡,2016-11-01,2026-08-07,329,1335,47,150,154,638,1,0.030498,0.038540,-0.009818,-0.000662,-0.063591,-0.101648
3716,0,東京,2016-11-01,2026-08-10,839,1765,275,426,616,1078,1,0.086411,0.075367,0.123443,0.114472,-0.421301,-0.382637
3717,0,岡山,2016-11-03,2026-08-11,267,2087,60,514,158,1333,1,-0.021567,-0.026928,-0.046956,-0.053026,0.216934,0.243712
3718,0,静岡,2016-11-01,2026-08-05,413,1543,61,179,198,631,1,0.031692,0.020387,0.070475,0.060990,-0.189607,-0.147841
3719,0,広島,2016-11-03,2026-08-02,437,2016,163,509,342,1374,1,0.120518,0.088068,0.101061,0.066641,-0.403240,-0.256069
3721,0,滋賀,2016-11-03,2026-08-09,471,1801,184,604,375,1226,1,0.055289,0.043568,0.115445,0.094145,-0.400899,-0.317186
3722,0,福岡,2016-11-01,2026-08-11,349,1271,16,63,104,395,1,-0.003722,0.001482,-0.012785,-0.012992,0.073678,0.068931
3723,0,山口,2016-11-03,2021-12-25,252,652,22,37,79,190,1,0.030553,0.010936,0.022081,0.004300,-0.092073,-0.014912
3725,0,大阪,2016-11-01,2023-08-11,196,1330,27,156,83,591,1,0.020462,0.014885,-0.020892,-0.028795,0.127712,0.159030
3726,0,福岡,2016-11-01,2026-07-31,685,1729,121,254,374,873,1,0.029737,0.013113,0.041069,0.021788,-0.219778,-0.138726
3729,0,佐賀,2016-11-01,2020-07-11,133,590,12,28,61,226,1,0.042768,0.050748,0.075596,0.093734,-0.233389,-0.304071
3730,0,愛知,2016-11-03,2026-08-11,563,1818,85,206,263,768,1,0.037666,0.029673,0.044698,0.031174,-0.175932,-0.123671
3731,0,広島,2016-11-01,2026-08-11,0,2418,0,469,0,1281,0,,,,,,
3734,0,福岡,2016-11-10,2023-06-11,293,872,41,119,144,366,1,0.003464,0.005401,0.071743,0.064956,-0.204610,-0.182579
3736,0,大阪,2016-11-06,2025-08-14,270,1757,41,262,136,953,1,0.002734,-0.002216,-0.038698,-0.046453,0.120639,0.152171
3737,0,広島,2016-11-07,2026-08-06,248,2194,64,631,180,1631,1,-0.029538,-0.027138,-0.017585,-0.015241,0.106213,0.097547
3740,0,群馬,2016-11-01,2026-08-11,463,2088,115,454,313,1283,1,0.030947,0.019318,0.061562,0.049914,-0.168148,-0.117676
3741,0,福岡,2016-11-03,2026-07-31,524,1547,41,116,195,548,1,0.003260,0.007773,0.017903,0.019534,-0.062915,-0.073224
3742,0,福岡,2016-11-01,2026-08-05,498,1669,60,200,249,789,1,0.000650,-0.006200,0.027262,0.007734,-0.125169,-0.053342
3743,0,徳島,2016-11-03,2026-08-10,768,1927,245,589,542,1370,1,0.013354,0.007172,-0.005220,-0.011212,0.007244,0.032983
3744,0,静岡,2016-11-09,2026-08-11,513,2178,199,674,371,1377,1,0.078456,0.063793,0.090965,0.069762,-0.365247,-0.278290
3745,0,兵庫,2016-11-01,2026-08-09,323,2001,48,318,183,1193,1,-0.010314,-0.019516,-0.029638,-0.042096,0.143181,0.192873
3746,0,岡山,2016-11-01,2026-08-11,574,2418,130,497,361,1472,1,0.020939,0.014764,0.020152,0.007801,-0.080180,-0.031090
3747,0,福岡,2016-11-01,2026-08-10,669,1797,126,344,363,977,1,-0.003089,-0.005331,-0.001083,-0.004839,0.023677,0.038905
3748,0,埼玉,2016-11-03,2026-07-23,312,1584,20,101,128,535,1,0.000340,-0.019901,0.072504,0.047192,-0.209110,-0.104266
3750,0,徳島,2016-11-06,2020-04-03,151,589,7,28,43,183,1,-0.001181,-0.022251,-0.025928,-0.048407,-0.043446,0.053513
3752,0,福岡,2016-11-03,2026-08-11,564,1512,62,151,262,667,1,0.010061,0.013835,0.023401,0.023918,-0.078310,-0.083268
3753,0,香川,2016-11-01,2024-01-03,315,1149,45,103,114,383,1,0.053214,0.034795,0.028571,0.011629,-0.204940,-0.130826
3755,0,長崎,2016-11-01,2021-11-24,209,715,27,45,89,257,1,0.066250,0.047718,0.066397,0.053828,-0.297240,-0.239289
3757,0,広島,2016-11-03,2026-08-10,351,1912,61,306,207,1047,1,0.013747,0.003619,0.042149,0.029527,-0.173050,-0.119516
3759,0,福井,2016-11-12,2019-12-18,85,396,6,36,32,125,1,-0.020321,-0.023092,0.060814,0.043315,-0.203060,-0.136190
3761,0,滋賀,2016-11-07,2026-07-29,447,1784,74,267,241,933,1,0.015884,0.012475,0.016168,0.019163,-0.087696,-0.095339
3762,0,福井,2016-11-01,2020-08-13,114,481,4,20,25,146,1,-0.006492,-0.010204,-0.084236,-0.096634,0.234088,0.284209
3764,0,愛知,2016-11-03,2017-06-01,19,63,1,2,2,15,0,,,,,,
3768,0,東京,2016-11-18,2017-04-30,36,35,0,0,11,3,1,0.000000,-0.033046,0.219841,0.171420,-1.033333,-0.835215
3769,0,滋賀,2016-11-03,2026-08-11,84,1977,22,318,58,1114,1,0.101055,0.077422,0.126996,0.107978,-0.588536,-0.504430
3771,0,東京,2016-11-03,2026-08-09,670,1591,108,244,383,908,1,0.007831,0.010192,0.000932,0.002056,0.004444,-0.001791
3772,0,埼玉,2016-11-03,2026-08-09,375,1769,59,247,186,895,1,0.017706,0.015009,-0.009936,-0.017901,-0.068724,-0.039088
3773,0,長崎,2016-11-06,2026-08-11,349,1591,69,224,175,694,1,0.056916,0.036057,0.065229,0.040780,-0.318954,-0.217148
3775,0,岡山,2016-11-01,2026-08-03,335,1891,45,182,142,745,1,0.038083,0.019362,0.029909,0.012084,-0.151892,-0.074534
3776,0,愛知,2016-11-03,2026-08-08,448,1775,46,122,190,665,1,0.033946,0.030761,0.049459,0.050747,-0.147757,-0.149541
3777,0,長崎,2016-11-03,2026-08-10,535,1921,131,381,338,1071,1,0.046526,0.018858,0.074254,0.046219,-0.277408,-0.157140
3778,0,埼玉,2016-11-15,2026-08-05,177,1080,18,78,66,354,1,0.029473,0.002778,0.045104,0.019816,-0.197505,-0.086865
3779,0,愛知,2016-11-09,2017-03-30,35,92,18,39,28,61,1,0.090373,0.056657,0.136957,0.090960,-0.301242,-0.117306
3779,1,長崎,2017-04-04,2026-08-02,473,1895,218,531,372,1118,1,0.180677,0.125388,0.196496,0.127434,-0.828061,-0.545541
3780,0,兵庫,2016-11-09,2024-12-16,349,1716,117,409,270,1119,1,0.096899,0.062928,0.121541,0.078560,-0.519939,-0.343772
3781,0,福井,2016-11-01,2023-11-29,283,1054,32,142,125,455,1,-0.021651,-0.021095,0.010007,0.013380,-0.117898,-0.129183
3782,0,福岡,2016-11-03,2018-09-02,78,318,20,82,45,186,1,-0.001451,-0.014118,-0.007983,-0.011690,0.033866,0.060164
3783,0,福岡,2016-11-03,2026-08-11,734,1620,237,418,536,1028,1,0.064864,0.036097,0.095677,0.062352,-0.327896,-0.187215
3784,0,佐賀,2016-11-03,2026-08-11,364,1867,82,311,219,997,1,0.058697,0.035703,0.067637,0.041087,-0.264800,-0.153893
3787,0,岡山,2016-11-03,2026-08-11,312,1516,49,138,147,543,1,0.066022,0.044402,0.112974,0.099096,-0.435711,-0.369077
3788,0,徳島,2016-11-01,2026-08-03,301,1741,91,446,201,1079,1,0.046151,0.042657,0.048015,0.044807,-0.164964,-0.150579
3789,0,福岡,2016-11-09,2021-11-22,161,561,11,23,51,165,1,0.027325,0.030764,0.022653,0.024402,-0.144773,-0.153543
3790,0,群馬,2016-11-07,2026-08-09,408,1772,59,211,222,858,1,0.025533,0.006393,0.059919,0.040914,-0.185898,-0.103072
3791,0,群馬,2016-11-01,2019-12-16,117,466,8,28,44,148,1,0.008290,-0.006325,0.058472,0.042327,-0.169821,-0.102059
3792,0,東京,2016-11-12,2026-07-27,547,1486,121,338,371,969,1,-0.006250,0.000812,0.026159,0.033042,-0.072789,-0.102265
3793,0,埼玉,2016-11-05,2026-07-26,248,1239,35,132,131,543,1,0.034592,0.011969,0.089969,0.055746,-0.315955,-0.177967
3794,0,佐賀,2016-11-01,2019-06-17,76,276,5,13,23,67,1,0.018688,0.016531,0.059878,0.062960,-0.286613,-0.295035
3795,0,兵庫,2016-11-09,2021-08-27,194,905,47,300,134,663,1,-0.089224,-0.080726,-0.041875,-0.035415,0.303537,0.273776
3796,0,静岡,2016-11-03,2026-08-11,395,1869,59,236,192,957,1,0.023096,0.013903,-0.025963,-0.033033,-0.010094,0.021871
3797,0,広島,2016-11-07,2026-08-09,420,1710,46,87,170,592,1,0.058647,0.047728,0.058563,0.049397,-0.244027,-0.201882
3798,0,岡山,2016-11-01,2017-11-27,0,211,0,9,0,80,0,,,,,,
3799,0,愛知,2017-02-04,2019-12-15,147,479,26,85,74,247,1,-0.000582,-0.006840,-0.012256,-0.010924,-0.010850,-0.012148
3800,0,東京,2016-11-01,2026-08-11,421,1523,80,286,237,874,1,0.002236,0.006542,-0.010922,-0.008210,0.035567,0.022593
3801,0,大阪,2016-11-03,2026-07-24,209,1799,48,371,108,967,1,0.023439,0.011056,-0.020774,-0.032115,0.005801,0.055570
3802,0,岡山,2016-12-10,2025-06-27,174,1650,29,211,76,742,1,0.038788,0.034884,-0.012915,-0.010989,0.052769,0.049455
3804,0,福岡,2016-11-01,2026-08-08,636,1548,86,197,304,711,1,0.007959,0.005160,0.018685,0.015975,0.000695,0.013219
3805,0,東京,2016-11-03,2026-08-11,438,1778,81,360,247,1057,1,-0.017543,-0.007327,-0.030561,-0.020803,0.115034,0.072466
3807,0,埼玉,2016-11-03,2026-08-05,349,1867,44,246,174,849,1,-0.005688,-0.016183,0.043827,0.029936,-0.131316,-0.074532
3808,0,埼玉,2016-11-07,2026-08-09,211,1641,24,140,87,564,1,0.028430,0.005711,0.068629,0.045098,-0.314760,-0.211383
3809,0,佐賀,2016-11-12,2026-08-11,414,1639,46,205,214,809,1,-0.013965,-0.035543,0.023315,0.002861,-0.112953,-0.023505
3811,0,静岡,2016-11-09,2026-08-08,555,2145,110,505,343,1357,1,-0.037233,-0.035487,-0.014616,-0.016338,0.120015,0.124049
3812,0,東京,2016-11-01,2026-08-08,671,1375,72,92,287,556,1,0.040393,0.014429,0.023356,0.006522,-0.137490,-0.059915
3813,0,愛知,2016-11-03,2026-07-28,470,2031,92,476,316,1394,1,-0.038623,-0.052069,-0.014021,-0.030937,0.122390,0.191852
3814,0,福井,2016-11-03,2026-08-10,599,1951,91,280,336,988,1,0.008404,-0.001335,0.054528,0.044691,-0.122915,-0.080059
3815,0,岡山,2016-11-07,2023-08-22,146,1338,38,243,90,663,1,0.078660,0.061314,0.120923,0.110199,-0.403731,-0.356353
3817,0,兵庫,2016-11-03,2018-07-14,43,150,7,8,23,47,1,0.109457,0.063090,0.221550,0.170423,-0.764806,-0.550634
3818,0,長崎,2016-11-05,2019-06-19,82,271,6,15,28,65,1,0.017820,0.019895,0.101611,0.080907,-0.323418,-0.254494
3819,0,滋賀,2016-11-06,2022-06-02,201,694,16,28,67,214,1,0.039256,0.017013,0.024976,-0.003887,-0.114815,0.003317
3820,0,徳島,2016-11-05,2026-05-13,419,1337,26,73,175,471,1,0.007453,-0.020107,0.065380,0.032990,-0.169233,-0.034744
3822,0,岡山,2016-11-05,2026-08-11,426,2193,130,658,312,1525,1,0.005119,-0.004021,0.037000,0.028589,-0.114420,-0.077337
3823,0,三重,2016-11-05,2022-03-02,256,964,37,146,109,469,1,-0.006921,-0.009560,-0.060733,-0.061427,0.217356,0.223549
3824,0,広島,2016-11-07,2019-04-18,66,319,3,5,20,74,1,0.029781,0.028497,0.071055,0.069355,-0.121212,-0.115240
3825,0,福岡,2016-11-12,2026-08-11,666,1278,79,142,223,420,1,0.007508,0.007681,0.006196,-0.000559,-0.015480,0.007069
3826,0,東京,2016-11-01,2026-08-11,616,1772,133,392,385,1173,1,-0.005310,0.003011,-0.036964,-0.033582,0.065232,0.045421
3827,0,群馬,2016-11-09,2026-08-11,369,1389,24,84,148,464,1,0.004565,-0.004180,0.067031,0.059156,-0.198429,-0.164378
3828,0,兵庫,2016-11-06,2026-08-11,323,2039,74,378,203,1253,1,0.043717,0.032264,0.013966,-0.000919,-0.039633,0.020919
3829,0,福岡,2016-11-01,2020-04-27,104,400,4,14,26,107,1,0.003462,0.016096,-0.017500,0.004616,-0.013462,-0.101386
3830,0,群馬,2016-11-12,2018-09-05,32,76,0,2,5,11,1,-0.026316,-0.017597,0.011513,0.015526,-0.108553,-0.124616
3831,0,愛知,2016-11-06,2026-08-11,476,1489,63,217,211,659,1,-0.013382,-0.025277,0.000698,-0.014796,-0.021072,0.042441
3832,0,香川,2016-11-06,2026-08-01,382,1868,44,224,189,935,1,-0.004731,-0.005586,-0.005771,-0.005295,0.052656,0.052117
3833,0,福井,2016-11-10,2026-08-03,617,1925,205,577,433,1312,1,0.032513,0.029966,0.020224,0.016251,-0.129884,-0.114058
3834,0,岡山,2016-11-06,2026-08-09,155,1724,28,227,73,746,1,0.048975,0.018585,0.038253,0.012349,-0.194001,-0.076407
3835,0,兵庫,2016-11-06,2019-03-22,65,288,7,17,16,69,1,0.048665,0.036741,0.006571,-0.020566,-0.142201,-0.041599
3837,0,香川,2016-12-01,2026-08-01,455,2062,110,501,308,1298,1,-0.001210,0.001489,0.047437,0.043109,-0.097250,-0.084854
3838,0,埼玉,2016-11-01,2026-08-11,114,2394,25,531,68,1447,1,-0.002506,0.005102,-0.007937,-0.007296,0.081036,0.071958
3839,0,静岡,2016-11-25,2026-08-03,371,1731,32,128,134,623,1,0.012308,0.012624,0.001278,0.016119,-0.038323,-0.090922
3841,0,徳島,2016-11-06,2026-08-10,578,2011,131,474,389,1333,1,-0.009060,-0.002711,0.010156,0.012315,-0.003918,-0.015090
3842,0,三重,2016-11-16,2026-08-09,421,1948,95,398,254,1121,1,0.021341,0.005836,0.027863,0.016982,-0.072131,-0.021055
3843,0,長崎,2016-11-06,2026-08-10,495,1826,92,264,258,896,1,0.041280,0.020618,0.030522,0.007739,-0.125119,-0.028489
3845,0,兵庫,2016-11-03,2026-08-05,67,1852,35,492,55,1199,1,0.256729,0.211951,0.173487,0.141499,-0.800490,-0.650358
3846,0,山口,2016-12-01,2021-12-19,294,649,11,38,98,210,1,-0.021137,-0.022574,0.009759,0.009137,0.060931,0.061880
3847,0,静岡,2016-11-05,2019-06-09,79,353,13,15,29,94,1,0.122064,0.092348,0.100800,0.080903,-0.404920,-0.310635
3848,0,愛知,2016-12-05,2026-08-11,504,1644,98,242,265,804,1,0.047242,0.036181,0.036743,0.036082,-0.107273,-0.096317
3849,0,香川,2016-11-03,2026-06-04,511,1819,161,577,326,1180,1,-0.002139,0.002942,-0.010743,-0.004910,0.030225,0.005698
3850,0,群馬,2016-11-01,2026-08-11,366,1833,29,229,156,865,1,-0.045697,-0.052384,-0.045674,-0.054545,0.146857,0.184658
3851,0,福岡,2016-11-09,2026-03-05,432,1096,32,113,141,328,1,-0.029028,-0.030424,0.027119,0.014124,-0.078045,-0.033909
3852,0,三重,2016-11-09,2026-08-11,455,1640,91,221,233,789,1,0.065244,0.053196,0.030990,0.009078,-0.204168,-0.116550
3853,0,福岡,2016-11-05,2026-08-10,836,1779,199,379,539,1036,1,0.024997,0.007365,0.062387,0.045267,-0.240112,-0.165786
3854,0,兵庫,2016-11-09,2026-08-11,447,1916,195,518,362,1264,1,0.165887,0.132103,0.150136,0.110736,-0.613665,-0.448590
3855,0,香川,2016-11-03,2025-07-29,312,1386,20,84,111,497,1,0.003497,-0.005561,-0.002817,-0.013910,-0.096806,-0.048500
3856,0,愛知,2016-11-10,2020-06-22,144,244,9,11,39,47,1,0.017418,0.012478,0.078210,0.088741,-0.145833,-0.179135
3857,0,東京,2016-11-12,2026-08-11,584,1152,55,95,277,446,1,0.011713,0.007622,0.087162,0.081843,-0.287933,-0.266411
3858,0,佐賀,2016-11-12,2022-03-24,182,845,27,104,103,354,1,0.025275,0.000178,0.146999,0.118351,-0.428233,-0.308623
3859,0,東京,2016-11-09,2026-08-11,428,1178,38,102,173,435,1,0.002198,-0.016596,0.034936,0.023121,-0.077095,-0.019891
3860,0,埼玉,2016-11-01,2026-08-11,329,1727,28,113,158,717,1,0.019675,0.000735,0.065072,0.050521,-0.207965,-0.141334
3862,0,滋賀,2016-11-15,2018-11-24,45,281,5,42,19,121,1,-0.038355,-0.025060,-0.008383,0.002695,0.042072,-0.008841
3863,0,東京,2016-11-07,2026-08-08,721,1473,120,154,367,647,1,0.061887,0.046397,0.069776,0.053621,-0.262360,-0.192761
3864,0,山口,2016-11-01,2017-06-21,29,87,1,2,5,30,1,0.011494,-0.020241,-0.172414,-0.199943,0.172414,0.296269
3865,0,埼玉,2016-11-09,2020-05-18,136,570,20,50,56,209,1,0.059340,0.035059,0.045098,0.023273,-0.258617,-0.163202
3866,0,岡山,2016-11-03,2026-07-22,255,1240,26,83,86,447,1,0.035025,0.007362,-0.023229,-0.040261,0.006183,0.087428
3867,0,愛知,2016-11-01,2026-08-11,343,1319,33,100,126,462,1,0.020395,0.008497,0.017082,0.007051,-0.055931,-0.011299
3868,0,東京,2016-11-01,2026-08-05,752,1552,125,181,405,720,1,0.049600,0.035793,0.074646,0.062554,-0.296899,-0.243146
3869,0,福岡,2016-11-07,2026-07-31,327,1195,39,84,146,459,1,0.048973,0.051104,0.062383,0.067313,-0.230269,-0.250332
3870,0,福井,2016-11-07,2026-08-05,545,1549,63,175,245,630,1,0.002620,-0.003182,0.042827,0.030486,-0.154576,-0.107333
3871,0,長崎,2016-11-03,2026-07-12,274,1467,42,184,143,700,1,0.027859,0.009448,0.044734,0.019508,-0.177984,-0.073550
3872,0,大阪,2016-11-01,2026-08-11,151,2573,40,621,110,1667,1,0.023548,0.018733,0.080595,0.063409,-0.275891,-0.213065
3873,0,広島,2016-11-07,2026-08-04,220,2229,42,419,151,1324,1,0.002932,-0.012129,0.092375,0.070780,-0.233845,-0.146839
3874,0,岡山,2016-11-03,2026-08-11,477,2171,115,566,312,1417,1,-0.019619,-0.027417,0.001393,-0.003834,0.023225,0.047337
3875,0,山口,2016-11-07,2026-08-08,336,1649,44,189,143,653,1,0.016337,0.007484,0.029598,0.021108,-0.214500,-0.179702
3876,0,福岡,2016-11-03,2026-08-11,679,1798,263,643,490,1293,1,0.029715,0.020826,0.002517,-0.008148,-0.113978,-0.070177
3877,0,東京,2016-11-01,2023-03-19,421,936,45,96,208,457,1,0.004324,-0.015257,0.005814,-0.015204,0.022482,0.111999
3877,1,三重,2023-04-06,2024-09-30,31,292,2,31,14,139,1,-0.041648,-0.031057,-0.024414,-0.019729,0.185152,0.164900
3878,0,山口,2016-11-01,2026-08-08,537,1379,59,118,237,549,1,0.024300,0.016745,0.043226,0.035154,-0.166465,-0.132657
3879,0,岡山,2016-11-01,2022-12-27,258,1132,9,59,73,355,1,-0.017236,-0.033341,-0.030659,-0.049398,0.132680,0.211047
3880,0,埼玉,2016-11-08,2026-07-28,212,2049,21,196,83,936,1,0.003400,-0.010163,-0.065299,-0.074068,0.165311,0.204704
3881,0,大阪,2016-11-03,2025-02-09,205,1922,34,258,108,940,1,0.031618,0.017361,0.037755,0.020388,-0.159316,-0.087411
3882,0,大阪,2016-11-01,2026-08-05,333,2147,65,378,173,1085,1,0.019136,0.004194,0.014163,-0.003435,-0.044586,0.030551
3883,0,広島,2016-11-09,2024-11-04,363,1147,38,69,137,352,1,0.044526,0.038102,0.070523,0.075556,-0.296591,-0.309155
3884,0,徳島,2016-11-01,2022-02-11,224,776,13,35,73,253,1,0.012933,-0.013132,-0.000138,-0.031210,-0.053894,0.075721
3885,0,愛知,2016-11-03,2026-08-11,433,1877,69,278,256,1005,1,0.011245,-0.002674,0.055795,0.036359,-0.178405,-0.098662
3887,0,兵庫,2016-11-09,2017-05-14,19,36,4,12,9,27,0,,,,,,
3888,0,東京,2016-11-08,2026-08-10,789,1886,188,385,530,1151,1,0.034141,0.040212,0.061450,0.064108,-0.217360,-0.231104
3889,0,群馬,2016-11-03,2026-08-09,320,1552,38,167,130,578,1,0.011147,-0.000002,0.033827,0.017266,-0.145296,-0.079157
3890,0,岡山,2016-11-01,2023-09-30,256,1306,58,201,157,712,1,0.072657,0.047576,0.068105,0.039693,-0.302049,-0.183272
3891,0,福井,2016-11-01,2026-08-09,330,1657,18,118,98,510,1,-0.016668,-0.014395,-0.010815,-0.005305,0.008588,-0.011070
3892,0,佐賀,2016-11-03,2026-08-10,387,1664,68,290,221,886,1,0.001432,-0.012423,0.038608,0.025165,-0.135772,-0.076426
3893,0,愛知,2016-11-07,2026-08-11,441,1623,83,220,245,848,1,0.052657,0.042925,0.033066,0.021935,-0.212674,-0.166407
3894,0,静岡,2016-11-01,2020-09-17,71,639,19,113,46,295,1,0.090767,0.050824,0.186228,0.161995,-0.522692,-0.401998
3895,0,愛知,2016-11-01,2026-06-26,496,1334,66,140,204,586,1,0.028117,0.023779,-0.027990,-0.036633,0.057706,0.091742
3896,0,滋賀,2016-11-03,2026-08-11,384,1594,65,210,220,824,1,0.037527,0.024838,0.055978,0.042630,-0.155897,-0.098490
3897,0,山口,2016-12-01,2026-08-02,706,1673,350,526,616,1190,1,0.181345,0.135502,0.161224,0.109109,-0.675212,-0.457585
3898,0,福岡,2016-11-03,2026-08-08,674,1717,165,460,452,1238,1,-0.023102,-0.029504,-0.050402,-0.059219,0.065852,0.101556
3900,0,滋賀,2016-11-03,2026-08-11,354,2085,90,463,223,1344,1,0.032175,0.036161,-0.014661,-0.010131,-0.033102,-0.051240
3901,0,山口,2016-11-03,2026-08-11,771,1610,140,249,414,812,1,0.026924,0.017678,0.032617,0.022570,-0.052620,-0.009551
3902,0,東京,2016-11-07,2024-07-05,424,1291,95,233,270,732,1,0.043576,0.052869,0.069790,0.076100,-0.302786,-0.332327
3903,0,兵庫,2016-11-01,2024-10-25,262,994,83,357,180,714,1,-0.042361,-0.045420,-0.031287,-0.037142,0.168999,0.192378
3904,0,大阪,2016-11-01,2026-08-03,210,2154,31,412,133,1286,1,-0.043653,-0.049865,0.036305,0.025836,-0.056811,-0.013256
3905,0,愛知,2016-11-01,2026-08-11,463,1870,94,261,290,1024,1,0.063452,0.047194,0.078756,0.062637,-0.297445,-0.225748
3906,0,長崎,2016-11-05,2026-07-27,534,1882,95,256,274,833,1,0.041877,0.009690,0.070494,0.037140,-0.267275,-0.124156
3907,0,香川,2016-11-03,2026-08-08,498,2093,108,487,288,1250,1,-0.015813,-0.021833,-0.018916,-0.023025,0.086917,0.107539
3908,0,香川,2016-11-09,2026-08-08,358,1847,94,487,245,1188,1,-0.001101,-0.005993,0.041152,0.035532,-0.083136,-0.060289
3909,0,静岡,2016-11-01,2026-08-11,473,2079,152,643,336,1353,1,0.012070,0.020725,0.059566,0.066671,-0.198284,-0.229828
3910,0,香川,2016-11-03,2026-08-02,460,1552,67,163,176,627,1,0.040626,0.036623,-0.021386,-0.022516,-0.024423,-0.016453
3911,0,東京,2016-11-01,2026-08-10,638,1541,101,207,324,738,1,0.023979,0.007733,0.028927,0.013987,-0.128971,-0.065430
3912,0,福井,2016-11-22,2026-08-08,221,2094,40,464,118,1149,1,-0.040590,-0.036530,-0.014774,-0.015531,0.066683,0.064987
3915,0,大阪,2016-11-03,2026-08-04,323,2269,67,520,197,1444,1,-0.021746,-0.017878,-0.026497,-0.031059,0.127740,0.141887
3916,0,群馬,2016-11-23,2020-03-22,83,432,4,23,31,125,1,-0.005048,-0.018232,0.084142,0.058651,-0.394523,-0.291987
3918,0,滋賀,2016-11-03,2026-08-09,554,2202,131,490,357,1365,1,0.013937,0.016047,0.024513,0.031823,-0.088131,-0.115488
3919,0,岡山,2016-11-03,2024-04-12,8,1761,0,506,1,1020,0,,,,,,
3920,0,広島,2016-11-01,2026-05-29,514,1827,128,433,355,1154,1,0.012027,0.003204,0.059025,0.053024,-0.130041,-0.101541
3921,0,福井,2016-11-01,2026-02-04,411,1673,60,249,226,824,1,-0.002849,-0.012412,0.057350,0.046868,-0.190629,-0.146407
3922,0,愛知,2016-11-01,2026-08-05,393,1783,58,160,165,602,1,0.057846,0.038104,0.082214,0.057353,-0.323698,-0.220705
3924,0,東京,2016-11-23,2018-06-19,70,117,2,1,19,27,1,0.020024,0.002586,0.040659,0.031369,-0.206960,-0.160058
3925,0,山口,2016-11-01,2022-11-24,386,792,44,70,167,257,1,0.025606,0.008671,0.108148,0.091794,-0.263045,-0.192237
3926,0,佐賀,2016-11-01,2021-05-03,135,557,11,35,51,161,1,0.018645,0.006739,0.088729,0.071591,-0.344504,-0.274722
3927,0,岡山,2016-11-08,2016-11-13,8,0,1,0,2,0,0,,,,,,
3928,0,福岡,2016-11-12,2026-08-05,674,1413,70,116,242,524,1,0.021763,0.025974,-0.011792,-0.009697,0.024831,0.014391
3929,0,愛知,2016-11-08,2026-08-11,486,1859,83,268,242,898,1,0.026618,0.014006,0.014887,0.001616,-0.117847,-0.061306
3930,0,岡山,2016-12-21,2026-08-11,319,1931,78,353,195,953,1,0.061707,0.042362,0.117759,0.088402,-0.479137,-0.362067
3931,0,三重,2016-11-03,2026-08-05,404,1720,105,398,253,1021,1,0.028506,0.018261,0.032633,0.019723,-0.047985,0.006381
3932,0,静岡,2016-11-03,2026-07-29,322,1599,67,322,171,801,1,0.006699,0.000101,0.030118,0.028612,-0.149595,-0.136827
3933,0,岡山,2016-11-01,2026-08-11,479,2185,115,466,335,1378,1,0.026811,0.015993,0.068710,0.056437,-0.232229,-0.181934
3934,0,愛知,2016-11-15,2026-08-11,469,1951,61,244,254,1009,1,0.005000,-0.005719,0.024407,0.016017,-0.038409,0.000273
3935,0,岡山,2016-11-17,2026-08-11,359,1649,59,183,187,812,1,0.053369,0.040734,0.028472,0.014682,-0.175178,-0.115984
3936,0,長崎,2016-11-06,2021-08-11,219,691,28,69,95,230,1,0.027999,0.020030,0.100939,0.087978,-0.339419,-0.288684
3939,0,愛知,2016-11-07,2026-08-09,444,1553,98,342,300,991,1,0.000502,-0.008929,0.037556,0.020235,-0.059171,0.009540
3940,0,東京,2016-11-03,2026-08-10,854,1870,223,502,554,1186,1,-0.007325,-0.000069,0.014487,0.025584,-0.005404,-0.050322
3941,0,愛知,2016-11-03,2026-08-11,699,1696,328,478,596,1155,1,0.187402,0.153118,0.171632,0.125041,-0.730676,-0.539692
3942,0,山口,2016-11-03,2026-08-11,762,1645,301,361,585,976,1,0.175560,0.124310,0.174403,0.121106,-0.748616,-0.520417
3943,0,岡山,2016-12-09,2026-08-01,93,962,12,62,36,286,1,0.064583,0.042317,0.089799,0.073312,-0.340442,-0.263813
3944,0,長崎,2016-11-01,2026-06-22,585,1834,153,423,409,1216,1,0.030895,0.007322,0.036114,0.019121,-0.153976,-0.075417
3945,0,愛知,2016-11-12,2026-08-07,535,1310,65,114,221,493,1,0.034472,0.023518,0.036748,0.023273,-0.142855,-0.086408
3946,0,愛知,2016-11-09,2026-08-11,834,2101,247,610,633,1458,1,0.005825,-0.017968,0.065038,0.036234,-0.208171,-0.090087
3947,0,群馬,2016-11-05,2026-08-11,491,1553,75,171,249,718,1,0.042640,0.022480,0.044797,0.020627,-0.104338,-0.002960
3948,0,大阪,2016-11-06,2026-08-10,133,1671,7,148,53,653,1,-0.035938,-0.040714,0.007712,-0.002064,-0.062328,-0.024615
3949,0,岡山,2016-11-01,2026-08-11,332,1454,17,82,123,517,1,-0.005191,-0.021080,0.014911,-0.003418,-0.041576,0.037641
3950,0,大阪,2016-12-07,2026-08-10,117,1689,13,128,51,639,1,0.035327,0.025290,0.057567,0.034043,-0.333106,-0.243286
3951,0,大阪,2016-11-03,2026-07-14,313,2031,64,294,183,1104,1,0.059717,0.049238,0.041090,0.025576,-0.209739,-0.146596
3952,0,埼玉,2016-11-01,2026-07-28,540,2136,161,625,383,1445,1,0.005545,0.011961,0.032761,0.033711,-0.158697,-0.167416
3953,0,福岡,2016-11-08,2026-08-05,681,1101,85,114,275,443,1,0.021274,0.018607,0.001456,-0.003621,-0.055700,-0.036232
3955,0,徳島,2016-11-03,2026-08-03,369,2053,90,360,239,1196,1,0.068549,0.056719,0.065134,0.052063,-0.288129,-0.231738
3956,0,静岡,2016-11-01,2026-08-11,477,2105,152,498,321,1310,1,0.082079,0.078830,0.050628,0.048725,-0.255373,-0.246471
3957,0,愛知,2016-11-07,2026-08-08,543,2094,89,333,283,1171,1,0.004878,-0.001209,-0.038038,-0.044635,0.060312,0.088812
3959,0,静岡,2016-11-03,2026-08-11,515,2038,166,520,392,1301,1,0.067178,0.053004,0.122794,0.099112,-0.376779,-0.281618
3960,0,静岡,2016-11-03,2026-08-11,460,2032,169,524,354,1257,1,0.109517,0.084452,0.150963,0.117642,-0.529125,-0.393013
3961,0,山口,2016-11-03,2026-08-11,948,1787,285,414,664,1163,1,0.068960,0.042701,0.049611,0.027385,-0.258123,-0.159050
3963,0,大阪,2016-11-03,2026-08-09,403,2218,104,471,249,1325,1,0.045711,0.034117,0.020481,0.002116,-0.098948,-0.026793
3964,0,長崎,2016-11-03,2026-08-10,355,1654,32,83,142,573,1,0.039959,0.027831,0.053567,0.038549,-0.150546,-0.087910
3965,0,滋賀,2016-11-01,2026-08-09,557,1836,129,361,334,1035,1,0.034975,0.031309,0.035915,0.036594,-0.143349,-0.143244
3966,0,東京,2016-11-03,2026-08-11,759,1950,206,439,523,1270,1,0.046282,0.055265,0.037783,0.049533,-0.136185,-0.184326
3967,0,愛知,2016-11-01,2026-07-27,467,1728,53,181,215,807,1,0.008745,0.005474,-0.006628,-0.009782,-0.018424,-0.003126
3968,0,滋賀,2016-11-22,2026-08-11,62,2060,6,327,37,1218,1,-0.061964,-0.078796,0.005512,-0.011979,0.130238,0.201915
3970,0,群馬,2016-11-06,2024-03-27,203,1171,29,102,108,515,1,0.055752,0.041061,0.092225,0.069067,-0.340856,-0.246403
3973,0,群馬,2016-11-09,2026-08-11,433,1872,42,133,184,668,1,0.025951,0.024040,0.068105,0.067425,-0.254592,-0.250550
3974,0,佐賀,2016-11-01,2026-08-11,405,1439,42,121,161,520,1,0.019618,0.013429,0.036169,0.035117,-0.163910,-0.154049
3975,0,香川,2016-11-06,2026-08-03,462,2177,65,365,276,1280,1,-0.026969,-0.031401,0.009438,0.004397,0.042531,0.063505
3976,0,山口,2016-11-03,2026-08-09,593,1201,82,114,243,379,1,0.043359,0.027839,0.094210,0.082255,-0.340665,-0.286249
3977,0,大阪,2016-11-09,2026-07-27,222,1910,35,227,115,918,1,0.038809,0.040772,0.037390,0.050230,-0.131333,-0.178850
3978,0,東京,2016-11-08,2026-08-02,768,1856,210,477,528,1256,1,0.016433,0.014718,0.010776,0.012807,-0.070672,-0.076105
3979,0,山口,2016-11-10,2020-06-09,112,318,7,17,27,76,1,0.009041,0.008723,0.002078,-0.011447,-0.059636,-0.012019
3980,0,山口,2016-11-09,2018-09-09,93,274,9,24,46,106,1,0.009183,0.000085,0.107762,0.092227,-0.329880,-0.267512
3981,0,静岡,2016-11-06,2026-08-11,345,1906,67,279,173,853,1,0.047823,0.032134,0.053915,0.039596,-0.179928,-0.116209
3982,0,岡山,2016-11-01,2026-08-11,397,1474,49,145,174,596,1,0.025054,0.011655,0.033945,0.019297,-0.173070,-0.110745
3983,0,埼玉,2016-11-03,2026-08-05,484,2065,158,522,339,1311,1,0.073662,0.066068,0.065546,0.052351,-0.282477,-0.230155
3984,0,三重,2016-11-03,2026-08-05,392,2001,116,524,264,1263,1,0.034049,0.031020,0.042285,0.034266,-0.216726,-0.186448
3986,0,福岡,2016-11-07,2026-06-27,547,1637,93,280,303,915,1,-0.001026,-0.009503,-0.005019,-0.011913,0.063971,0.096269
3987,0,静岡,2016-11-01,2026-08-11,437,1989,88,425,268,1124,1,-0.012302,-0.019518,0.048164,0.037449,-0.103211,-0.058850
3988,0,愛知,2016-11-03,2026-08-11,348,2074,74,445,211,1244,1,-0.001918,-0.002676,0.006515,0.008361,0.017912,0.012730
3989,0,佐賀,2016-11-09,2026-08-11,295,1521,21,96,103,534,1,0.008070,-0.001809,-0.001932,-0.006793,-0.117601,-0.091556
3990,0,静岡,2016-11-06,2026-08-11,388,1725,68,313,206,861,1,-0.006192,-0.013501,0.031797,0.021627,-0.125700,-0.083566
3992,0,埼玉,2016-12-01,2026-08-11,264,1610,51,270,144,810,1,0.025480,0.018160,0.042349,0.029832,-0.216013,-0.165808
3993,0,東京,2016-11-07,2026-08-04,232,927,47,156,131,478,1,0.034301,0.035897,0.049013,0.051917,-0.165309,-0.175157
3994,0,滋賀,2016-11-03,2026-08-05,213,1918,34,234,132,981,1,0.037622,0.018007,0.108248,0.087334,-0.360736,-0.272206
3995,0,静岡,2016-11-25,2026-08-11,443,2094,120,596,310,1420,1,-0.013742,-0.009905,0.021646,0.020692,-0.062496,-0.061986
3996,0,群馬,2016-11-03,2025-03-15,308,1875,100,539,236,1365,1,0.037209,0.012996,0.038234,0.010904,-0.185380,-0.070621
3997,0,大阪,2016-11-01,2026-08-05,363,2438,95,646,251,1741,1,-0.003263,-0.006376,-0.022650,-0.026399,0.069551,0.084022
3998,0,佐賀,2016-11-07,2026-08-11,424,1794,39,187,207,794,1,-0.012255,-0.031753,0.045621,0.030624,-0.175538,-0.105894
3999,0,愛知,2016-11-01,2026-08-11,534,1953,114,423,359,1261,1,-0.003107,-0.001744,0.026611,0.025839,-0.071483,-0.069342
4000,0,広島,2016-11-23,2026-08-10,383,2380,89,445,233,1384,1,0.045401,0.029708,0.026842,0.006205,-0.117648,-0.034380
4002,0,兵庫,2016-11-03,2026-08-11,546,2125,180,646,403,1462,1,0.025670,0.022869,0.050095,0.048591,-0.120653,-0.113912
4003,0,福井,2016-11-03,2026-08-04,491,1954,65,257,277,1120,1,0.000858,-0.003952,-0.009028,-0.014657,-0.003893,0.019789
4004,0,長崎,2016-11-05,2026-08-10,468,1577,71,154,247,671,1,0.054056,0.034750,0.102286,0.084764,-0.350778,-0.274475
4005,0,山口,2016-11-09,2025-09-04,419,1111,39,81,144,361,1,0.020171,0.006662,0.018743,0.003310,-0.145896,-0.081157
4006,0,佐賀,2016-11-10,2026-08-11,552,1830,99,293,303,1000,1,0.019239,0.009633,0.002465,-0.009441,-0.017973,0.031315
4007,0,山口,2016-11-03,2026-08-05,521,1382,82,203,239,575,1,0.010501,-0.000255,0.042670,0.023247,-0.147477,-0.072291
4008,0,佐賀,2017-08-15,2020-02-23,70,275,10,47,34,143,1,-0.028052,-0.043128,-0.034286,-0.063534,0.149870,0.263330
4009,0,山口,2016-11-10,2026-08-11,745,1370,148,221,449,691,1,0.037344,0.021727,0.098305,0.077944,-0.302175,-0.218861
4010,0,香川,2016-11-06,2026-08-05,415,1393,29,73,161,499,1,0.017475,0.005089,0.029732,0.021127,-0.045989,-0.005977
4011,0,岡山,2016-11-01,2026-08-11,257,2125,56,536,143,1296,1,-0.034336,-0.027211,-0.053462,-0.044886,0.268461,0.232433
4012,0,滋賀,2016-11-15,2026-08-11,476,1720,104,357,282,971,1,0.010929,-0.002219,0.027902,0.011666,-0.085485,-0.017541
4013,0,福井,2016-11-09,2026-08-04,500,2245,175,564,398,1418,1,0.098775,0.076128,0.164374,0.131506,-0.558584,-0.426263
4014,0,山口,2016-11-12,2026-08-05,524,1515,94,214,273,751,1,0.038135,0.020637,0.025283,0.006723,-0.114218,-0.034514
4015,0,山口,2016-11-03,2026-08-11,628,1734,143,334,409,1044,1,0.035089,0.018161,0.049198,0.031059,-0.208187,-0.129523
4016,0,愛知,2016-11-03,2026-08-11,364,1660,62,271,212,888,1,0.007077,0.000507,0.047478,0.037410,-0.122892,-0.083171
4017,0,山口,2017-01-17,2026-07-15,535,1768,128,342,295,993,1,0.045813,0.033572,-0.010250,-0.023479,-0.007084,0.048169
4019,0,静岡,2016-11-09,2026-08-03,395,1663,130,469,292,1086,1,0.047093,0.047954,0.086204,0.084555,-0.327205,-0.321255
4020,0,香川,2016-11-12,2026-08-11,346,1643,45,168,145,682,1,0.027806,0.024492,0.003981,0.004357,-0.076629,-0.076855
4021,0,愛知,2016-11-03,2023-04-11,151,1203,22,204,71,554,1,-0.023881,-0.030458,0.009683,0.000276,0.027976,0.068045
4022,0,福岡,2016-11-03,2026-08-03,667,1574,131,295,385,900,1,0.008981,-0.000760,0.005420,-0.005999,-0.027461,0.022058
4023,0,福岡,2016-11-01,2026-08-11,353,1667,27,131,141,578,1,-0.002097,-0.002193,0.052703,0.048506,-0.218897,-0.203726
4024,0,三重,2016-11-09,2026-08-11,365,1989,193,487,312,1238,1,0.283920,0.228762,0.232371,0.180142,-1.005931,-0.777748
4025,0,兵庫,2016-11-09,2026-08-11,439,2170,110,585,287,1401,1,-0.019016,-0.028519,0.008136,-0.003113,-0.048274,-0.002365
4026,0,東京,2016-11-25,2022-01-12,239,403,15,20,79,127,1,0.013134,-0.013702,0.015407,-0.009218,-0.165038,-0.058616
4027,0,佐賀,2016-11-03,2026-07-28,576,1939,157,378,379,1074,1,0.077624,0.060771,0.104092,0.082739,-0.392802,-0.304065
4028,0,徳島,2016-11-01,2026-08-10,539,1837,192,467,380,1107,1,0.101996,0.084443,0.102396,0.084045,-0.476487,-0.397762
4030,0,香川,2016-11-03,2026-08-09,491,2104,142,442,362,1320,1,0.079130,0.048978,0.109894,0.078017,-0.420510,-0.284229
4031,0,埼玉,2016-11-01,2026-07-31,284,1554,35,137,133,627,1,0.035080,0.014963,0.064835,0.046060,-0.244150,-0.162764
4033,0,静岡,2016-11-01,2026-08-11,374,2142,111,642,247,1349,1,-0.002928,0.006006,0.030643,0.036142,-0.067991,-0.094192
4034,0,香川,2016-11-09,2026-08-11,385,1708,44,150,148,684,1,0.026464,0.014550,-0.016053,-0.018026,0.049808,0.065530
4035,0,愛知,2016-11-01,2026-08-11,476,1894,63,212,185,705,1,0.020421,0.007890,0.016427,0.007578,-0.128562,-0.085191
4036,0,埼玉,2017-01-21,2026-08-11,332,1972,97,592,204,1334,1,-0.008034,-0.005108,-0.062013,-0.061022,0.170984,0.164807
4037,0,福岡,2016-11-01,2020-06-25,249,521,30,58,121,233,1,0.009158,0.004645,0.038727,0.043223,-0.155069,-0.167415
4037,1,埼玉,2020-07-02,2025-01-23,182,966,30,139,88,471,1,0.020943,0.014232,-0.004061,-0.013127,-0.076923,-0.041909
4038,0,岡山,2016-11-07,2021-11-24,77,737,11,63,31,249,1,0.057375,0.038135,0.064741,0.061889,-0.240938,-0.214195
4039,0,大阪,2016-11-01,2026-08-10,264,1951,34,300,130,1049,1,-0.024979,-0.038307,-0.045249,-0.068630,0.150836,0.243959
4040,0,兵庫,2016-11-07,2026-08-11,366,2116,88,514,218,1231,1,-0.002474,-0.013078,0.013870,0.004020,-0.079762,-0.036850
4041,0,山口,2016-11-18,2026-08-11,390,1515,43,154,185,596,1,0.008606,0.003903,0.080960,0.073689,-0.207464,-0.179688
4042,0,大阪,2016-11-09,2026-08-05,537,2093,135,593,336,1350,1,-0.031929,-0.034855,-0.019309,-0.020430,0.088255,0.094726
4043,0,三重,2016-11-03,2026-08-11,387,2181,117,588,244,1407,1,0.032724,0.016551,-0.014626,-0.031997,-0.018578,0.055550
4044,0,大阪,2016-11-03,2026-08-09,538,1958,142,527,378,1281,1,-0.005212,-0.008746,0.048363,0.043469,-0.106620,-0.087078
4045,0,山口,2016-11-01,2026-08-05,567,1645,131,354,316,827,1,0.015843,0.015518,0.054584,0.051958,-0.172622,-0.163691
4046,0,福岡,2016-11-01,2025-04-05,564,955,41,56,188,269,1,0.014056,0.017465,0.051658,0.053849,-0.138194,-0.148430
4047,0,大阪,2016-11-01,2026-08-03,192,1769,28,185,73,710,1,0.041254,0.030457,-0.021148,-0.035281,-0.047352,0.010025
4049,0,三重,2016-11-03,2026-08-06,507,2211,126,496,338,1373,1,0.024188,0.011402,0.045681,0.031695,-0.220131,-0.161128
4050,0,岡山,2016-11-13,2026-08-11,267,2036,102,708,190,1441,1,0.034282,0.025154,0.003850,-0.000714,0.005934,0.030073
4051,0,岡山,2016-11-01,2026-07-21,28,1760,7,478,16,1255,1,-0.021591,-0.047024,-0.141640,-0.150241,0.295373,0.347379
4052,0,徳島,2016-11-01,2026-07-27,604,1964,184,498,410,1216,1,0.051072,0.039289,0.059663,0.043104,-0.263852,-0.195613
4053,0,東京,2016-11-12,2026-08-11,593,1540,112,315,340,937,1,-0.015675,-0.016981,-0.035086,-0.037642,0.105452,0.114186
4054,0,岡山,2016-11-07,2026-08-11,426,1599,60,147,177,631,1,0.048913,0.037483,0.020871,0.008103,-0.138749,-0.084721
4055,0,兵庫,2016-11-01,2026-08-10,513,2223,163,555,361,1420,1,0.068076,0.049021,0.064927,0.044433,-0.286850,-0.198858
4056,0,福井,2016-11-01,2025-11-25,250,1547,23,155,110,649,1,-0.008194,-0.017045,0.020478,0.013735,-0.094601,-0.063230
4057,0,兵庫,2016-11-03,2026-08-11,515,2201,111,422,338,1309,1,0.023803,0.017678,0.061581,0.052209,-0.151176,-0.113655
4058,0,静岡,2016-11-03,2026-08-11,411,2126,56,277,228,1145,1,0.005961,0.010212,0.016174,0.018518,-0.036341,-0.048020
4059,0,東京,2016-11-12,2026-06-13,556,1500,115,274,280,735,1,0.024168,0.010234,0.013597,-0.002789,-0.132269,-0.065128
4060,0,福岡,2016-11-06,2026-08-03,462,1717,73,291,241,843,1,-0.011473,-0.019095,0.030672,0.018465,-0.086080,-0.036368
4061,0,福井,2016-11-03,2026-08-05,598,2144,241,618,479,1422,1,0.114764,0.093375,0.137757,0.111644,-0.534488,-0.426927
4062,0,愛知,2016-11-10,2026-06-25,630,1464,104,209,291,652,1,0.022320,0.007011,0.016550,0.003206,-0.077914,-0.018757
4063,0,徳島,2016-11-03,2026-08-10,604,2196,194,604,417,1449,1,0.046147,0.043316,0.030561,0.030575,-0.144643,-0.141287
4064,0,山口,2016-11-09,2026-08-11,1010,1760,313,455,696,1181,1,0.051378,0.030778,0.018086,-0.001790,-0.183022,-0.096394
4065,0,岡山,2016-11-01,2026-07-26,383,1894,79,431,229,1090,1,-0.021294,-0.030006,0.022410,0.015321,-0.061045,-0.028701
4066,0,三重,2016-11-03,2026-08-11,382,2115,120,447,277,1312,1,0.102789,0.085812,0.104800,0.085767,-0.493056,-0.411466
4067,0,愛知,2016-11-18,2026-08-11,632,1979,153,499,425,1279,1,-0.010059,-0.016789,0.026182,0.014756,-0.075307,-0.030063
4068,0,静岡,2016-11-01,2026-08-11,405,1749,53,216,199,880,1,0.007365,0.000169,-0.011787,-0.011781,-0.008072,-0.003109
4069,0,岡山,2016-11-12,2026-07-22,420,2059,100,406,269,1348,1,0.040912,0.025595,-0.014211,-0.029574,-0.058221,0.006646
4070,0,長崎,2016-11-09,2022-10-31,256,1003,86,338,182,671,1,-0.001052,-0.008991,0.041944,0.037269,-0.208009,-0.186600
4071,0,兵庫,2016-11-09,2026-08-05,259,1316,41,182,128,595,1,0.020003,0.002612,0.042081,0.017788,-0.177442,-0.077938
4072,0,佐賀,2016-12-01,2026-08-11,542,1667,184,530,370,1086,1,0.021547,0.008717,0.031187,0.008978,-0.095755,-0.007709
4073,0,静岡,2016-11-03,2026-08-11,442,2185,101,538,286,1422,1,-0.017717,-0.008757,-0.003742,0.011781,0.099055,0.040405
4074,0,愛知,2016-11-03,2026-08-11,810,1912,285,497,583,1226,1,0.091915,0.073857,0.078540,0.057392,-0.364934,-0.275588
4075,0,東京,2016-11-01,2026-08-10,737,2035,211,536,510,1340,1,0.022905,0.025452,0.033518,0.036736,-0.126393,-0.140136
4076,0,静岡,2016-11-07,2026-08-11,351,2209,68,420,200,1300,1,0.003601,-0.000124,-0.018701,-0.024466,0.018515,0.042761
4077,0,東京,2016-11-08,2026-08-10,929,1391,141,117,454,585,1,0.067664,0.038175,0.068137,0.039242,-0.292463,-0.167975
4078,0,群馬,2016-11-09,2025-07-29,398,1307,39,84,153,423,1,0.033721,0.012810,0.060780,0.039145,-0.311579,-0.217916
4079,0,福岡,2016-11-05,2026-08-08,808,1881,186,501,487,1131,1,-0.036150,-0.044882,0.001447,-0.006856,0.057674,0.094204
4080,0,愛知,2016-11-03,2026-01-26,411,1597,99,441,273,1037,1,-0.035267,-0.031130,0.014891,0.012396,0.000038,0.005352
4081,0,愛知,2016-11-01,2026-08-09,413,1716,50,139,173,633,1,0.040063,0.022882,0.050005,0.031042,-0.197300,-0.117760
4082,0,大阪,2016-11-01,2026-07-28,190,1785,46,390,111,1013,1,0.023618,0.010658,0.016704,0.000936,-0.140675,-0.076380
4083,0,東京,2016-11-01,2026-08-09,569,1843,165,506,389,1194,1,0.015430,0.026693,0.035799,0.050469,-0.113939,-0.173686
4084,0,愛知,2016-11-01,2026-08-11,719,2208,233,589,517,1491,1,0.057304,0.053398,0.043783,0.037143,-0.190321,-0.163068
4085,0,東京,2016-11-03,2026-08-08,424,1446,72,272,240,829,1,-0.018294,-0.011100,-0.007268,-0.001138,0.040776,0.010655
4086,0,東京,2016-11-03,2026-08-10,679,1698,143,364,437,1087,1,-0.003766,0.006663,0.003429,0.014933,0.047413,-0.002603
4087,0,長崎,2016-11-03,2017-11-13,24,105,0,2,5,18,1,-0.019048,0.011291,0.036905,0.029979,-0.319048,-0.324082
4088,0,長崎,2016-11-07,2024-01-23,223,1108,27,97,98,372,1,0.033531,0.017716,0.103722,0.079181,-0.281584,-0.183507
4089,0,岡山,2016-11-01,2026-08-11,434,2214,97,481,285,1443,1,0.006248,0.010791,0.004921,0.009624,0.003692,-0.016691
4090,0,埼玉,2016-11-01,2026-07-18,357,1981,80,493,211,1229,1,-0.024775,-0.021863,-0.029357,-0.026142,0.178618,0.165141
4091,0,埼玉,2016-11-03,2024-04-12,222,1136,38,161,99,485,1,0.029446,0.006246,0.019009,-0.001844,-0.114246,-0.023430
4092,0,佐賀,2016-11-01,2026-08-10,406,1875,80,342,227,986,1,0.014644,0.007126,0.033247,0.026739,-0.155140,-0.127911
4093,0,東京,2016-12-07,2026-07-31,715,1202,117,100,366,471,1,0.080442,0.052327,0.120041,0.103502,-0.378138,-0.297256
4094,0,福岡,2016-11-01,2026-07-29,605,1370,65,149,279,570,1,-0.001321,0.000504,0.045099,0.044854,-0.093612,-0.095676
4095,0,東京,2016-11-01,2026-08-10,752,1474,240,472,517,1027,1,-0.001068,0.009173,-0.009244,0.001256,-0.001398,-0.045922
4096,0,長崎,2016-11-15,2026-08-10,588,1855,210,490,423,1201,1,0.092992,0.060623,0.071948,0.047781,-0.345219,-0.232974
4097,0,広島,2016-11-03,2026-08-11,288,1404,16,68,110,497,1,0.007123,-0.004436,0.027956,0.027933,-0.118056,-0.107538
4098,0,岡山,2016-11-01,2026-07-24,191,1289,19,108,79,526,1,0.015691,-0.003282,0.005544,-0.015870,-0.073644,0.017115
4099,0,大阪,2016-11-03,2026-08-10,190,2203,48,550,121,1422,1,0.002972,-0.001666,-0.008641,-0.014381,0.082971,0.106371
4100,0,福岡,2016-11-01,2026-08-11,566,1710,95,275,293,877,1,0.007026,0.002399,0.004802,0.001412,-0.059573,-0.044812
4101,0,佐賀,2016-11-03,2022-01-14,276,915,106,273,201,576,1,0.085697,0.070938,0.098753,0.073719,-0.410965,-0.313384
4102,0,福岡,2016-11-01,2026-08-11,864,2023,270,595,595,1355,1,0.018382,0.002268,0.018860,0.003650,-0.072312,-0.005884
4103,0,埼玉,2016-11-12,2026-08-08,310,1612,26,110,131,609,1,0.015633,-0.005459,0.044789,0.023406,-0.174566,-0.082898
4104,0,東京,2016-11-03,2026-08-11,355,1343,59,201,175,626,1,0.016532,0.009512,0.026837,0.019954,-0.086854,-0.056369
4105,0,兵庫,2016-11-03,2026-08-11,427,2123,63,284,244,1128,1,0.013768,-0.002026,0.040105,0.019934,-0.160300,-0.075366
4106,0,佐賀,2016-11-01,2026-08-08,378,1566,61,147,189,649,1,0.067506,0.045837,0.085568,0.068374,-0.266466,-0.189287
4107,0,群馬,2016-11-10,2020-12-20,177,725,12,41,64,223,1,0.011245,-0.001331,0.053996,0.057307,-0.213396,-0.214201
4108,0,山口,2016-12-03,2026-08-03,720,1520,227,446,482,994,1,0.021857,0.004485,0.015497,-0.001470,-0.112354,-0.039996
4109,0,埼玉,2016-11-01,2026-08-09,480,2113,113,526,280,1296,1,-0.013518,-0.013962,-0.030013,-0.036753,0.084583,0.108478
4110,0,埼玉,2016-11-03,2026-08-04,330,1649,49,184,166,683,1,0.036902,0.021551,0.088840,0.073575,-0.319900,-0.252377
4111,0,広島,2016-11-05,2026-08-09,396,1792,76,266,219,908,1,0.043482,0.029350,0.046334,0.031875,-0.161030,-0.098542
4112,0,佐賀,2016-11-09,2026-08-03,439,1883,85,339,271,1083,1,0.013590,-0.000990,0.042166,0.019835,-0.145419,-0.055627
4113,0,群馬,2016-11-06,2026-08-11,333,1971,49,270,171,947,1,0.010161,-0.003014,0.033047,0.017759,-0.165247,-0.099890
4114,0,東京,2016-11-07,2026-08-08,538,1615,94,218,293,811,1,0.039737,0.024144,0.042442,0.028321,-0.194854,-0.133045
4116,0,徳島,2016-11-03,2026-07-19,419,1873,65,265,224,945,1,0.013647,-0.006164,0.030068,0.013015,-0.088853,-0.013342
4117,0,東京,2016-11-28,2026-08-11,456,1631,92,323,296,1057,1,0.003716,-0.000002,0.001054,-0.004889,0.061806,0.086104
4118,0,愛知,2016-11-03,2026-08-11,619,2128,135,496,378,1322,1,-0.014989,-0.025281,-0.010578,-0.030024,0.005408,0.081080
4119,0,大阪,2016-11-01,2026-08-05,161,1824,29,346,84,953,1,-0.009569,-0.003482,-0.000739,0.003235,0.080248,0.059505
4120,0,滋賀,2016-11-03,2026-08-09,527,2009,114,360,327,1129,1,0.037125,0.022861,0.058522,0.044805,-0.210432,-0.150775
4121,0,福岡,2016-11-01,2026-08-05,624,1583,113,282,331,870,1,0.002947,0.002925,-0.019141,-0.021297,0.077291,0.084329
4122,0,福岡,2016-11-01,2026-08-05,812,1664,135,285,431,958,1,-0.005018,-0.005989,-0.044933,-0.042180,0.082216,0.073074
4123,0,愛知,2016-11-29,2026-08-11,559,2058,158,524,410,1457,1,0.028031,0.016097,0.025484,0.013068,-0.085233,-0.030003
4124,0,静岡,2016-11-03,2026-08-11,404,1941,86,427,255,1179,1,-0.007118,-0.012532,0.023769,0.018666,-0.050746,-0.029674
4125,0,東京,2016-11-01,2019-09-29,79,271,5,7,23,66,1,0.037461,-0.004993,0.047597,0.011736,-0.333598,-0.169790
4126,0,広島,2016-11-03,2024-10-25,399,1222,47,100,151,357,1,0.035961,0.011418,0.086302,0.065799,-0.251584,-0.160414
4128,0,東京,2016-11-05,2026-08-08,380,1469,61,200,196,744,1,0.024379,0.008574,0.009322,-0.004656,-0.100880,-0.038918
4129,0,愛知,2016-11-01,2026-08-11,293,1749,40,155,128,681,1,0.047897,0.036927,0.047495,0.035661,-0.222116,-0.169885
4131,0,静岡,2016-11-01,2026-08-11,364,2088,88,478,230,1258,1,0.012831,0.012423,0.029378,0.027834,-0.122779,-0.115207
4133,0,兵庫,2016-11-19,2026-08-11,389,2179,92,485,266,1369,1,0.013925,0.012635,0.055535,0.048017,-0.198757,-0.170901
4134,0,東京,2016-11-03,2026-08-09,595,1817,162,454,397,1155,1,0.022406,0.024644,0.031564,0.033559,-0.086602,-0.094375
4136,0,福岡,2016-11-03,2026-05-15,719,1777,229,473,549,1220,1,0.052319,0.024485,0.077010,0.050101,-0.295911,-0.178570
4137,0,滋賀,2016-11-03,2026-08-09,603,2099,181,582,401,1391,1,0.022891,0.019146,0.002312,0.003576,-0.047679,-0.047795
4138,0,大阪,2016-11-01,2026-07-31,188,1847,30,265,91,847,1,0.016099,0.002588,0.025461,0.009645,-0.082975,-0.017947
4139,0,愛知,2016-11-01,2026-08-11,421,1791,73,236,195,796,1,0.041627,0.030420,0.018738,0.002583,-0.122563,-0.055034
4140,0,東京,2017-01-29,2026-07-17,563,1609,142,415,375,1092,1,-0.005704,0.008436,-0.012608,-0.000630,0.041431,-0.012154
4142,0,愛知,2016-11-03,2026-08-11,596,2154,93,376,356,1240,1,-0.018519,-0.020657,0.021642,0.015821,-0.026671,-0.004443
4143,0,佐賀,2016-11-01,2026-08-11,378,1677,50,181,169,657,1,0.024344,0.012562,0.055319,0.048379,-0.195479,-0.161949
4144,0,埼玉,2016-11-03,2026-08-01,370,1753,88,426,240,1202,1,-0.005174,0.002868,-0.037033,-0.032824,0.086847,0.066027
4145,0,東京,2016-11-09,2026-08-10,637,1252,43,41,243,371,1,0.034756,0.005615,0.085150,0.053972,-0.290430,-0.158339
4146,0,滋賀,2016-11-01,2026-08-10,509,1661,62,197,258,796,1,0.003204,-0.013131,0.027647,0.007906,-0.111395,-0.028842
4147,0,愛知,2016-11-05,2018-10-06,35,342,7,15,11,97,1,0.156140,0.115775,0.030660,-0.022844,-0.325230,-0.115283
4148,0,福岡,2016-11-07,2026-08-11,918,1654,275,413,668,1106,1,0.049867,0.035432,0.058987,0.042700,-0.221504,-0.152201
4150,0,静岡,2016-11-01,2026-08-11,393,1813,99,432,248,1114,1,0.013629,0.016886,0.016592,0.014178,-0.085920,-0.078984
4151,0,福岡,2016-12-26,2026-08-08,643,1673,87,234,352,891,1,-0.004565,-0.011139,0.014858,0.012284,0.002559,0.016738
4152,0,東京,2016-11-08,2026-08-11,540,1477,119,229,313,807,1,0.065326,0.062939,0.033252,0.024280,-0.213853,-0.180159
4153,0,山口,2016-11-09,2023-06-09,282,804,16,53,88,279,1,-0.009183,-0.014062,-0.034958,-0.044133,0.012041,0.045798
4154,0,香川,2016-11-12,2026-08-09,466,1903,89,340,231,997,1,0.012322,0.019045,-0.028201,-0.020551,0.113198,0.081207
4155,0,福岡,2016-11-03,2026-08-11,744,1718,210,408,487,1048,1,0.044773,0.023519,0.044558,0.026052,-0.193145,-0.110087
4156,0,三重,2016-11-08,2026-08-08,442,1950,112,380,274,1108,1,0.058522,0.039127,0.051704,0.029663,-0.205370,-0.113687
4157,0,福岡,2016-11-03,2017-05-15,9,77,0,5,2,14,0,,,,,,
4158,0,山口,2016-11-05,2026-08-09,725,1470,136,184,371,580,1,0.062416,0.050828,0.117166,0.101383,-0.481483,-0.416769
4159,0,埼玉,2016-11-03,2026-08-01,473,2058,91,402,269,1237,1,-0.002946,-0.008120,-0.032359,-0.044674,0.089717,0.137527
4160,0,愛知,2016-11-09,2019-05-09,53,367,4,28,19,100,1,-0.000823,-0.009062,0.086011,0.088838,-0.328209,-0.325875
4161,0,愛知,2016-11-09,2026-08-11,406,1800,77,314,214,1015,1,0.015211,0.014524,-0.036795,-0.035916,0.083235,0.082985
4162,0,大阪,2016-11-23,2026-03-11,104,1154,12,137,50,473,1,-0.003333,-0.021334,0.070891,0.048438,-0.247784,-0.154407
4163,0,広島,2016-11-03,2026-08-10,506,2180,116,451,324,1290,1,0.022368,0.008757,0.048573,0.034033,-0.094561,-0.032986
4164,0,長崎,2016-11-12,2026-08-10,408,1167,32,62,156,368,1,0.025304,0.008073,0.067014,0.051409,-0.266829,-0.198354
4166,0,岡山,2016-11-01,2026-08-11,438,2149,144,640,332,1473,1,0.030954,0.009519,0.072556,0.058318,-0.303717,-0.235628
4167,0,徳島,2016-11-01,2026-08-10,478,1583,62,111,221,604,1,0.059587,0.030019,0.080789,0.045578,-0.349472,-0.201904
4168,0,大阪,2016-11-03,2026-07-29,489,1691,161,492,310,1050,1,0.038291,0.028889,0.013012,0.000334,-0.141901,-0.090429
4169,0,東京,2016-11-03,2026-08-11,675,1256,62,89,254,398,1,0.020992,-0.008330,0.059417,0.032164,-0.151828,-0.032473
4170,0,香川,2016-11-06,2020-12-21,150,548,17,30,51,180,1,0.058589,0.032797,0.011533,-0.005394,-0.091606,-0.012556
4171,0,長崎,2016-11-05,2026-08-10,677,1960,203,474,472,1217,1,0.058016,0.026836,0.076275,0.039315,-0.267541,-0.112430
4172,0,岡山,2016-11-01,2026-08-11,561,2016,128,457,380,1305,1,0.001477,-0.007230,0.030040,0.022649,-0.017419,0.016127
4173,0,広島,2016-11-01,2026-08-11,424,2200,98,380,253,1194,1,0.058405,0.049388,0.053971,0.042706,-0.219923,-0.174306
4174,0,長崎,2016-11-03,2026-08-11,646,2122,186,584,469,1463,1,0.012714,-0.013660,0.036562,0.006835,-0.076527,0.047699
4175,0,埼玉,2016-11-01,2026-08-09,318,1974,69,378,192,1133,1,0.025492,0.019258,0.029812,0.019368,-0.046988,-0.005662
4176,0,兵庫,2016-11-01,2026-07-27,288,1376,35,122,105,476,1,0.032865,0.017778,0.018653,0.007192,-0.129845,-0.077170
4177,0,群馬,2016-11-01,2026-08-08,348,1653,70,260,186,793,1,0.043860,0.033304,0.054749,0.042252,-0.221416,-0.168628
4179,0,山口,2016-11-09,2026-08-11,730,1871,123,276,407,1041,1,0.020978,0.007979,0.001147,-0.012314,-0.087772,-0.030071
4180,0,福岡,2016-11-12,2026-08-11,554,1579,56,194,219,683,1,-0.021780,-0.019162,-0.037245,-0.037088,0.107177,0.104463
4181,0,三重,2016-11-03,2026-08-09,467,1604,58,147,203,627,1,0.032551,0.008130,0.043792,0.019524,-0.174718,-0.070328
4182,0,滋賀,2016-11-01,2026-08-05,586,1704,104,193,298,739,1,0.064211,0.044196,0.074847,0.050296,-0.298993,-0.196974
4183,0,愛知,2016-11-06,2026-06-12,536,2114,146,581,290,1200,1,-0.002446,-0.003128,-0.026600,-0.027709,0.043941,0.049120
4184,0,大阪,2016-11-08,2026-07-27,331,2111,78,600,201,1449,1,-0.048576,-0.038771,-0.079154,-0.063704,0.281718,0.220217
4185,0,香川,2016-11-18,2021-12-19,147,597,13,36,41,172,1,0.028134,0.024077,-0.009196,0.000471,-0.017776,-0.051554
4186,0,埼玉,2016-11-03,2026-08-08,369,1193,44,77,158,322,1,0.054698,0.032723,0.158276,0.135541,-0.611630,-0.514952
4187,0,香川,2016-11-03,2021-06-22,121,624,12,46,34,211,1,0.025456,0.012421,-0.057149,-0.065331,0.066778,0.107625
4188,0,群馬,2016-11-03,2026-08-11,459,1974,169,678,367,1418,1,0.024727,-0.008195,0.081226,0.048396,-0.203942,-0.064410
4189,0,福岡,2016-11-03,2026-08-11,1075,1962,279,430,713,1194,1,0.040371,0.016127,0.054693,0.025691,-0.187969,-0.067560
4190,0,静岡,2016-11-01,2026-08-11,303,2063,84,580,209,1395,1,-0.003916,0.001781,0.013569,0.017882,-0.035934,-0.054408
4191,0,埼玉,2016-11-15,2026-08-11,446,1902,103,392,269,1155,1,0.024843,0.021409,-0.004117,-0.010911,0.003261,0.030153
4193,0,福岡,2016-11-05,2026-08-11,773,1717,193,423,501,1069,1,0.003317,-0.015789,0.025527,0.008162,-0.075429,0.000249
4194,0,東京,2016-11-01,2020-12-24,179,510,7,28,57,152,1,-0.015796,-0.044528,0.020397,-0.012932,-0.060445,0.078099
4195,0,福岡,2016-11-03,2026-08-09,513,1528,74,248,258,748,1,-0.018054,-0.025530,0.013395,0.007059,-0.040601,-0.011818
4196,0,佐賀,2016-11-01,2026-08-08,473,1619,75,214,239,689,1,0.026382,0.016228,0.079714,0.066602,-0.324140,-0.271204
4197,0,静岡,2016-11-03,2026-08-09,339,1701,57,128,142,539,1,0.092892,0.073089,0.102007,0.089227,-0.371770,-0.308477
4198,0,徳島,2016-11-15,2022-06-26,196,620,15,40,77,195,1,0.012014,-0.019182,0.078341,0.038580,-0.259612,-0.095207
4199,0,愛知,2016-11-01,2026-08-11,763,2064,163,451,497,1276,1,-0.004877,-0.014020,0.033159,0.015367,-0.099707,-0.031483
4200,0,大阪,2016-11-01,2026-08-02,223,2060,23,157,84,845,1,0.026925,0.020236,-0.033513,-0.040354,0.076636,0.106765
4201,0,埼玉,2016-11-01,2026-08-03,307,1732,51,242,163,851,1,0.026401,0.015832,0.039605,0.032202,-0.126071,-0.092451
4202,0,岡山,2016-11-03,2026-08-11,259,2109,37,264,116,979,1,0.017679,0.008032,-0.016325,-0.030944,0.011244,0.069560
4203,0,群馬,2016-11-03,2026-08-09,363,1449,48,162,160,529,1,0.020430,-0.005102,0.075692,0.046210,-0.268626,-0.145741
4204,0,福岡,2016-11-01,2026-08-11,479,1388,63,173,202,596,1,0.006884,0.002759,-0.007683,-0.009819,0.023261,0.034268
4205,0,広島,2016-11-09,2026-08-02,460,1980,206,537,381,1337,1,0.176614,0.130977,0.153008,0.101603,-0.701647,-0.484637
4207,0,静岡,2016-11-09,2026-08-02,449,1887,138,546,303,1192,1,0.018001,0.021795,0.043142,0.037946,-0.147860,-0.133334
4208,0,静岡,2016-11-01,2026-08-11,287,1831,82,527,180,1272,1,-0.002107,0.007996,-0.067525,-0.054983,0.166271,0.114993
4209,0,静岡,2016-11-03,2026-08-11,442,2096,80,313,251,1127,1,0.031663,0.022170,0.030182,0.018342,-0.226741,-0.175362
4210,0,福井,2016-11-01,2026-08-09,521,1833,93,269,315,1093,1,0.031749,0.024261,0.008316,-0.001966,-0.079376,-0.037108
4211,0,東京,2016-11-01,2026-08-11,705,1560,86,168,312,653,1,0.014294,-0.004427,0.023963,0.002737,-0.097395,-0.007912
4212,0,福岡,2016-11-01,2021-01-02,162,622,10,57,57,219,1,-0.029911,-0.026383,-0.000238,0.000176,0.033107,0.029119
4213,0,長崎,2016-11-05,2026-08-10,385,1683,41,129,159,667,1,0.029845,0.011359,0.016671,-0.011981,-0.175452,-0.061843
4214,0,岡山,2016-11-01,2026-08-11,377,1856,71,377,216,1052,1,-0.014796,-0.019088,0.006134,0.002446,0.023790,0.040483
4215,0,愛知,2016-11-03,2026-08-11,658,1894,134,347,376,1005,1,0.020437,0.008057,0.040806,0.023357,-0.160305,-0.087413
4216,0,静岡,2016-11-05,2026-08-11,368,2155,93,470,221,1303,1,0.034620,0.040142,-0.004097,0.000279,-0.054708,-0.073960
4218,0,滋賀,2016-11-07,2026-08-08,503,2316,123,515,339,1504,1,0.022167,0.032864,0.024561,0.034524,-0.111180,-0.155081
4219,0,広島,2016-11-01,2026-08-09,370,1878,28,111,167,672,1,0.016570,0.005768,0.093524,0.086202,-0.250560,-0.216846
4220,0,香川,2016-11-01,2026-08-10,440,1559,106,303,249,847,1,0.046554,0.033997,0.022612,0.006728,-0.150058,-0.084326
4221,0,香川,2016-11-03,2020-09-13,162,519,16,30,47,171,1,0.040962,0.037537,-0.039356,-0.047236,0.024120,0.054154
4222,0,佐賀,2016-11-07,2024-07-09,300,1300,43,238,149,687,1,-0.039744,-0.054543,-0.031795,-0.045595,0.113846,0.173792
4224,0,福岡,2016-11-06,2026-08-11,443,1555,69,254,214,691,1,-0.007588,-0.013667,0.038697,0.039978,-0.052820,-0.052405
4225,0,群馬,2017-03-18,2026-08-11,203,1416,45,262,132,837,1,0.036647,0.020911,0.059145,0.033195,-0.214602,-0.112632
4226,0,山口,2016-12-07,2026-08-09,610,1408,93,102,272,477,1,0.080016,0.067096,0.107123,0.096860,-0.419372,-0.373817
4227,0,三重,2016-12-29,2026-07-28,498,1885,160,535,341,1213,1,0.037466,0.005074,0.041238,0.010019,-0.154001,-0.017316
4228,0,愛知,2016-11-07,2026-08-05,538,1832,117,311,309,884,1,0.047712,0.040269,0.091817,0.081924,-0.293962,-0.253380
4229,0,静岡,2016-11-10,2026-08-04,241,1422,29,125,111,583,1,0.032428,0.021490,0.050595,0.040703,-0.173229,-0.131681
4230,0,埼玉,2016-11-25,2026-08-08,333,2134,86,650,203,1391,1,-0.046334,-0.031920,-0.042218,-0.032477,0.165516,0.120576
4231,0,愛知,2016-11-08,2026-08-09,354,1866,63,276,174,888,1,0.030056,0.026596,0.015641,0.013622,-0.068269,-0.057632
4232,0,福岡,2016-11-03,2026-08-11,429,1197,39,114,158,409,1,-0.004329,0.011569,0.026611,0.031851,-0.077168,-0.108124
4233,0,群馬,2016-11-01,2026-08-09,436,2066,100,367,280,1228,1,0.051720,0.038223,0.047817,0.020769,-0.171241,-0.065179
4234,0,福岡,2016-11-01,2026-08-09,360,1450,44,147,159,628,1,0.020843,0.019129,0.008563,0.005545,-0.145115,-0.133097
4235,0,群馬,2016-11-23,2017-10-01,14,190,4,41,7,126,0,,,,,,
4236,0,福岡,2016-11-03,2026-08-08,815,1727,312,559,639,1222,1,0.059139,0.040162,0.076464,0.054169,-0.253818,-0.161301
4237,0,山口,2016-11-03,2026-08-11,753,1795,246,502,559,1208,1,0.047027,0.024149,0.069383,0.045539,-0.301121,-0.197787
4238,0,群馬,2016-11-09,2026-08-11,337,1896,198,617,294,1270,1,0.262115,0.178683,0.202572,0.107555,-0.890383,-0.495859
4239,0,山口,2016-11-03,2026-08-09,838,1568,245,429,563,971,1,0.018766,0.008183,0.052578,0.042756,-0.155401,-0.112536
4240,0,群馬,2016-11-15,2026-08-11,241,1718,59,302,125,892,1,0.069027,0.036966,-0.000536,-0.034884,-0.129783,0.015668
4241,0,長崎,2016-11-01,2026-08-10,588,1579,104,201,332,763,1,0.049575,0.028841,0.081409,0.061052,-0.279378,-0.193382
4243,0,大阪,2016-11-06,2026-08-11,235,1371,44,226,122,687,1,0.022391,0.020207,0.018055,0.014436,-0.003228,0.010051
4244,0,静岡,2016-11-06,2026-07-30,197,1583,29,206,84,670,1,0.017075,-0.007183,0.003149,-0.017781,0.034478,0.126863
4245,0,東京,2016-11-01,2026-08-10,586,1431,75,104,291,604,1,0.055310,0.029887,0.074505,0.048158,-0.250683,-0.137756
4246,0,静岡,2017-09-19,2026-08-02,212,1416,17,78,83,524,1,0.025104,0.002948,0.021453,0.003224,-0.140070,-0.059617
4247,0,徳島,2016-11-16,2026-08-10,451,1618,64,215,250,771,1,0.009027,-0.002868,0.077810,0.067974,-0.178167,-0.133848
4248,0,長崎,2016-11-09,2026-08-10,371,1564,35,138,162,623,1,0.006104,-0.008711,0.038320,0.019695,-0.146366,-0.069979
4249,0,東京,2016-11-01,2019-03-06,156,296,19,30,56,115,1,0.020444,-0.003426,-0.029539,-0.056333,0.011868,0.124579
4249,1,香川,2019-03-14,2020-06-17,62,190,5,16,11,65,1,-0.003565,-0.005699,-0.164686,-0.167170,0.411205,0.418442
4250,0,福岡,2016-11-01,2023-03-30,258,902,20,60,89,308,1,0.011001,0.017905,0.003498,-0.003807,0.066313,0.083503
4251,0,山口,2016-11-01,2026-08-11,565,1535,62,160,221,592,1,0.005500,-0.003389,0.005483,-0.003104,-0.060344,-0.023746
4252,0,福岡,2016-11-25,2026-08-11,291,1730,36,201,122,713,1,0.007526,0.013383,0.007105,0.012410,0.012635,-0.009734
4253,0,滋賀,2016-11-01,2026-08-05,480,1796,52,165,204,688,1,0.016463,-0.002257,0.041927,0.026840,-0.134888,-0.065990
4254,0,滋賀,2016-11-01,2026-08-05,519,1855,104,356,297,1033,1,0.008472,-0.002542,0.015381,0.004765,-0.083343,-0.038108
4256,0,福岡,2016-11-03,2026-08-11,907,1777,279,489,691,1234,1,0.032425,0.011312,0.067423,0.044762,-0.273236,-0.176365
4257,0,広島,2016-11-01,2026-08-01,364,1739,69,290,181,854,1,0.022798,0.009868,0.006166,-0.009842,-0.111585,-0.045184
4258,0,埼玉,2016-11-03,2026-08-10,335,1784,35,210,163,850,1,-0.013235,-0.027178,0.010110,-0.003636,-0.014141,0.045250
4259,0,長崎,2016-11-05,2026-08-10,626,2043,132,429,393,1161,1,0.000877,-0.020920,0.059514,0.034436,-0.203725,-0.099755
4260,0,香川,2016-11-27,2026-08-11,492,1987,109,409,294,1138,1,0.015707,0.014504,0.024838,0.016682,-0.111895,-0.083550
4261,0,三重,2016-11-01,2026-08-11,561,1875,157,475,353,1136,1,0.026524,0.010178,0.023367,0.004287,-0.149687,-0.068840
4262,0,滋賀,2016-11-03,2026-08-11,489,2185,205,662,393,1419,1,0.116248,0.089817,0.154253,0.125231,-0.586598,-0.463234
4263,0,山口,2017-01-12,2026-08-08,774,1528,166,311,447,844,1,0.010936,-0.002656,0.025163,0.015826,-0.062548,-0.017719
4264,0,山口,2016-11-03,2026-08-11,858,1843,189,388,586,1164,1,0.009753,-0.012166,0.051405,0.029714,-0.184838,-0.091363
4265,0,東京,2016-11-06,2019-11-03,111,355,12,14,44,92,1,0.068671,0.032032,0.137241,0.089878,-0.570055,-0.376114
4266,0,東京,2016-11-03,2026-08-10,755,1896,227,490,511,1178,1,0.042223,0.032458,0.055513,0.041370,-0.269446,-0.211683
4268,0,福岡,2016-11-01,2026-05-20,369,1345,28,88,119,445,1,0.010453,0.008613,-0.008362,-0.014942,-0.054974,-0.028768
4269,0,愛知,2016-11-01,2026-08-11,635,2049,164,554,439,1386,1,-0.012108,-0.020620,0.014911,-0.001545,-0.065119,-0.000189
4270,0,三重,2016-11-03,2026-08-11,425,1404,57,121,194,526,1,0.047935,0.034310,0.081827,0.068416,-0.380821,-0.320954
4271,0,広島,2016-11-01,2026-08-01,290,1874,27,205,144,813,1,-0.016288,-0.030017,0.062720,0.052504,-0.224815,-0.177078
4272,0,福岡,2016-11-05,2026-08-11,801,1658,95,193,422,837,1,0.002196,-0.003878,0.022016,0.012639,-0.059862,-0.023076
4273,0,静岡,2016-11-01,2026-08-02,376,1683,59,210,211,797,1,0.032138,0.013138,0.087611,0.064748,-0.285527,-0.189358
4274,0,東京,2016-11-12,2026-08-09,595,1472,100,186,287,627,1,0.041709,0.019902,0.056402,0.035626,-0.211828,-0.121927
4275,0,広島,2016-11-27,2026-08-05,257,1354,23,71,94,446,1,0.037057,0.012909,0.036364,0.016968,-0.097018,-0.007814
4276,0,愛知,2016-11-01,2026-08-11,539,1743,180,523,366,1142,1,0.033894,0.024622,0.023843,0.013538,-0.125966,-0.085366
4277,0,岡山,2016-11-03,2026-08-11,345,1507,66,242,155,654,1,0.030720,0.018734,0.015301,0.003206,-0.054076,0.000308
4278,0,兵庫,2016-11-01,2026-08-11,471,2156,149,598,325,1458,1,0.038983,0.031876,0.013769,0.002500,-0.099364,-0.056234
4280,0,岡山,2016-11-01,2017-06-30,28,76,4,6,6,21,1,0.063910,0.040856,-0.062030,-0.106289,0.050752,0.223730
4281,0,埼玉,2016-11-01,2026-08-11,318,1798,47,298,177,912,1,-0.017941,-0.029122,0.049374,0.036781,-0.104396,-0.052361
4282,0,埼玉,2016-11-01,2023-09-29,100,551,3,47,38,164,1,-0.055299,-0.089233,0.082359,0.046723,-0.099601,0.053332
4283,0,東京,2016-11-09,2026-08-11,413,990,43,38,190,329,1,0.065732,0.045313,0.127725,0.108594,-0.436383,-0.352658
4284,0,埼玉,2016-11-03,2020-05-12,115,510,12,38,49,162,1,0.029838,0.017363,0.108440,0.093027,-0.419352,-0.355074
4285,0,愛知,2016-11-01,2023-10-21,276,1076,29,84,101,385,1,0.027006,0.021562,0.008135,-0.000808,-0.017456,0.018258
4286,0,東京,2016-11-06,2026-08-08,652,2126,131,369,380,1156,1,0.027355,0.032649,0.039078,0.042646,-0.146658,-0.163875
4287,0,福岡,2016-11-01,2026-08-10,778,2023,240,552,537,1331,1,0.035621,0.020909,0.032298,0.015313,-0.127757,-0.054031
4288,0,福岡,2016-11-08,2026-08-11,789,1870,232,588,531,1324,1,-0.020395,-0.040844,-0.035018,-0.052110,0.098837,0.176580
4289,0,大阪,2016-11-01,2026-08-11,249,2043,70,478,166,1234,1,0.047155,0.032108,0.062653,0.048965,-0.285371,-0.223890
4290,0,兵庫,2016-11-01,2026-08-11,460,2129,170,618,329,1419,1,0.079288,0.065612,0.048707,0.036243,-0.282237,-0.227268
4291,0,福岡,2016-11-07,2017-12-21,51,98,7,3,14,26,1,0.106643,0.105909,0.009204,0.002726,-0.299920,-0.275635
4292,0,広島,2016-11-01,2026-08-09,321,2107,88,498,203,1315,1,0.037788,0.030613,0.008289,0.000313,-0.085793,-0.051590
4293,0,愛知,2016-11-03,2026-08-11,401,1737,63,247,199,842,1,0.014908,0.007984,0.011516,0.003865,-0.056224,-0.024172
4294,0,佐賀,2016-11-01,2026-08-11,544,1710,168,438,385,1084,1,0.052683,0.037595,0.073802,0.044979,-0.296792,-0.184076
4295,0,兵庫,2016-11-26,2026-08-11,383,2272,115,611,253,1582,1,0.031335,0.032489,-0.035728,-0.035100,0.015654,0.010556
4296,0,福岡,2016-11-03,2026-08-08,753,1714,239,481,523,1141,1,0.036767,0.016300,0.028861,-0.001806,-0.189826,-0.068416
4297,0,東京,2016-11-09,2026-08-11,810,1666,237,546,508,1052,1,-0.035138,-0.019382,-0.004292,0.008261,0.018874,-0.037917
4298,0,愛知,2016-11-03,2026-08-11,529,1763,100,287,325,1042,1,0.026245,0.019480,0.023329,0.010658,-0.103245,-0.051432
4299,0,長崎,2016-11-12,2026-08-09,411,1441,47,129,200,573,1,0.024834,0.001758,0.088977,0.064987,-0.226179,-0.125101
4300,0,三重,2016-11-01,2026-08-05,300,1558,42,187,156,690,1,0.019974,0.004694,0.077125,0.067836,-0.255682,-0.213250
4301,0,福岡,2016-11-08,2026-08-06,452,1429,100,295,243,735,1,0.014801,0.006302,0.023265,0.018393,-0.061876,-0.036840
4302,0,広島,2016-11-07,2026-08-04,396,2308,100,561,257,1462,1,0.009458,0.004311,0.015541,0.000449,-0.040973,0.013438
4303,0,愛知,2016-11-01,2026-08-03,459,1743,68,234,237,861,1,0.013897,0.007382,0.022364,0.013832,-0.039793,-0.004729
4304,0,福岡,2016-11-01,2025-03-29,392,1066,76,234,215,647,1,-0.025635,-0.023591,-0.058472,-0.047408,0.098226,0.057475
4305,0,群馬,2016-12-16,2026-08-09,469,1766,126,501,310,1205,1,-0.015035,-0.015782,-0.021352,-0.030091,0.085014,0.114564
4306,0,愛知,2016-11-08,2026-08-11,393,1639,44,237,203,853,1,-0.032641,-0.043752,-0.003900,-0.012909,0.014078,0.056120
4307,0,愛知,2016-11-12,2020-12-11,158,468,18,26,62,127,1,0.058368,0.038890,0.121038,0.095135,-0.418073,-0.311305
4308,0,愛知,2016-11-12,2026-08-11,802,1783,205,466,527,1224,1,-0.005746,-0.010530,-0.029376,-0.038428,0.079707,0.116101
4309,0,香川,2016-11-03,2020-09-29,106,462,3,38,32,154,1,-0.053949,-0.047190,-0.031447,-0.024884,0.188393,0.162388
4310,0,愛知,2016-11-07,2021-09-05,157,732,24,51,58,214,1,0.083194,0.062566,0.077077,0.054020,-0.237279,-0.140934
4311,0,大阪,2016-11-09,2026-08-09,376,2076,100,582,260,1407,1,-0.014389,-0.013224,0.013744,0.012963,-0.055482,-0.053482
4313,0,香川,2016-11-06,2026-08-11,286,1659,62,364,171,946,1,-0.002626,-0.001286,0.027679,0.030415,-0.054713,-0.066030
4314,0,福岡,2016-11-07,2026-08-08,782,1532,158,310,448,806,1,-0.000304,-0.005223,0.046780,0.038373,-0.111617,-0.079347
4315,0,長崎,2016-11-03,2026-08-11,438,1719,71,223,234,724,1,0.032374,0.018327,0.113071,0.093374,-0.371485,-0.290405
4316,0,広島,2016-12-01,2023-12-27,154,1107,25,188,81,502,1,-0.007491,-0.022482,0.072496,0.044672,-0.390549,-0.278765
4317,0,静岡,2016-12-09,2026-08-11,227,1133,24,106,84,433,1,0.012170,0.001872,-0.012127,-0.016419,0.087309,0.112142
4318,0,東京,2016-11-03,2026-07-27,1035,1550,215,247,659,847,1,0.048375,0.041454,0.090263,0.083457,-0.329082,-0.299634
4319,0,大阪,2016-11-09,2026-08-11,277,2295,64,467,154,1342,1,0.027561,0.019849,-0.028793,-0.044036,0.045365,0.103847
4320,0,佐賀,2016-11-07,2026-08-11,406,1872,239,699,366,1471,1,0.215273,0.160559,0.115687,0.057828,-0.594183,-0.349753
4321,0,静岡,2016-11-12,2021-11-14,154,567,21,74,55,215,1,0.005852,-0.008805,-0.022046,-0.038695,-0.059804,0.010060
4322,0,群馬,2016-11-01,2020-12-27,118,568,5,40,44,167,1,-0.028050,-0.040090,0.078867,0.077349,-0.293805,-0.281902
4323,0,岡山,2016-11-01,2026-08-11,283,1547,54,237,158,708,1,0.037613,0.024921,0.100644,0.078065,-0.393418,-0.304485
4324,0,山口,2016-11-03,2026-08-02,688,2156,221,600,486,1418,1,0.042928,0.021245,0.048696,0.025640,-0.200500,-0.100566
4325,0,大阪,2016-11-07,2026-07-29,221,1904,28,251,109,862,1,-0.005131,-0.026951,0.040482,0.020194,-0.126050,-0.037926
4327,0,静岡,2016-11-12,2026-08-11,360,1828,58,154,166,692,1,0.076866,0.052800,0.082555,0.061909,-0.361494,-0.269562
4329,0,福岡,2016-11-23,2026-08-08,558,1492,53,143,266,708,1,-0.000862,0.002460,0.002172,0.008133,-0.031403,-0.055714
4330,0,福岡,2016-11-03,2026-08-04,712,1663,195,463,459,1101,1,-0.004536,-0.008692,-0.017394,-0.022187,0.069518,0.088899
4331,0,香川,2016-11-07,2026-08-11,454,1771,91,334,251,932,1,0.011847,0.007614,0.026607,0.020009,-0.094639,-0.069084
4332,0,福岡,2016-11-07,2026-07-20,321,1183,32,93,131,470,1,0.021075,0.023443,0.010805,0.018815,-0.110838,-0.139499
4333,0,徳島,2016-11-03,2024-09-29,387,912,44,79,145,254,1,0.027072,-0.015860,0.096168,0.048260,-0.415715,-0.212915
4334,0,兵庫,2016-11-01,2017-05-13,18,57,1,1,2,12,0,,,,,,
4335,0,東京,2016-11-09,2026-08-09,834,1593,233,452,566,1084,1,-0.004365,0.000385,-0.001820,0.006018,0.027124,-0.003574
4336,0,福岡,2016-11-03,2026-07-28,714,1753,137,339,386,988,1,-0.001506,-0.009682,-0.022989,-0.030891,0.045830,0.079724
4337,0,愛知,2016-11-03,2026-08-11,679,1771,231,446,490,1099,1,0.088371,0.065395,0.101096,0.070474,-0.403488,-0.275852
4338,0,滋賀,2016-11-06,2021-12-25,84,366,7,21,26,101,1,0.025956,-0.003418,0.033568,0.007511,-0.200820,-0.087768
4339,0,福井,2016-11-03,2026-08-10,281,1213,21,75,100,398,1,0.012903,0.003117,0.027760,0.020476,-0.076916,-0.044478
4340,0,三重,2016-11-05,2026-08-05,305,1459,52,178,167,654,1,0.048490,0.024956,0.099289,0.073461,-0.308592,-0.198873
4342,0,静岡,2016-11-01,2026-08-11,512,2097,145,548,365,1406,1,0.021877,0.021335,0.042409,0.044577,-0.120768,-0.128738
4343,0,広島,2016-11-03,2026-08-10,381,1809,48,127,180,666,1,0.055780,0.036827,0.104282,0.091539,-0.282890,-0.223204
4344,0,三重,2016-11-09,2026-08-02,419,1957,174,536,337,1328,1,0.141386,0.106899,0.125706,0.086267,-0.556070,-0.388670
4345,0,東京,2016-11-09,2026-08-10,697,1232,102,164,332,541,1,0.013225,-0.010004,0.037204,0.007559,-0.115590,0.006696
4346,0,福岡,2016-11-01,2026-08-08,698,1418,90,201,302,620,1,-0.012809,-0.014132,-0.004571,-0.016764,0.004229,0.047063
4347,0,福岡,2016-11-06,2026-08-11,414,956,102,198,276,616,1,0.039264,0.029964,0.022315,0.016465,-0.119479,-0.090546
4348,0,香川,2016-11-09,2026-08-09,407,2139,66,392,242,1312,1,-0.021101,-0.017655,-0.018776,-0.019062,0.040569,0.039038
4349,0,福岡,2016-11-06,2026-07-19,528,1522,67,177,265,760,1,0.010600,0.006958,0.002551,0.004881,-0.013915,-0.018377
4350,0,福岡,2016-12-01,2026-08-09,837,1647,292,439,616,1048,1,0.082320,0.057709,0.099653,0.070221,-0.385726,-0.264306
4351,0,福岡,2016-12-27,2026-07-29,748,1878,220,484,515,1254,1,0.036397,0.020662,0.020771,0.007718,-0.142269,-0.083793
4352,0,長崎,2016-11-03,2026-08-10,595,1789,195,447,472,1187,1,0.077871,0.048249,0.129778,0.099814,-0.463532,-0.335002
4353,0,福井,2016-11-03,2021-04-08,156,665,24,82,75,263,1,0.030538,0.023914,0.085281,0.076611,-0.323356,-0.287922
4354,0,東京,2016-11-06,2020-04-13,122,387,12,22,42,142,1,0.041513,0.022335,-0.022663,-0.041419,0.022006,0.100774
4355,0,福岡,2016-11-03,2026-04-29,548,1446,38,84,203,470,1,0.011252,0.014436,0.045403,0.043087,-0.105716,-0.100363
4356,0,兵庫,2016-11-12,2026-08-11,303,2053,73,497,201,1352,1,-0.001161,0.004105,0.004818,0.009605,0.017723,-0.004654
4357,0,大阪,2016-11-05,2026-08-11,258,2294,78,642,161,1608,1,0.022465,0.015617,-0.076928,-0.090277,0.136412,0.185754
4358,0,三重,2016-11-03,2026-08-08,557,1695,89,210,280,664,1,0.035891,0.019627,0.110953,0.094492,-0.417839,-0.347942
4359,0,徳島,2016-11-09,2026-07-12,459,1799,85,289,249,940,1,0.024540,0.013706,0.019971,0.007545,-0.077674,-0.025682
4360,0,静岡,2016-11-23,2026-08-11,348,1681,58,223,191,784,1,0.034008,0.027627,0.082462,0.079471,-0.288734,-0.272514
4361,0,山口,2016-11-19,2026-08-11,831,1701,303,477,600,1111,1,0.084198,0.058135,0.068876,0.044939,-0.305732,-0.199224
4362,0,群馬,2016-11-03,2026-08-11,441,2046,153,508,308,1342,1,0.098649,0.063429,0.042499,0.002550,-0.287526,-0.120671
4363,0,福岡,2016-11-01,2026-08-11,744,1750,144,339,417,985,1,-0.000166,-0.004082,-0.002373,-0.004293,-0.021985,-0.012213
4364,0,福岡,2016-11-03,2026-08-11,921,1754,295,585,649,1188,1,-0.013219,-0.027827,0.027360,0.015652,-0.009186,0.044402
4365,0,兵庫,2016-11-12,2026-08-11,410,1847,78,288,220,877,1,0.034315,0.026647,0.061761,0.052871,-0.153614,-0.118146
4366,0,東京,2016-11-15,2026-08-10,696,1927,188,540,488,1341,1,-0.010113,0.003937,0.005249,0.017622,-0.001036,-0.054588
4367,0,福岡,2016-11-03,2026-08-10,491,1507,66,150,242,733,1,0.034884,0.034255,0.006475,0.004492,-0.054022,-0.044724
4368,0,福岡,2016-11-01,2026-08-08,539,1519,57,174,226,629,1,-0.008798,-0.001536,0.005207,0.007168,0.014723,0.001637
4369,0,愛知,2016-11-03,2026-08-08,571,1920,149,446,365,1155,1,0.028654,0.017818,0.037667,0.026651,-0.138431,-0.089894
4370,0,岡山,2016-11-09,2026-08-11,477,1892,149,609,310,1265,1,-0.009513,-0.022800,-0.018709,-0.029591,0.053581,0.103423
4371,0,福岡,2016-11-03,2026-08-02,907,1706,284,443,637,1092,1,0.053448,0.034081,0.062222,0.031180,-0.233919,-0.110655
4372,0,大阪,2016-11-06,2026-07-29,251,1679,58,334,148,988,1,0.032148,0.028509,0.001196,-0.007186,-0.047204,-0.016487
4373,0,岡山,2016-11-01,2026-08-11,195,1750,29,256,121,1030,1,0.002432,0.002434,0.031941,0.035214,-0.043443,-0.054793
4374,0,広島,2016-11-01,2026-08-10,315,1705,36,186,132,670,1,0.005195,-0.005429,0.026086,0.025300,-0.067244,-0.053439
4375,0,兵庫,2016-11-03,2026-08-11,444,1906,96,358,260,1081,1,0.028388,0.015352,0.018429,0.004899,-0.094933,-0.035837
4376,0,静岡,2016-11-03,2026-08-08,349,2405,91,477,215,1420,1,0.062408,0.056393,0.025609,0.019125,-0.166329,-0.138416
4377,0,大阪,2016-11-01,2026-08-03,321,2197,55,527,188,1431,1,-0.068533,-0.064694,-0.065673,-0.066639,0.327730,0.328517
4378,0,広島,2016-11-03,2017-08-21,10,218,1,39,3,132,0,,,,,,
4379,0,東京,2016-11-03,2026-08-10,790,1722,164,308,465,1051,1,0.028733,0.030929,-0.021729,-0.023776,0.002726,0.008192
4380,0,静岡,2016-11-07,2026-08-11,315,1671,46,185,146,692,1,0.035320,0.022510,0.049369,0.030545,-0.241230,-0.167133
4381,0,兵庫,2016-11-01,2026-08-11,413,1743,60,289,236,937,1,-0.020528,-0.027501,0.033850,0.021070,-0.067962,-0.018354
4382,0,滋賀,2016-11-22,2026-08-03,402,1631,40,178,162,773,1,-0.009633,-0.019467,-0.070957,-0.074910,0.164014,0.183504
4383,0,徳島,2016-11-12,2026-08-10,558,1651,102,214,305,817,1,0.053177,0.037097,0.051743,0.036980,-0.219803,-0.154340
4384,0,大阪,2016-11-01,2026-08-05,302,2304,77,556,198,1521,1,0.013647,0.009267,-0.004527,-0.005801,0.008652,0.015275
4385,0,三重,2016-11-15,2026-07-12,85,874,6,70,37,298,1,-0.009503,-0.029357,0.094333,0.071231,-0.212115,-0.112013
4387,0,香川,2016-11-06,2026-08-11,346,1529,91,450,231,1047,1,-0.031304,-0.032721,-0.017131,-0.019085,0.082057,0.090161
4388,0,滋賀,2016-11-09,2026-08-08,475,2078,131,492,305,1253,1,0.039023,0.025902,0.039122,0.028516,-0.164277,-0.116272
4389,0,大阪,2016-11-01,2026-08-05,311,1805,35,190,146,935,1,0.007277,-0.000322,-0.048552,-0.060895,0.089386,0.139214
4390,0,徳島,2016-11-03,2026-08-06,450,1474,30,127,193,574,1,-0.019493,-0.042123,0.039472,0.020453,-0.092552,-0.007151
4391,0,福井,2016-11-01,2026-08-10,613,1930,232,505,455,1266,1,0.116809,0.092821,0.086293,0.057351,-0.387955,-0.268176
4393,0,福岡,2016-11-03,2026-08-05,527,1384,54,124,242,593,1,0.012871,0.008620,0.030735,0.024964,-0.080178,-0.056717
4394,0,福岡,2016-11-01,2026-08-11,605,1455,73,199,307,721,1,-0.016109,-0.017795,0.011905,0.010442,-0.061606,-0.055643
4395,0,福岡,2016-11-08,2026-07-28,706,1414,97,192,379,665,1,0.001609,0.001432,0.066530,0.062768,-0.181159,-0.168186
4396,0,山口,2016-11-09,2026-08-08,649,1651,85,192,343,808,1,0.014678,0.006174,0.039105,0.030718,-0.167907,-0.129640
4397,0,大阪,2016-11-08,2026-08-08,591,2227,170,688,424,1613,1,-0.021288,-0.017180,-0.006865,-0.007702,0.016705,0.015679
4398,0,広島,2016-11-03,2026-08-10,512,2156,152,548,350,1377,1,0.042701,0.031607,0.044911,0.036452,-0.143582,-0.104685
4399,0,群馬,2016-11-06,2025-04-06,284,1664,92,412,213,1087,1,0.076348,0.051823,0.096755,0.072781,-0.350496,-0.247034
4400,0,福井,2016-11-06,2026-08-02,282,1408,18,68,122,492,1,0.015534,0.001768,0.083192,0.077176,-0.305760,-0.271500
4401,0,東京,2016-11-08,2026-08-10,636,1569,161,365,394,916,1,0.020512,0.027384,0.035686,0.037178,-0.129252,-0.140179
4402,0,福岡,2016-11-07,2026-08-11,824,1517,199,356,505,933,1,0.006831,-0.013779,-0.002166,-0.018051,-0.036283,0.037760
4403,0,福岡,2016-11-09,2026-08-11,757,1468,165,278,440,834,1,0.028592,0.012993,0.013122,-0.002433,-0.130553,-0.062313
4404,0,兵庫,2016-11-09,2026-07-27,312,1592,49,205,137,688,1,0.028282,0.016377,0.006942,-0.005593,-0.120055,-0.067597
4405,0,福井,2016-11-08,2026-08-09,443,1578,42,172,202,686,1,-0.014191,-0.021653,0.021254,0.011134,0.002847,0.044290
4406,0,福岡,2016-11-09,2026-08-11,463,1516,41,154,189,587,1,-0.013030,-0.001438,0.021004,0.030014,-0.038666,-0.079379
4407,0,群馬,2016-11-01,2026-08-11,443,1979,66,207,245,947,1,0.044386,0.036800,0.074523,0.065628,-0.285485,-0.248712
4408,0,長崎,2016-11-06,2026-08-05,186,514,27,47,85,165,1,0.053722,0.044427,0.135978,0.123529,-0.499979,-0.450370
4409,0,愛知,2016-11-03,2026-08-11,559,2076,141,566,365,1346,1,-0.020404,-0.019225,0.004589,0.006669,0.025675,0.018946
4410,0,岡山,2016-11-01,2026-08-11,392,2111,78,369,209,1117,1,0.024181,0.019343,0.004030,-0.000767,-0.037713,-0.017314
4411,0,大阪,2016-11-07,2026-08-09,346,2178,56,346,192,1148,1,0.002988,-0.005817,0.027824,0.020073,-0.120562,-0.088722
4413,0,福岡,2016-11-07,2026-08-11,724,1779,183,461,473,1136,1,-0.006372,-0.019514,0.014754,0.001975,-0.017154,0.038511
4414,0,東京,2016-11-06,2026-08-11,187,806,20,73,67,273,1,0.016381,0.000046,0.019579,0.003707,-0.017628,0.051268
4415,0,福井,2016-12-29,2026-08-09,511,2024,175,567,353,1193,1,0.062327,0.041962,0.101375,0.074174,-0.416284,-0.305288
4416,0,広島,2016-11-03,2026-08-09,367,1609,49,181,191,772,1,0.021023,0.011324,0.040635,0.038505,-0.145283,-0.129019
4417,0,静岡,2016-11-03,2026-08-03,356,1546,32,156,157,704,1,-0.011018,-0.006717,-0.014357,-0.014548,-0.035656,-0.037786
4418,0,岡山,2016-11-03,2026-08-11,433,1974,186,530,352,1375,1,0.161071,0.123884,0.116378,0.078191,-0.588768,-0.424366
4419,0,埼玉,2016-11-21,2026-07-30,176,1497,23,172,96,734,1,0.015785,0.003427,0.055141,0.044906,-0.244576,-0.197671
4420,0,群馬,2016-11-25,2026-08-11,522,1798,92,264,313,936,1,0.029415,0.011906,0.079038,0.058320,-0.237115,-0.148788
4421,0,東京,2016-11-01,2026-08-11,440,1048,35,45,170,358,1,0.036607,0.010936,0.044761,0.018554,-0.203522,-0.091936
4422,0,大阪,2016-11-03,2026-07-29,250,1860,34,220,102,749,1,0.017720,0.008497,0.005312,-0.001129,0.058065,0.088266
4423,0,岡山,2016-11-03,2026-08-01,218,1928,28,269,117,876,1,-0.011082,-0.017175,0.082340,0.068109,-0.280183,-0.226474
4424,0,福岡,2016-11-03,2026-08-02,754,1984,248,500,508,1228,1,0.076896,0.048523,0.054788,0.027884,-0.222124,-0.104739
4425,0,山口,2016-11-03,2026-08-11,682,1395,75,150,313,602,1,0.002444,0.000005,0.027403,0.025279,-0.118605,-0.109184
4427,0,大阪,2016-11-03,2026-08-03,448,2147,112,701,272,1466,1,-0.076502,-0.071002,-0.075670,-0.071796,0.322705,0.303496
4428,0,埼玉,2016-11-09,2026-08-05,362,2066,93,485,212,1266,1,0.022153,0.022229,-0.027143,-0.030926,0.007648,0.020826
4429,0,広島,2016-11-01,2026-08-10,376,1294,48,80,155,383,1,0.065836,0.044156,0.116253,0.097120,-0.431739,-0.346064
4430,0,東京,2016-11-03,2026-08-10,824,1728,181,454,534,1132,1,-0.043071,-0.032327,-0.007034,-0.001820,0.094368,0.066346
4431,0,三重,2016-11-05,2026-08-04,400,1628,75,229,225,784,1,0.046837,0.033631,0.080928,0.066117,-0.272826,-0.210681
4432,0,埼玉,2016-11-09,2026-07-28,296,1861,26,216,154,930,1,-0.028229,-0.044298,0.020539,0.001948,-0.025146,0.052112
4433,0,福岡,2016-11-01,2026-08-11,727,1819,210,448,489,1179,1,0.042569,0.022886,0.024469,0.009994,-0.148047,-0.082008
4434,0,広島,2016-11-01,2026-07-28,483,2011,100,393,290,1207,1,0.011614,0.001501,0.000215,-0.012401,0.002140,0.054811
4435,0,愛知,2016-11-05,2026-08-11,490,1671,94,306,278,902,1,0.008713,-0.002025,0.027550,0.020578,-0.082098,-0.048885
4436,0,大阪,2016-11-03,2026-08-08,327,2039,61,416,199,1220,1,-0.017477,-0.021817,0.010230,0.003756,-0.078554,-0.053883
4437,0,香川,2016-11-09,2026-08-08,456,1928,124,487,300,1235,1,0.019336,0.015667,0.017335,0.010641,-0.017662,0.008233
4438,0,東京,2016-11-07,2026-08-10,914,1334,154,205,440,617,1,0.014817,-0.002036,0.018882,0.003395,-0.117102,-0.049881
4439,0,埼玉,2016-11-07,2026-07-15,300,1529,30,125,118,530,1,0.018247,-0.008508,0.046702,0.018526,-0.156034,-0.034910
4440,0,東京,2016-11-10,2026-08-10,614,1317,66,113,273,467,1,0.021691,-0.002788,0.090032,0.060953,-0.290794,-0.171241
4441,0,岡山,2016-11-03,2026-08-11,394,2217,92,480,240,1353,1,0.016994,0.023762,-0.001147,0.005521,-0.010576,-0.040356
4442,0,愛知,2016-11-03,2026-08-11,491,1826,103,375,290,961,1,0.004409,0.004170,0.064344,0.061143,-0.162179,-0.150856
4443,0,山口,2016-11-06,2026-08-08,423,1977,61,316,233,1133,1,-0.015630,-0.024218,-0.022263,-0.027848,0.080776,0.107263
4444,0,埼玉,2016-11-09,2026-08-05,378,1881,166,513,315,1314,1,0.166426,0.128148,0.134769,0.100301,-0.587188,-0.434824
4445,0,佐賀,2016-11-03,2026-08-11,433,2022,156,569,324,1292,1,0.078873,0.060432,0.109297,0.082226,-0.387066,-0.276917
4446,0,兵庫,2016-11-03,2026-08-11,478,2155,111,535,319,1388,1,-0.016042,-0.020772,0.023280,0.014617,-0.029421,0.005198
4447,0,福岡,2016-11-01,2026-08-11,516,1531,102,279,307,898,1,0.015441,0.007342,0.008416,-0.000374,-0.077798,-0.039420
4448,0,滋賀,2016-11-09,2026-08-05,305,1903,68,519,217,1322,1,-0.049776,-0.050686,0.016783,0.010547,0.065829,0.088425
4449,0,兵庫,2016-11-09,2026-08-11,325,1616,34,121,116,548,1,0.029739,0.019818,0.017814,0.013250,-0.074463,-0.048870
4450,0,香川,2016-11-03,2026-08-02,365,2053,96,585,245,1370,1,-0.021935,-0.011060,0.003917,0.014855,0.019306,-0.029267
4451,0,福岡,2016-11-01,2026-08-08,824,1824,219,458,551,1230,1,0.014680,-0.002493,-0.005653,-0.023481,-0.013376,0.062540
4452,0,香川,2016-11-01,2026-08-03,496,1843,76,326,295,1079,1,-0.023660,-0.018908,0.009300,0.002540,-0.027579,-0.008653
4453,0,愛知,2016-11-01,2024-03-19,367,1055,46,106,141,348,1,0.024867,0.015513,0.054338,0.041782,-0.222984,-0.170598
4456,0,大阪,2018-12-15,2026-08-11,132,1238,48,354,102,809,1,0.077691,0.059154,0.119254,0.106436,-0.402372,-0.340816
4457,0,愛知,2016-11-05,2026-08-09,369,1343,41,115,149,530,1,0.025482,0.018559,0.009155,0.001020,-0.131147,-0.095523
4458,0,広島,2016-11-09,2026-08-09,278,2048,34,288,123,929,1,-0.018323,-0.022006,-0.011167,-0.014020,0.077447,0.090280
4459,0,香川,2016-11-01,2026-08-02,546,2159,198,523,414,1264,1,0.120396,0.084835,0.172786,0.138647,-0.662618,-0.514449
4460,0,東京,2016-11-03,2026-08-11,647,1708,176,429,443,1102,1,0.020854,0.037687,0.039500,0.048560,-0.116876,-0.162988
4461,0,三重,2016-11-01,2026-08-11,372,1336,41,102,160,478,1,0.033868,0.026649,0.072323,0.066049,-0.278065,-0.249321
4462,0,大阪,2016-12-29,2026-07-21,239,1520,36,190,108,694,1,0.025628,0.018367,-0.004696,-0.019572,-0.125831,-0.067946
4463,0,福岡,2016-11-03,2026-08-11,804,1468,162,269,468,818,1,0.018250,0.009735,0.024869,0.019420,-0.112716,-0.086310
4464,0,静岡,2016-11-29,2017-10-24,36,236,6,56,13,149,1,-0.070621,-0.042641,-0.270245,-0.237446,0.705273,0.566694
4464,1,三重,2017-11-11,2018-03-10,7,79,0,9,3,35,0,,,,,,
4464,2,静岡,2019-11-20,2026-07-30,188,1232,38,207,112,675,1,0.034108,0.030022,0.047855,0.047364,-0.183407,-0.175850
4465,0,東京,2016-11-12,2026-08-10,657,1083,60,56,262,370,1,0.039616,0.015951,0.057139,0.039739,-0.234234,-0.154508
4466,0,三重,2016-11-03,2026-08-10,477,1875,96,313,280,1104,1,0.034325,0.022251,-0.001798,-0.018314,-0.068844,-0.003140
4467,0,愛知,2016-11-03,2026-08-11,432,1919,68,314,231,1069,1,-0.006219,-0.009179,-0.022339,-0.026814,0.138216,0.155624
4468,0,東京,2016-11-22,2026-07-12,826,1456,253,391,576,934,1,0.037751,0.037972,0.055853,0.054938,-0.213075,-0.209391
4469,0,福井,2016-11-05,2026-08-09,564,1698,133,345,332,910,1,0.032635,0.012337,0.052728,0.028867,-0.215184,-0.114905
4470,0,三重,2016-11-09,2026-08-11,396,1901,91,367,242,1129,1,0.036742,0.022655,0.017213,0.008063,-0.136975,-0.091926
4471,0,広島,2016-11-01,2026-08-08,483,2013,125,510,312,1274,1,0.005446,-0.009294,0.013076,-0.009333,-0.055981,0.033810
4472,0,兵庫,2016-11-01,2026-08-11,463,2301,134,618,308,1519,1,0.020838,0.014861,0.005079,-0.001988,-0.015252,0.014048
4473,0,福井,2016-11-07,2026-07-24,199,960,33,117,93,445,1,0.043954,0.034667,0.003795,-0.005855,-0.117085,-0.077301
4474,0,福岡,2016-11-10,2026-07-28,606,1518,91,184,310,746,1,0.028953,0.024264,0.020115,0.016393,-0.099590,-0.083091
4475,0,山口,2016-11-03,2026-08-11,828,1591,175,274,517,907,1,0.039134,0.020483,0.054314,0.036063,-0.149903,-0.070626
4477,0,福岡,2016-11-03,2026-08-11,884,1562,287,372,655,988,1,0.086504,0.061606,0.108428,0.077039,-0.447082,-0.317619
4478,0,東京,2016-11-12,2021-09-30,88,564,21,106,54,321,1,0.050693,0.042668,0.044487,0.042294,-0.236863,-0.222101
4478,1,群馬,2021-10-16,2026-08-11,120,938,29,212,79,535,1,0.015654,-0.003190,0.087971,0.061969,-0.282303,-0.177660
4479,0,福岡,2016-11-12,2017-03-30,0,75,0,6,0,24,0,,,,,,
4479,1,山口,2020-03-12,2026-08-11,197,400,15,31,58,132,1,-0.001358,-0.014278,-0.035584,-0.046646,-0.008020,0.040086
4482,0,岡山,2016-11-09,2026-08-11,379,2212,124,694,269,1458,1,0.013434,0.002249,0.050631,0.039738,-0.213557,-0.164939
4483,0,愛知,2016-11-09,2026-08-08,600,1717,181,479,407,1095,1,0.022692,0.008623,0.040593,0.019970,-0.201883,-0.116826
4484,0,東京,2016-11-12,2026-08-11,413,1058,32,62,156,401,1,0.018881,-0.009917,-0.001293,-0.024262,-0.103201,0.000032
4485,0,福岡,2016-11-01,2026-08-07,587,1464,96,221,307,764,1,0.012587,0.017462,0.001140,0.015160,-0.051772,-0.104259
4486,0,群馬,2016-11-01,2026-08-11,432,1917,106,401,252,1103,1,0.036189,0.029225,0.007955,-0.005972,-0.055230,-0.002093
4487,0,福岡,2016-11-03,2026-08-11,638,1326,61,135,285,506,1,-0.006199,-0.002717,0.065110,0.063207,-0.072717,-0.068910
4488,0,埼玉,2016-11-01,2026-08-11,353,1970,78,435,215,1263,1,0.000151,-0.002296,-0.032052,-0.033983,0.099592,0.108370
4489,0,大阪,2016-11-18,2026-07-28,287,1750,34,236,120,811,1,-0.016390,-0.014991,-0.045310,-0.045182,0.178885,0.176841
4490,0,滋賀,2016-11-01,2019-06-22,92,269,7,15,31,55,1,0.020325,-0.025022,0.132496,0.090762,-0.601059,-0.416508
4491,0,群馬,2016-11-01,2026-08-11,342,1712,44,185,163,730,1,0.020594,-0.004823,0.050206,0.025844,-0.161666,-0.054976
4492,0,愛知,2016-11-03,2026-01-11,636,1458,182,408,431,952,1,0.006328,-0.002256,0.024724,0.011429,-0.100732,-0.048237
4494,0,静岡,2016-11-03,2026-07-12,451,2140,133,585,330,1475,1,0.021536,0.016033,0.042455,0.036587,-0.143342,-0.118416
4495,0,福岡,2016-11-03,2026-08-09,586,1269,91,195,271,621,1,0.001626,-0.002499,-0.026904,-0.027074,0.047230,0.050091
4496,0,東京,2016-11-01,2026-08-11,619,1706,143,391,400,1065,1,0.001827,0.011709,0.021936,0.032724,-0.057530,-0.103793
4497,0,長崎,2016-11-01,2026-08-10,534,1846,196,506,388,1158,1,0.092935,0.059375,0.099289,0.073442,-0.457209,-0.337402
4498,0,長崎,2016-11-03,2026-08-10,480,1673,118,277,264,859,1,0.080263,0.055414,0.036551,0.011409,-0.249254,-0.141589
4499,0,長崎,2018-06-08,2026-08-11,217,857,47,147,137,452,1,0.045061,0.023885,0.103915,0.084572,-0.282337,-0.198361
4500,0,佐賀,2016-12-29,2026-08-11,476,1897,206,587,391,1317,1,0.123337,0.090974,0.127174,0.081063,-0.551994,-0.365973
4501,0,岡山,2016-11-06,2026-07-28,205,1995,46,406,126,1154,1,0.020881,0.016781,0.036188,0.035730,-0.081130,-0.075533
4502,0,滋賀,2016-11-06,2026-08-11,331,2195,125,636,238,1457,1,0.087894,0.077781,0.055252,0.043492,-0.276935,-0.228985
4503,0,佐賀,2016-11-03,2026-08-11,591,2249,243,704,463,1569,1,0.098140,0.073599,0.085775,0.054969,-0.386888,-0.259347
4504,0,福岡,2016-11-06,2026-08-08,880,1825,302,503,646,1213,1,0.067565,0.041299,0.069433,0.040082,-0.303596,-0.179960
4505,0,埼玉,2016-11-01,2026-08-10,390,2016,118,439,281,1169,1,0.084806,0.076101,0.140652,0.128320,-0.447154,-0.397361
4506,0,福岡,2016-11-01,2026-08-11,761,1767,174,383,425,1001,1,0.011895,-0.001804,-0.008021,-0.019697,-0.026147,0.025447
4508,0,大阪,2016-11-03,2026-07-18,189,1258,19,152,72,594,1,-0.020298,-0.005835,-0.091226,-0.082719,0.361635,0.320043
4509,0,愛知,2016-11-01,2026-08-11,503,1947,94,341,289,1150,1,0.011737,0.008893,-0.016100,-0.016353,0.014438,0.017784
4510,0,福岡,2016-11-06,2026-07-31,130,459,7,19,44,126,1,0.012452,0.020201,0.063952,0.062436,-0.285487,-0.290145
4511,0,香川,2016-11-01,2026-08-09,369,1657,46,160,167,674,1,0.028101,0.022993,0.045815,0.038798,-0.153206,-0.123802
4512,0,兵庫,2016-11-01,2026-08-11,459,2345,151,668,320,1573,1,0.044115,0.032805,0.026379,0.011918,-0.128520,-0.069414
4513,0,福岡,2016-11-01,2026-08-11,673,1703,143,309,414,964,1,0.031037,0.024253,0.049096,0.041528,-0.111623,-0.079237
4514,0,大阪,2016-11-05,2026-08-09,258,2301,66,554,162,1480,1,0.015049,0.012447,-0.015292,-0.016886,0.062991,0.069958
4515,0,佐賀,2016-11-01,2026-08-11,629,2021,120,398,370,1181,1,-0.006153,-0.013650,0.003871,-0.008889,-0.028013,0.022365
4516,0,愛知,2016-11-01,2026-07-24,566,1736,135,328,348,1003,1,0.049576,0.045549,0.037076,0.029410,-0.160861,-0.130530
4517,0,東京,2016-11-01,2017-06-25,34,57,2,2,13,13,1,0.023736,0.012620,0.154283,0.138978,-0.707946,-0.643411
4518,0,愛知,2016-11-12,2026-08-05,466,1689,110,351,311,950,1,0.028236,0.016445,0.104919,0.089995,-0.313640,-0.249867
4519,0,東京,2017-03-18,2026-03-27,479,1337,109,228,279,692,1,0.057026,0.056182,0.064887,0.057249,-0.228902,-0.203040
4520,0,福井,2016-11-03,2026-08-02,552,1660,85,237,293,795,1,0.011214,0.008290,0.051881,0.052273,-0.129055,-0.128604
4521,0,福岡,2016-11-01,2026-08-11,737,1466,152,304,426,886,1,-0.001125,-0.007409,-0.026347,-0.027066,0.119300,0.127252
4522,0,福岡,2016-11-09,2026-08-07,835,1550,258,455,567,1040,1,0.015434,0.004883,0.008074,-0.004168,-0.044686,0.006786
4523,0,長崎,2016-11-01,2026-08-09,402,1823,96,378,238,1038,1,0.031455,0.014449,0.022649,0.006573,-0.070101,0.000542
4524,0,静岡,2016-11-09,2026-06-28,449,2048,164,558,349,1302,1,0.092795,0.087589,0.141541,0.133577,-0.537466,-0.505481
4525,0,福岡,2016-11-15,2026-07-31,648,1298,81,133,282,522,1,0.022535,0.025805,0.033028,0.028032,-0.142974,-0.129066
4526,0,愛知,2016-11-03,2026-08-11,543,1765,125,376,330,1051,1,0.017171,0.008830,0.012267,0.002017,-0.072085,-0.027298
4527,0,愛知,2016-11-07,2026-08-11,464,1430,53,112,184,509,1,0.035902,0.025418,0.040608,0.031177,-0.139137,-0.097811
4528,0,埼玉,2016-11-06,2026-06-13,438,1839,150,512,295,1165,1,0.064054,0.068901,0.040020,0.043420,-0.204492,-0.222811
4529,0,香川,2016-11-07,2026-08-09,353,1657,57,261,176,838,1,0.003960,0.011202,-0.007150,-0.003100,0.017828,-0.002037
4530,0,福岡,2016-11-06,2026-08-11,637,1438,187,431,447,986,1,-0.006158,-0.005794,0.016052,0.019277,-0.005181,-0.017824
4531,0,佐賀,2016-11-01,2026-08-11,510,1868,125,431,317,1120,1,0.014370,0.015246,0.021997,0.018505,-0.063419,-0.052968
4532,0,埼玉,2016-11-13,2026-08-08,455,1797,125,484,294,1168,1,0.005387,0.008019,-0.003818,-0.005503,0.015756,0.019143
4533,0,岡山,2016-11-01,2026-08-11,334,1581,61,218,172,727,1,0.044747,0.032252,0.055135,0.045309,-0.152880,-0.108791
4534,0,大阪,2016-11-06,2026-07-18,145,934,12,90,52,364,1,-0.013601,-0.032441,-0.031101,-0.057049,0.070413,0.178249
4535,0,東京,2016-11-01,2026-07-13,469,1604,124,435,309,1097,1,-0.006805,-0.000617,-0.025067,-0.017585,0.122318,0.090621
4536,0,岡山,2016-11-01,2026-08-11,198,1405,38,267,113,834,1,0.001884,-0.004117,-0.022887,-0.025730,0.090043,0.104202
4537,0,岡山,2016-11-05,2026-08-11,409,1948,122,615,281,1302,1,-0.017420,-0.021358,0.018664,0.017404,0.012603,0.021597
4538,0,大阪,2016-11-01,2026-06-04,246,1653,37,284,115,801,1,-0.021402,-0.039335,-0.017094,-0.041225,0.060112,0.159425
4539,0,群馬,2016-11-01,2026-08-11,418,2031,120,497,260,1151,1,0.042374,0.029819,0.055294,0.039368,-0.233684,-0.168515
4540,0,東京,2016-11-01,2026-08-11,595,1568,103,237,317,816,1,0.021961,0.016143,0.012365,0.004691,-0.076103,-0.044847
4541,0,愛知,2016-12-05,2018-10-18,46,214,2,3,12,41,1,0.029460,0.011663,0.069281,0.060476,-0.230191,-0.184903
4542,0,東京,2016-11-03,2019-10-27,158,200,9,9,46,43,1,0.011962,-0.020071,0.076139,0.047982,-0.078354,0.047453
4543,0,兵庫,2016-11-09,2026-08-11,392,2080,89,457,237,1314,1,0.007329,0.005277,-0.027139,-0.031416,-0.001305,0.015834
4544,0,福岡,2016-11-22,2026-08-11,645,1906,236,660,469,1394,1,0.019617,0.011068,-0.004243,-0.016436,-0.015814,0.032592
4545,0,福岡,2016-11-03,2026-08-11,945,1643,316,503,676,1125,1,0.028244,0.011341,0.030621,0.015425,-0.119610,-0.052888
4546,0,埼玉,2016-11-28,2026-08-11,227,1901,55,488,158,1288,1,-0.014416,-0.000983,0.018497,0.032595,-0.064557,-0.123594
4547,0,埼玉,2016-11-09,2026-08-01,499,1888,161,470,356,1219,1,0.073705,0.062350,0.067770,0.053048,-0.287873,-0.227082
4548,0,三重,2016-11-01,2026-08-05,147,871,19,58,65,291,1,0.062662,0.043432,0.108078,0.093284,-0.343549,-0.276900
4549,0,福岡,2016-11-21,2026-08-08,656,1360,105,201,365,734,1,0.012267,0.015355,0.016697,0.021156,-0.053121,-0.072583
4550,0,群馬,2016-11-01,2026-08-11,347,1738,46,183,180,763,1,0.027271,0.019915,0.079722,0.067841,-0.164182,-0.116717
4551,0,福岡,2016-11-03,2026-08-11,737,1606,134,271,426,932,1,0.013076,0.003565,-0.002305,-0.012704,0.001924,0.046869
4552,0,佐賀,2016-11-03,2026-08-11,344,1712,42,236,153,691,1,-0.015757,-0.023173,0.041146,0.046938,-0.097058,-0.109175
4553,0,長崎,2016-11-07,2026-08-10,532,1634,111,273,330,932,1,0.041572,0.021914,0.049921,0.032354,-0.201128,-0.123290
4555,0,福岡,2016-11-10,2026-07-29,569,1467,63,180,254,684,1,-0.011979,-0.011309,-0.019860,-0.023606,0.043425,0.055356
4556,0,福岡,2016-11-01,2026-08-11,433,1292,117,406,270,890,1,-0.044034,-0.026702,-0.065298,-0.045583,0.345562,0.262740
4557,0,岡山,2016-11-09,2026-08-09,180,1482,24,177,77,555,1,0.013900,-0.017930,0.053284,0.025314,-0.061898,0.061565
4558,0,岡山,2016-11-01,2026-08-11,351,1553,58,185,166,684,1,0.046118,0.029032,0.032497,0.023173,-0.076393,-0.029815
4559,0,三重,2016-11-08,2019-09-21,161,607,41,133,108,355,1,0.035548,0.035643,0.085964,0.085004,-0.236363,-0.234478
4560,0,東京,2016-11-01,2026-08-11,474,1338,73,214,247,659,1,-0.005932,-0.022137,0.028571,0.003421,-0.106100,-0.006193
4561,0,大阪,2016-11-01,2026-08-09,270,2124,76,607,154,1196,1,-0.004300,-0.011650,0.007282,-0.008732,-0.064313,-0.002462
4562,0,岡山,2016-11-09,2026-08-11,406,1934,56,183,184,812,1,0.043308,0.022921,0.033347,0.017922,-0.178407,-0.106451
4563,0,岡山,2016-11-08,2026-08-02,355,1542,41,131,128,531,1,0.030538,0.018052,0.016205,0.008139,-0.107753,-0.069560
4564,0,広島,2016-11-05,2026-08-10,441,1967,64,257,252,954,1,0.014469,0.002433,0.086426,0.074740,-0.277572,-0.227660
4565,0,愛知,2016-11-05,2026-08-11,479,1549,61,161,249,662,1,0.023411,0.011295,0.092460,0.079795,-0.285119,-0.229392
4566,0,福岡,2016-11-09,2026-08-03,917,1935,300,577,659,1293,1,0.028963,0.012786,0.050431,0.031526,-0.195694,-0.116214
4567,0,山口,2016-11-12,2026-08-11,555,1238,34,66,217,414,1,0.007949,-0.000704,0.056581,0.049281,-0.110038,-0.078010
4568,0,東京,2016-11-07,2026-08-11,695,1492,126,273,371,786,1,-0.001681,-0.011395,0.007003,-0.003074,-0.046527,-0.003701
4569,0,東京,2016-11-06,2026-08-11,548,1410,87,149,286,594,1,0.053085,0.032730,0.100621,0.083688,-0.372291,-0.296209
4570,0,愛知,2016-11-09,2026-08-11,468,1958,91,368,300,1150,1,0.006498,0.007407,0.053692,0.055697,-0.105218,-0.111001
4571,0,徳島,2016-11-05,2026-08-10,466,1813,192,523,328,1053,1,0.123545,0.103492,0.123057,0.099910,-0.534889,-0.436508
4572,0,大阪,2016-11-05,2026-08-08,298,2348,43,415,163,1305,1,-0.032451,-0.043275,-0.008812,-0.015794,0.097473,0.130324
4573,0,埼玉,2016-11-09,2026-08-02,441,1959,159,507,333,1267,1,0.101739,0.080489,0.108343,0.087014,-0.437659,-0.343440
4574,0,広島,2016-11-05,2026-08-06,348,1882,62,209,187,863,1,0.067109,0.051001,0.078802,0.069072,-0.313460,-0.266630
4575,0,東京,2016-11-26,2026-07-28,792,1137,167,190,489,579,1,0.043752,0.036317,0.108189,0.096890,-0.324332,-0.279222
4577,0,東京,2017-05-11,2018-05-09,45,40,1,1,7,4,1,-0.002778,-0.045103,0.055556,0.003319,-0.344444,-0.125737
4578,0,大阪,2016-11-05,2026-08-03,333,2084,85,463,208,1223,1,0.033086,0.018575,0.037772,0.022805,-0.094791,-0.030875
4579,0,三重,2016-11-05,2026-08-11,461,1823,122,405,311,1122,1,0.042481,0.027581,0.059151,0.042510,-0.178674,-0.109137
4580,0,岡山,2016-11-05,2026-08-11,402,2076,79,434,237,1139,1,-0.012538,-0.013212,0.040901,0.036475,-0.082873,-0.066939
4581,0,静岡,2016-11-05,2026-08-11,440,1982,87,373,244,1110,1,0.009534,0.010324,-0.005495,-0.004367,-0.069711,-0.074537
4583,0,香川,2016-11-18,2026-08-08,453,2055,81,306,270,1178,1,0.029903,0.025899,0.022790,0.016416,-0.098458,-0.072427
4584,0,岡山,2016-11-12,2026-08-11,459,2013,127,500,338,1284,1,0.028303,0.021219,0.098529,0.088748,-0.339415,-0.299422
4585,0,広島,2016-11-06,2019-02-08,74,355,5,12,34,123,1,0.033765,0.029815,0.112981,0.117645,-0.404378,-0.417105
4586,0,愛知,2016-12-03,2026-08-11,757,1790,293,524,574,1146,1,0.094317,0.068404,0.118033,0.092838,-0.463650,-0.352909
4587,0,福井,2016-11-17,2026-07-30,455,1707,89,310,254,948,1,0.013999,0.012639,0.002881,-0.007824,-0.101392,-0.061966
4588,0,福岡,2016-11-08,2026-08-10,574,1699,100,335,298,923,1,-0.022959,-0.030104,-0.024097,-0.032946,0.121096,0.158675
4589,0,三重,2018-01-06,2026-08-05,172,1318,48,293,111,783,1,0.056763,0.037450,0.051267,0.028087,-0.252850,-0.155601
4590,0,福岡,2016-11-06,2026-08-11,550,1883,145,467,372,1207,1,0.015628,0.003242,0.035365,0.022791,-0.097308,-0.044401
4591,0,三重,2016-11-03,2018-08-01,42,233,1,11,11,68,1,-0.023401,-0.064075,-0.029941,-0.052222,0.119559,0.233304
4592,0,山口,2016-11-01,2026-08-03,553,1459,57,144,228,607,1,0.004376,-0.003619,-0.003742,-0.014008,-0.026923,0.014708
4593,0,大阪,2016-11-05,2026-08-03,235,1940,53,410,148,1143,1,0.014192,0.009617,0.040612,0.030749,-0.109388,-0.071885
4594,0,滋賀,2016-11-07,2026-08-03,407,1998,103,489,236,1218,1,0.008327,-0.002252,-0.029757,-0.043873,0.070343,0.129030
4596,0,徳島,2016-11-03,2026-08-10,524,1927,128,290,344,1127,1,0.093782,0.077440,0.071642,0.055035,-0.305942,-0.234923
4597,0,愛知,2017-05-02,2017-12-27,25,40,1,1,6,6,1,0.015000,-0.030073,0.090000,0.004846,-0.415000,-0.091097
4598,0,東京,2016-11-09,2026-08-10,901,1452,196,251,552,814,1,0.044671,0.045274,0.052047,0.048113,-0.167482,-0.153747
4599,0,大阪,2016-11-06,2017-03-08,8,45,0,2,3,5,0,,,,,,
4600,0,広島,2016-11-03,2026-07-29,437,2001,116,417,298,1169,1,0.057050,0.045549,0.097714,0.079503,-0.367290,-0.295782
4601,0,山口,2016-11-01,2026-08-08,779,1770,236,408,541,1107,1,0.072444,0.049243,0.069056,0.047657,-0.289254,-0.195290
4602,0,東京,2016-11-12,2020-06-23,159,219,11,9,46,59,1,0.028086,-0.015015,0.019902,-0.015981,-0.134832,0.025821
4603,0,長崎,2016-11-03,2026-08-11,492,1589,82,180,257,679,1,0.053388,0.034768,0.095045,0.076101,-0.292593,-0.211481
4604,0,愛知,2016-11-01,2026-08-11,807,1814,266,485,618,1267,1,0.062251,0.042345,0.067343,0.042618,-0.252276,-0.150420
4605,0,滋賀,2016-11-06,2022-09-03,65,161,8,24,31,66,1,-0.025991,-0.037426,0.066985,0.052915,-0.148304,-0.089369
4607,0,福岡,2016-11-01,2026-08-11,809,1604,114,228,468,891,1,-0.001230,-0.013510,0.023006,0.009506,-0.101134,-0.042984
4608,0,東京,2016-11-28,2026-08-10,808,1641,176,307,507,981,1,0.030741,0.029717,0.029669,0.028786,-0.129020,-0.125237
4610,0,東京,2016-11-05,2026-08-10,835,1538,235,413,505,889,1,0.012907,0.010415,0.026767,0.018915,-0.049902,-0.019905
4611,0,福井,2016-11-29,2026-08-11,237,1866,68,451,149,1048,1,0.045226,0.025488,0.067063,0.045371,-0.197817,-0.104691
4612,0,福岡,2016-11-15,2019-04-15,96,249,1,9,32,81,1,-0.025728,0.009789,0.008032,0.019362,-0.068775,-0.142228
4613,0,東京,2016-11-25,2017-12-29,68,58,1,0,3,0,1,0.014706,-0.035680,0.044118,-0.022251,-0.329108,-0.053512
4614,0,福岡,2016-11-12,2026-07-28,594,1638,175,478,401,1097,1,0.002794,-0.004471,0.005365,0.005269,0.039572,0.046679
4615,0,東京,2016-11-05,2026-08-10,628,1395,60,92,280,569,1,0.029592,-0.002285,0.037975,0.008292,-0.101437,0.027577
4616,0,福岡,2016-11-05,2017-12-25,33,88,0,0,1,5,1,0.000000,0.008768,-0.026515,-0.018408,-0.064394,-0.102183
4617,0,東京,2016-11-09,2017-12-24,86,78,3,1,31,19,1,0.022063,-0.018871,0.116875,0.057054,-0.442159,-0.204607
4618,0,三重,2016-11-09,2026-07-14,457,1620,80,209,261,793,1,0.046042,0.020847,0.081610,0.053855,-0.292526,-0.173472
4619,0,東京,2017-03-17,2026-08-11,545,1076,84,128,280,460,1,0.035169,0.025196,0.086252,0.071445,-0.241886,-0.182829
4620,0,大阪,2016-11-02,2017-06-26,23,98,0,4,5,18,1,-0.040816,-0.035680,0.033718,0.022568,0.014641,0.054997
4621,0,徳島,2016-11-12,2017-11-04,37,81,2,5,14,22,1,-0.007674,-0.049742,0.106773,0.047748,-0.508509,-0.271320
4622,0,福井,2016-11-03,2020-04-26,135,408,7,29,49,139,1,-0.019227,-0.013518,0.022277,0.028372,-0.090142,-0.111589
4623,0,三重,2016-11-15,2026-08-10,383,1623,42,155,182,638,1,0.014158,-0.003830,0.082097,0.063107,-0.204868,-0.121916
4624,0,佐賀,2016-11-03,2026-08-10,524,1826,153,426,355,1058,1,0.058688,0.047875,0.098072,0.081529,-0.365373,-0.298981
4625,0,静岡,2016-11-01,2026-08-11,335,1562,46,210,159,633,1,0.002870,-0.006543,0.069377,0.062387,-0.230569,-0.197799
4626,0,愛知,2016-11-10,2026-08-01,406,1054,58,96,188,377,1,0.051776,0.041557,0.105369,0.099370,-0.348496,-0.319010
4627,0,東京,2016-11-06,2026-08-08,443,1494,141,399,285,904,1,0.051216,0.052204,0.038254,0.039738,-0.173975,-0.180331
4628,0,大阪,2016-11-03,2016-12-31,6,16,1,2,1,6,0,,,,,,
4629,0,滋賀,2017-03-21,2018-01-10,8,57,1,1,2,11,0,,,,,,
4630,0,愛知,2016-11-01,2026-08-11,425,1771,71,283,230,984,1,0.007262,-0.001249,-0.014442,-0.019877,-0.004673,0.021311
4631,0,大阪,2016-11-10,2026-08-06,220,1394,29,188,94,630,1,-0.003046,-0.008789,-0.024664,-0.032178,0.077879,0.109302
4632,0,福岡,2016-11-01,2026-08-09,548,1359,46,129,249,589,1,-0.010981,-0.007347,0.020973,0.019225,0.026585,0.029613
4633,0,兵庫,2016-11-17,2026-08-11,445,1844,64,228,247,969,1,0.020176,0.012744,0.029568,0.020920,-0.150846,-0.113956
4635,0,岡山,2016-11-03,2026-08-11,269,1487,46,205,118,625,1,0.033142,0.025220,0.018352,0.011874,-0.075007,-0.046319
4636,0,徳島,2016-11-09,2026-08-10,540,1249,70,113,221,394,1,0.039157,0.011252,0.093807,0.059716,-0.361858,-0.219831
4637,0,埼玉,2016-11-03,2026-08-08,291,1743,43,208,149,840,1,0.028432,0.010744,0.030100,0.005493,-0.116099,-0.017025
4638,0,福岡,2016-11-08,2026-08-11,670,1389,88,195,316,655,1,-0.009045,-0.004468,0.000080,0.000681,0.029770,0.024929
4639,0,大阪,2016-11-03,2026-08-08,315,1653,40,172,134,652,1,0.022931,0.011969,0.030962,0.021791,-0.124052,-0.084180
4640,0,福岡,2016-11-03,2026-08-11,630,1580,123,321,353,881,1,-0.007926,-0.018171,0.002723,-0.006202,0.034830,0.073509
4641,0,東京,2016-11-15,2026-06-16,518,1069,81,139,239,476,1,0.026343,0.012503,0.016114,0.003673,-0.079730,-0.024464
4642,0,香川,2016-11-09,2017-03-31,29,69,5,8,17,25,1,0.056472,0.035011,0.223888,0.201663,-0.785607,-0.689563
4642,1,徳島,2017-04-13,2018-04-12,27,152,9,19,15,57,1,0.208333,0.187365,0.180556,0.175771,-0.919347,-0.880189
4642,2,香川,2019-10-24,2026-08-11,238,1065,61,295,145,678,1,-0.020693,0.001924,-0.027376,-0.003975,0.069503,-0.031394
4643,0,香川,2016-11-05,2026-08-10,552,1818,178,485,369,1125,1,0.055687,0.043632,0.049666,0.033965,-0.224440,-0.159876
4644,0,東京,2016-11-03,2026-08-09,698,1516,143,285,413,849,1,0.016876,0.013417,0.031664,0.023474,-0.140240,-0.110630
4645,0,群馬,2016-11-17,2026-08-11,424,2068,111,522,262,1291,1,0.009375,0.009214,-0.006350,-0.008406,-0.027622,-0.019142
4646,0,埼玉,2016-11-06,2018-06-18,43,124,2,2,9,14,1,0.030383,0.019654,0.096399,0.088728,-0.523443,-0.485543
4648,0,兵庫,2016-11-03,2026-08-11,360,1500,51,177,165,711,1,0.023667,0.016363,-0.015667,-0.024203,-0.037222,-0.001085
4649,0,滋賀,2016-11-03,2026-08-10,560,1820,104,316,316,942,1,0.012088,-0.000358,0.046703,0.035463,-0.135165,-0.086027
4650,0,愛知,2016-11-12,2025-12-24,552,1847,144,420,351,1136,1,0.033474,0.028664,0.020818,0.018373,-0.082314,-0.068781
4651,0,大阪,2016-11-01,2026-08-08,165,1544,13,166,43,604,1,-0.028725,-0.032188,-0.130586,-0.131224,0.344387,0.350702
4652,0,佐賀,2016-11-03,2026-08-11,343,1907,50,270,175,943,1,0.004189,-0.000520,0.015710,0.013294,-0.027876,-0.016044
4653,0,大阪,2016-11-05,2026-05-15,376,2226,99,612,242,1456,1,-0.011635,-0.012911,-0.010471,-0.010277,0.052649,0.053579
4654,0,兵庫,2016-11-16,2026-08-11,458,1526,80,243,276,851,1,0.015433,0.012148,0.044953,0.040628,-0.171553,-0.153731
4655,0,大阪,2016-11-12,2017-10-28,22,91,0,1,3,12,1,-0.010989,-0.021540,0.004496,-0.046305,-0.046953,0.139722
4656,0,兵庫,2016-12-03,2026-08-10,354,1795,38,217,179,837,1,-0.013547,-0.025702,0.039354,0.029806,-0.069444,-0.025218
4657,0,福岡,2016-11-01,2023-08-06,517,944,101,177,292,494,1,0.007858,0.001923,0.041492,0.031977,-0.085649,-0.048211
4658,0,愛知,2016-11-01,2017-12-18,44,104,5,7,19,24,1,0.046329,0.043531,0.201049,0.217667,-0.460664,-0.517341
4659,0,大阪,2016-11-01,2026-08-09,535,2113,155,569,382,1445,1,0.020434,0.015186,0.030157,0.020854,-0.104086,-0.068864
4660,0,東京,2016-11-03,2026-08-11,631,983,79,54,274,313,1,0.070264,0.038367,0.115818,0.082567,-0.443253,-0.301635
4661,0,佐賀,2016-11-01,2026-08-11,434,1664,40,174,222,871,1,-0.012401,-0.020766,-0.011917,-0.023222,0.054087,0.101281
4662,0,滋賀,2016-11-03,2024-11-28,218,657,13,44,69,185,1,-0.007338,-0.023664,0.034931,0.022118,-0.071991,-0.015032
4663,0,愛知,2017-10-07,2026-07-28,334,1172,50,104,154,510,1,0.060963,0.058643,0.025924,0.028336,-0.145613,-0.153450
4664,0,福井,2016-11-12,2026-08-01,340,1511,28,99,119,490,1,0.016833,0.002713,0.025711,0.015351,-0.076924,-0.029671
4665,0,愛知,2016-11-01,2026-08-11,405,1275,38,70,150,467,1,0.038925,0.033511,0.004096,-0.000574,-0.093537,-0.073468
4666,0,大阪,2016-11-01,2026-07-31,170,1731,14,198,67,670,1,-0.032032,-0.030137,0.007058,0.004964,0.053461,0.061676
4667,0,埼玉,2016-11-01,2019-03-23,76,293,4,22,24,72,1,-0.022454,-0.035147,0.070056,0.058597,-0.039204,0.014716
4668,0,福岡,2016-11-03,2023-12-21,258,552,21,27,90,177,1,0.032482,0.031481,0.028185,0.028464,-0.126727,-0.125941
4669,0,福岡,2016-11-18,2026-08-08,503,1212,45,98,217,484,1,0.008605,0.012224,0.032072,0.036805,-0.184648,-0.202484
4670,0,山口,2018-01-07,2019-12-26,41,114,2,4,10,34,1,0.013693,0.016636,-0.054343,-0.060816,0.362217,0.379413
4671,0,愛知,2016-11-10,2018-11-05,66,160,3,5,19,34,1,0.014205,-0.000616,0.075379,0.067393,-0.314015,-0.276204
4672,0,岡山,2016-11-09,2026-08-10,249,1585,25,116,89,607,1,0.027215,0.013504,-0.025536,-0.037056,0.041253,0.093096
4673,0,東京,2017-06-10,2018-10-19,41,78,0,0,0,1,1,0.000000,-0.033016,-0.012821,-0.030543,-0.001563,0.086341
4674,0,福岡,2016-11-01,2026-07-29,597,1535,71,168,279,762,1,0.009482,0.013391,-0.029080,-0.025667,0.004227,-0.009087
4675,0,大阪,2016-11-01,2026-08-03,182,1638,28,220,92,779,1,0.019536,0.009746,0.029915,0.016356,-0.129426,-0.072900
4676,0,東京,2016-11-01,2026-08-11,506,1598,84,202,264,781,1,0.039600,0.019846,0.033003,0.018526,-0.232175,-0.164086
4677,0,滋賀,2016-11-09,2026-08-11,309,1894,68,469,173,1148,1,-0.027559,-0.020412,-0.046254,-0.033253,0.194896,0.143833
4678,0,愛知,2016-11-06,2026-08-11,510,1544,86,268,272,803,1,-0.004948,-0.003904,0.013256,0.015268,0.005552,-0.002333
4679,0,福岡,2016-11-01,2026-08-11,658,1315,140,231,354,625,1,0.037101,0.025770,0.062709,0.046103,-0.279359,-0.212238
4680,0,東京,2016-11-03,2026-08-11,425,1035,51,104,232,503,1,0.019517,0.007210,0.059892,0.049341,-0.194169,-0.147295
4681,0,愛知,2016-11-01,2026-05-19,360,1267,42,116,133,499,1,0.025112,0.020006,-0.024399,-0.030626,-0.025307,0.001014
4682,0,広島,2016-11-01,2026-08-02,503,2113,185,613,374,1383,1,0.077684,0.055922,0.089019,0.069833,-0.343197,-0.258156
4683,0,広島,2016-11-01,2026-08-11,232,1224,39,164,103,522,1,0.034117,0.016530,0.017495,0.008090,-0.149397,-0.103137
4684,0,福岡,2016-12-25,2026-08-08,607,1567,93,223,317,799,1,0.010902,0.004311,0.012349,0.004754,-0.042107,-0.011198
4685,0,徳島,2016-11-01,2026-07-12,434,1968,159,590,318,1286,1,0.066563,0.055292,0.079264,0.071740,-0.315600,-0.279283
4686,0,滋賀,2016-11-01,2026-08-02,484,2039,167,521,353,1275,1,0.089524,0.070704,0.104032,0.086783,-0.414642,-0.338212
4687,0,広島,2018-01-06,2018-10-26,25,71,1,3,5,20,1,-0.002254,-0.025574,-0.081690,-0.106264,0.116056,0.226740
4688,0,東京,2016-11-01,2026-08-09,845,1671,230,397,572,1005,1,0.034607,0.028449,0.075487,0.067553,-0.240184,-0.206812
4689,0,静岡,2016-11-03,2026-07-30,140,1029,16,123,61,413,1,-0.005248,-0.015577,0.034354,0.017265,-0.121817,-0.053398
4690,0,東京,2016-11-06,2026-07-27,300,561,49,54,140,223,1,0.067077,0.046932,0.069162,0.049439,-0.232834,-0.148567
4691,0,徳島,2016-11-01,2026-05-13,507,1539,67,132,235,617,1,0.046380,0.019846,0.062601,0.032227,-0.238766,-0.110342
4692,0,福井,2016-11-01,2026-08-02,493,1433,73,223,238,655,1,-0.007545,-0.017458,0.025676,0.014102,-0.071658,-0.023616
4693,0,福岡,2016-11-03,2026-08-10,509,1523,41,121,180,523,1,0.001102,0.010638,0.010233,0.017862,-0.032918,-0.066329
4694,0,福岡,2016-11-15,2026-08-11,494,1195,45,129,211,491,1,-0.016857,-0.011737,0.016247,0.022104,-0.059468,-0.083452
4695,0,長崎,2016-11-03,2026-08-10,421,1470,61,135,204,583,1,0.053056,0.036093,0.087962,0.072227,-0.369640,-0.303085
4696,0,東京,2016-11-25,2019-06-07,168,147,11,4,53,28,1,0.038265,-0.017052,0.125000,0.049432,-0.469388,-0.157632
4697,0,福岡,2016-11-03,2026-08-11,524,1463,48,103,224,522,1,0.021200,0.024614,0.070680,0.071974,-0.197473,-0.203383
4698,0,福岡,2016-11-01,2018-06-24,103,162,3,7,23,34,1,-0.014084,-0.001274,0.013424,0.005843,0.016301,0.032850
4699,0,福井,2018-09-12,2019-07-11,4,88,0,3,0,19,0,,,,,,
4700,0,埼玉,2016-11-26,2026-08-11,372,1658,84,283,216,913,1,0.055119,0.041739,0.029982,0.015096,-0.109865,-0.045469
4701,0,大阪,2016-11-03,2019-05-01,39,249,2,11,10,68,1,0.007105,0.025154,-0.016682,0.025339,0.051282,-0.113218
4702,0,東京,2016-11-01,2026-08-08,510,1635,134,488,293,1029,1,-0.035726,-0.026860,-0.054848,-0.051464,0.245332,0.226015
4703,0,山口,2016-11-01,2026-08-11,802,1703,196,361,503,1072,1,0.032410,0.017767,-0.002295,-0.013363,-0.064208,-0.013130
4704,0,徳島,2016-11-12,2026-08-10,491,2114,139,469,310,1287,1,0.061241,0.053669,0.022566,0.009756,-0.170253,-0.119584
4705,0,長崎,2016-11-05,2026-08-10,507,1547,59,164,201,539,1,0.010359,-0.009656,0.048033,0.030306,-0.166294,-0.088123
4706,0,愛知,2016-11-01,2026-07-29,623,1838,121,336,338,982,1,0.011414,0.008924,0.008260,0.002496,-0.021382,0.002726
4708,0,広島,2016-11-03,2026-08-10,359,1320,30,65,162,412,1,0.034323,0.008800,0.139132,0.115979,-0.399251,-0.296866
4709,0,福岡,2016-11-12,2026-07-06,573,1497,88,237,324,781,1,-0.004739,-0.015024,0.043735,0.036898,-0.130495,-0.099052
4710,0,大阪,2016-11-01,2026-08-08,263,2087,45,397,144,1250,1,-0.019123,-0.027609,-0.051417,-0.062785,0.171053,0.217920
4711,0,福井,2016-11-08,2026-08-09,506,1536,69,215,277,824,1,-0.003610,-0.014770,0.010972,-0.000646,-0.051913,-0.001112
4712,0,兵庫,2016-11-03,2023-12-09,246,792,19,34,81,231,1,0.034306,0.008500,0.037602,0.009375,-0.175875,-0.054255
4713,0,岡山,2016-12-03,2026-08-11,442,2114,132,511,293,1319,1,0.056921,0.053623,0.038960,0.038605,-0.195865,-0.191353
4714,0,徳島,2016-11-01,2026-08-11,301,1605,47,168,166,752,1,0.051473,0.027596,0.082959,0.058066,-0.268828,-0.161779
4715,0,長崎,2016-11-25,2026-08-10,552,1591,179,417,379,953,1,0.062176,0.036680,0.087600,0.066894,-0.303020,-0.208845
4716,0,大阪,2016-11-01,2018-06-12,42,143,6,10,15,35,1,0.072927,0.077725,0.112388,0.127763,-0.338162,-0.398122
4718,0,佐賀,2016-11-01,2026-08-11,480,1686,86,277,265,931,1,0.014872,0.010614,-0.000111,-0.002830,-0.077662,-0.066013
4719,0,大阪,2016-11-03,2026-08-02,544,1971,163,565,385,1299,1,0.012976,0.013058,0.048664,0.047433,-0.168727,-0.165222
4720,0,長崎,2018-08-23,2026-08-11,214,888,24,81,103,343,1,0.020933,-0.004772,0.095047,0.062355,-0.186516,-0.050418
4721,0,大阪,2016-11-03,2019-11-04,27,272,0,0,0,3,1,0.000000,-0.026626,-0.011029,-0.036716,0.208469,0.324173
4722,0,福岡,2016-11-01,2020-06-28,107,314,6,20,23,88,1,-0.007620,-0.006114,-0.065302,-0.050218,0.158789,0.109624
4723,0,東京,2016-11-01,2026-08-10,751,1235,93,95,342,514,1,0.046912,0.023623,0.039198,0.014579,-0.209902,-0.104394
4724,0,佐賀,2016-11-01,2026-08-11,338,1348,21,85,112,450,1,-0.000926,0.002447,-0.002467,0.004937,-0.001119,-0.030832
4725,0,兵庫,2016-11-01,2026-08-11,337,1640,34,217,152,737,1,-0.031427,-0.044457,0.001648,-0.014871,0.043669,0.113051
4726,0,埼玉,2016-11-06,2026-04-20,170,1048,23,152,79,528,1,-0.009744,-0.005907,-0.039111,-0.036137,0.101718,0.088554
4727,0,福岡,2016-11-01,2026-08-01,492,1217,45,110,184,426,1,0.001077,0.006654,0.023943,0.028598,-0.065518,-0.085368
4728,0,東京,2016-11-01,2026-08-11,788,1297,102,114,361,491,1,0.041546,0.009231,0.079556,0.044035,-0.267272,-0.117774
4729,0,福岡,2016-11-05,2026-08-11,380,1445,40,115,151,562,1,0.025678,0.018578,0.008441,0.005605,-0.058232,-0.041645
4730,0,静岡,2017-05-27,2026-08-11,242,1594,44,302,128,854,1,-0.007642,-0.009290,-0.006833,-0.011619,0.098795,0.114616
4731,0,愛知,2016-11-06,2026-08-11,533,1525,69,178,271,735,1,0.012735,0.012684,0.026476,0.025886,-0.079772,-0.078371
4732,0,徳島,2016-11-01,2026-08-10,488,1705,126,389,306,1053,1,0.030044,0.026459,0.009454,0.000927,-0.084689,-0.051564
4733,0,岡山,2016-11-01,2017-10-14,28,157,3,22,10,75,1,-0.032985,-0.026489,-0.120564,-0.092117,0.579845,0.473730
4733,1,徳島,2020-02-22,2026-08-05,155,635,23,104,67,294,1,-0.015392,-0.031605,-0.030734,-0.042966,0.083973,0.138465
4734,0,佐賀,2016-11-01,2026-08-11,468,1803,137,470,327,1180,1,0.032058,0.016307,0.044253,0.021406,-0.175370,-0.082250
4735,0,兵庫,2016-11-09,2026-08-11,268,1557,25,150,107,603,1,-0.003056,-0.006248,0.011970,0.020019,-0.033371,-0.056605
4736,0,福岡,2016-11-01,2026-08-11,872,1622,229,429,584,1111,1,-0.001874,-0.015316,-0.015232,-0.027056,0.042065,0.093550
4737,0,福岡,2016-11-01,2026-08-03,722,1381,210,373,481,913,1,0.020765,0.014005,0.005090,0.000347,-0.044175,-0.022746
4738,0,埼玉,2016-11-01,2026-08-02,286,1970,59,379,146,974,1,0.013908,0.002700,0.016073,0.002440,-0.052281,0.005014
4739,0,香川,2016-11-03,2026-08-09,522,2237,138,520,340,1410,1,0.031914,0.025044,0.021033,0.015381,-0.068839,-0.041807
4740,0,静岡,2016-11-18,2026-08-11,415,1610,49,119,165,613,1,0.044159,0.029204,0.016845,-0.001477,-0.139332,-0.062352
4741,0,福岡,2016-11-09,2019-10-20,116,215,7,10,24,42,1,0.013833,0.019760,0.011548,0.015844,-0.056576,-0.075522
4742,0,愛知,2017-03-21,2023-03-21,57,210,0,5,11,30,1,-0.023810,-0.035209,0.050125,0.050889,-0.205013,-0.196909
4743,0,滋賀,2016-11-01,2026-08-08,607,1894,142,431,382,1143,1,0.006377,0.004696,0.025840,0.022198,-0.062112,-0.047806
4744,0,福岡,2016-11-06,2026-08-01,219,830,13,71,79,349,1,-0.026181,-0.019331,-0.059751,-0.054293,0.131133,0.105472
4745,0,福岡,2016-11-23,2019-11-06,139,164,3,5,16,36,1,-0.008905,0.004942,-0.104404,-0.090887,0.444508,0.387831
4746,0,埼玉,2016-11-03,2026-07-30,262,1432,65,251,158,798,1,0.072812,0.057984,0.045791,0.033298,-0.254622,-0.197875
4747,0,長崎,2016-11-07,2026-08-11,398,1279,38,73,146,381,1,0.038402,0.020588,0.068945,0.053536,-0.248404,-0.181286
4748,0,東京,2016-11-03,2026-08-10,865,1390,231,303,560,798,1,0.049066,0.036662,0.073298,0.060258,-0.283653,-0.228933
4749,0,福岡,2016-11-03,2023-06-25,238,562,19,28,79,157,1,0.030010,0.038054,0.052573,0.058639,-0.287853,-0.314602
4750,0,大阪,2016-11-01,2026-08-11,225,1694,26,164,76,671,1,0.018743,0.014281,-0.058326,-0.063642,0.106013,0.129540
4751,0,静岡,2016-11-01,2021-04-21,83,577,3,23,24,185,1,-0.003717,-0.041224,-0.031467,-0.075089,0.083001,0.268692
4752,0,愛知,2016-11-03,2026-08-11,323,1456,26,114,122,527,1,0.002199,-0.008091,0.015758,0.007465,-0.048764,-0.011006
4753,0,福岡,2016-11-07,2026-08-11,649,1044,94,135,283,412,1,0.015528,0.017212,0.041419,0.043169,-0.133006,-0.139745
4754,0,三重,2016-11-09,2026-08-05,598,2016,160,446,389,1181,1,0.046328,0.034768,0.064688,0.056620,-0.205113,-0.166569
4755,0,長崎,2016-11-01,2020-05-08,60,300,1,3,10,17,1,0.006667,0.016406,0.110000,0.108373,-0.360000,-0.365703
4756,0,静岡,2016-11-12,2025-05-08,112,483,14,45,41,171,1,0.031832,0.030071,0.012034,0.018280,-0.109472,-0.125300
4757,0,徳島,2016-11-12,2026-08-11,629,1995,238,568,458,1244,1,0.093667,0.071500,0.104581,0.087643,-0.442412,-0.364252
4758,0,東京,2016-11-01,2025-12-31,385,1109,66,174,217,603,1,0.014530,0.011023,0.019903,0.012329,-0.130821,-0.101131
4759,0,東京,2016-11-01,2026-08-11,778,1716,193,324,538,1125,1,0.059261,0.059561,0.035922,0.034853,-0.178560,-0.175194
4760,0,大阪,2016-11-01,2026-08-02,514,2189,132,726,328,1539,1,-0.074849,-0.062283,-0.064928,-0.054189,0.261447,0.214070
4761,0,滋賀,2016-11-02,2026-08-09,322,1662,51,281,162,852,1,-0.010688,-0.003039,-0.009530,0.001970,0.081306,0.035198
4762,0,岡山,2016-11-01,2026-08-11,588,1894,162,506,389,1250,1,0.008351,0.000901,0.001586,-0.005361,-0.063248,-0.031761
4763,0,広島,2016-11-09,2019-04-24,16,244,0,3,3,44,0,,,,,,
4764,0,福岡,2016-11-15,2026-08-11,450,985,60,159,212,489,1,-0.028088,-0.022309,-0.025336,-0.017707,0.188900,0.156958
4765,0,福岡,2016-11-06,2026-08-11,366,1087,52,136,153,423,1,0.016962,0.019001,0.028888,0.030778,-0.127302,-0.134678
4766,0,群馬,2016-11-06,2026-08-11,247,1340,28,162,91,496,1,-0.007535,-0.000411,-0.001728,0.011988,-0.056028,-0.110307
4767,0,東京,2016-11-28,2021-04-16,72,210,6,10,12,26,1,0.035714,0.012994,0.042857,0.020211,-0.302778,-0.209508
4768,0,福岡,2016-11-29,2020-04-18,139,190,2,3,13,15,1,-0.001401,-0.005355,0.014578,0.006373,-0.109277,-0.074715
4769,0,東京,2016-11-01,2026-08-10,791,1495,195,347,507,906,1,0.014416,0.018354,0.034941,0.039248,-0.120107,-0.137794
4770,0,福岡,2016-11-01,2020-12-27,110,246,6,7,31,74,1,0.026090,0.052691,-0.018995,0.007662,-0.028529,-0.139372
4771,0,広島,2016-11-01,2026-08-02,505,1871,119,417,317,1101,1,0.012768,0.014515,0.039267,0.042677,-0.085287,-0.099718
4772,0,香川,2017-01-19,2026-08-08,488,1948,137,544,324,1231,1,0.001477,-0.008568,0.032004,0.021845,-0.076821,-0.034287
4773,0,福岡,2016-11-12,2026-08-11,505,1598,89,263,276,822,1,0.011657,0.001299,0.032142,0.026967,-0.121807,-0.095339
4774,0,福岡,2016-11-03,2019-06-25,131,223,5,13,37,69,1,-0.020128,-0.023598,-0.026974,-0.023158,0.003560,-0.004814
4775,0,静岡,2016-11-01,2026-08-11,128,1310,18,161,60,602,1,0.017724,0.008827,0.009208,0.010174,-0.078542,-0.073203
4776,0,香川,2016-11-01,2026-08-11,561,1996,129,479,369,1252,1,-0.010033,-0.010311,0.030500,0.030066,-0.042976,-0.041200
4777,0,山口,2016-11-01,2019-04-18,108,243,9,11,31,69,1,0.038066,0.032025,0.003086,-0.001300,-0.162551,-0.143188
4778,0,佐賀,2016-11-01,2026-07-27,381,1436,54,158,174,618,1,0.031704,0.017247,0.026331,0.021870,-0.131380,-0.102396
4779,0,東京,2016-11-25,2026-08-11,532,848,47,57,200,305,1,0.021129,-0.008098,0.016270,-0.007927,-0.145623,-0.037812
4780,0,東京,2016-11-21,2024-12-26,541,743,65,40,218,239,1,0.066312,0.039435,0.081289,0.056254,-0.341268,-0.232399
4781,0,東京,2016-11-01,2026-07-16,315,863,33,58,120,329,1,0.037554,0.011662,-0.000276,-0.023928,-0.098667,0.004193
4782,0,岡山,2016-11-12,2026-08-11,394,1561,79,227,212,717,1,0.055088,0.039126,0.078750,0.065051,-0.295218,-0.231231
4783,0,山口,2017-06-10,2023-03-05,88,297,3,19,24,81,1,-0.029882,-0.012077,0.000000,0.013706,0.095539,0.031045
4784,0,広島,2016-11-12,2026-08-05,167,896,21,60,59,314,1,0.058784,0.042342,0.002847,-0.004120,-0.174729,-0.136390
4785,0,愛知,2016-11-01,2026-08-11,383,1041,32,57,133,384,1,0.028796,0.021900,-0.021618,-0.024665,0.001994,0.019741
4786,0,愛知,2016-11-09,2026-08-11,517,1720,136,451,332,1095,1,0.000847,0.012182,0.005538,0.019316,-0.061090,-0.118045
4787,0,群馬,2016-11-03,2026-08-11,382,2113,143,637,268,1345,1,0.072878,0.059074,0.065035,0.045431,-0.323839,-0.245969
4788,0,大阪,2016-11-01,2026-08-05,296,2082,61,358,160,1157,1,0.034131,0.029758,-0.015175,-0.017859,0.061888,0.076043
4789,0,福岡,2016-11-01,2026-07-24,401,1359,39,155,161,597,1,-0.016798,-0.008687,-0.037797,-0.031763,0.134860,0.108622
4790,0,兵庫,2016-11-03,2026-08-11,405,1812,78,336,212,950,1,0.007162,0.006852,-0.000826,0.002590,0.028763,0.016763
4791,0,東京,2016-11-06,2026-07-19,423,1318,55,161,207,587,1,0.007869,-0.005353,0.043990,0.025796,-0.092572,-0.018179
4792,0,東京,2016-12-08,2026-06-02,611,961,77,79,241,351,1,0.043817,0.026636,0.029191,0.011192,-0.176749,-0.100479
4793,0,静岡,2016-12-07,2026-08-11,474,1919,94,393,254,1085,1,-0.006482,-0.005457,-0.029534,-0.032461,0.071471,0.081238
4794,0,兵庫,2016-11-25,2026-08-10,484,1849,116,411,271,1076,1,0.017387,0.018686,-0.022019,-0.019161,-0.015446,-0.026968
4795,0,埼玉,2016-11-03,2016-11-08,0,9,0,0,0,1,0,,,,,,
4796,0,三重,2016-11-01,2026-08-09,497,1805,150,420,325,1091,1,0.069124,0.061775,0.049491,0.040340,-0.293348,-0.256435
4797,0,三重,2016-11-01,2026-08-10,420,1623,88,316,234,826,1,0.014823,0.000290,0.048209,0.031530,-0.160008,-0.091228
4798,0,広島,2016-11-03,2026-08-08,440,1899,100,436,267,1189,1,-0.002322,-0.013880,-0.019301,-0.031213,0.053549,0.104638
4799,0,大阪,2016-11-01,2020-06-23,90,275,0,8,11,64,1,-0.029091,-0.043160,-0.110505,-0.141610,0.232323,0.350068
4800,0,福井,2016-11-15,2024-10-30,268,809,10,37,99,210,1,-0.008422,-0.022702,0.109823,0.095403,-0.416725,-0.352994
4801,0,福岡,2016-11-22,2017-08-14,34,63,3,6,10,25,1,-0.007003,0.020792,-0.102708,-0.060507,0.468721,0.306440
4802,0,福岡,2016-11-03,2022-11-06,639,1049,177,271,409,640,1,0.018654,0.007872,0.029958,0.017242,-0.106791,-0.053778
4803,0,福岡,2016-11-01,2026-08-10,466,1057,34,54,170,310,1,0.021873,0.016196,0.071524,0.067805,-0.193137,-0.174175
4804,0,三重,2016-11-12,2026-08-11,299,1856,85,496,182,1104,1,0.017040,0.000720,0.013868,-0.004193,-0.075595,0.002083
4805,0,福岡,2016-11-07,2020-06-15,119,383,1,19,25,93,1,-0.041205,-0.023927,-0.032736,-0.008681,0.304605,0.206365
4806,0,大阪,2016-11-06,2022-04-22,126,447,9,13,31,49,1,0.042346,0.026907,0.136412,0.123685,-0.549963,-0.493635
4807,0,東京,2016-11-23,2021-12-21,258,232,17,6,52,30,1,0.040029,0.004775,0.072240,0.023694,-0.377640,-0.180247
4808,0,三重,2016-11-13,2026-08-04,562,1865,169,492,377,1119,1,0.036905,0.021601,0.070819,0.058238,-0.208765,-0.149821
4809,0,埼玉,2016-11-09,2026-08-04,436,1616,53,235,218,861,1,-0.023861,-0.035990,-0.032797,-0.047892,0.110296,0.173149
4810,0,兵庫,2016-11-03,2018-06-20,17,173,0,0,2,17,0,,,,,,
4811,0,広島,2016-11-01,2026-08-09,356,1912,57,278,182,899,1,0.014715,0.001689,0.041048,0.034510,-0.137458,-0.101942
4812,0,徳島,2016-11-12,2026-08-10,577,1457,180,405,397,931,1,0.033990,0.025582,0.049057,0.042027,-0.208988,-0.176537
4813,0,東京,2016-11-01,2026-08-11,656,1064,76,85,254,361,1,0.035966,0.010330,0.047909,0.021802,-0.197426,-0.086592
4814,0,愛知,2016-11-15,2021-01-06,113,369,8,17,28,73,1,0.024726,-0.008473,0.049956,0.018693,-0.175792,-0.039791
4815,0,東京,2016-11-16,2026-08-10,624,1152,63,99,249,461,1,0.015024,-0.017452,-0.001135,-0.031002,0.037126,0.168132
4816,0,広島,2016-11-03,2026-08-02,420,1853,134,488,291,1176,1,0.055691,0.051884,0.058211,0.053463,-0.224159,-0.204871
4817,0,山口,2016-11-01,2026-07-31,800,1532,153,234,467,812,1,0.038508,0.034881,0.053724,0.049599,-0.181423,-0.164767
4818,0,東京,2016-11-16,2026-06-28,531,900,86,141,250,399,1,0.005292,0.001101,0.027476,0.020177,-0.040339,-0.009664
4819,0,群馬,2016-11-01,2026-08-11,320,1581,52,249,166,752,1,0.005005,0.001356,0.043102,0.037573,-0.063975,-0.041028
4820,0,福岡,2016-11-01,2021-06-26,130,366,7,9,25,55,1,0.029256,0.022106,0.042034,0.035665,-0.317024,-0.287427
4821,0,香川,2016-11-08,2026-08-08,457,1643,86,222,236,842,1,0.053065,0.047510,0.003934,0.005003,-0.115923,-0.116237
4822,0,佐賀,2016-11-03,2026-08-08,507,1746,70,221,277,908,1,0.011492,0.000193,0.026305,0.016185,-0.046463,-0.001060
4823,0,香川,2016-11-01,2026-08-11,315,1402,89,367,210,908,1,0.020771,0.011838,0.019020,0.007657,-0.081084,-0.034537
4824,0,三重,2016-11-09,2026-08-08,499,1919,108,403,278,1148,1,0.006428,-0.000679,-0.041114,-0.045293,0.086195,0.109073
4825,0,東京,2016-11-01,2026-08-11,469,1237,104,235,293,727,1,0.031773,0.026216,0.037021,0.030062,-0.130436,-0.100780
4826,0,大阪,2016-11-22,2026-08-09,365,2067,89,545,225,1288,1,-0.019832,-0.020982,-0.006687,-0.011039,0.123929,0.139966
4828,0,滋賀,2016-11-01,2026-08-09,572,1946,134,436,332,1172,1,0.010216,0.015201,-0.021841,-0.013279,0.031835,-0.001649
4829,0,広島,2016-11-07,2017-06-21,15,105,0,2,0,23,0,,,,,,
4830,0,静岡,2016-11-01,2019-11-25,77,240,3,6,16,51,1,0.013961,0.016068,-0.004708,-0.003680,-0.062175,-0.066829
4831,0,福岡,2016-11-09,2026-08-11,833,1596,275,381,600,1023,1,0.091410,0.061517,0.079311,0.044490,-0.308871,-0.164003
4832,0,大阪,2016-11-01,2026-08-02,343,2015,84,522,228,1384,1,-0.014159,-0.020086,-0.022126,-0.027115,0.075563,0.098070
4833,0,福井,2016-11-08,2021-10-22,67,607,0,53,24,209,1,-0.087315,-0.050806,0.013893,0.073362,0.063783,-0.168408
4834,0,大阪,2016-11-03,2026-08-05,299,1810,45,201,117,748,1,0.039452,0.029505,-0.021955,-0.034665,-0.097481,-0.042957
4835,0,広島,2016-11-03,2026-08-03,320,1705,31,140,146,726,1,0.014764,0.002223,0.030444,0.021337,-0.140414,-0.098263
4836,0,埼玉,2016-11-03,2026-08-05,397,1311,68,180,185,569,1,0.033985,0.016296,0.031975,0.015057,-0.164948,-0.090140
4837,0,愛知,2016-11-01,2026-08-11,289,1441,29,124,123,517,1,0.014295,0.001800,0.066827,0.052904,-0.234658,-0.176335
4838,0,愛知,2016-11-05,2020-05-11,100,406,8,18,21,60,1,0.035665,0.018376,0.062217,0.037160,-0.229754,-0.127801
4839,0,徳島,2016-11-01,2026-08-10,593,1595,125,251,343,812,1,0.053426,0.033132,0.069324,0.040732,-0.291337,-0.174415
4840,0,静岡,2016-11-03,2026-08-11,345,1250,42,98,144,447,1,0.043339,0.030118,0.059791,0.050427,-0.219339,-0.174026
4841,0,岡山,2017-01-26,2021-12-13,120,577,15,42,33,157,1,0.052210,0.025240,0.002903,-0.017447,-0.153004,-0.058944
4842,0,岡山,2016-11-08,2026-08-11,313,1640,35,205,159,834,1,-0.013179,-0.015874,-0.000549,-0.002366,0.072984,0.081346
4843,0,群馬,2016-11-01,2024-04-18,136,910,12,83,45,293,1,-0.002973,-0.002718,0.008904,0.021160,-0.032902,-0.072319
4843,1,静岡,2024-05-25,2026-08-11,58,320,9,53,29,141,1,-0.010453,-0.017891,0.059375,0.040966,-0.080927,-0.010037
4844,0,広島,2016-11-12,2026-08-08,294,1559,32,124,117,544,1,0.029305,0.014401,0.049018,0.044973,-0.179207,-0.151778
4845,0,埼玉,2016-11-06,2026-08-11,209,1634,47,270,116,814,1,0.059642,0.042843,0.056860,0.036882,-0.286302,-0.202361
4846,0,山口,2016-11-01,2026-08-11,734,1338,69,121,302,470,1,0.003572,-0.000879,0.060174,0.061021,-0.168776,-0.168292
4847,0,東京,2016-11-05,2026-08-10,747,1563,221,379,496,953,1,0.053368,0.041014,0.054264,0.043032,-0.241817,-0.192222
4848,0,福岡,2016-11-05,2026-08-11,924,1707,289,448,665,1128,1,0.050322,0.036925,0.058889,0.044547,-0.221133,-0.159494
4849,0,福岡,2016-11-06,2019-07-11,95,329,4,17,27,92,1,-0.009566,0.010752,0.004575,0.016604,-0.061398,-0.118511
4849,1,滋賀,2019-08-22,2022-08-15,12,140,0,7,2,49,0,,,,,,
4850,0,愛知,2016-11-01,2026-08-11,629,1658,179,415,402,1023,1,0.034277,0.031314,0.022101,0.018291,-0.120068,-0.103810
4851,0,群馬,2016-11-07,2026-08-11,455,1914,128,509,315,1282,1,0.015383,0.019597,0.022506,0.037182,-0.077924,-0.130437
4852,0,香川,2016-11-03,2026-08-11,511,2089,114,481,325,1297,1,-0.007162,-0.011301,0.015137,0.005379,-0.085067,-0.047354
4853,0,岡山,2016-11-01,2026-08-11,253,1181,27,105,76,462,1,0.017812,0.009744,-0.090799,-0.092404,0.271573,0.283541
4854,0,東京,2016-11-06,2026-07-16,254,840,26,54,96,247,1,0.038076,0.011911,0.083905,0.051516,-0.257593,-0.123364
4855,0,長崎,2016-11-03,2024-03-05,337,790,57,76,135,245,1,0.072937,0.044884,0.090467,0.054277,-0.404665,-0.254707
4856,0,三重,2016-11-03,2026-08-11,614,1924,193,458,430,1195,1,0.076287,0.065251,0.079224,0.066897,-0.353901,-0.302146
4857,0,兵庫,2016-11-23,2026-08-11,445,1570,85,327,268,908,1,-0.017269,-0.014520,0.023903,0.031321,-0.069112,-0.095515
4859,0,埼玉,2016-11-22,2020-10-15,130,474,13,28,39,113,1,0.040928,0.009112,0.061603,0.018209,-0.264525,-0.090044
4860,0,愛知,2016-12-01,2020-12-18,149,430,11,26,46,122,1,0.013360,0.003543,0.025004,0.017453,-0.049415,-0.013022
4861,0,福岡,2016-11-19,2026-08-11,598,1417,66,183,240,624,1,-0.018778,-0.005817,-0.039029,-0.030043,0.080927,0.038787
4862,0,群馬,2016-11-18,2022-06-13,116,599,4,28,26,115,1,-0.012262,-0.022982,0.032151,0.027795,0.073902,0.094845
4863,0,東京,2016-11-01,2026-08-08,526,1039,38,93,188,407,1,-0.017266,-0.035277,-0.034308,-0.053304,0.165412,0.245948
4864,0,福岡,2016-11-18,2026-08-10,310,1264,32,101,112,422,1,0.023321,0.030440,0.027430,0.034732,-0.162005,-0.192499
4865,0,大阪,2016-11-25,2026-08-10,194,1025,21,66,73,296,1,0.043857,0.029569,0.087508,0.071421,-0.319024,-0.251232
4866,0,福岡,2016-12-07,2026-07-29,704,1052,66,92,274,386,1,0.006298,0.012317,0.022284,0.028733,-0.020432,-0.047463
4867,0,三重,2016-11-03,2020-09-22,153,421,8,13,36,88,1,0.021409,-0.003697,0.026268,-0.017378,-0.230140,-0.056066
4868,0,福岡,2016-11-01,2020-12-20,187,451,3,20,42,112,1,-0.028303,-0.018914,-0.023738,-0.017564,0.070562,0.042718
4870,0,広島,2016-11-12,2021-12-19,120,800,21,88,61,329,1,0.065000,0.019704,0.097083,0.051373,-0.465000,-0.268247
4871,0,山口,2016-11-01,2026-08-11,495,1267,40,90,154,429,1,0.009774,0.011821,-0.027484,-0.021467,-0.001791,-0.024059
4872,0,広島,2016-11-01,2026-07-27,358,1739,38,180,174,799,1,0.002637,-0.003146,0.026574,0.031757,-0.076187,-0.088254
4873,0,佐賀,2016-11-08,2026-08-03,506,1455,50,149,218,610,1,-0.003591,-0.017079,0.011586,0.010985,-0.081571,-0.067077
4874,0,福岡,2016-11-06,2026-08-11,432,1158,27,91,168,438,1,-0.016084,-0.015009,0.010651,0.002908,-0.070068,-0.044226
4875,0,東京,2016-11-09,2026-08-03,741,1277,110,157,357,536,1,0.025504,0.001236,0.062048,0.039995,-0.191541,-0.094379
4876,0,福井,2016-11-03,2026-08-09,523,1494,54,165,207,568,1,-0.007191,-0.014418,0.015606,0.018811,-0.071597,-0.075942
4877,0,兵庫,2016-11-01,2026-08-11,515,1640,115,350,273,864,1,0.009886,0.014087,0.003268,0.006817,-0.043701,-0.059148
4878,0,徳島,2016-11-03,2026-08-11,250,1425,18,123,105,507,1,-0.014316,-0.033446,0.064211,0.048585,-0.125965,-0.055604
4879,0,佐賀,2016-11-12,2026-08-11,495,1526,59,188,229,661,1,-0.004006,-0.004278,0.029468,0.039126,-0.047840,-0.080145
4880,0,東京,2016-11-10,2026-08-11,571,1211,87,134,268,553,1,0.041712,0.029906,0.012705,-0.004232,-0.142133,-0.073265
4881,0,福岡,2016-11-16,2024-12-29,221,332,13,10,58,62,1,0.028703,0.020830,0.075696,0.059202,-0.311059,-0.249343
4882,0,埼玉,2016-11-01,2018-06-23,44,247,7,20,22,73,1,0.078119,0.073355,0.204453,0.188843,-0.783401,-0.717258
4882,1,広島,2020-04-14,2026-07-28,103,585,11,50,43,210,1,0.021326,0.007550,0.058501,0.049537,-0.224330,-0.181697
4883,0,東京,2016-11-10,2026-08-09,538,1390,89,226,254,693,1,0.002838,-0.008155,-0.026442,-0.039800,0.150975,0.206684
4884,0,岡山,2016-11-01,2025-12-31,345,2003,63,304,173,897,1,0.030836,0.011270,0.053621,0.042102,-0.185506,-0.130759
4885,0,福岡,2016-11-06,2026-08-11,519,1241,140,379,338,803,1,-0.035649,-0.045538,0.004194,-0.012828,-0.014638,0.051419
4886,0,岡山,2016-11-07,2026-08-11,435,1787,89,394,257,1094,1,-0.015884,-0.025092,-0.021395,-0.035910,0.036599,0.094762
4887,0,群馬,2017-01-02,2026-07-21,405,1443,78,205,195,621,1,0.050527,0.039097,0.051128,0.037734,-0.311265,-0.254603
4888,0,群馬,2016-11-01,2026-08-11,485,1881,100,348,258,963,1,0.021178,0.009917,0.019997,0.002332,-0.091429,-0.020661
4889,0,東京,2016-11-03,2026-06-03,375,1302,48,191,138,528,1,-0.018697,-0.027637,-0.037530,-0.043065,0.154912,0.183023
4890,0,山口,2016-11-01,2026-08-09,571,1266,72,130,237,495,1,0.023409,0.018908,0.024066,0.022634,-0.115678,-0.106260
4891,0,東京,2016-11-01,2026-07-30,490,1300,56,106,209,458,1,0.032747,0.006901,0.074223,0.036408,-0.253344,-0.100151
4892,0,福岡,2016-11-16,2026-08-11,537,1524,68,200,231,728,1,-0.004604,0.015899,-0.047523,-0.022818,0.065760,-0.035828
4893,0,東京,2016-11-12,2026-08-11,419,1229,66,96,194,427,1,0.079406,0.053853,0.115570,0.092460,-0.433558,-0.332770
4894,0,香川,2016-11-01,2026-08-03,369,1591,46,132,143,580,1,0.041695,0.040790,0.022983,0.027430,-0.054396,-0.067117
4895,0,東京,2016-11-01,2026-08-11,519,1351,54,117,215,544,1,0.017444,-0.002552,0.011593,-0.007729,-0.025078,0.059992
4896,0,山口,2016-11-01,2026-08-09,532,1128,47,96,162,391,1,0.003239,0.001953,-0.042120,-0.038629,0.093998,0.081935
4897,0,愛知,2016-11-15,2026-08-11,339,1071,33,88,129,349,1,0.015179,0.004823,0.054667,0.038349,-0.129595,-0.063698
4898,0,埼玉,2016-11-06,2026-08-08,154,937,11,62,51,261,1,0.005260,0.002398,0.052620,0.056992,-0.139856,-0.151667
4899,0,福岡,2016-11-01,2026-08-03,523,1008,42,96,161,293,1,-0.014932,0.000042,0.017165,0.028102,-0.060182,-0.110512
4900,0,埼玉,2016-11-01,2026-08-04,301,1706,48,276,147,822,1,-0.002314,-0.013042,0.006543,-0.001831,-0.063789,-0.026451
4901,0,愛知,2016-11-03,2026-08-11,269,1318,39,209,120,626,1,-0.013592,-0.013624,-0.028865,-0.027810,0.161324,0.156553
4902,0,兵庫,2016-11-12,2026-08-11,376,1707,54,204,151,678,1,0.024109,0.020796,0.004408,0.001325,-0.154396,-0.142957
4903,0,愛知,2016-11-03,2026-08-11,544,1536,137,359,343,901,1,0.018114,0.014643,0.043926,0.041724,-0.112017,-0.099647
4904,0,大阪,2016-11-01,2026-08-11,369,1808,53,239,170,801,1,0.011441,-0.006696,0.017674,-0.001817,-0.028079,0.055706
4905,0,大阪,2016-11-03,2026-08-09,236,1709,17,135,81,581,1,-0.006960,-0.017409,0.003255,-0.002393,-0.004195,0.024902
4906,0,東京,2016-11-18,2026-08-09,564,1301,80,167,273,600,1,0.013481,-0.005054,0.022859,0.002751,-0.102057,-0.015913
4907,0,大阪,2016-11-23,2026-08-09,346,1869,77,547,202,1176,1,-0.070127,-0.063635,-0.045398,-0.036202,0.260211,0.223731
4908,0,大阪,2016-11-01,2026-08-11,482,1791,116,567,303,1178,1,-0.075919,-0.066670,-0.029102,-0.018691,0.218901,0.175228
4909,0,岡山,2016-12-09,2026-08-11,277,1614,28,188,102,654,1,-0.015398,-0.013306,-0.036973,-0.018616,0.210549,0.145181
4910,0,愛知,2016-11-05,2026-08-11,646,1665,156,372,411,1028,1,0.018063,0.019880,0.018805,0.021168,-0.073942,-0.081420
4911,0,東京,2016-11-01,2026-08-08,617,1197,48,78,210,402,1,0.012633,-0.009765,0.004517,-0.020055,-0.063591,0.040585
4912,0,福井,2016-11-08,2024-08-21,451,1112,60,134,199,447,1,0.012534,-0.004090,0.039263,0.031699,-0.172303,-0.130352
4913,0,愛知,2016-11-12,2023-12-18,237,800,21,44,69,221,1,0.033608,0.032024,0.014889,0.018790,-0.071060,-0.082345
4914,0,愛知,2016-11-03,2026-08-02,658,1452,187,377,450,940,1,0.024553,0.014210,0.036508,0.025070,-0.115162,-0.066915
4915,0,愛知,2016-11-01,2021-03-10,104,314,7,5,14,17,1,0.051384,0.046659,0.080475,0.076606,-0.330598,-0.313361
4916,0,群馬,2016-11-03,2023-12-13,225,636,12,29,55,143,1,0.007736,0.014859,0.019602,0.038711,-0.102767,-0.179326
4917,0,兵庫,2016-11-01,2026-08-08,331,1582,34,95,115,453,1,0.042668,0.028258,0.061086,0.047689,-0.237181,-0.175548
4918,0,静岡,2016-11-15,2026-08-11,351,1359,25,126,96,461,1,-0.021490,-0.015379,-0.065716,-0.049308,0.325805,0.262526
4919,0,長崎,2016-11-19,2026-07-22,501,1327,66,126,210,526,1,0.036786,0.018410,0.022779,0.001578,-0.151026,-0.061483
4920,0,大阪,2016-11-02,2023-04-27,150,690,8,31,31,131,1,0.008406,-0.000476,0.016812,0.008873,-0.191304,-0.156733
4921,0,東京,2016-11-18,2022-06-19,217,464,10,18,42,92,1,0.007290,0.016228,-0.004727,0.011875,0.047007,-0.020494
4922,0,東京,2016-11-01,2018-09-11,135,96,0,0,0,0,1,0.000000,-0.017516,0.000000,-0.056513,-0.008102,0.213006
4923,0,山口,2016-11-01,2023-12-18,182,486,4,3,19,52,1,0.015805,0.036196,-0.002600,0.032832,0.138900,-0.004132
4924,0,愛知,2016-12-10,2020-03-30,111,474,7,27,30,104,1,0.006101,0.000155,0.050861,0.041645,-0.187935,-0.147664
4924,1,長崎,2020-05-09,2026-08-02,268,777,16,55,92,272,1,-0.011084,-0.023978,-0.006781,-0.021437,0.037323,0.096666
4925,0,兵庫,2016-11-23,2026-08-11,393,1733,54,217,193,816,1,0.012188,-0.001834,0.020234,0.009510,-0.109563,-0.059620
4926,0,三重,2016-11-22,2026-08-10,372,1829,103,435,236,1043,1,0.039047,0.026329,0.064152,0.051919,-0.169537,-0.117745
4927,0,大阪,2016-11-22,2026-08-05,222,1591,41,261,114,817,1,0.020637,0.013132,0.000000,-0.014855,-0.062435,-0.005903
4928,0,東京,2016-11-18,2026-08-01,723,1517,193,413,445,917,1,-0.005305,0.004183,0.011008,0.020824,-0.008617,-0.050410
4929,0,東京,2016-11-15,2024-04-06,189,577,8,2,22,53,1,0.038862,-0.011587,0.024548,-0.049792,-0.152238,0.148652
4930,0,福井,2016-11-01,2026-08-08,448,1423,79,191,229,630,1,0.042116,0.021707,0.068434,0.047148,-0.270657,-0.180315
4931,0,香川,2016-11-01,2026-08-11,529,1804,113,325,333,998,1,0.033455,0.026388,0.076275,0.072329,-0.239725,-0.220165
4932,0,福岡,2016-11-19,2026-08-11,814,1588,214,435,507,1002,1,-0.011030,-0.010416,-0.008132,-0.007222,0.011501,0.009363
4933,0,静岡,2016-11-25,2026-08-11,492,1689,89,387,274,1003,1,-0.048235,-0.029095,-0.036932,-0.012069,0.138515,0.035498
4934,0,大阪,2016-11-16,2026-08-04,252,1677,25,216,102,785,1,-0.029595,-0.023641,-0.063336,-0.058897,0.140862,0.121824
4936,0,福岡,2017-01-08,2026-08-11,418,909,63,140,180,408,1,-0.003298,-0.008615,-0.018223,-0.025399,0.018383,0.049022
4937,0,山口,2016-11-01,2020-07-19,213,353,7,4,36,57,1,0.021532,0.016724,0.007541,0.002587,0.036495,0.060656
4938,0,佐賀,2017-10-20,2026-08-11,294,1658,67,300,155,826,1,0.046950,0.036613,0.029020,0.015258,-0.137499,-0.079800
4939,0,東京,2016-11-03,2026-08-08,802,1379,210,409,537,916,1,-0.034746,-0.018023,0.005327,0.023108,0.000578,-0.074136
4940,0,東京,2016-11-17,2026-08-11,219,641,6,11,46,63,1,0.010237,-0.044010,0.111762,0.037587,-0.451250,-0.145231
4941,0,滋賀,2016-11-29,2026-07-24,263,1448,25,115,92,559,1,0.015637,0.018457,-0.036240,-0.035914,0.121300,0.117930
4942,0,福岡,2016-11-15,2026-08-11,561,1112,48,81,212,404,1,0.012720,0.028375,0.014587,0.042492,0.008190,-0.100005
4943,0,愛知,2016-11-10,2026-08-11,372,1289,28,95,122,446,1,0.001568,0.003980,-0.018048,-0.006058,0.089556,0.046196
4944,0,東京,2016-11-05,2026-08-09,604,789,57,44,178,195,1,0.038604,0.012562,0.047554,0.019290,-0.301148,-0.178639
4945,0,東京,2016-11-22,2026-08-10,575,1010,60,79,216,369,1,0.026130,0.014943,0.010306,0.004111,-0.056969,-0.027129
4946,0,香川,2016-11-18,2025-01-09,291,1070,26,52,73,290,1,0.040749,0.036169,-0.020169,-0.018257,0.068863,0.068306
4947,0,福岡,2016-11-15,2026-08-05,353,1237,9,67,101,394,1,-0.028668,-0.009737,-0.032394,0.001935,0.212719,0.077887
4948,0,長崎,2016-11-05,2026-08-10,521,1480,75,172,241,687,1,0.027738,0.025833,-0.001617,-0.001813,-0.089372,-0.088258
4949,0,佐賀,2016-11-03,2026-08-10,506,1635,72,257,222,827,1,-0.014894,-0.008284,-0.067075,-0.055430,0.252941,0.206531
4950,0,山口,2016-11-09,2026-08-09,714,1454,100,213,320,678,1,-0.006436,-0.008098,-0.018121,-0.015472,0.074108,0.065737
4951,0,広島,2016-11-19,2026-08-08,315,1453,31,104,127,560,1,0.026837,0.029449,0.017765,0.031328,-0.076234,-0.125111
4952,0,福岡,2016-11-12,2026-08-10,381,1003,18,59,87,273,1,-0.011579,0.019574,-0.043837,0.012346,0.200781,-0.020847
4953,0,埼玉,2016-11-18,2026-08-10,369,1733,83,347,193,876,1,0.024701,0.012093,0.017553,0.010585,-0.081038,-0.046934
4954,0,東京,2016-11-05,2026-08-10,501,836,57,80,191,290,1,0.018079,-0.000225,0.034348,0.008661,-0.103310,0.001309
4955,0,広島,2016-11-19,2022-12-12,198,633,11,18,33,110,1,0.027120,0.028306,-0.007109,0.002191,0.021016,-0.009108
4956,0,東京,2016-11-22,2026-05-09,501,844,27,37,120,233,1,0.010053,-0.009167,-0.036545,-0.051007,0.137318,0.201972
4957,0,福岡,2016-11-26,2026-07-28,497,1368,41,151,149,553,1,-0.027885,0.003062,-0.104441,-0.050520,0.452063,0.238638
4958,0,福岡,2016-11-12,2026-08-11,864,1434,137,247,434,768,1,-0.013681,-0.007942,-0.033250,-0.021865,0.139354,0.094616
4959,0,大阪,2016-11-15,2026-08-02,410,1837,94,467,254,1140,1,-0.024951,-0.020943,-0.001065,-0.003312,-0.016762,-0.011953
4960,0,愛知,2016-11-21,2026-08-11,628,1818,145,447,388,1134,1,-0.014983,-0.015385,-0.005928,-0.002373,0.023164,0.011515
4961,0,福井,2016-11-17,2026-08-11,344,1744,77,394,196,1009,1,-0.002080,0.005274,-0.008788,0.010030,0.071634,0.001518
4962,0,三重,2016-11-03,2026-08-08,465,1538,60,228,222,697,1,-0.019212,-0.026598,0.024233,0.021606,-0.052197,-0.036362
4963,0,広島,2016-11-07,2026-08-11,243,1714,37,330,110,832,1,-0.040269,-0.034468,-0.032739,-0.029560,0.145298,0.129796
4964,0,岡山,2016-11-22,2026-08-11,223,1377,54,248,120,712,1,0.062051,0.058969,0.021051,0.025968,-0.117090,-0.132436
4965,0,兵庫,2016-11-03,2026-08-11,226,817,19,56,70,230,1,0.015527,-0.013004,0.028217,-0.013255,-0.131368,0.036836
4966,0,長崎,2016-11-05,2026-08-10,518,1382,62,169,237,602,1,-0.002595,-0.001491,0.021928,0.023379,-0.094949,-0.100168
4967,0,大阪,2016-11-15,2026-08-09,333,1651,55,309,157,925,1,-0.021994,-0.012865,-0.088795,-0.069874,0.324557,0.250979
4968,0,徳島,2017-05-20,2023-06-15,194,496,3,14,19,44,1,-0.012762,-0.022096,0.009228,-0.005342,0.043773,0.101240
4969,0,長崎,2017-05-13,2026-08-10,381,1276,29,94,139,445,1,0.002448,-0.002467,0.016083,0.015511,-0.024908,-0.019602
4970,0,山口,2017-05-26,2024-12-05,329,482,13,10,47,50,1,0.018767,0.007751,0.039123,0.024551,-0.234005,-0.173400
4971,0,岡山,2017-05-11,2023-04-19,176,575,8,16,32,74,1,0.017628,0.004357,0.053123,0.048630,-0.142381,-0.115930
4972,0,福井,2017-05-24,2020-03-22,110,240,0,0,4,1,1,0.000000,0.002813,0.032197,0.041599,-0.127652,-0.164962
4973,0,埼玉,2017-05-11,2026-06-18,242,1251,37,122,98,475,1,0.055371,0.038799,0.025262,-0.000487,-0.182482,-0.078667
4974,0,岡山,2017-05-11,2026-08-11,241,1351,30,165,90,501,1,0.002350,-0.006660,0.002608,0.002536,-0.020120,-0.011454
4976,0,東京,2017-05-03,2026-08-10,724,1087,61,92,271,382,1,-0.000382,-0.009810,0.022883,0.012528,-0.056582,-0.012511
4977,0,大阪,2017-05-02,2026-08-09,262,1566,29,230,116,774,1,-0.036184,-0.026823,-0.051505,-0.029380,0.236407,0.151016
4978,0,広島,2017-05-02,2026-08-06,244,1421,13,109,76,465,1,-0.023428,-0.023619,-0.015759,-0.000210,0.112608,0.060012
4979,0,愛知,2017-05-23,2026-08-11,517,1321,63,130,209,522,1,0.023447,0.027709,0.009100,0.017457,-0.048097,-0.079812
4980,0,山口,2017-05-02,2026-08-11,705,1333,156,295,378,766,1,-0.000029,-0.004508,-0.038473,-0.029985,0.076744,0.049819
4981,0,佐賀,2017-05-20,2026-08-11,500,1347,55,130,204,531,1,0.013489,0.013738,0.013791,0.025750,-0.072260,-0.114537
4982,0,兵庫,2017-05-02,2026-08-11,235,1003,16,59,63,313,1,0.009262,0.016372,-0.043979,-0.011717,0.239431,0.118970
4983,0,愛知,2017-05-20,2026-08-11,704,1651,161,466,402,1045,1,-0.053560,-0.031353,-0.061927,-0.030735,0.236315,0.110818
4984,0,静岡,2017-05-17,2026-08-11,291,1298,28,129,102,465,1,-0.003164,-0.002120,-0.007728,0.010043,0.047218,-0.014376
4985,0,山口,2017-05-02,2026-08-08,753,1443,151,270,381,784,1,0.013421,0.013864,-0.037336,-0.024196,0.072870,0.027341
4986,0,兵庫,2017-05-02,2024-06-16,170,644,8,28,31,74,1,0.003581,-0.007434,0.067446,0.053664,-0.265309,-0.207691
4987,0,群馬,2017-05-05,2026-08-11,217,1153,26,54,79,262,1,0.072981,0.039045,0.136822,0.105449,-0.450338,-0.312473
4988,0,静岡,2017-05-05,2026-08-03,257,1328,21,129,75,406,1,-0.015426,-0.020201,-0.013894,-0.001206,0.095817,0.056727
4989,0,静岡,2017-05-05,2026-08-11,430,1291,79,238,206,675,1,-0.000632,0.002101,-0.043781,-0.034906,0.153033,0.120397
4990,0,福岡,2017-05-14,2026-08-05,181,725,3,19,19,72,1,-0.009632,-0.007217,0.005662,-0.016607,-0.075832,0.001464
4991,0,広島,2017-05-02,2026-08-09,454,1408,63,193,238,708,1,0.001693,0.005480,0.021388,0.039326,-0.025227,-0.089916
4992,0,滋賀,2017-05-07,2026-08-02,421,1175,48,118,144,365,1,0.013589,0.007716,0.031404,0.017263,-0.125452,-0.067923
4993,0,東京,2017-05-14,2024-05-06,219,581,9,28,34,103,1,-0.007097,-0.024551,-0.022029,-0.028714,0.105589,0.143637
4994,0,佐賀,2017-05-20,2026-08-11,241,1414,19,141,90,640,1,-0.020879,-0.016182,-0.079173,-0.074222,0.284300,0.266038
4995,0,東京,2017-11-09,2026-08-05,605,922,58,54,225,237,1,0.037299,0.015674,0.114851,0.096563,-0.385906,-0.303620
4996,0,佐賀,2017-11-19,2021-07-14,144,302,2,1,14,24,1,0.010578,0.002626,0.017752,0.009554,-0.201941,-0.167001
4997,0,埼玉,2017-11-21,2026-08-02,129,621,6,13,21,67,1,0.025578,-0.017596,0.054900,-0.008631,-0.283451,-0.023263
4998,0,東京,2017-11-09,2026-08-08,348,1090,60,136,143,411,1,0.047643,0.042225,0.033855,0.021631,-0.127096,-0.078750
4999,0,愛知,2017-11-16,2023-08-10,248,458,6,10,21,49,1,0.002359,0.010878,-0.022309,-0.008491,0.051116,-0.006010
5000,0,山口,2017-11-10,2026-08-08,583,1029,63,74,203,340,1,0.036147,0.037120,0.017781,0.028741,-0.101914,-0.140145
5001,0,岡山,2017-11-14,2022-10-23,245,652,18,29,54,134,1,0.028991,0.017023,0.014887,0.019574,-0.134093,-0.140330
5002,0,愛知,2017-11-16,2026-08-11,543,1294,79,230,251,646,1,-0.032255,-0.022970,-0.036980,-0.017068,0.144140,0.066082
5003,0,兵庫,2017-11-03,2026-08-11,247,1413,19,112,66,453,1,-0.002341,-0.000306,-0.053388,-0.043429,0.206595,0.169598
5004,0,大阪,2017-11-10,2026-08-03,274,1240,25,147,92,490,1,-0.027308,-0.016656,-0.059395,-0.036382,0.211649,0.121872
5005,0,埼玉,2017-11-16,2026-08-11,347,1448,50,189,166,688,1,0.013567,0.022115,0.003248,0.013561,0.049990,0.007105
5006,0,群馬,2017-11-16,2026-08-09,420,1065,46,74,148,257,1,0.040040,0.017701,0.111066,0.087459,-0.423407,-0.323750
5007,0,東京,2017-11-09,2026-08-10,598,816,50,40,196,236,1,0.034592,0.012940,0.038544,0.018943,-0.051745,0.034735
5008,0,福岡,2017-11-05,2026-08-05,733,994,42,74,237,334,1,-0.017148,0.002888,-0.012687,0.023261,0.188276,0.046888
5009,0,福岡,2017-11-05,2026-07-24,481,1041,47,118,156,377,1,-0.015639,0.001546,-0.037827,-0.010296,0.101156,-0.009615
5010,0,三重,2017-11-05,2026-07-28,294,1363,35,135,123,532,1,0.020001,0.007446,0.028052,0.022140,-0.119175,-0.087277
5011,0,長崎,2017-11-08,2026-08-10,329,1157,23,51,83,258,1,0.025829,0.016670,0.029289,0.026169,-0.117309,-0.099340
5012,0,福岡,2017-11-02,2026-08-11,633,966,68,127,243,411,1,-0.024045,-0.011335,-0.041580,-0.021528,0.234553,0.153875
5013,0,三重,2017-11-14,2026-07-23,281,1350,39,197,95,480,1,-0.007136,-0.022225,-0.017477,-0.033342,0.057614,0.125278
5014,0,佐賀,2017-11-19,2026-08-08,391,1242,28,101,128,445,1,-0.009709,-0.007963,-0.030927,-0.013996,0.094487,0.034470
5015,0,広島,2017-11-14,2026-08-09,349,1605,82,313,206,926,1,0.039941,0.037188,0.013311,0.018716,-0.047772,-0.065179
5016,0,兵庫,2017-11-03,2026-08-10,381,1423,78,244,190,717,1,0.033256,0.031460,-0.005177,-0.000201,-0.031120,-0.046370
5017,0,滋賀,2017-11-04,2026-08-11,543,1502,105,336,289,880,1,-0.030332,-0.014712,-0.053657,-0.034413,0.246035,0.167471
5018,0,福岡,2017-11-02,2026-07-31,794,1153,125,208,363,642,1,-0.022968,-0.007466,-0.099629,-0.069474,0.288601,0.171109
5019,0,静岡,2017-11-14,2026-07-23,272,1302,29,85,102,460,1,0.041333,0.031604,0.021697,0.003812,-0.167887,-0.097193
5020,0,三重,2018-05-13,2026-08-09,346,931,32,63,114,246,1,0.024816,0.015575,0.065248,0.063828,-0.228563,-0.216492
5021,0,大阪,2018-05-28,2021-06-17,88,389,2,8,9,28,1,0.002162,-0.012209,0.030293,0.015164,0.017820,0.080402
5022,0,福岡,2018-05-15,2026-08-03,398,964,18,66,103,290,1,-0.023239,0.014284,-0.042036,0.007374,0.176005,-0.025828
5023,0,東京,2018-05-16,2026-08-10,724,811,94,81,317,300,1,0.029958,0.016883,0.067932,0.048682,-0.225329,-0.145573
5024,0,福井,2018-05-23,2022-11-23,116,334,3,5,13,41,1,0.010892,0.005595,-0.010686,-0.008365,0.071082,0.065330
5025,0,徳島,2018-05-20,2024-12-14,222,665,15,33,40,119,1,0.017944,-0.001507,0.001233,-0.027203,-0.082429,0.036296
5026,0,佐賀,2018-05-01,2026-08-11,438,1207,88,292,234,678,1,-0.041009,-0.036446,-0.027477,-0.023495,0.142930,0.126139
5027,0,山口,2018-05-11,2026-06-03,398,942,47,71,154,299,1,0.042719,0.031077,0.069525,0.055383,-0.258068,-0.199971
5028,0,福岡,2018-05-07,2026-08-11,745,1101,155,237,400,593,1,-0.007205,-0.004909,-0.001689,0.006840,0.018465,-0.012623
5029,0,福岡,2018-05-12,2026-08-11,578,1183,110,260,267,641,1,-0.029469,-0.011769,-0.079905,-0.040880,0.304811,0.153125
5030,0,群馬,2018-05-05,2024-12-07,122,618,4,8,17,50,1,0.019842,0.008701,0.058438,0.062614,-0.130776,-0.137257
5031,0,福岡,2018-05-12,2026-08-09,348,806,14,46,72,214,1,-0.016842,0.001307,-0.058612,-0.024586,0.178090,0.046020
5032,0,香川,2018-05-16,2026-08-09,308,1218,44,109,113,402,1,0.053366,0.047526,0.036834,0.039050,-0.137670,-0.140274
5033,0,愛知,2018-05-09,2026-08-10,297,1206,11,90,75,353,1,-0.037590,-0.018120,-0.040178,0.004451,0.212347,0.042211
5034,0,静岡,2018-05-17,2026-08-11,332,1339,51,277,148,709,1,-0.053256,-0.035781,-0.083716,-0.060020,0.303699,0.206359
5035,0,埼玉,2018-05-10,2026-08-03,274,1178,46,111,120,404,1,0.073656,0.049976,0.095002,0.075338,-0.411157,-0.324172
5036,0,大阪,2018-05-03,2026-08-09,269,1378,31,141,91,529,1,0.012919,0.012511,-0.045600,-0.045268,-0.003704,-0.003781
5037,0,香川,2018-05-16,2026-08-08,367,1221,67,185,179,542,1,0.031046,0.030214,0.043840,0.039518,-0.129503,-0.114944
5038,0,福井,2018-05-23,2026-08-10,438,1160,59,214,200,539,1,-0.049780,-0.052955,-0.008034,-0.011229,0.057507,0.071394
5039,0,愛知,2018-05-09,2026-07-23,305,1231,21,133,73,442,1,-0.039190,-0.018124,-0.119713,-0.080932,0.480899,0.326389
5040,0,山口,2018-05-20,2023-08-09,230,305,4,5,21,26,1,0.000998,-0.009293,0.006058,-0.006106,-0.021169,0.029099
5041,0,福岡,2018-05-15,2026-08-11,502,881,32,92,117,296,1,-0.040682,-0.019810,-0.102914,-0.074558,0.412599,0.295775
5042,0,埼玉,2018-05-10,2026-07-23,431,1445,117,325,261,854,1,0.046548,0.045881,0.014565,0.013744,-0.097300,-0.094275
5043,0,香川,2018-05-16,2026-08-08,322,1529,70,370,180,894,1,-0.024597,-0.015736,-0.025690,-0.017908,0.195262,0.159317
5044,0,東京,2018-05-16,2026-08-08,591,911,72,123,227,355,1,-0.013189,-0.018672,-0.005587,-0.005129,0.051137,0.056473
5045,0,埼玉,2018-05-22,2026-08-11,218,1295,32,178,109,587,1,0.009337,-0.015770,0.046718,0.023533,-0.151472,-0.049447
5046,0,大阪,2018-11-19,2026-08-03,214,1193,16,81,66,364,1,0.006870,0.006868,0.003298,0.006072,0.066878,0.057969
5047,0,東京,2018-11-06,2026-08-11,555,755,74,88,237,323,1,0.016777,-0.002149,-0.000788,-0.023581,-0.042014,0.052340
5048,0,長崎,2018-11-21,2026-08-10,298,1150,29,78,120,400,1,0.029489,0.019024,0.054858,0.042235,-0.147114,-0.095903
5049,0,大阪,2018-11-19,2026-07-16,187,1310,27,181,72,606,1,0.006217,-0.005147,-0.077569,-0.083290,0.212153,0.240201
5050,0,滋賀,2018-11-18,2026-08-08,389,1081,53,141,170,450,1,0.005812,-0.001923,0.020737,0.009621,-0.007867,0.036343
5051,0,埼玉,2018-11-15,2026-08-04,385,1380,60,265,194,741,1,-0.036185,-0.020813,-0.033060,-0.013380,0.112526,0.032056
5052,0,大阪,2018-11-03,2026-07-10,71,611,5,27,13,108,1,0.026233,0.009862,0.006339,0.001806,0.147599,0.174262
5053,0,福岡,2018-11-07,2026-08-11,486,769,40,74,132,241,1,-0.013924,-0.004216,-0.041789,-0.029542,0.198802,0.150466
5054,0,大阪,2018-11-19,2026-07-03,240,1144,31,146,92,480,1,0.001544,-0.008152,-0.036247,-0.046031,0.202389,0.244783
5055,0,長崎,2018-11-28,2026-08-10,399,1265,56,164,180,541,1,0.010707,-0.007553,0.023460,0.000637,-0.042622,0.050952
5056,0,徳島,2018-11-26,2026-07-13,275,934,49,121,146,394,1,0.048631,0.023235,0.109068,0.073658,-0.415604,-0.271978
5057,0,大阪,2018-11-03,2026-08-05,225,1157,36,172,102,438,1,0.011340,-0.011865,0.074768,0.048360,-0.192098,-0.080216
5058,0,岡山,2018-11-21,2026-08-11,432,1247,81,243,226,717,1,-0.007368,0.009406,-0.051832,-0.016383,0.166102,0.028255
5059,0,香川,2018-11-17,2025-05-12,118,482,5,12,19,66,1,0.017477,0.012579,0.024087,0.031935,-0.075216,-0.098713
5060,0,兵庫,2018-11-08,2026-08-11,270,1133,38,129,118,444,1,0.026884,0.019375,0.045157,0.041018,-0.116152,-0.097308
5061,0,愛知,2018-11-23,2026-07-16,277,922,13,54,68,194,1,-0.011637,-0.013604,0.035075,0.033773,-0.134870,-0.129543
5062,0,東京,2018-11-08,2022-08-03,265,215,5,0,26,15,1,0.018868,-0.022866,0.028346,-0.055291,-0.164546,0.165421
5063,0,東京,2018-11-06,2026-08-08,419,797,18,59,89,260,1,-0.031068,-0.048958,-0.113813,-0.125401,0.380604,0.436260
5064,0,山口,2018-11-19,2026-08-11,502,889,53,103,225,380,1,-0.010283,-0.003883,0.020761,0.031662,-0.078214,-0.120810
5065,0,群馬,2018-11-12,2026-08-11,269,1108,22,120,94,401,1,-0.026519,-0.016830,-0.012471,0.021264,0.113349,-0.014431
5066,0,埼玉,2018-11-15,2026-08-04,192,1279,39,210,92,610,1,0.038934,0.051318,0.002232,0.015392,-0.050491,-0.106277
5067,0,山口,2018-11-17,2026-08-11,384,1106,41,100,115,333,1,0.016355,0.014099,-0.001606,0.003100,0.103390,0.087768
5068,0,愛知,2018-11-10,2026-08-11,522,1093,118,255,298,658,1,-0.007249,0.004613,-0.031132,-0.003759,0.139510,0.033054
5069,0,群馬,2018-11-12,2026-08-05,141,1075,20,100,52,347,1,0.048821,0.028283,0.046004,0.032900,-0.208834,-0.149316
5070,0,東京,2019-05-18,2026-08-10,450,653,55,44,159,199,1,0.054841,0.035340,0.048586,0.025998,-0.237873,-0.144364
5071,0,福岡,2019-05-11,2026-07-19,381,809,23,65,105,265,1,-0.019979,0.006114,-0.051974,-0.016890,0.235192,0.091470
5072,0,埼玉,2019-05-09,2026-06-23,103,433,2,3,14,30,1,0.012489,-0.034123,0.066638,-0.005938,-0.373753,-0.079062
5073,0,福岡,2019-05-25,2026-08-11,419,1033,29,78,148,413,1,-0.006296,0.004631,-0.046584,-0.032672,0.142937,0.088057
5074,0,愛知,2019-05-10,2026-08-11,296,1183,19,92,84,356,1,-0.013579,-0.006128,-0.017146,-0.004845,0.046275,-0.001199
5075,0,滋賀,2019-05-16,2026-08-11,474,1178,96,216,255,640,1,0.019170,0.031749,-0.005319,0.015923,0.033809,-0.050851
5076,0,静岡,2019-05-16,2026-08-11,267,977,30,82,99,291,1,0.028429,0.028477,0.072936,0.064741,-0.191329,-0.162813
5077,0,埼玉,2019-05-16,2026-08-09,235,660,12,27,60,106,1,0.010155,-0.031986,0.094713,0.041356,-0.334816,-0.114864
5078,0,三重,2019-05-25,2026-08-11,175,886,12,62,68,254,1,-0.001406,-0.003805,0.101890,0.103777,-0.257891,-0.264373
5079,0,静岡,2019-05-23,2026-07-12,266,1115,21,97,85,363,1,-0.008048,-0.025826,-0.006012,-0.027051,0.057912,0.146396
5080,0,静岡,2019-05-16,2022-02-13,76,198,5,5,20,37,1,0.040537,0.039776,0.076289,0.075560,-0.333200,-0.326631
5081,0,福岡,2019-05-16,2026-07-01,532,920,69,99,248,390,1,0.022091,0.042578,0.042252,0.068772,-0.083173,-0.191942
5082,0,愛知,2019-05-16,2026-08-11,387,994,36,84,160,403,1,0.008516,0.001567,0.008004,-0.004056,-0.047710,0.000815
5083,0,山口,2019-05-19,2026-07-28,414,870,47,49,138,249,1,0.057205,0.049327,0.047126,0.050751,-0.159903,-0.167712
5084,0,佐賀,2019-05-01,2026-05-20,438,1238,129,274,289,720,1,0.073196,0.068349,0.078234,0.069654,-0.271099,-0.237472
5085,0,福井,2019-05-22,2026-08-04,356,994,31,93,117,381,1,-0.006483,-0.024452,-0.054648,-0.071339,0.094132,0.168830
5086,0,長崎,2019-05-27,2026-08-10,353,817,55,63,144,253,1,0.078696,0.055449,0.098262,0.063474,-0.449249,-0.309037
5087,0,埼玉,2019-05-16,2026-08-08,335,1150,60,247,175,630,1,-0.035678,-0.027338,-0.025438,-0.008669,0.132161,0.065944
5088,0,大阪,2019-05-14,2026-08-11,208,1336,46,303,113,713,1,-0.005643,-0.004073,0.009587,0.012886,-0.002015,-0.015991
5089,0,愛知,2019-05-10,2026-08-08,427,1138,79,216,240,687,1,-0.004795,0.006056,-0.041630,-0.027787,0.122858,0.065485
5090,0,群馬,2019-05-21,2026-08-11,358,1011,45,98,142,362,1,0.028765,0.019976,0.038587,0.030667,-0.076527,-0.043008
5091,0,福井,2019-05-22,2026-08-09,364,830,63,131,180,366,1,0.015246,0.009000,0.053542,0.045000,-0.182550,-0.144651
5092,0,福岡,2019-05-11,2026-08-04,510,930,73,151,232,418,1,-0.019228,-0.022372,0.005440,0.013768,0.030044,0.003176
5093,0,福岡,2019-05-16,2026-08-11,503,810,59,73,204,253,1,0.027173,0.023397,0.093221,0.082027,-0.338974,-0.295405
5094,0,東京,2019-05-12,2023-04-09,223,428,23,28,83,130,1,0.037718,0.012384,0.068459,0.024349,-0.288515,-0.113291
5095,0,東京,2019-11-07,2026-08-10,519,707,87,100,246,348,1,0.026187,0.008406,-0.018232,-0.035088,0.010236,0.083225
5096,0,東京,2019-11-07,2026-08-10,489,863,73,87,201,315,1,0.048473,0.034796,0.046037,0.025241,-0.144853,-0.059777
5097,0,大阪,2019-11-25,2020-05-02,17,53,0,0,1,0,0,,,,,,
5098,0,愛知,2019-11-25,2026-08-11,319,941,29,90,95,325,1,-0.004734,0.002250,-0.047572,-0.036511,0.104025,0.058165
5099,0,広島,2019-11-06,2024-02-25,120,161,3,0,11,9,1,0.025000,0.040716,0.035766,0.079279,-0.184627,-0.345402
5100,0,群馬,2019-11-07,2026-08-09,219,792,6,47,45,176,1,-0.031946,-0.024852,-0.016743,0.001528,-0.004670,-0.076048
5101,0,福岡,2019-11-19,2026-08-10,229,487,3,10,30,74,1,-0.007433,0.018691,-0.020946,0.031111,0.123983,-0.078791
5102,0,福岡,2019-11-12,2026-08-11,420,897,30,94,125,365,1,-0.033365,-0.006103,-0.109293,-0.072853,0.347938,0.199912
5103,0,埼玉,2019-11-27,2026-08-11,217,861,11,38,48,199,1,0.006557,-0.000963,-0.009928,-0.009579,0.018059,0.024338
5104,0,福岡,2019-11-10,2026-08-11,652,679,97,102,294,293,1,-0.001448,-0.008735,0.019403,0.002650,-0.099517,-0.034717
5105,0,福岡,2019-11-10,2026-08-11,545,791,49,55,200,269,1,0.020376,0.036062,0.026897,0.049184,-0.081042,-0.172153
5106,0,山口,2019-11-14,2026-08-11,520,754,54,76,215,278,1,0.003050,-0.003693,0.044761,0.033886,-0.197480,-0.153367
5107,0,福岡,2019-11-19,2026-07-28,377,732,22,34,88,172,1,0.011907,0.033038,-0.001551,0.022643,0.088870,-0.014226
5108,0,群馬,2019-11-07,2026-08-05,138,433,3,4,18,43,1,0.012501,0.000591,0.031128,0.021742,0.031446,0.070968
5109,0,岡山,2019-11-13,2026-08-11,182,1122,9,77,61,422,1,-0.019177,0.003151,-0.040949,0.001201,0.279622,0.114615
5110,0,静岡,2019-11-30,2026-07-23,302,1107,31,94,106,426,1,0.017735,0.025512,-0.033830,-0.010763,0.197189,0.109951
5111,0,岡山,2019-11-13,2026-08-11,277,1069,34,118,120,438,1,0.012360,0.008764,0.023484,0.031272,-0.060886,-0.085617
5112,0,埼玉,2019-11-27,2026-08-02,336,1245,93,248,185,695,1,0.077589,0.072741,-0.007638,-0.021853,-0.159954,-0.103918
5113,0,岡山,2019-11-23,2026-05-14,119,716,8,21,19,98,1,0.037897,0.032022,0.022792,0.030469,-0.120346,-0.142323
5114,0,福井,2019-11-22,2026-08-05,341,1159,38,125,109,445,1,0.003585,0.012916,-0.064304,-0.035418,0.274638,0.165626
5115,0,滋賀,2019-11-19,2026-08-08,311,1010,46,136,139,395,1,0.013257,-0.003112,0.055856,0.030671,-0.148588,-0.045187
5116,0,福井,2019-11-25,2024-10-25,138,481,8,14,23,66,1,0.028865,0.015212,0.029453,0.019221,-0.190364,-0.146388
5117,0,福岡,2019-11-22,2026-08-05,275,685,12,44,63,200,1,-0.020597,-0.003846,-0.062880,-0.029678,0.296828,0.167164
5118,0,佐賀,2019-11-22,2026-07-21,226,879,15,49,84,264,1,0.010627,-0.005609,0.071340,0.052041,-0.193895,-0.113598
5119,0,福岡,2019-11-12,2022-03-19,155,140,0,0,1,0,1,0.000000,-0.001236,0.006452,0.002188,-0.018203,-0.002793
5120,0,愛知,2019-11-09,2026-08-08,266,829,31,79,96,371,1,0.021246,0.041260,-0.086625,-0.050101,0.185226,0.040207
5121,0,佐賀,2019-11-02,2026-08-11,304,1187,76,311,203,720,1,-0.012005,0.002547,0.061192,0.076208,-0.168930,-0.232280
5122,0,埼玉,2019-11-27,2026-07-13,213,901,19,61,67,264,1,0.021499,0.022483,0.021546,0.040151,-0.105402,-0.169802
5123,0,山口,2020-05-26,2026-08-05,358,663,22,25,77,140,1,0.023745,0.011125,0.003922,-0.006903,-0.127329,-0.080824
5124,0,佐賀,2020-05-13,2026-08-11,263,701,19,30,67,176,1,0.029447,0.021907,0.003683,0.007206,0.023508,0.017863
5125,0,愛知,2020-05-15,2026-08-11,334,793,47,109,139,366,1,0.003266,0.005889,-0.045371,-0.030699,0.154379,0.101732
5126,0,兵庫,2020-05-02,2026-08-11,304,1079,44,179,130,478,1,-0.021158,-0.028583,-0.015371,-0.023890,0.114397,0.150223
5127,0,愛知,2020-05-02,2026-08-04,284,845,10,53,69,267,1,-0.027511,-0.000918,-0.073019,-0.024299,0.326227,0.135349
5128,0,三重,2020-05-29,2026-08-11,186,668,18,29,53,153,1,0.053361,0.025783,0.055904,0.019964,-0.231086,-0.083040
5129,0,長崎,2020-05-22,2026-08-05,258,895,41,95,127,350,1,0.052769,0.044667,0.101187,0.095507,-0.299714,-0.273351
5130,0,三重,2020-05-29,2026-08-04,358,943,38,42,131,236,1,0.061607,0.037662,0.115657,0.086070,-0.420093,-0.295985
5131,0,福岡,2020-05-23,2026-08-09,347,687,11,25,64,135,1,-0.004690,0.014792,-0.012069,0.013257,0.006024,-0.097553
5132,0,埼玉,2020-05-22,2026-08-04,229,1021,54,152,139,492,1,0.086934,0.067042,0.125106,0.096133,-0.458451,-0.339018
5133,0,東京,2020-05-09,2026-07-16,577,647,58,53,211,227,1,0.018603,0.000190,0.014834,-0.009730,-0.024395,0.075881
5134,0,広島,2020-05-24,2026-08-04,393,815,63,89,179,330,1,0.051103,0.034313,0.050563,0.033015,-0.191695,-0.116682
5135,0,東京,2020-05-09,2026-08-11,528,688,74,76,218,254,1,0.029686,0.004910,0.043693,0.010583,-0.129801,0.007731
5136,0,香川,2020-05-12,2026-08-10,370,1038,89,201,196,537,1,0.046899,0.032615,0.012389,0.000815,-0.054184,-0.001537
5137,0,愛知,2020-05-15,2026-08-11,262,862,25,91,82,313,1,-0.010149,0.002914,-0.050132,-0.017680,0.272002,0.148621
5138,0,福岡,2020-05-23,2026-08-09,298,562,7,8,50,76,1,0.009255,0.023887,0.032554,0.054145,-0.091930,-0.177956
5139,0,愛知,2020-05-02,2026-07-21,315,781,43,144,127,393,1,-0.047871,-0.029656,-0.100026,-0.068584,0.428153,0.302431
5140,0,静岡,2020-05-01,2026-07-26,174,767,9,40,41,200,1,-0.000427,-0.008521,-0.025124,-0.025922,-0.034363,-0.029520
5141,0,群馬,2020-05-01,2026-08-11,303,985,82,191,178,540,1,0.076718,0.074336,0.039235,0.045349,-0.194126,-0.215023
5142,0,佐賀,2020-05-13,2026-08-11,412,1078,114,223,265,650,1,0.069834,0.065170,0.040235,0.031972,-0.161424,-0.127109
5143,0,徳島,2020-05-12,2026-08-09,296,847,15,34,98,207,1,0.010534,-0.020782,0.086689,0.040552,-0.235298,-0.048614
5144,0,福岡,2020-05-18,2026-08-11,297,756,17,40,68,196,1,0.004329,0.018774,-0.030303,0.005096,0.046537,-0.090740
5145,0,山口,2020-05-06,2026-08-11,515,839,90,130,230,359,1,0.019811,0.010423,0.018712,0.010962,-0.095752,-0.062115
5146,0,山口,2020-05-26,2026-08-02,365,732,33,55,135,254,1,0.015274,0.012204,0.022868,0.025947,-0.066723,-0.077423
5147,0,埼玉,2020-11-12,2026-08-05,128,804,13,63,31,240,1,0.023204,0.035940,-0.056320,-0.019052,0.269706,0.130710
5148,0,福岡,2020-11-14,2026-07-31,270,690,15,51,58,208,1,-0.018357,0.008739,-0.086634,-0.035758,0.420129,0.216928
5149,0,東京,2020-11-12,2021-03-27,18,13,0,0,0,0,0,,,,,,
5150,0,群馬,2020-11-08,2026-08-11,261,890,43,147,112,395,1,-0.000418,0.012453,-0.014701,0.011718,0.091317,-0.012113
5151,0,大阪,2020-11-04,2026-07-24,84,881,2,23,12,169,1,-0.002297,-0.006670,-0.048970,-0.054342,0.165910,0.188050
5152,0,福岡,2020-11-18,2026-08-08,279,617,7,24,45,130,1,-0.013808,0.013914,-0.049407,-0.000464,0.241497,0.049987
5153,0,東京,2020-11-12,2026-08-11,330,691,18,31,79,149,1,0.009683,-0.004298,0.023764,0.024497,0.006473,0.014825
5154,0,広島,2020-11-25,2026-08-10,254,863,18,59,69,245,1,0.002500,-0.014594,-0.012240,-0.032096,0.009233,0.093053
5155,0,福岡,2020-11-14,2026-08-11,299,659,23,68,107,217,1,-0.026264,-0.027723,0.028573,0.014724,0.092493,0.141125
5156,0,福井,2020-11-18,2026-07-19,161,917,17,77,52,256,1,0.021621,-0.004814,0.043810,0.021181,-0.172823,-0.072297
5157,0,滋賀,2020-11-18,2026-08-11,315,773,35,57,105,212,1,0.037372,0.018564,0.059077,0.030857,-0.234075,-0.121453
5158,0,福岡,2020-11-18,2026-08-11,323,873,49,136,126,326,1,-0.004082,0.005113,0.016668,0.044249,0.047461,-0.055284
5159,0,愛知,2020-11-13,2024-05-12,186,318,8,13,23,38,1,0.002130,0.030975,0.004159,0.068400,0.010347,-0.240843
5160,0,福岡,2020-11-18,2026-08-08,334,835,29,99,116,335,1,-0.031737,-0.022339,-0.053892,-0.043265,0.176048,0.131317
5161,0,兵庫,2020-11-18,2026-08-11,286,924,50,152,123,412,1,0.010323,-0.004937,-0.015818,-0.032423,0.055944,0.125708
5162,0,福岡,2020-11-08,2026-02-20,170,619,7,21,27,127,1,0.007251,0.016626,-0.046346,-0.034211,0.091286,0.041278
5163,0,山口,2020-11-02,2026-08-05,327,818,50,126,161,411,1,-0.001129,0.000955,-0.010090,0.001850,-0.023497,-0.066205
5164,0,福岡,2020-11-08,2026-08-02,206,558,2,6,13,36,1,-0.001044,0.014314,-0.001409,0.025153,0.046873,-0.059069
5165,0,岡山,2020-11-26,2026-08-11,195,928,21,46,50,278,1,0.058123,0.055496,-0.043159,-0.040525,-0.004211,-0.012026
5166,0,愛知,2020-11-06,2026-08-09,309,749,46,123,141,388,1,-0.015352,-0.003099,-0.061713,-0.038061,0.252855,0.159702
5167,0,埼玉,2020-11-12,2026-08-09,233,799,24,59,79,246,1,0.029162,0.012129,0.031171,0.026576,-0.133724,-0.104040
5168,0,大阪,2020-11-04,2024-10-12,34,258,0,3,0,23,1,-0.011628,0.011706,-0.089147,-0.032077,0.543548,0.319031
5169,0,愛知,2020-11-06,2026-08-09,188,549,7,21,33,114,1,-0.001017,0.012863,-0.032118,0.003420,0.225856,0.090593
5170,0,岡山,2020-11-21,2026-08-11,226,896,17,66,74,286,1,0.001561,0.009563,0.008237,0.028879,-0.076634,-0.154397
5171,0,滋賀,2020-11-18,2025-10-15,137,596,6,32,35,126,1,-0.009896,0.000239,0.044065,0.050883,-0.150554,-0.184408
5172,0,徳島,2020-11-13,2026-07-26,359,777,49,68,156,267,1,0.048974,0.026529,0.090911,0.049551,-0.469874,-0.306526
5173,0,香川,2020-11-26,2026-08-04,258,710,35,80,86,232,1,0.022983,0.020914,0.006573,0.009925,-0.008298,-0.016869
5174,0,静岡,2020-11-24,2026-08-11,258,859,47,122,126,368,1,0.040145,0.023399,0.059967,0.039361,-0.221057,-0.134032
5175,0,東京,2020-11-11,2026-08-11,276,559,8,31,57,149,1,-0.026471,-0.007600,-0.060026,-0.015273,0.295663,0.124838
5176,0,山口,2021-05-28,2026-08-11,227,309,5,4,21,22,1,0.009081,0.008002,0.021314,0.031185,-0.041230,-0.077075
5177,0,福岡,2021-05-25,2026-08-11,382,737,11,31,60,173,1,-0.013267,0.030404,-0.077667,-0.001341,0.353986,0.051619
5178,0,愛知,2021-05-13,2026-08-09,175,861,1,29,19,188,1,-0.027967,0.015297,-0.109779,-0.029211,0.439675,0.119622
5179,0,兵庫,2021-05-14,2026-08-11,155,690,17,47,47,163,1,0.041561,0.028862,0.066994,0.048651,-0.268069,-0.190148
5180,0,山口,2021-05-27,2026-08-05,179,329,9,12,49,66,1,0.013805,-0.005197,0.073135,0.051268,-0.246574,-0.155660
5181,0,岡山,2021-05-08,2026-08-11,208,837,22,66,70,282,1,0.026916,0.029454,-0.000379,0.025132,0.057187,-0.035008
5182,0,埼玉,2021-05-21,2026-08-05,119,818,8,55,39,227,1,-0.000010,-0.009736,0.050225,0.045397,-0.092807,-0.067589
5183,0,三重,2021-05-21,2026-08-10,180,667,18,42,70,198,1,0.037031,0.016359,0.092037,0.064892,-0.391388,-0.276179
5184,0,群馬,2021-05-13,2026-08-02,98,531,2,17,10,70,1,-0.011607,-0.004557,-0.029786,0.015345,0.230927,0.063628
5185,0,福井,2021-05-09,2026-08-09,288,765,25,73,108,291,1,-0.008619,-0.000939,-0.005392,0.012555,0.089910,0.022039
5186,0,東京,2021-05-03,2026-08-09,328,653,20,42,80,191,1,-0.003343,0.009921,-0.048594,-0.008289,0.098929,-0.051454
5187,0,福井,2021-05-09,2026-07-21,248,693,21,40,107,199,1,0.026957,0.001892,0.144294,0.116259,-0.445131,-0.324722
5188,0,兵庫,2021-06-18,2026-08-11,227,799,26,101,80,313,1,-0.011871,-0.009767,-0.039317,-0.030877,0.125405,0.098953
5189,0,岡山,2021-05-27,2026-08-11,198,797,16,62,73,263,1,0.003016,-0.010254,0.038699,0.031554,-0.077443,-0.042908
5190,0,東京,2021-05-20,2026-08-09,302,572,14,38,60,167,1,-0.020076,-0.014943,-0.093283,-0.057378,0.448548,0.318163
5191,0,埼玉,2021-05-01,2026-08-08,290,970,64,218,147,529,1,-0.004053,-0.001904,-0.038464,-0.036540,0.066584,0.058606
5192,0,福岡,2021-06-24,2026-06-21,209,621,12,44,34,167,1,-0.013437,0.001148,-0.106242,-0.086031,0.294879,0.208229
5193,0,福岡,2021-05-15,2026-08-11,361,640,52,99,159,300,1,-0.010643,-0.004264,-0.028307,-0.013836,0.126688,0.070849
5194,0,埼玉,2021-05-21,2026-07-30,140,786,15,56,46,229,1,0.035896,0.005480,0.037223,0.000809,-0.282952,-0.130355
5195,0,長崎,2021-05-06,2026-07-24,213,685,22,56,78,225,1,0.021535,0.018515,0.037730,0.049621,-0.082746,-0.120830
5196,0,愛知,2021-05-28,2026-07-23,179,821,26,149,86,414,1,-0.036235,-0.032078,-0.023816,-0.005834,0.182303,0.113862
5197,0,愛知,2021-05-13,2026-08-11,210,736,32,111,86,316,1,0.001566,-0.007258,-0.019824,-0.022121,-0.064855,-0.053134
5198,0,福岡,2021-05-15,2026-08-11,262,672,17,39,62,176,1,0.006850,0.033109,-0.025264,0.022030,0.264472,0.077684
5199,0,徳島,2021-05-15,2026-08-10,309,629,39,51,122,192,1,0.045133,0.022076,0.089576,0.059965,-0.353507,-0.229555
5200,0,福岡,2021-05-15,2026-08-11,207,357,1,2,9,23,1,-0.000771,0.030690,-0.020948,0.041883,0.172167,-0.076324
5201,0,東京,2021-05-20,2026-08-04,347,572,29,60,114,212,1,-0.021322,-0.025292,-0.042099,-0.045766,0.088052,0.108937
5202,0,大阪,2021-05-09,2024-09-03,93,411,8,15,28,79,1,0.049525,0.017671,0.108861,0.059547,-0.382388,-0.181916
5203,0,福岡,2021-05-24,2026-08-11,327,734,28,41,97,215,1,0.029769,0.032122,0.003721,0.004419,-0.002354,-0.006951
5204,0,三重,2021-11-27,2026-08-11,105,513,5,25,32,120,1,-0.001114,-0.011362,0.070844,0.062275,-0.336731,-0.304277
5205,0,静岡,2021-11-23,2026-08-11,205,742,36,120,93,365,1,0.013885,0.012591,-0.038255,-0.038497,0.122661,0.123630
5206,0,岡山,2021-11-09,2026-07-12,186,789,14,54,49,215,1,0.006828,-0.005817,-0.009056,-0.013776,0.014003,0.041490
5207,0,福岡,2021-11-12,2026-07-28,304,461,16,41,87,123,1,-0.036306,-0.020219,0.019373,0.045164,0.088545,-0.017855
5208,0,長崎,2021-11-20,2026-08-11,188,680,14,34,48,142,1,0.024468,0.020797,0.046496,0.058198,-0.202034,-0.240649
5209,0,福岡,2021-11-24,2026-08-10,224,481,1,14,30,79,1,-0.024642,-0.008524,-0.030313,-0.006653,0.185950,0.089645
5210,0,福岡,2021-11-24,2026-08-11,260,619,27,44,101,201,1,0.032764,0.041100,0.063744,0.079216,-0.215173,-0.274544
5211,0,愛知,2021-11-20,2026-08-04,148,626,2,18,28,119,1,-0.015240,0.004886,-0.000907,0.032345,0.047492,-0.087875
5212,0,福岡,2021-11-12,2026-08-11,343,673,19,67,87,246,1,-0.044161,-0.011434,-0.111883,-0.049749,0.444825,0.199212
5213,0,群馬,2021-12-14,2026-07-23,124,785,13,81,49,274,1,0.001654,-0.015737,0.046117,0.016857,-0.275098,-0.157243
5214,0,佐賀,2021-11-27,2026-08-11,249,649,21,31,70,169,1,0.036572,0.037247,0.020724,0.039614,-0.116212,-0.181358
5215,0,香川,2021-11-27,2025-06-06,77,178,3,6,10,40,1,0.005253,0.028349,-0.094849,-0.037655,0.515760,0.294387
5216,0,群馬,2021-11-03,2026-08-11,265,785,58,118,138,327,1,0.068549,0.060355,0.104194,0.099481,-0.373345,-0.349995
5217,0,岡山,2021-11-09,2026-07-24,254,788,57,164,146,459,1,0.016288,0.019964,-0.007684,0.001660,0.005126,-0.029461
5218,0,香川,2021-11-27,2026-07-24,221,743,33,111,93,339,1,-0.000073,0.000739,-0.035444,-0.022067,0.133432,0.084354
5219,0,福岡,2021-11-16,2026-08-11,243,501,20,35,60,137,1,0.012444,0.019476,-0.026540,-0.014083,0.067445,0.019130
5220,0,埼玉,2021-11-07,2026-08-01,190,797,48,130,100,373,1,0.089520,0.072570,0.058311,0.033000,-0.388311,-0.285243
5221,0,大阪,2021-11-10,2026-07-23,252,810,42,159,118,429,1,-0.029630,-0.027148,-0.061376,-0.056021,0.227954,0.207962
5222,0,広島,2021-11-16,2026-08-04,300,679,37,83,140,317,1,0.001095,-0.005453,-0.000196,-0.007479,-0.033667,-0.003617
5223,0,福岡,2021-11-16,2026-08-11,289,669,14,44,46,175,1,-0.017327,-0.004080,-0.102415,-0.078560,0.326020,0.230303
5224,0,香川,2021-11-05,2026-08-09,256,742,60,114,163,397,1,0.080736,0.053000,0.101678,0.069473,-0.412262,-0.279120
5225,0,埼玉,2021-11-27,2025-01-15,106,317,0,1,1,8,1,-0.003155,0.001760,-0.015803,-0.007753,-0.017767,-0.049272
5226,0,東京,2021-11-07,2026-08-11,380,514,71,89,184,250,1,0.013690,0.003186,-0.002171,-0.019326,-0.043262,0.026863
5227,0,福岡,2021-11-07,2026-07-28,163,381,5,9,21,43,1,0.007053,0.016270,0.015973,0.033664,-0.007649,-0.078103
5228,0,東京,2021-11-20,2026-08-11,283,545,50,89,145,256,1,0.013376,0.013146,0.042643,0.036384,-0.112231,-0.088813
5229,0,滋賀,2021-11-23,2026-08-03,323,708,43,77,120,261,1,0.024370,0.038085,0.002873,0.028422,-0.032757,-0.131722
5230,0,愛知,2021-11-13,2026-08-11,201,515,9,27,41,98,1,-0.007651,-0.001587,0.013689,0.039518,0.061189,-0.035897
5231,0,山口,2021-11-16,2026-07-30,333,502,33,43,106,134,1,0.013442,0.010327,0.051386,0.057837,-0.138186,-0.157299
5232,0,愛知,2022-05-13,2026-08-11,226,615,15,46,57,203,1,-0.008425,0.007531,-0.077869,-0.049536,0.273530,0.161657
5233,0,大阪,2022-05-20,2023-05-04,27,118,0,1,1,7,1,-0.008475,-0.009387,-0.022285,-0.023756,-0.125235,-0.121850
5234,0,群馬,2022-05-02,2026-08-11,234,698,48,110,127,318,1,0.047535,0.040947,0.087148,0.090229,-0.224561,-0.231820
5235,0,大阪,2022-05-20,2026-08-09,163,389,2,15,12,39,1,-0.026290,-0.026076,-0.026637,-0.010057,0.052597,-0.006484
5236,0,岡山,2022-05-28,2025-11-23,132,545,1,10,21,61,1,-0.010773,-0.008535,0.047164,0.049204,-0.254031,-0.264711
5236,1,広島,2025-12-10,2026-07-27,20,138,3,8,10,54,1,0.092029,0.047778,0.108696,0.067909,-0.528986,-0.352670
5237,0,福岡,2022-05-19,2026-08-05,278,378,11,23,57,89,1,-0.021278,0.012135,-0.030414,0.032670,0.249229,-0.002372
5238,0,山口,2022-05-16,2026-07-28,292,543,34,59,90,183,1,0.007783,-0.001148,-0.028797,-0.028705,0.077632,0.082318
5239,0,福岡,2022-05-06,2026-07-28,271,415,14,42,68,166,1,-0.049544,-0.006121,-0.149077,-0.072378,0.515547,0.212981
5240,0,福岡,2022-05-06,2026-07-26,250,486,6,34,35,135,1,-0.045959,0.005958,-0.137778,-0.059486,0.651111,0.335739
5241,0,香川,2022-05-16,2026-07-30,183,664,16,50,57,205,1,0.012130,-0.009565,0.002740,-0.023398,-0.040202,0.070727
5242,0,埼玉,2022-05-26,2026-07-13,111,518,9,14,21,96,1,0.054054,0.046584,0.003861,0.001321,0.054698,0.070932
5243,0,広島,2022-05-14,2026-08-04,228,693,27,68,69,230,1,0.020297,0.028810,-0.029259,0.001185,0.122769,0.008313
5244,0,福岡,2022-05-19,2026-08-09,223,488,7,22,31,94,1,-0.013692,0.016038,-0.053609,-0.000349,0.219115,0.004211
5245,0,愛知,2022-05-13,2026-08-08,145,591,11,44,32,165,1,0.001412,0.028548,-0.058498,0.006924,0.120509,-0.133681
5246,0,埼玉,2022-05-26,2026-08-09,184,553,22,60,70,199,1,0.011066,0.011677,0.020579,0.030161,-0.175535,-0.211357
5247,0,兵庫,2022-05-21,2026-08-11,157,675,6,23,54,153,1,0.004142,-0.012645,0.117282,0.099460,-0.360038,-0.283267
5248,0,静岡,2022-05-28,2026-08-11,156,530,10,26,49,151,1,0.015046,-0.005872,0.029197,0.004234,-0.033478,0.069462
5249,0,徳島,2022-05-26,2026-08-10,180,582,16,38,73,153,1,0.023597,0.005405,0.142669,0.116994,-0.552806,-0.450154
5250,0,長崎,2022-05-26,2026-08-02,163,476,7,14,35,81,1,0.013533,-0.002171,0.044556,0.021657,-0.234482,-0.143557
5251,0,福井,2022-05-13,2026-07-30,96,502,0,4,9,30,1,-0.007968,-0.023855,0.033989,0.012965,-0.107777,-0.019693
5252,0,愛知,2022-05-13,2026-08-11,195,717,22,80,66,274,1,0.001245,0.002983,-0.043686,-0.031374,0.173372,0.124881
5253,0,東京,2022-05-19,2026-08-11,329,314,18,13,58,49,1,0.013310,0.014659,0.020241,0.023737,-0.076995,-0.089142
5254,0,愛知,2022-05-19,2026-07-24,130,362,3,10,23,77,1,-0.004547,0.025500,-0.035784,0.028530,0.301360,0.052949
5255,0,滋賀,2022-05-21,2026-07-23,149,709,15,116,67,359,1,-0.062940,-0.023056,-0.056683,0.028060,0.379171,0.045935
5256,0,三重,2022-05-01,2026-07-23,215,729,44,136,108,354,1,0.018094,0.010175,0.016729,0.007820,-0.117747,-0.081035
5257,0,香川,2022-05-16,2026-08-10,205,784,34,119,94,357,1,0.014068,-0.003907,0.003179,-0.013480,-0.042546,0.026782
5258,0,福岡,2022-05-26,2026-08-11,320,338,24,23,79,88,1,0.006953,0.018920,-0.013480,0.002534,0.133968,0.068217
5259,0,埼玉,2022-11-03,2026-08-10,136,490,4,12,18,67,1,0.004922,0.033063,-0.004382,0.046163,-0.075180,-0.274134
5260,0,大阪,2022-11-18,2024-02-08,53,121,1,1,2,2,1,0.010603,-0.000476,0.021207,0.005731,-0.208327,-0.137921
5261,0,長崎,2022-11-18,2026-08-11,116,547,7,37,27,120,1,-0.007297,-0.012874,0.013380,0.006192,0.039337,0.066181
5262,0,愛知,2022-11-19,2026-08-03,144,482,3,18,26,144,1,-0.016511,0.012554,-0.118200,-0.050850,0.388024,0.125646
5263,0,福岡,2022-11-19,2026-08-11,248,364,8,21,52,101,1,-0.025434,-0.004650,-0.067795,-0.031433,0.261388,0.117783
5264,0,兵庫,2022-11-24,2026-07-18,217,517,18,35,67,143,1,0.015251,-0.015520,0.032160,-0.008463,-0.207462,-0.039659
5265,0,香川,2022-11-22,2026-08-08,163,587,6,22,32,103,1,-0.000669,-0.006404,0.020851,0.021499,-0.062060,-0.060160
5266,0,愛知,2022-11-19,2026-08-11,125,506,7,26,19,103,1,0.004617,0.030446,-0.051557,0.006613,0.186609,-0.041339
5267,0,大阪,2022-11-03,2026-08-09,222,681,58,189,123,394,1,-0.016272,-0.016980,-0.024507,-0.010237,0.115014,0.067224
5268,0,福岡,2022-11-19,2026-08-11,232,349,12,5,37,40,1,0.037397,0.044663,0.044870,0.050377,-0.151961,-0.175385
5269,0,静岡,2022-11-17,2026-08-11,204,573,30,92,75,212,1,-0.013500,-0.020726,-0.002335,-0.010458,0.063238,0.097718
5270,0,佐賀,2022-11-25,2026-08-11,126,514,2,31,22,126,1,-0.044438,-0.045656,-0.070533,-0.062867,0.169693,0.144084
5271,0,福岡,2022-11-19,2026-08-04,160,415,6,19,23,99,1,-0.008283,0.043765,-0.094804,0.002953,0.419202,0.032902
5272,0,愛知,2022-11-24,2026-07-24,140,404,10,25,28,91,1,0.009547,0.016638,-0.025248,-0.008767,0.107426,0.047224
5273,0,兵庫,2022-11-12,2026-08-11,166,596,8,37,38,136,1,-0.013888,-0.014683,0.000728,0.007669,0.077464,0.049185
5274,0,福岡,2022-11-08,2026-07-01,214,413,26,40,71,124,1,0.024643,0.016705,0.031534,0.020001,-0.025605,0.019289
5275,0,三重,2022-11-19,2026-07-23,158,617,21,82,49,244,1,0.000010,0.020507,-0.085335,-0.050205,0.280009,0.138486
5276,0,福岡,2022-11-08,2026-08-11,203,559,12,49,51,223,1,-0.028543,0.025642,-0.147695,-0.043219,0.573059,0.159721
5277,0,福岡,2022-11-22,2026-08-11,151,583,12,45,42,193,1,0.002283,0.010472,-0.052901,-0.040633,0.091466,0.040634
5278,0,徳島,2022-11-03,2026-07-24,209,563,51,117,113,277,1,0.036204,0.022958,0.048663,0.019142,-0.131235,-0.015590
5279,0,東京,2022-11-08,2026-08-10,406,376,66,40,196,148,1,0.056179,0.016120,0.089142,0.026350,-0.353409,-0.100474
5280,0,滋賀,2022-11-12,2026-08-04,207,569,36,65,98,259,1,0.059678,0.033024,0.018245,-0.020595,-0.060476,0.096184
5281,0,徳島,2022-11-10,2026-08-11,113,652,14,88,41,281,1,-0.011076,0.012111,-0.068150,-0.026928,0.204110,0.039223
5282,0,福井,2022-11-22,2026-08-04,151,450,14,39,41,129,1,0.006049,0.018393,-0.015143,0.017684,0.116777,-0.009719
5283,0,東京,2022-11-12,2026-07-28,86,310,2,9,4,40,1,-0.005776,0.011793,-0.082521,-0.030427,0.277794,0.078302
5284,0,福岡,2023-05-23,2026-08-03,232,309,3,8,25,36,1,-0.012959,-0.003914,-0.008746,0.005004,0.101161,0.044280
5285,0,東京,2023-05-20,2026-07-29,161,438,3,12,19,55,1,-0.008764,-0.016213,-0.007558,-0.017439,-0.017258,0.023531
5286,0,福岡,2023-05-06,2026-08-11,243,406,16,28,55,132,1,-0.003122,0.019416,-0.098786,-0.055174,0.323126,0.153014
5287,0,埼玉,2023-05-24,2026-07-27,138,397,4,13,31,72,1,-0.003760,0.003711,0.043277,0.062572,-0.081481,-0.154422
5288,0,埼玉,2023-05-02,2026-08-04,41,385,4,12,9,62,1,0.066392,0.074567,0.058473,0.085369,-0.202217,-0.306401
5289,0,大阪,2023-05-01,2026-08-04,127,597,5,53,43,243,1,-0.049407,-0.044252,-0.068452,-0.055670,0.190810,0.141095
5290,0,東京,2023-05-20,2026-07-14,236,342,4,7,26,42,1,-0.003519,0.010394,-0.012638,0.019710,0.026985,-0.094227
5291,0,香川,2023-05-21,2026-08-05,116,489,6,6,18,83,1,0.039454,0.032333,-0.014562,-0.040784,-0.179465,-0.080032
5292,0,東京,2023-05-20,2026-08-11,209,373,7,15,37,85,1,-0.006722,-0.018958,-0.050849,-0.036603,0.135113,0.093117
5293,0,静岡,2023-05-18,2026-08-11,77,413,4,13,11,66,1,0.020471,-0.005319,-0.016949,-0.054238,-0.022892,0.133005
5294,0,静岡,2023-05-18,2026-08-11,121,506,4,23,22,96,1,-0.012397,-0.017534,-0.007905,-0.004226,0.201401,0.194170
5295,0,大阪,2023-05-10,2026-07-12,96,498,0,27,7,92,1,-0.054217,-0.048676,-0.111822,-0.103028,0.509287,0.472691
5296,0,愛知,2023-05-20,2026-07-12,154,457,7,30,26,103,1,-0.020191,-0.022324,-0.056552,-0.057830,0.299014,0.307006
5297,0,兵庫,2023-05-10,2026-08-11,152,464,4,5,17,43,1,0.015540,0.005056,0.019170,-0.006822,-0.074750,0.023264
5298,0,香川,2023-05-03,2026-08-09,182,522,29,105,83,267,1,-0.041809,-0.030065,-0.055450,-0.031336,0.335881,0.242273
5299,0,香川,2023-05-03,2026-08-04,130,503,15,50,47,190,1,0.015981,0.010952,-0.016195,-0.010348,0.051338,0.034363
5300,0,愛知,2023-05-20,2026-08-03,120,450,0,12,3,41,1,-0.026667,0.001055,-0.066111,-0.006271,0.401667,0.167579
5301,0,群馬,2023-05-07,2026-08-11,125,571,6,40,25,154,1,-0.022053,-0.016694,-0.069702,-0.052887,0.201023,0.138973
5302,0,大阪,2023-05-01,2026-07-26,120,375,3,13,11,66,1,-0.009667,0.014700,-0.084333,-0.034104,0.232333,0.037997
5303,0,福岡,2023-05-06,2026-08-11,269,402,24,45,102,171,1,-0.022721,-0.005971,-0.046191,-0.007662,0.120966,-0.027771
5304,0,群馬,2024-03-05,2026-08-09,63,213,2,1,3,10,1,0.027051,0.048740,0.000671,0.051104,-0.171250,-0.366513
5305,0,愛知,2023-05-20,2026-06-24,174,315,2,2,10,16,1,0.005145,0.009958,0.006678,0.031558,0.047674,-0.044830
5306,0,群馬,2023-05-27,2026-06-23,89,494,1,6,8,48,1,-0.000910,-0.008627,-0.007278,-0.013612,-0.005550,0.021030
5307,0,佐賀,2023-05-09,2026-08-11,131,481,8,38,43,147,1,-0.017933,-0.005304,0.022631,0.055285,-0.068290,-0.193037
5308,0,福岡,2023-05-23,2026-08-11,175,384,5,16,34,96,1,-0.013095,0.030058,-0.055714,0.018684,0.270923,-0.024487
5309,0,長崎,2023-05-06,2026-08-01,121,386,1,6,8,26,1,-0.007280,-0.017930,-0.001242,-0.013436,0.080011,0.133087
5310,0,岡山,2023-05-18,2026-08-11,79,346,4,11,13,72,1,0.018841,0.042951,-0.043536,0.009948,0.237982,0.029574
5311,0,山口,2023-11-09,2026-07-28,218,328,15,27,60,93,1,-0.013510,-0.000212,-0.008307,0.018254,0.071381,-0.035655
5312,0,佐賀,2023-11-21,2026-08-11,130,344,4,12,22,42,1,-0.004114,-0.016351,0.047138,0.027025,-0.229428,-0.148280
5313,0,群馬,2023-11-15,2026-07-25,111,339,5,14,26,77,1,0.003747,0.018465,0.007096,0.047718,0.171091,0.013064
5314,0,東京,2023-11-18,2026-08-11,150,261,4,2,20,19,1,0.019004,-0.004675,0.060536,0.012673,-0.238697,-0.046161
5315,0,埼玉,2023-11-26,2026-08-11,72,393,2,13,5,51,1,-0.005301,0.038053,-0.060327,0.026271,0.217663,-0.118313
5316,0,静岡,2023-11-07,2026-08-11,116,408,4,25,36,141,1,-0.026792,-0.005551,-0.035243,0.011386,0.213996,0.031344
5317,0,岡山,2023-11-02,2026-08-11,141,450,3,23,43,139,1,-0.029835,-0.044919,-0.003924,-0.014034,0.095981,0.141416
5318,0,愛知,2023-11-17,2026-08-11,144,367,3,9,16,55,1,-0.003690,-0.005004,-0.038753,-0.038235,0.048081,0.044918
5319,0,愛知,2023-11-17,2026-07-06,118,354,12,31,40,107,1,0.014124,-0.012516,0.036723,0.018823,-0.084746,-0.006739
5320,0,群馬,2023-11-15,2026-08-11,61,401,2,6,6,33,1,0.017824,-0.017727,0.016066,-0.050494,-0.228691,0.035507
5321,0,愛知,2023-11-17,2026-08-11,117,338,10,30,40,120,1,-0.003287,0.020621,-0.013149,0.027709,0.032216,-0.132734
5322,0,埼玉,2023-11-07,2026-08-11,112,298,4,4,15,22,1,0.022291,0.020320,0.060103,0.069103,-0.229626,-0.260279
5323,0,滋賀,2023-11-05,2026-08-02,86,393,8,23,28,117,1,0.034499,0.014916,0.027871,-0.001179,-0.074620,0.042618
5324,0,兵庫,2023-11-10,2026-08-11,109,286,2,2,6,9,1,0.011356,0.001624,0.023577,-0.007059,-0.046513,0.070124
5325,0,大阪,2023-11-05,2026-07-27,128,421,7,27,36,129,1,-0.009446,-0.012997,-0.025163,-0.026160,0.150033,0.150710
5326,0,香川,2023-11-05,2026-07-30,140,418,10,20,24,87,1,0.023582,0.024155,-0.036705,-0.030090,0.094908,0.070621
5327,0,埼玉,2023-11-07,2026-07-26,85,291,0,0,0,6,1,0.000000,0.015346,-0.020619,0.011466,0.226521,0.101863
5328,0,福岡,2023-11-09,2026-08-11,164,299,5,9,23,58,1,0.000387,0.036386,-0.053736,0.006651,0.249470,0.009151
5329,0,兵庫,2023-11-10,2026-08-11,82,384,3,26,20,116,1,-0.031123,-0.019674,-0.058181,-0.040291,0.151740,0.077984
5330,0,福岡,2023-11-09,2026-08-11,223,375,28,73,92,182,1,-0.069106,-0.038633,-0.072777,-0.024147,0.311175,0.116031
5331,0,東京,2023-11-24,2026-08-11,181,251,23,20,52,64,1,0.047391,0.010116,0.032313,-0.004766,-0.111532,0.047551
5332,0,静岡,2023-11-23,2026-08-11,108,390,11,15,30,86,1,0.063390,0.051692,0.057265,0.051712,-0.400427,-0.367061
5333,0,兵庫,2023-11-10,2026-08-11,116,343,5,22,19,69,1,-0.021036,-0.024104,-0.037373,-0.038069,0.102141,0.106133
5334,0,徳島,2023-11-06,2026-07-19,91,462,3,8,18,49,1,0.015651,-0.010429,0.091742,0.054016,-0.296037,-0.143992
5335,0,長崎,2023-11-19,2026-08-02,108,408,4,7,21,50,1,0.019880,0.013577,0.071895,0.057346,-0.258715,-0.199579
5336,0,山口,2023-11-22,2026-08-11,161,300,4,3,16,23,1,0.014845,0.015092,0.022712,0.029345,-0.042008,-0.064513
5337,0,福岡,2023-11-09,2026-07-27,223,258,9,11,43,51,1,-0.002277,0.008703,-0.004849,0.030490,0.210658,0.073658
5338,0,福岡,2024-05-07,2026-08-11,152,250,2,12,23,61,1,-0.034842,-0.010645,-0.092684,-0.041675,0.395895,0.194476
5339,0,香川,2024-05-29,2026-07-22,85,309,8,24,35,108,1,0.016448,-0.008854,0.062250,0.034279,-0.322977,-0.207375
5340,0,愛知,2024-05-25,2026-08-11,103,364,4,9,17,88,1,0.014110,0.003397,-0.076710,-0.092736,0.197215,0.259769
5341,0,群馬,2024-05-01,2026-07-27,63,264,1,3,8,17,1,0.004509,0.004175,0.062590,0.080097,-0.126984,-0.192240
5342,0,山口,2024-05-26,2026-08-02,133,198,0,2,9,9,1,-0.010101,-0.008576,0.022215,0.026417,0.023961,0.003335
5343,0,広島,2024-05-17,2026-08-10,67,340,0,7,21,69,1,-0.020588,-0.011519,0.110492,0.116885,-0.191659,-0.214338
5344,0,滋賀,2024-05-01,2026-08-02,42,354,0,25,5,86,1,-0.070621,-0.027668,-0.123890,-0.034704,0.545601,0.199338
5345,0,愛知,2024-05-24,2026-08-04,115,299,2,4,13,22,1,0.004013,0.019212,0.039465,0.080306,0.026087,-0.135202
5346,0,愛知,2024-05-25,2026-08-04,93,231,0,0,5,17,1,0.000000,-0.005239,-0.019830,-0.011747,0.155006,0.121419
5347,0,愛知,2024-05-25,2026-08-11,95,246,0,0,3,3,1,0.000000,0.002987,0.019384,0.029871,0.007231,-0.035180
5348,0,広島,2024-05-17,2026-08-04,77,231,5,11,24,59,1,0.017316,0.023077,0.056277,0.074092,-0.168831,-0.237427
5349,0,静岡,2024-05-15,2026-07-16,65,251,1,0,2,3,1,0.015385,0.025254,0.018817,0.034394,-0.143242,-0.209575
5350,0,兵庫,2024-05-24,2026-08-09,79,303,1,24,17,96,1,-0.066550,-0.034999,-0.101642,-0.054248,0.400802,0.208895
5351,0,福岡,2024-05-07,2026-08-11,174,257,11,14,50,65,1,0.008744,0.036038,0.034438,0.088470,0.021580,-0.188845
5352,0,香川,2024-05-29,2026-08-04,81,340,7,21,25,93,1,0.024655,0.033873,0.035113,0.066708,0.119826,-0.000532
5353,0,滋賀,2024-05-21,2026-08-11,94,244,1,4,5,23,1,-0.005755,0.000379,-0.041071,-0.027680,0.156958,0.103353
5354,0,三重,2024-05-27,2026-08-09,81,233,3,5,11,27,1,0.015578,0.007191,0.019923,0.004869,-0.148625,-0.085256
5355,0,福井,2024-05-10,2026-08-05,91,260,1,3,4,21,1,-0.000549,-0.003995,-0.036813,-0.046775,0.141209,0.174983
5356,0,岡山,2024-05-29,2026-08-03,45,323,6,25,19,100,1,0.055934,0.022122,0.112625,0.055280,-0.285931,-0.061849
5357,0,埼玉,2024-05-01,2026-07-26,78,254,0,0,1,6,1,0.000000,0.010513,-0.010802,0.006862,-0.046134,-0.116155
5358,0,福岡,2024-05-23,2026-08-08,91,203,0,3,11,22,1,-0.014778,0.008154,0.012505,0.071064,0.077302,-0.148308
5359,0,東京,2024-05-03,2026-08-03,180,204,11,13,41,44,1,-0.002614,0.010346,0.012092,0.048746,0.050000,-0.086993
5360,0,埼玉,2024-05-01,2026-08-05,68,273,0,6,8,37,1,-0.021978,-0.012488,-0.017884,0.006371,0.121041,0.029906
5361,0,東京,2024-05-05,2026-08-11,121,206,0,1,8,18,1,-0.004854,-0.010750,-0.021263,-0.015307,-0.011193,-0.027529
5362,0,静岡,2024-05-28,2026-07-30,84,259,1,2,3,19,1,0.004183,0.013226,-0.037645,-0.008563,0.165380,0.054517
5363,0,広島,2024-11-05,2026-05-05,52,151,0,1,0,2,1,-0.006623,-0.005107,-0.013245,-0.008113,0.186704,0.166356
5364,0,群馬,2024-11-16,2026-08-11,45,232,1,1,5,12,1,0.017912,0.008448,0.059387,0.021830,-0.461207,-0.311380
5365,0,東京,2024-11-22,2026-08-11,85,175,1,1,7,10,1,0.006050,0.016582,0.025210,0.041120,0.065546,-0.001887
5366,0,福井,2024-11-11,2026-07-27,61,183,0,1,1,2,1,-0.005464,0.013821,0.005464,0.040942,-0.103825,-0.242100
5367,0,徳島,2024-11-18,2026-07-31,40,212,2,0,3,4,1,0.050000,0.037534,0.056132,0.017617,-0.485377,-0.338350
5368,0,埼玉,2024-11-01,2026-08-04,49,244,6,28,19,81,1,0.007695,0.023058,0.055788,0.057247,0.097357,0.079446
5369,0,長崎,2024-11-15,2026-08-09,69,205,1,7,14,31,1,-0.019654,-0.029163,0.051679,0.057751,-0.071615,-0.087609
5370,0,福岡,2024-11-19,2026-08-11,103,150,0,0,0,4,1,0.000000,0.000494,-0.026667,-0.023371,0.105243,0.089436
5371,0,東京,2024-11-16,2026-08-10,159,106,1,1,6,4,1,-0.003145,-0.008262,0.000000,-0.016131,-0.012579,0.049979
5372,0,広島,2024-11-05,2026-08-03,45,195,0,1,1,8,1,-0.005128,-0.000757,-0.018803,-0.004174,0.174359,0.116277
5373,0,岡山,2024-11-01,2026-08-01,51,163,0,1,7,18,1,-0.006135,-0.016366,0.026825,-0.010209,-0.100686,0.038055
5374,0,岡山,2024-11-01,2026-08-11,65,200,2,0,14,18,1,0.030769,0.018926,0.125385,0.087402,-0.524231,-0.375991
5375,0,山口,2024-11-27,2026-08-08,94,185,0,1,6,16,1,-0.005405,-0.014974,-0.022657,-0.053344,0.087579,0.207346
5376,0,大阪,2024-11-16,2026-08-04,70,268,9,18,28,86,1,0.061407,0.028572,0.079104,0.039169,-0.248614,-0.081061
5377,0,群馬,2024-11-16,2026-08-03,73,189,4,12,21,49,1,-0.008698,-0.000583,0.028412,0.039830,0.079510,0.033201
5378,0,静岡,2024-11-16,2026-08-11,40,210,0,0,1,7,1,0.000000,-0.006989,-0.008333,-0.033964,0.036905,0.132470
5379,0,滋賀,2024-11-25,2026-08-04,94,175,2,2,11,14,1,0.009848,0.008960,0.037021,0.046943,-0.121581,-0.154292
5380,0,徳島,2024-11-18,2026-07-30,48,196,0,0,0,0,1,0.000000,0.002731,0.000000,0.009004,-0.090986,-0.126524
5381,0,大阪,2024-11-16,2026-07-17,52,204,0,7,5,28,1,-0.034314,-0.012917,-0.041101,0.017708,0.271870,0.038419
5382,0,福岡,2024-11-16,2026-08-11,113,174,3,0,15,19,1,0.026549,0.038081,0.023548,0.060599,-0.004730,-0.149463
5383,0,三重,2024-11-11,2026-08-05,75,186,1,0,4,8,1,0.013333,0.015014,0.010323,0.014073,0.165161,0.153179
5384,0,長崎,2024-11-15,2026-08-10,62,202,0,4,1,9,1,-0.019802,-0.036277,-0.028425,-0.062516,0.190834,0.325012
5385,0,静岡,2024-11-16,2026-08-11,60,227,0,1,4,20,1,-0.004405,-0.004124,-0.021439,-0.019696,-0.009912,-0.017830
5386,0,兵庫,2024-11-19,2026-08-11,72,227,1,6,8,30,1,-0.012543,-0.037046,-0.021047,-0.061481,0.016581,0.171951
5387,0,山口,2024-11-13,2026-08-11,94,156,0,0,0,2,1,0.000000,0.005140,-0.012821,0.004382,0.035461,-0.032838
5388,0,徳島,2024-11-27,2026-08-10,77,197,6,6,29,44,1,0.047465,0.045259,0.153273,0.146160,-0.330872,-0.303093
5389,0,福岡,2024-11-19,2026-08-11,64,263,0,1,2,17,1,-0.003802,-0.000768,-0.033389,-0.024121,0.228256,0.192835
5390,0,群馬,2024-11-07,2026-08-11,72,167,0,1,3,7,1,-0.005988,-0.005163,-0.000250,0.003018,-0.120093,-0.133848
5391,0,山口,2024-11-13,2026-07-31,110,133,0,0,3,4,1,0.000000,-0.002848,-0.002802,-0.010376,-0.050444,-0.023409
5392,0,福岡,2025-05-01,2026-08-11,123,83,0,0,3,1,1,0.000000,-0.000604,0.012342,0.009709,0.132334,0.143738
5393,0,大阪,2025-05-02,2026-07-20,33,153,0,0,1,2,1,0.000000,0.000034,0.017231,0.016823,-0.034462,-0.032030
5394,0,埼玉,2025-05-01,2026-08-04,37,188,1,2,6,34,1,0.016389,0.026464,-0.018689,0.013542,0.089132,-0.036529
5395,0,佐賀,2025-05-08,2026-08-10,52,132,2,3,4,15,1,0.015734,0.013247,-0.036713,-0.030633,-0.016317,-0.039903
5396,0,兵庫,2025-05-24,2026-08-11,45,142,0,1,4,6,1,-0.007042,-0.016758,0.046635,0.017887,-0.062128,0.045227
5397,0,山口,2025-05-19,2026-07-26,83,100,0,0,2,1,1,0.000000,0.005332,0.014096,0.032015,-0.123253,-0.194514
5398,0,福岡,2025-05-03,2026-08-11,130,133,4,7,28,34,1,-0.021862,-0.001800,-0.040254,-0.008485,0.270388,0.141029
5399,0,三重,2025-05-09,2026-07-20,41,134,0,0,1,6,1,0.000000,-0.003286,-0.020386,-0.031732,-0.106662,-0.061075
5400,0,滋賀,2025-05-29,2026-07-27,66,137,0,2,1,10,1,-0.014599,0.004521,-0.057841,-0.033299,0.300044,0.206205
5401,0,広島,2025-05-28,2026-05-05,34,102,1,1,2,10,1,0.019608,0.019219,-0.039216,-0.040654,0.156863,0.162787
5402,0,群馬,2025-05-17,2026-07-20,39,123,0,0,2,0,1,0.000000,0.003771,0.051282,0.063766,-0.280801,-0.330153
5403,0,徳島,2025-05-05,2026-08-11,61,134,0,1,6,8,1,-0.007463,-0.011476,0.038659,0.026584,-0.162833,-0.116996
5404,0,山口,2025-05-15,2026-08-11,68,131,0,2,4,13,1,-0.015267,-0.012305,-0.040413,-0.030598,0.155029,0.116348
5405,0,愛知,2025-05-22,2026-08-11,66,130,1,1,2,13,1,0.007459,0.017867,-0.069697,-0.037352,0.192308,0.067883
5406,0,山口,2025-05-19,2026-07-31,86,114,0,0,2,2,1,0.000000,-0.004440,0.005712,-0.007916,-0.062424,-0.010224
5407,0,香川,2025-05-04,2026-08-04,51,142,0,1,4,15,1,-0.007042,0.006720,-0.027202,0.001351,0.322701,0.208720
5408,0,福岡,2025-05-03,2026-01-26,57,48,0,0,1,3,1,0.000000,0.000117,-0.044956,-0.044721,-0.071272,-0.071964
5409,0,福岡,2025-05-17,2026-08-05,95,89,2,1,6,6,1,0.009817,0.008006,-0.004258,-0.009819,0.051685,0.072990
5410,0,愛知,2025-05-22,2026-08-11,53,95,0,1,1,4,1,-0.010526,-0.008438,-0.023237,-0.015514,0.085799,0.053993
5411,0,東京,2025-05-17,2026-08-10,118,68,0,0,4,4,1,0.000000,-0.003630,-0.024925,-0.037438,-0.038385,0.011862
5412,0,佐賀,2025-05-27,2026-08-11,63,136,0,0,2,4,1,0.000000,-0.004622,0.002334,-0.011809,-0.025327,0.028486
5413,0,福岡,2025-05-01,2026-08-11,65,128,0,1,3,8,1,-0.007812,-0.008308,-0.016346,-0.018181,0.117308,0.124862
5414,0,埼玉,2025-05-09,2025-10-27,12,50,0,0,0,1,0,,,,,,
5415,0,東京,2025-05-11,2026-08-11,59,91,0,0,1,0,1,0.000000,-0.002328,0.016949,0.008339,0.028311,0.063766
5416,0,三重,2025-05-09,2026-08-05,37,150,0,5,2,22,1,-0.033333,-0.033517,-0.092613,-0.095231,0.559459,0.572959
5417,0,佐賀,2025-05-08,2026-07-09,58,123,2,1,18,16,1,0.026353,0.013914,0.180264,0.142633,-0.368937,-0.226837
5418,0,大阪,2025-05-24,2026-07-31,21,155,0,0,0,0,1,0.000000,0.004746,0.000000,0.016004,0.020891,-0.042838
5419,0,埼玉,2025-05-01,2026-08-09,31,169,0,0,1,12,1,0.000000,-0.001676,-0.038748,-0.044981,0.000382,0.026100
5420,0,長崎,2025-05-17,2026-07-29,30,148,0,0,2,5,1,0.000000,-0.014605,0.032883,-0.014776,-0.100000,0.087337
5421,0,兵庫,2025-11-13,2026-08-11,27,64,0,0,1,2,1,0.000000,-0.000049,0.005787,0.007587,-0.258681,-0.268873
5422,0,埼玉,2025-11-22,2026-08-11,15,73,0,0,0,1,0,,,,,,
5423,0,徳島,2025-12-09,2026-08-10,32,57,0,0,0,0,1,0.000000,0.000696,0.000000,0.002575,0.005482,-0.005120
5424,0,東京,2025-11-29,2026-08-10,43,49,1,0,1,0,1,0.023256,0.027392,0.023256,0.036617,-0.168011,-0.220313
5425,0,三重,2025-11-05,2026-08-09,27,83,0,0,0,1,1,0.000000,0.009523,-0.012048,0.020281,0.067827,-0.061240
5426,0,福岡,2025-11-01,2026-08-11,69,55,0,0,9,1,1,0.000000,0.003287,0.112253,0.122874,-0.241370,-0.282952
5427,0,東京,2025-11-09,2026-08-11,61,82,1,0,12,7,1,0.016393,0.010244,0.111355,0.092322,-0.422031,-0.348861
5428,0,佐賀,2025-11-15,2026-08-11,26,73,0,0,0,0,1,0.000000,-0.001965,0.000000,-0.007268,-0.060590,-0.030661
5429,0,佐賀,2025-11-01,2026-08-02,22,76,0,0,0,1,1,0.000000,0.002088,-0.013158,-0.005434,0.093301,0.061495
5430,0,三重,2025-11-05,2026-08-10,43,51,0,0,3,0,1,0.000000,0.000000,0.069767,0.069767,-0.279982,-0.279982
5431,0,広島,2025-11-13,2026-07-22,26,83,0,0,0,3,1,0.000000,0.003346,-0.036145,-0.023768,-0.152919,-0.203886
5432,0,静岡,2025-11-26,2026-08-11,37,92,1,2,2,15,1,0.005288,0.019541,-0.108989,-0.064758,0.292303,0.122070
5433,0,東京,2025-11-09,2026-08-10,53,64,0,0,4,3,1,0.000000,-0.011707,0.028597,-0.008647,0.224351,0.369219
5434,0,静岡,2025-11-11,2026-08-11,35,96,0,3,5,21,1,-0.031250,-0.026804,-0.075893,-0.063365,0.216667,0.170572
5435,0,広島,2025-11-21,2026-08-08,36,66,0,0,0,0,1,0.000000,-0.000501,0.000000,-0.001853,-0.151515,-0.143885
5436,0,東京,2025-11-29,2026-08-11,55,56,0,0,1,0,1,0.000000,-0.009168,0.018182,-0.012453,-0.184091,-0.062536
5437,0,香川,2025-11-16,2026-07-18,25,56,0,0,2,2,1,0.000000,0.000709,0.044286,0.046906,-0.100714,-0.111506
5438,0,福岡,2025-11-15,2026-07-31,51,56,0,0,0,2,1,0.000000,0.003473,-0.035714,-0.022868,0.175420,0.122521
5439,0,愛知,2025-11-03,2026-08-11,36,73,0,1,0,4,1,-0.013699,-0.009659,-0.054795,-0.041497,0.175038,0.122590
5440,0,兵庫,2025-11-13,2026-08-11,34,73,0,0,1,3,1,0.000000,-0.000623,-0.011684,-0.013990,0.114827,0.124322
5441,0,愛知,2025-11-11,2026-07-14,36,87,2,4,9,25,1,0.009579,0.007705,-0.037356,-0.043712,0.409004,0.434367
5442,0,広島,2025-11-21,2026-08-02,27,75,0,0,1,3,1,0.000000,0.000000,-0.002963,-0.002963,0.154074,0.154074
5443,0,長崎,2025-11-03,2026-08-10,22,80,0,0,0,2,1,0.000000,0.000000,-0.025000,-0.025000,0.044318,0.044318
5444,0,愛知,2025-11-03,2026-08-11,32,80,0,0,1,1,1,0.000000,0.001488,0.018750,0.024253,-0.087500,-0.110162
5445,0,三重,2026-05-11,2026-07-23,9,24,0,0,0,0,0,,,,,,
5446,0,福岡,2026-05-09,2026-08-11,21,13,0,0,0,0,0,,,,,,
5447,0,岡山,2026-05-19,2026-08-11,20,21,0,0,0,0,1,0.000000,0.000000,0.000000,0.000000,-0.150000,-0.150000
5448,0,山口,2026-05-21,2026-08-11,7,34,0,0,0,0,0,,,,,,
5449,0,東京,2026-05-20,2026-08-11,10,22,0,1,0,2,0,,,,,,
5450,0,大阪,2026-05-03,2026-08-04,16,24,0,1,0,3,0,,,,,,
5451,0,佐賀,2026-05-01,2026-08-11,12,14,0,0,0,1,0,,,,,,
5452,0,広島,2026-05-16,2026-08-03,17,27,0,0,0,0,0,,,,,,
5453,0,香川,2026-05-17,2026-08-11,17,34,1,0,3,2,0,,,,,,
5454,0,埼玉,2026-05-01,2026-08-05,8,34,0,0,0,1,0,,,,,,
5455,0,群馬,2026-05-01,2026-08-11,9,34,0,0,0,1,0,,,,,,
5456,0,兵庫,2026-05-04,2026-08-11,19,28,0,0,0,2,0,,,,,,
5457,0,長崎,2026-05-07,2026-08-10,26,18,0,0,0,0,0,,,,,,
5458,0,福岡,2026-05-08,2026-08-01,26,15,0,0,0,0,0,,,,,,
5459,0,山口,2026-05-27,2026-07-26,7,21,0,0,0,0,0,,,,,,
5460,0,滋賀,2026-05-09,2026-08-08,8,49,0,0,0,3,0,,,,,,
5461,0,三重,2026-05-20,2026-08-01,9,30,0,0,0,0,0,,,,,,
5462,0,佐賀,2026-05-01,2026-08-11,13,24,0,0,0,1,0,,,,,,
5463,0,大阪,2026-05-23,2026-07-20,7,23,0,0,0,0,0,,,,,,
5464,0,福岡,2026-05-09,2026-08-11,21,14,0,0,0,0,0,,,,,,
5465,0,福井,2026-05-02,2026-07-03,9,14,0,0,0,0,0,,,,,,
5466,0,埼玉,2026-05-01,2026-08-09,14,25,0,0,1,1,0,,,,,,
5467,0,大阪,2026-05-03,2026-07-26,8,30,0,0,0,6,0,,,,,,
5468,0,福岡,2026-05-24,2026-08-05,22,17,0,0,0,0,0,,,,,,
5469,0,佐賀,2026-05-10,2026-08-02,17,26,0,0,0,1,0,,,,,,
5470,0,兵庫,2026-05-04,2026-08-11,12,23,0,0,0,0,0,,,,,,
5471,0,大阪,2026-05-11,2026-07-31,6,40,0,0,0,0,0,,,,,,
5472,0,愛知,2026-05-19,2026-08-11,20,14,0,0,0,0,0,,,,,,
