登録番号,集計開始,集計終了,出走数,1着数,逃げ,差し,まくり,まくり差し,抜き,恵まれ,まくり率,差し率,前づけ平均,前づけ率,イン進入数,さされ率,まくられ率,まくりさされ率
2538,2026-04-02,2026-10-01,104,2,2,0,0,0,0,0,0.0,0.0,-0.02,1.9,12,8.3,33.3,41.7
2878,2026-04-02,2026-10-01,103,12,6,1,2,3,0,0,16.7,8.3,0.1,0.0,22,18.2,18.2,22.7
3024,2026-04-02,2026-10-01,27,7,3,2,1,0,1,0,14.3,28.6,1.85,55.6,6,16.7,0.0,16.7
3054,2026-04-02,2026-10-01,88,15,5,0,6,1,3,0,40.0,0.0,0.05,0.0,13,0.0,23.1,15.4
3070,2026-04-02,2026-10-01,35,9,3,4,2,0,0,0,22.2,44.4,0.76,26.5,6,0.0,50.0,0.0
3072,2026-04-02,2026-10-01,108,9,6,3,0,0,0,0,0.0,33.3,1.48,42.6,25,20.0,28.0,24.0
3075,2026-04-02,2026-10-01,100,14,5,0,4,2,3,0,28.6,0.0,-0.02,1.0,15,26.7,26.7,6.7
3081,2026-04-02,2026-10-01,24,3,1,2,0,0,0,0,0.0,66.7,-0.04,0.0,3,0.0,66.7,0.0
3105,2026-04-02,2026-10-01,93,12,8,1,3,0,0,0,25.0,8.3,0.03,0.0,17,11.8,17.6,23.5
3107,2026-04-02,2026-10-01,59,4,1,1,2,0,0,0,50.0,25.0,0.0,0.0,9,11.1,55.6,11.1
3156,2026-04-02,2026-10-01,97,7,4,1,1,1,0,0,14.3,14.3,0.29,9.3,18,27.8,22.2,16.7
3158,2026-04-02,2026-10-01,132,39,22,2,9,3,3,0,23.1,5.1,0.0,0.0,29,3.4,6.9,13.8
3159,2026-04-02,2026-10-01,32,11,6,3,2,0,0,0,18.2,27.3,1.5,40.6,10,10.0,10.0,0.0
3161,2026-04-02,2026-10-01,90,4,2,0,0,1,1,0,0.0,0.0,0.63,18.0,16,25.0,37.5,18.8
3175,2026-04-02,2026-10-01,95,4,1,1,0,2,0,0,0.0,25.0,0.01,1.1,14,42.9,35.7,7.1
3202,2026-04-02,2026-10-01,101,10,4,0,2,2,2,0,20.0,0.0,-0.01,0.0,18,5.6,50.0,16.7
3207,2026-04-02,2026-10-01,65,2,1,0,0,1,0,0,0.0,0.0,-0.08,0.0,10,10.0,30.0,30.0
3211,2026-04-02,2026-10-01,114,5,4,1,0,0,0,0,0.0,20.0,-0.01,0.9,18,27.8,11.1,27.8
3212,2026-04-02,2026-10-01,99,8,3,1,3,1,0,0,37.5,12.5,0.41,12.5,16,31.2,31.2,12.5
3224,2026-04-02,2026-10-01,99,9,7,0,1,1,0,0,11.1,0.0,0.02,0.0,15,6.7,40.0,0.0
3226,2026-04-02,2026-10-01,92,6,3,0,1,1,1,0,16.7,0.0,0.04,1.1,15,46.7,0.0,13.3
3232,2026-04-02,2026-10-01,93,20,12,4,4,0,0,0,20.0,20.0,0.02,0.0,19,10.5,21.1,0.0
3233,2026-04-02,2026-10-01,85,10,3,1,6,0,0,0,60.0,10.0,0.02,0.0,11,9.1,18.2,36.4
3246,2026-04-02,2026-10-01,17,1,0,0,1,0,0,0,100.0,0.0,0.25,6.2,1,100.0,0.0,0.0
3251,2026-04-02,2026-10-01,139,25,12,7,0,2,4,0,0.0,28.0,0.05,0.0,28,17.9,17.9,7.1
3256,2026-04-02,2026-10-01,133,38,15,5,7,7,3,1,18.4,13.2,-0.05,0.0,32,31.2,9.4,12.5
3257,2026-04-02,2026-10-01,102,44,22,6,14,0,2,0,31.8,13.6,1.69,48.5,29,3.4,13.8,3.4
3265,2026-04-02,2026-10-01,99,19,10,2,4,0,2,1,21.1,10.5,1.66,46.3,30,13.3,30.0,16.7
3268,2026-04-02,2026-10-01,114,17,9,2,1,2,2,1,5.9,11.8,0.44,13.4,18,16.7,5.6,11.1
3277,2026-04-02,2026-10-01,100,8,5,0,2,1,0,0,25.0,0.0,0.07,2.1,16,37.5,12.5,18.8
3282,2026-04-02,2026-10-01,111,7,7,0,0,0,0,0,0.0,0.0,-0.04,0.0,18,5.6,16.7,38.9
3284,2026-04-02,2026-10-01,98,16,12,2,0,2,0,0,0.0,12.5,0.08,2.1,19,15.8,10.5,10.5
3286,2026-04-02,2026-10-01,64,5,3,0,1,1,0,0,20.0,0.0,-0.03,0.0,8,12.5,25.0,0.0
3289,2026-04-02,2026-10-01,52,5,1,1,3,0,0,0,60.0,20.0,0.06,2.0,9,22.2,44.4,11.1
3293,2026-04-02,2026-10-01,94,2,1,0,1,0,0,0,50.0,0.0,-0.04,0.0,15,40.0,26.7,26.7
3294,2026-04-02,2026-10-01,87,6,3,0,2,0,1,0,33.3,0.0,-0.09,0.0,14,21.4,35.7,7.1
3297,2026-04-02,2026-10-01,113,10,5,2,2,1,0,0,20.0,20.0,0.86,25.5,22,22.7,22.7,18.2
3300,2026-04-02,2026-10-01,125,27,14,3,2,5,3,0,7.4,11.1,0.0,0.0,27,11.1,22.2,3.7
3302,2026-04-02,2026-10-01,80,14,5,1,7,1,0,0,50.0,7.1,0.01,0.0,14,35.7,21.4,0.0
3303,2026-04-02,2026-10-01,124,8,6,1,0,1,0,0,0.0,12.5,-0.07,0.8,22,40.9,13.6,13.6
3304,2026-04-02,2026-10-01,138,28,17,3,5,3,0,0,17.9,10.7,-0.01,0.0,29,10.3,20.7,10.3
3305,2026-04-02,2026-10-01,97,8,4,1,1,1,0,1,12.5,12.5,-0.04,0.0,16,31.2,18.8,25.0
3306,2026-04-02,2026-10-01,105,6,1,0,1,3,0,1,16.7,0.0,-0.02,0.0,18,11.1,44.4,16.7
3313,2026-04-02,2026-10-01,102,8,3,3,0,2,0,0,0.0,37.5,-0.04,0.0,15,26.7,33.3,20.0
3315,2026-04-02,2026-10-01,95,8,3,3,1,0,1,0,12.5,37.5,-0.08,1.1,14,7.1,71.4,0.0
3319,2026-04-02,2026-10-01,137,22,12,5,4,0,1,0,18.2,22.7,0.0,0.0,23,8.7,17.4,21.7
3327,2026-04-02,2026-10-01,120,25,14,4,3,3,1,0,12.0,16.0,0.4,13.4,22,4.5,9.1,13.6
3333,2026-04-02,2026-10-01,134,38,20,6,0,10,2,0,0.0,15.8,0.01,0.0,30,3.3,10.0,13.3
3334,2026-04-02,2026-10-01,129,24,17,1,2,3,0,1,8.3,4.2,0.05,0.0,30,20.0,3.3,10.0
3339,2026-04-02,2026-10-01,86,10,3,2,4,1,0,0,40.0,20.0,-0.06,0.0,15,20.0,26.7,20.0
3340,2026-04-02,2026-10-01,104,7,4,0,2,1,0,0,28.6,0.0,0.01,1.0,16,31.2,25.0,6.2
3349,2026-04-02,2026-10-01,100,22,9,5,4,3,1,0,18.2,22.7,0.29,8.2,20,5.0,20.0,15.0
3350,2026-04-02,2026-10-01,85,13,9,2,1,0,1,0,7.7,15.4,0.0,0.0,14,14.3,0.0,7.1
3352,2026-04-02,2026-10-01,109,1,0,1,0,0,0,0,0.0,100.0,-0.45,0.0,0,,,
3353,2026-04-02,2026-10-01,63,4,1,0,1,2,0,0,25.0,0.0,-0.15,0.0,8,37.5,37.5,12.5
3355,2026-04-02,2026-10-01,43,2,1,0,0,1,0,0,0.0,0.0,0.02,0.0,5,20.0,40.0,20.0
3357,2026-04-02,2026-10-01,103,4,1,0,1,0,2,0,25.0,0.0,0.01,1.0,16,31.2,37.5,6.2
3361,2026-04-02,2026-10-01,84,10,3,2,1,1,3,0,10.0,20.0,-0.06,0.0,12,25.0,8.3,33.3
3362,2026-04-02,2026-10-01,108,16,6,4,5,0,1,0,31.2,25.0,1.14,35.6,19,26.3,26.3,10.5
3370,2026-04-02,2026-10-01,73,2,1,1,0,0,0,0,0.0,50.0,-0.03,0.0,10,30.0,50.0,10.0
3372,2026-04-02,2026-10-01,67,5,3,1,0,0,1,0,0.0,20.0,0.02,0.0,10,20.0,30.0,0.0
3377,2026-04-02,2026-10-01,96,6,1,2,2,1,0,0,33.3,33.3,0.01,0.0,16,18.8,37.5,37.5
3381,2026-04-02,2026-10-01,101,15,5,0,9,1,0,0,60.0,0.0,0.07,1.0,18,16.7,16.7,33.3
3385,2026-04-02,2026-10-01,123,21,10,7,2,2,0,0,9.5,33.3,0.02,0.0,22,18.2,22.7,13.6
3388,2026-04-02,2026-10-01,101,27,16,2,7,1,1,0,25.9,7.4,0.06,2.0,24,4.2,8.3,16.7
3391,2026-04-02,2026-10-01,33,1,0,0,0,0,1,0,0.0,0.0,-0.03,0.0,5,0.0,80.0,0.0
3392,2026-04-02,2026-10-01,104,9,6,2,1,0,0,0,11.1,22.2,0.02,0.0,18,5.6,22.2,16.7
3401,2026-04-02,2026-10-01,108,14,8,2,2,1,1,0,14.3,14.3,-0.07,0.0,12,8.3,16.7,8.3
3406,2026-04-02,2026-10-01,123,15,10,2,0,0,2,1,0.0,13.3,0.01,0.0,20,15.0,15.0,10.0
3411,2026-04-02,2026-10-01,80,0,0,0,0,0,0,0,,,0.04,1.3,11,36.4,27.3,18.2
3412,2026-04-02,2026-10-01,140,28,16,2,5,4,1,0,17.9,7.1,-0.06,0.7,26,3.8,15.4,15.4
3415,2026-04-02,2026-10-01,129,33,23,5,3,1,1,0,9.1,15.2,0.33,10.1,28,7.1,7.1,3.6
3419,2026-04-02,2026-10-01,42,0,0,0,0,0,0,0,,,-0.07,0.0,2,0.0,0.0,0.0
3422,2026-04-02,2026-10-01,134,27,16,2,3,6,0,0,11.1,7.4,0.1,1.5,28,10.7,3.6,21.4
3430,2026-04-02,2026-10-01,111,11,6,0,4,1,0,0,36.4,0.0,0.01,0.0,15,26.7,6.7,13.3
3432,2026-04-02,2026-10-01,85,5,2,2,1,0,0,0,20.0,40.0,0.02,1.2,10,30.0,30.0,10.0
3434,2026-04-02,2026-10-01,110,8,6,1,0,1,0,0,0.0,12.5,-0.07,0.0,17,11.8,11.8,29.4
3435,2026-04-02,2026-10-01,133,29,21,3,3,1,1,0,10.3,10.3,0.0,0.0,31,12.9,12.9,3.2
3436,2026-04-02,2026-10-01,90,13,5,3,0,3,2,0,0.0,23.1,0.11,3.4,17,29.4,5.9,23.5
3439,2026-04-02,2026-10-01,129,23,13,3,3,2,2,0,13.0,13.0,0.0,0.0,29,17.2,20.7,10.3
3441,2026-04-02,2026-10-01,113,12,6,3,2,1,0,0,16.7,25.0,0.03,1.8,17,11.8,29.4,11.8
3442,2026-04-02,2026-10-01,103,10,5,2,1,1,1,0,10.0,20.0,-0.02,0.0,15,13.3,13.3,20.0
3444,2026-04-02,2026-10-01,16,2,1,0,0,1,0,0,0.0,0.0,0.0,0.0,2,0.0,0.0,50.0
3445,2026-04-02,2026-10-01,96,9,5,3,0,1,0,0,0.0,33.3,-0.01,0.0,16,25.0,31.2,12.5
3448,2026-04-02,2026-10-01,49,2,2,0,0,0,0,0,0.0,0.0,0.02,0.0,9,33.3,44.4,0.0
3454,2026-04-02,2026-10-01,98,11,4,1,2,2,2,0,18.2,9.1,-0.01,0.0,19,26.3,21.1,26.3
3455,2026-04-02,2026-10-01,118,14,6,3,3,1,1,0,21.4,21.4,-0.03,0.0,19,15.8,10.5,15.8
3458,2026-04-02,2026-10-01,92,8,3,3,0,2,0,0,0.0,37.5,0.07,3.4,12,33.3,25.0,16.7
3459,2026-04-02,2026-10-01,105,5,1,0,3,0,1,0,60.0,0.0,-0.06,0.0,13,30.8,23.1,38.5
3461,2026-04-02,2026-10-01,62,3,2,0,0,0,1,0,0.0,0.0,-0.12,0.0,8,0.0,37.5,12.5
3463,2026-04-02,2026-10-01,105,12,4,3,2,2,1,0,16.7,25.0,0.04,0.0,18,16.7,38.9,5.6
3467,2026-04-02,2026-10-01,94,6,3,0,1,1,1,0,16.7,0.0,-0.03,0.0,16,18.8,25.0,37.5
3470,2026-04-02,2026-10-01,91,14,4,2,5,2,0,1,35.7,14.3,-0.03,0.0,14,28.6,21.4,14.3
3471,2026-04-02,2026-10-01,93,6,2,1,1,2,0,0,16.7,16.7,-0.07,0.0,14,21.4,35.7,21.4
3473,2026-04-02,2026-10-01,146,50,27,16,3,0,3,1,6.0,32.0,1.6,45.8,52,7.7,23.1,7.7
3474,2026-04-02,2026-10-01,120,8,5,1,1,0,0,1,12.5,12.5,0.0,0.0,18,22.2,33.3,5.6
3475,2026-04-02,2026-10-01,97,20,9,3,6,2,0,0,30.0,15.0,0.09,2.1,20,25.0,15.0,10.0
3477,2026-04-02,2026-10-01,95,4,2,0,2,0,0,0,50.0,0.0,0.03,0.0,14,14.3,35.7,28.6
3478,2026-04-02,2026-10-01,110,15,10,3,1,1,0,0,6.7,20.0,0.01,0.0,17,11.8,11.8,5.9
3482,2026-04-02,2026-10-01,127,17,7,4,3,2,0,1,17.6,23.5,-0.04,0.0,23,21.7,8.7,30.4
3484,2026-04-02,2026-10-01,124,27,16,4,4,2,1,0,14.8,14.8,0.02,1.7,25,4.0,16.0,16.0
3489,2026-04-02,2026-10-01,154,38,21,4,7,3,3,0,18.4,10.5,0.16,6.6,29,6.9,6.9,0.0
3497,2026-04-02,2026-10-01,96,13,7,2,1,2,1,0,7.7,15.4,-0.05,0.0,15,6.7,33.3,0.0
3499,2026-04-02,2026-10-01,106,16,11,1,1,1,2,0,6.2,6.2,0.16,5.7,24,0.0,25.0,16.7
3502,2026-04-02,2026-10-01,129,20,11,1,5,2,1,0,25.0,5.0,0.17,5.5,23,13.0,17.4,17.4
3503,2026-04-02,2026-10-01,110,3,0,0,1,2,0,0,33.3,0.0,-0.08,0.0,13,38.5,53.8,7.7
3505,2026-04-02,2026-10-01,114,20,11,4,4,1,0,0,20.0,20.0,0.02,0.9,20,5.0,25.0,10.0
3507,2026-04-02,2026-10-01,84,6,4,1,1,0,0,0,16.7,16.7,0.37,10.7,12,33.3,8.3,25.0
3508,2026-04-02,2026-10-01,114,17,10,2,3,2,0,0,17.6,11.8,0.0,0.9,19,21.1,15.8,5.3
3509,2026-04-02,2026-10-01,94,3,1,0,2,0,0,0,66.7,0.0,0.0,0.0,10,30.0,50.0,0.0
3514,2026-04-02,2026-10-01,129,28,15,2,7,4,0,0,25.0,7.1,0.02,0.8,27,11.1,14.8,11.1
3516,2026-04-02,2026-10-01,102,11,5,1,4,0,0,1,36.4,9.1,-0.05,1.0,17,47.1,17.6,0.0
3517,2026-04-02,2026-10-01,137,26,12,4,7,3,0,0,26.9,15.4,0.25,8.8,19,15.8,10.5,10.5
3518,2026-04-02,2026-10-01,97,5,3,1,1,0,0,0,20.0,20.0,-0.03,1.0,13,15.4,53.8,7.7
3519,2026-04-02,2026-10-01,91,5,2,0,0,2,0,1,0.0,0.0,-0.06,0.0,13,23.1,30.8,15.4
3523,2026-04-02,2026-10-01,84,6,5,0,0,0,1,0,0.0,0.0,-0.07,0.0,11,18.2,18.2,0.0
3527,2026-04-02,2026-10-01,116,13,8,3,0,1,1,0,0.0,23.1,0.01,0.0,19,26.3,0.0,15.8
3528,2026-04-02,2026-10-01,95,8,2,0,4,1,1,0,50.0,0.0,-0.03,0.0,16,31.2,31.2,18.8
3532,2026-04-02,2026-10-01,86,18,9,3,5,0,0,1,27.8,16.7,0.82,24.7,16,12.5,18.8,12.5
3535,2026-04-02,2026-10-01,88,5,3,1,0,0,1,0,0.0,20.0,-0.05,0.0,12,0.0,33.3,16.7
3538,2026-04-02,2026-10-01,83,4,2,0,2,0,0,0,50.0,0.0,-0.01,1.2,13,23.1,23.1,30.8
3539,2026-04-02,2026-10-01,115,7,4,1,0,2,0,0,0.0,14.3,0.29,9.7,13,38.5,7.7,23.1
3541,2026-04-02,2026-10-01,123,29,16,6,6,1,0,0,20.7,20.7,0.05,1.6,26,15.4,7.7,7.7
3542,2026-04-02,2026-10-01,108,7,4,1,1,0,1,0,14.3,14.3,1.42,44.9,20,10.0,40.0,15.0
3543,2026-04-02,2026-10-01,70,8,6,1,0,0,1,0,0.0,12.5,-0.01,0.0,11,27.3,9.1,0.0
3544,2026-04-02,2026-10-01,102,9,3,3,1,1,1,0,11.1,33.3,-0.11,0.0,16,25.0,25.0,6.2
3546,2026-04-02,2026-10-01,107,11,4,1,3,1,1,1,27.3,9.1,0.1,1.9,17,0.0,47.1,17.6
3548,2026-04-02,2026-10-01,138,22,13,1,4,4,0,0,18.2,4.5,0.03,0.0,25,8.0,8.0,16.0
3550,2026-04-02,2026-10-01,127,24,10,0,13,1,0,0,54.2,0.0,0.06,1.6,23,8.7,17.4,17.4
3551,2026-04-02,2026-10-01,89,4,1,0,0,1,0,2,0.0,0.0,0.01,0.0,10,10.0,60.0,20.0
3554,2026-04-02,2026-10-01,148,36,20,6,2,5,3,0,5.6,16.7,0.43,12.3,33,9.1,3.0,15.2
3556,2026-04-02,2026-10-01,130,44,27,2,7,4,4,0,15.9,4.5,0.01,0.0,36,5.6,11.1,2.8
3557,2026-04-02,2026-10-01,158,26,13,1,8,3,1,0,30.8,3.8,0.02,0.6,30,10.0,6.7,30.0
3558,2026-04-02,2026-10-01,101,11,8,0,1,2,0,0,9.1,0.0,0.21,4.0,17,5.9,17.6,23.5
3562,2026-04-02,2026-10-01,142,34,18,4,10,1,1,0,29.4,11.8,0.1,2.2,29,10.3,6.9,13.8
3563,2026-04-02,2026-10-01,124,21,12,1,3,1,4,0,14.3,4.8,0.45,12.9,29,10.3,17.2,13.8
3564,2026-04-02,2026-10-01,110,13,4,2,4,2,1,0,30.8,15.4,-0.01,0.9,16,18.8,31.2,18.8
3566,2026-04-02,2026-10-01,104,10,5,1,2,1,1,0,20.0,10.0,0.05,2.1,15,13.3,26.7,20.0
3567,2026-04-02,2026-10-01,72,3,3,0,0,0,0,0,0.0,0.0,-0.06,0.0,12,33.3,25.0,0.0
3568,2026-04-02,2026-10-01,107,9,6,1,0,2,0,0,0.0,11.1,0.19,4.9,14,42.9,7.1,7.1
3569,2026-04-02,2026-10-01,94,3,3,0,0,0,0,0,0.0,0.0,0.0,0.0,16,31.2,18.8,18.8
3572,2026-04-02,2026-10-01,103,14,8,3,2,1,0,0,14.3,21.4,0.12,3.0,16,25.0,12.5,6.2
3574,2026-04-02,2026-10-01,120,27,15,4,4,0,4,0,14.8,14.8,1.26,41.0,29,13.8,10.3,13.8
3576,2026-04-02,2026-10-01,106,22,11,2,3,3,3,0,13.6,9.1,0.22,3.8,25,16.0,20.0,16.0
3577,2026-04-02,2026-10-01,95,7,2,1,3,1,0,0,42.9,14.3,-0.12,1.1,14,50.0,28.6,7.1
3578,2026-04-02,2026-10-01,48,4,3,0,1,0,0,0,25.0,0.0,-0.02,0.0,8,25.0,25.0,0.0
3579,2026-04-02,2026-10-01,76,7,2,2,2,1,0,0,28.6,28.6,0.03,0.0,10,50.0,10.0,10.0
3580,2026-04-02,2026-10-01,105,5,5,0,0,0,0,0,0.0,0.0,-0.04,0.0,17,17.6,11.8,35.3
3581,2026-04-02,2026-10-01,112,16,7,1,1,2,4,1,6.2,6.2,0.06,0.0,19,5.3,5.3,26.3
3582,2026-04-02,2026-10-01,119,38,15,8,6,3,4,2,15.8,21.1,0.98,30.2,27,14.8,14.8,7.4
3583,2026-04-02,2026-10-01,88,5,3,0,0,2,0,0,0.0,0.0,-0.07,0.0,13,15.4,53.8,7.7
3584,2026-04-02,2026-10-01,103,9,5,3,1,0,0,0,11.1,33.3,-0.03,0.0,16,31.2,18.8,12.5
3587,2026-04-02,2026-10-01,90,5,2,0,2,0,1,0,40.0,0.0,-0.1,0.0,13,15.4,23.1,23.1
3589,2026-04-02,2026-10-01,90,11,8,0,3,0,0,0,27.3,0.0,-0.03,1.1,14,14.3,14.3,14.3
3590,2026-04-02,2026-10-01,130,35,19,3,9,3,1,0,25.7,8.6,0.03,0.0,29,6.9,17.2,3.4
3591,2026-04-02,2026-10-01,60,3,2,0,0,0,1,0,0.0,0.0,-0.05,0.0,10,10.0,40.0,10.0
3596,2026-04-02,2026-10-01,80,5,5,0,0,0,0,0,0.0,0.0,-0.06,0.0,9,11.1,22.2,11.1
3602,2026-04-02,2026-10-01,102,7,3,2,1,1,0,0,14.3,28.6,-0.04,0.0,15,33.3,26.7,20.0
3604,2026-04-02,2026-10-01,94,7,5,0,1,0,1,0,14.3,0.0,0.02,1.1,14,14.3,50.0,0.0
3605,2026-04-02,2026-10-01,96,4,3,1,0,0,0,0,0.0,25.0,-0.05,0.0,12,16.7,25.0,33.3
3606,2026-04-02,2026-10-01,112,16,7,3,2,3,1,0,12.5,18.8,-0.04,0.0,19,21.1,10.5,31.6
3611,2026-04-02,2026-10-01,124,23,16,1,2,3,1,0,8.7,4.3,0.02,0.0,25,8.0,8.0,16.0
3612,2026-04-02,2026-10-01,152,44,23,6,8,4,3,0,18.2,13.6,0.27,7.4,39,7.7,7.7,23.1
3613,2026-04-02,2026-10-01,132,25,16,4,2,1,2,0,8.0,16.0,0.05,0.0,25,4.0,8.0,12.0
3614,2026-04-02,2026-10-01,125,7,3,1,3,0,0,0,42.9,14.3,-0.03,0.0,17,29.4,29.4,17.6
3615,2026-04-02,2026-10-01,99,9,7,1,0,1,0,0,0.0,11.1,0.0,0.0,16,12.5,31.2,6.2
3616,2026-04-02,2026-10-01,78,4,1,3,0,0,0,0,0.0,75.0,0.0,0.0,9,55.6,22.2,11.1
3617,2026-04-02,2026-10-01,89,13,6,0,4,1,1,1,30.8,0.0,0.01,0.0,14,0.0,28.6,28.6
3618,2026-04-02,2026-10-01,140,35,20,3,8,3,1,0,22.9,8.6,0.03,0.0,34,5.9,17.6,14.7
3619,2026-04-02,2026-10-01,104,8,6,1,0,1,0,0,0.0,12.5,0.08,3.1,16,12.5,25.0,12.5
3620,2026-04-02,2026-10-01,90,3,1,1,0,1,0,0,0.0,33.3,0.02,1.1,12,25.0,33.3,16.7
3621,2026-04-02,2026-10-01,35,5,1,1,0,3,0,0,0.0,20.0,0.21,6.1,6,0.0,0.0,33.3
3623,2026-04-02,2026-10-01,111,39,22,10,4,0,3,0,10.3,25.6,1.45,45.9,33,3.0,15.2,12.1
3627,2026-04-02,2026-10-01,104,12,9,0,2,0,1,0,16.7,0.0,0.47,14.4,21,19.0,14.3,14.3
3629,2026-04-02,2026-10-01,78,12,6,3,1,1,1,0,8.3,25.0,0.06,5.1,14,21.4,21.4,0.0
3630,2026-04-02,2026-10-01,80,1,0,0,1,0,0,0,100.0,0.0,-0.04,0.0,10,50.0,10.0,30.0
3631,2026-04-02,2026-10-01,47,0,0,0,0,0,0,0,,,-0.07,0.0,6,16.7,66.7,16.7
3635,2026-04-02,2026-10-01,99,11,7,1,0,2,1,0,0.0,9.1,-0.03,0.0,17,23.5,23.5,0.0
3637,2026-04-02,2026-10-01,86,3,2,0,0,1,0,0,0.0,0.0,-0.16,0.0,10,30.0,10.0,20.0
3641,2026-04-02,2026-10-01,142,34,18,5,3,5,3,0,8.8,14.7,0.03,2.1,27,3.7,11.1,7.4
3642,2026-04-02,2026-10-01,89,9,4,2,1,2,0,0,11.1,22.2,0.01,0.0,10,0.0,40.0,20.0
3643,2026-04-02,2026-10-01,99,16,9,0,2,1,4,0,12.5,0.0,0.02,1.0,18,5.6,22.2,11.1
3645,2026-04-02,2026-10-01,40,6,2,1,3,0,0,0,50.0,16.7,0.0,0.0,5,20.0,40.0,0.0
3647,2026-04-02,2026-10-01,116,5,4,1,0,0,0,0,0.0,20.0,-0.14,0.0,15,26.7,40.0,0.0
3652,2026-04-02,2026-10-01,91,7,7,0,0,0,0,0,0.0,0.0,-0.04,0.0,12,0.0,8.3,16.7
3653,2026-04-02,2026-10-01,84,4,3,0,0,1,0,0,0.0,0.0,-0.06,0.0,15,20.0,33.3,20.0
3654,2026-04-02,2026-10-01,129,42,21,5,9,4,3,0,21.4,11.9,0.19,5.4,28,7.1,7.1,7.1
3655,2026-04-02,2026-10-01,107,10,7,0,0,2,0,1,0.0,0.0,0.08,1.9,22,22.7,9.1,27.3
3656,2026-04-02,2026-10-01,78,6,3,0,2,1,0,0,33.3,0.0,-0.05,0.0,12,25.0,25.0,0.0
3659,2026-04-02,2026-10-01,98,10,9,1,0,0,0,0,0.0,10.0,0.06,2.1,13,0.0,7.7,23.1
3660,2026-04-02,2026-10-01,103,3,3,0,0,0,0,0,0.0,0.0,-0.12,0.0,15,40.0,26.7,13.3
3661,2026-04-02,2026-10-01,118,12,7,0,0,0,5,0,0.0,0.0,0.03,0.0,21,14.3,28.6,4.8
3662,2026-04-02,2026-10-01,114,22,9,3,5,3,2,0,22.7,13.6,0.02,0.9,20,10.0,15.0,10.0
3663,2026-04-02,2026-10-01,115,15,10,1,1,2,1,0,6.7,6.7,-0.01,0.0,21,19.0,9.5,19.0
3664,2026-04-02,2026-10-01,88,11,7,2,1,0,1,0,9.1,18.2,-0.03,0.0,15,6.7,20.0,26.7
3679,2026-04-02,2026-10-01,141,30,21,4,2,2,1,0,6.7,13.3,0.04,1.4,29,0.0,13.8,10.3
3680,2026-04-02,2026-10-01,124,7,4,0,2,1,0,0,28.6,0.0,-0.05,0.0,18,11.1,38.9,22.2
3681,2026-04-02,2026-10-01,86,12,7,1,0,3,1,0,0.0,8.3,-0.08,0.0,14,14.3,7.1,21.4
3684,2026-04-02,2026-10-01,94,14,8,3,1,0,2,0,7.1,21.4,0.0,0.0,16,6.2,25.0,18.8
3685,2026-04-02,2026-10-01,105,22,8,1,5,5,3,0,22.7,4.5,-0.04,1.9,17,5.9,29.4,0.0
3686,2026-04-02,2026-10-01,103,23,11,5,6,1,0,0,26.1,21.7,-0.01,0.0,18,16.7,22.2,0.0
3687,2026-04-02,2026-10-01,108,14,10,0,2,2,0,0,14.3,0.0,0.56,16.8,20,20.0,20.0,10.0
3690,2026-04-02,2026-10-01,119,12,5,3,2,1,1,0,16.7,25.0,-0.08,0.0,22,36.4,13.6,18.2
3692,2026-04-02,2026-10-01,133,21,13,1,6,0,1,0,28.6,4.8,0.0,0.0,25,20.0,4.0,8.0
3696,2026-04-02,2026-10-01,102,12,6,1,2,1,1,1,16.7,8.3,-0.01,0.0,17,29.4,23.5,5.9
3699,2026-04-02,2026-10-01,82,5,1,2,1,0,1,0,20.0,40.0,-0.05,0.0,9,66.7,0.0,22.2
3701,2026-04-02,2026-10-01,107,7,4,1,1,1,0,0,14.3,14.3,-0.05,0.0,13,15.4,7.7,30.8
3703,2026-04-02,2026-10-01,113,24,10,2,1,4,6,1,4.2,8.3,0.32,7.3,28,25.0,21.4,7.1
3704,2026-04-02,2026-10-01,63,1,1,0,0,0,0,0,0.0,0.0,-0.02,0.0,9,22.2,44.4,11.1
3708,2026-04-02,2026-10-01,105,16,10,1,3,1,1,0,18.8,6.2,0.05,2.0,19,0.0,15.8,26.3
3710,2026-04-02,2026-10-01,116,10,6,2,0,1,1,0,0.0,20.0,0.02,2.6,16,25.0,12.5,6.2
3711,2026-04-02,2026-10-01,130,20,10,4,3,1,2,0,15.0,20.0,-0.06,0.0,26,23.1,19.2,15.4
3712,2026-04-02,2026-10-01,98,13,12,1,0,0,0,0,0.0,7.7,-0.01,0.0,17,11.8,11.8,5.9
3713,2026-04-02,2026-10-01,118,22,14,1,5,2,0,0,22.7,4.5,0.01,0.9,21,4.8,9.5,14.3
3714,2026-04-02,2026-10-01,97,4,4,0,0,0,0,0,0.0,0.0,-0.04,0.0,11,9.1,18.2,27.3
3715,2026-04-02,2026-10-01,83,10,6,2,1,0,1,0,10.0,20.0,-0.02,0.0,16,37.5,6.2,12.5
3716,2026-04-02,2026-10-01,118,26,17,0,7,1,1,0,26.9,0.0,0.03,0.0,27,18.5,7.4,7.4
3717,2026-04-02,2026-10-01,102,15,9,3,1,2,0,0,6.7,20.0,-0.09,0.0,17,35.3,5.9,5.9
3718,2026-04-02,2026-10-01,104,14,9,3,2,0,0,0,14.3,21.4,-0.13,0.0,16,6.2,18.8,12.5
3719,2026-04-02,2026-10-01,111,25,17,2,2,4,0,0,8.0,8.0,0.03,1.8,21,14.3,0.0,4.8
3721,2026-04-02,2026-10-01,149,48,27,5,6,10,0,0,12.5,10.4,0.26,8.7,33,3.0,9.1,6.1
3722,2026-04-02,2026-10-01,92,5,2,1,2,0,0,0,40.0,20.0,-0.03,0.0,11,27.3,45.5,9.1
3726,2026-04-02,2026-10-01,77,10,1,2,4,1,1,1,40.0,20.0,0.0,0.0,12,25.0,16.7,16.7
3730,2026-04-02,2026-10-01,110,7,5,1,1,0,0,0,14.3,14.3,-0.02,0.0,17,23.5,17.6,11.8
3731,2026-04-02,2026-10-01,97,5,1,4,0,0,0,0,0.0,80.0,0.61,17.9,12,41.7,16.7,33.3
3736,2026-04-02,2026-10-01,2,0,0,0,0,0,0,0,,,0.0,0.0,0,,,
3737,2026-04-02,2026-10-01,111,34,21,3,3,2,3,2,8.8,8.8,0.07,3.6,30,3.3,10.0,10.0
3740,2026-04-02,2026-10-01,145,29,13,2,3,6,5,0,10.3,6.9,-0.02,0.0,29,13.8,3.4,24.1
3741,2026-04-02,2026-10-01,82,4,4,0,0,0,0,0,0.0,0.0,0.0,1.3,11,27.3,0.0,9.1
3742,2026-04-02,2026-10-01,89,14,7,2,2,3,0,0,14.3,14.3,0.05,1.1,13,23.1,7.7,15.4
3743,2026-04-02,2026-10-01,144,28,18,3,3,2,2,0,10.7,10.7,0.52,16.8,34,8.8,5.9,23.5
3744,2026-04-02,2026-10-01,146,40,24,8,1,3,3,1,2.5,20.0,0.18,6.8,36,8.3,8.3,5.6
3745,2026-04-02,2026-10-01,109,14,6,4,2,1,1,0,14.3,28.6,0.03,0.0,16,25.0,12.5,25.0
3746,2026-04-02,2026-10-01,135,23,14,6,1,1,1,0,4.3,26.1,0.02,0.0,27,7.4,14.8,22.2
3747,2026-04-02,2026-10-01,106,17,9,2,2,3,1,0,11.8,11.8,-0.08,0.0,19,21.1,15.8,5.3
3748,2026-04-02,2026-10-01,84,6,2,0,1,3,0,0,16.7,0.0,-0.14,0.0,8,37.5,12.5,25.0
3752,2026-04-02,2026-10-01,105,8,3,3,1,1,0,0,12.5,37.5,-0.01,1.0,15,26.7,26.7,20.0
3757,2026-04-02,2026-10-01,102,16,9,0,5,1,1,0,31.2,0.0,0.03,0.0,21,14.3,23.8,19.0
3761,2026-04-02,2026-10-01,94,14,6,1,5,1,1,0,35.7,7.1,0.03,0.0,14,14.3,28.6,7.1
3769,2026-04-02,2026-10-01,107,13,10,0,0,1,2,0,0.0,0.0,0.07,1.0,21,4.8,23.8,23.8
3771,2026-04-02,2026-10-01,114,18,10,0,2,3,3,0,11.1,0.0,0.04,0.9,18,16.7,11.1,11.1
3772,2026-04-02,2026-10-01,97,7,5,1,0,1,0,0,0.0,14.3,-0.06,0.0,17,35.3,23.5,11.8
3773,2026-04-02,2026-10-01,98,6,5,0,1,0,0,0,16.7,0.0,0.03,0.0,15,13.3,13.3,26.7
3775,2026-04-02,2026-10-01,117,8,1,1,3,1,2,0,37.5,12.5,-0.05,0.0,14,50.0,14.3,14.3
3776,2026-04-02,2026-10-01,99,1,0,0,0,0,1,0,0.0,0.0,-0.13,0.0,12,8.3,66.7,8.3
3777,2026-04-02,2026-10-01,116,16,8,2,2,2,2,0,12.5,12.5,-0.03,0.0,19,15.8,15.8,15.8
3778,2026-04-02,2026-10-01,56,0,0,0,0,0,0,0,,,-0.07,0.0,7,14.3,57.1,28.6
3779,2026-04-02,2026-10-01,122,28,18,1,6,2,1,0,21.4,3.6,0.12,4.1,26,0.0,15.4,7.7
3783,2026-04-02,2026-10-01,147,31,17,4,6,3,1,0,19.4,12.9,0.03,1.4,32,18.8,6.2,15.6
3784,2026-04-02,2026-10-01,104,11,5,1,3,2,0,0,27.3,9.1,-0.02,0.0,15,13.3,26.7,13.3
3787,2026-04-02,2026-10-01,64,4,2,0,1,0,1,0,25.0,0.0,-0.03,0.0,10,30.0,20.0,10.0
3788,2026-04-02,2026-10-01,38,7,3,1,1,1,1,0,14.3,14.3,0.32,5.4,5,0.0,0.0,20.0
3790,2026-04-02,2026-10-01,111,9,5,1,1,0,1,1,11.1,11.1,0.02,0.9,16,25.0,12.5,31.2
3792,2026-04-02,2026-10-01,96,19,11,2,2,2,2,0,10.5,10.5,-0.03,0.0,19,15.8,5.3,10.5
3793,2026-04-02,2026-10-01,104,8,5,2,0,1,0,0,0.0,25.0,-0.16,0.0,15,26.7,13.3,26.7
3796,2026-04-02,2026-10-01,110,9,6,2,0,0,1,0,0.0,22.2,-0.1,0.0,17,17.6,35.3,0.0
3797,2026-04-02,2026-10-01,114,4,3,1,0,0,0,0,0.0,25.0,-0.06,0.0,14,28.6,42.9,7.1
3800,2026-04-02,2026-10-01,103,16,9,1,2,2,2,0,12.5,6.2,-0.03,0.0,19,31.6,5.3,15.8
3801,2026-04-02,2026-10-01,81,11,4,0,7,0,0,0,63.6,0.0,0.0,1.2,11,9.1,45.5,9.1
3804,2026-04-02,2026-10-01,129,17,9,3,1,2,2,0,5.9,17.6,0.02,0.0,20,20.0,10.0,15.0
3805,2026-04-02,2026-10-01,116,10,3,1,2,4,0,0,20.0,10.0,0.06,0.0,21,28.6,19.0,19.0
3807,2026-04-02,2026-10-01,128,13,8,2,2,0,1,0,15.4,15.4,-0.02,0.0,22,18.2,18.2,13.6
3808,2026-04-02,2026-10-01,83,7,5,0,0,1,1,0,0.0,0.0,-0.06,0.0,12,25.0,16.7,0.0
3809,2026-04-02,2026-10-01,101,5,2,0,0,3,0,0,0.0,0.0,-0.13,0.0,4,25.0,0.0,25.0
3811,2026-04-02,2026-10-01,140,37,18,1,4,8,6,0,10.8,2.7,0.04,0.7,33,12.1,9.1,6.1
3812,2026-04-02,2026-10-01,87,5,4,1,0,0,0,0,0.0,20.0,-0.01,0.0,15,26.7,13.3,20.0
3813,2026-04-02,2026-10-01,122,32,18,6,2,3,3,0,6.2,18.8,0.07,1.7,26,11.5,0.0,7.7
3814,2026-04-02,2026-10-01,121,11,5,3,0,3,0,0,0.0,27.3,0.01,0.0,17,17.6,29.4,23.5
3820,2026-04-02,2026-10-01,23,0,0,0,0,0,0,0,,,1.05,30.0,3,100.0,0.0,0.0
3822,2026-04-02,2026-10-01,117,28,12,3,9,3,1,0,32.1,10.7,0.12,2.6,23,4.3,17.4,21.7
3825,2026-04-02,2026-10-01,80,12,5,0,6,1,0,0,50.0,0.0,0.0,1.3,13,30.8,15.4,7.7
3826,2026-04-02,2026-10-01,129,20,9,4,2,2,3,0,10.0,20.0,0.02,0.8,26,23.1,7.7,19.2
3827,2026-04-02,2026-10-01,112,6,4,0,1,0,1,0,16.7,0.0,-0.06,0.0,14,21.4,7.1,35.7
3828,2026-04-02,2026-10-01,89,11,4,2,2,3,0,0,18.2,18.2,-0.08,0.0,12,8.3,41.7,0.0
3831,2026-04-02,2026-10-01,110,12,5,1,5,0,1,0,41.7,8.3,0.04,0.9,17,23.5,23.5,11.8
3832,2026-04-02,2026-10-01,58,2,1,0,1,0,0,0,50.0,0.0,-0.13,0.0,7,28.6,14.3,28.6
3833,2026-04-02,2026-10-01,128,35,20,5,2,7,1,0,5.7,14.3,0.03,0.8,30,3.3,3.3,23.3
3834,2026-04-02,2026-10-01,94,7,5,0,2,0,0,0,28.6,0.0,-0.07,1.1,13,7.7,15.4,30.8
3837,2026-04-02,2026-10-01,136,36,20,9,1,5,1,0,2.8,25.0,-0.01,0.0,26,3.8,11.5,3.8
3838,2026-04-02,2026-10-01,108,16,8,2,2,4,0,0,12.5,12.5,-0.04,0.0,16,25.0,6.2,12.5
3839,2026-04-02,2026-10-01,100,2,1,0,0,1,0,0,0.0,0.0,-0.17,0.0,14,28.6,42.9,7.1
3841,2026-04-02,2026-10-01,145,35,20,7,3,3,2,0,8.6,20.0,0.03,0.7,30,3.3,6.7,16.7
3842,2026-04-02,2026-10-01,92,13,5,5,1,1,1,0,7.7,38.5,-0.03,0.0,15,26.7,13.3,6.7
3843,2026-04-02,2026-10-01,114,18,8,2,7,1,0,0,38.9,11.1,0.02,0.0,17,11.8,11.8,17.6
3845,2026-04-02,2026-10-01,88,21,12,6,2,1,0,0,9.5,28.6,0.29,9.2,17,5.9,5.9,5.9
3848,2026-04-02,2026-10-01,98,9,8,0,1,0,0,0,11.1,0.0,-0.27,0.0,15,0.0,13.3,20.0
3849,2026-04-02,2026-10-01,21,4,3,0,0,1,0,0,0.0,0.0,1.24,42.9,4,0.0,25.0,0.0
3850,2026-04-02,2026-10-01,115,16,8,0,5,1,2,0,31.2,0.0,-0.03,0.0,18,11.1,11.1,22.2
3852,2026-04-02,2026-10-01,115,20,11,2,3,3,1,0,15.0,10.0,0.06,1.8,20,15.0,25.0,5.0
3853,2026-04-02,2026-10-01,124,29,16,5,4,2,2,0,13.8,17.2,0.02,1.7,24,12.5,8.3,8.3
3854,2026-04-02,2026-10-01,112,32,19,5,5,2,0,1,15.6,15.6,0.09,2.7,28,17.9,7.1,3.6
3857,2026-04-02,2026-10-01,112,16,5,1,8,0,2,0,50.0,6.2,-0.36,0.9,16,18.8,12.5,18.8
3859,2026-04-02,2026-10-01,102,7,5,0,1,1,0,0,14.3,0.0,-0.02,0.0,15,13.3,13.3,26.7
3860,2026-04-02,2026-10-01,97,5,3,2,0,0,0,0,0.0,40.0,-0.09,0.0,12,41.7,16.7,16.7
3863,2026-04-02,2026-10-01,115,9,5,0,4,0,0,0,44.4,0.0,0.0,0.9,15,13.3,33.3,20.0
3866,2026-04-02,2026-10-01,91,6,4,0,0,2,0,0,0.0,0.0,-0.06,0.0,15,20.0,13.3,26.7
3867,2026-04-02,2026-10-01,92,0,0,0,0,0,0,0,,,-0.18,0.0,11,45.5,18.2,18.2
3868,2026-04-02,2026-10-01,98,12,4,2,4,1,1,0,33.3,16.7,-0.02,0.0,13,15.4,15.4,30.8
3869,2026-04-02,2026-10-01,87,6,5,1,0,0,0,0,0.0,16.7,-0.01,0.0,11,18.2,9.1,27.3
3870,2026-04-02,2026-10-01,111,10,5,1,1,2,1,0,10.0,10.0,0.0,0.0,14,14.3,35.7,0.0
3871,2026-04-02,2026-10-01,59,2,1,0,0,1,0,0,0.0,0.0,-0.05,0.0,8,37.5,37.5,0.0
3872,2026-04-02,2026-10-01,116,20,12,0,5,2,1,0,25.0,0.0,0.51,14.2,31,12.9,29.0,3.2
3873,2026-04-02,2026-10-01,94,13,5,0,4,3,1,0,30.8,0.0,-0.05,0.0,14,14.3,28.6,14.3
3874,2026-04-02,2026-10-01,125,38,19,3,2,11,3,0,5.3,7.9,-0.01,0.8,25,4.0,4.0,12.0
3875,2026-04-02,2026-10-01,108,11,9,0,1,1,0,0,9.1,0.0,-0.01,1.9,16,6.2,12.5,12.5
3876,2026-04-02,2026-10-01,89,35,20,0,7,5,2,1,20.0,0.0,0.15,6.9,29,6.9,10.3,10.3
3878,2026-04-02,2026-10-01,97,9,3,2,3,1,0,0,33.3,22.2,-0.05,0.0,12,41.7,8.3,16.7
3880,2026-04-02,2026-10-01,95,5,4,0,0,1,0,0,0.0,0.0,0.03,1.1,16,12.5,18.8,25.0
3882,2026-04-02,2026-10-01,102,11,4,3,1,2,1,0,9.1,27.3,-0.01,0.0,15,53.3,0.0,6.7
3885,2026-04-02,2026-10-01,118,14,8,4,0,1,1,0,0.0,28.6,-0.02,0.0,19,15.8,42.1,0.0
3888,2026-04-02,2026-10-01,133,27,12,2,6,3,4,0,22.2,7.4,0.02,0.8,26,15.4,11.5,7.7
3889,2026-04-02,2026-10-01,85,5,4,0,0,1,0,0,0.0,0.0,-0.01,0.0,13,30.8,7.7,15.4
3891,2026-04-02,2026-10-01,120,7,6,0,1,0,0,0,14.3,0.0,0.01,0.9,14,14.3,21.4,21.4
3892,2026-04-02,2026-10-01,104,14,9,2,1,0,2,0,7.1,14.3,0.04,1.0,17,23.5,11.8,11.8
3893,2026-04-02,2026-10-01,101,20,9,5,5,1,0,0,25.0,25.0,-0.07,0.0,14,14.3,7.1,14.3
3895,2026-04-02,2026-10-01,37,2,0,1,1,0,0,0,50.0,50.0,-0.03,0.0,4,25.0,50.0,0.0
3896,2026-04-02,2026-10-01,81,9,7,0,1,1,0,0,11.1,0.0,-0.01,0.0,12,0.0,25.0,8.3
3897,2026-04-02,2026-10-01,120,36,23,3,2,6,2,0,5.6,8.3,0.09,3.3,27,7.4,3.7,3.7
3898,2026-04-02,2026-10-01,147,55,33,9,2,4,7,0,3.6,16.4,0.03,2.1,42,0.0,11.9,4.8
3900,2026-04-02,2026-10-01,109,24,14,1,5,4,0,0,20.8,4.2,-0.02,0.0,23,8.7,13.0,13.0
3901,2026-04-02,2026-10-01,117,16,11,1,3,0,1,0,18.8,6.2,-0.05,0.0,16,6.2,6.2,12.5
3904,2026-04-02,2026-10-01,95,10,4,1,3,1,1,0,30.0,10.0,0.01,0.0,16,25.0,12.5,31.2
3905,2026-04-02,2026-10-01,133,22,15,2,3,1,0,1,13.6,9.1,0.0,0.0,25,16.0,16.0,8.0
3906,2026-04-02,2026-10-01,103,6,4,1,0,1,0,0,0.0,16.7,-0.12,0.0,13,30.8,15.4,7.7
3907,2026-04-02,2026-10-01,124,31,18,2,6,3,2,0,19.4,6.5,-0.04,0.0,24,4.2,16.7,4.2
3908,2026-04-02,2026-10-01,141,35,19,5,1,4,5,1,2.9,14.3,-0.04,1.4,34,17.6,14.7,0.0
3909,2026-04-02,2026-10-01,124,40,25,4,6,5,0,0,15.0,10.0,0.24,9.7,28,0.0,0.0,7.1
3910,2026-04-02,2026-10-01,97,11,5,5,0,1,0,0,0.0,45.5,-0.04,0.0,13,23.1,30.8,0.0
3911,2026-04-02,2026-10-01,128,16,6,1,3,3,2,1,18.8,6.2,-0.03,0.0,22,18.2,18.2,22.7
3912,2026-04-02,2026-10-01,132,39,17,3,14,5,0,0,35.9,7.7,0.05,1.5,24,4.2,8.3,16.7
3915,2026-04-02,2026-10-01,131,34,15,5,5,7,2,0,14.7,14.7,0.0,0.0,25,8.0,16.0,8.0
3918,2026-04-02,2026-10-01,128,32,16,4,3,2,6,1,9.4,12.5,0.01,0.0,28,10.7,10.7,17.9
3920,2026-04-02,2026-10-01,78,7,2,2,2,0,1,0,28.6,28.6,0.96,30.7,15,26.7,26.7,20.0
3922,2026-04-02,2026-10-01,105,7,3,1,0,1,1,1,0.0,14.3,0.0,0.0,15,20.0,40.0,13.3
3928,2026-04-02,2026-10-01,97,8,6,1,0,0,1,0,0.0,12.5,-0.06,0.0,12,8.3,33.3,0.0
3929,2026-04-02,2026-10-01,115,10,6,1,1,1,0,1,10.0,10.0,-0.04,0.0,16,18.8,12.5,18.8
3930,2026-04-02,2026-10-01,116,23,12,1,5,4,1,0,21.7,4.3,-0.03,0.0,20,0.0,15.0,10.0
3931,2026-04-02,2026-10-01,120,26,13,0,5,3,5,0,19.2,0.0,-0.06,0.0,20,5.0,5.0,5.0
3932,2026-04-02,2026-10-01,90,16,6,1,5,2,2,0,31.2,6.2,0.0,0.0,13,7.7,0.0,30.8
3933,2026-04-02,2026-10-01,127,28,7,10,4,5,2,0,14.3,35.7,0.92,32.3,22,13.6,31.8,22.7
3934,2026-04-02,2026-10-01,139,12,8,2,0,0,2,0,0.0,16.7,0.01,0.7,21,4.8,28.6,19.0
3935,2026-04-02,2026-10-01,104,16,7,3,3,1,2,0,18.8,18.8,-0.08,0.0,17,5.9,11.8,29.4
3939,2026-04-02,2026-10-01,81,13,6,5,0,0,1,1,0.0,38.5,-0.01,0.0,12,0.0,25.0,25.0
3940,2026-04-02,2026-10-01,138,28,12,2,9,2,3,0,32.1,7.1,0.02,0.7,30,20.0,6.7,26.7
3941,2026-04-02,2026-10-01,133,39,24,3,2,7,3,0,5.1,7.7,0.06,1.5,31,0.0,12.9,3.2
3942,2026-04-02,2026-10-01,114,25,16,5,1,2,1,0,4.0,20.0,0.04,0.0,28,14.3,10.7,10.7
3943,2026-04-02,2026-10-01,54,0,0,0,0,0,0,0,,,-0.33,0.0,5,20.0,40.0,20.0
3944,2026-04-02,2026-10-01,94,15,6,2,0,3,4,0,0.0,13.3,0.01,1.1,15,0.0,13.3,33.3
3945,2026-04-02,2026-10-01,83,6,3,0,2,1,0,0,33.3,0.0,-0.12,0.0,11,27.3,18.2,18.2
3946,2026-04-02,2026-10-01,143,50,25,8,9,6,1,1,18.0,16.0,0.98,29.4,34,5.9,2.9,17.6
3947,2026-04-02,2026-10-01,107,11,7,2,1,1,0,0,9.1,18.2,0.06,2.8,17,29.4,17.6,0.0
3948,2026-04-02,2026-10-01,86,0,0,0,0,0,0,0,,,-0.01,0.0,9,22.2,22.2,44.4
3949,2026-04-02,2026-10-01,83,0,0,0,0,0,0,0,,,-0.02,0.0,13,23.1,38.5,30.8
3950,2026-04-02,2026-10-01,81,1,1,0,0,0,0,0,0.0,0.0,0.0,2.5,10,20.0,40.0,10.0
3951,2026-04-02,2026-10-01,113,16,7,4,1,2,2,0,6.2,25.0,0.0,0.9,19,10.5,26.3,15.8
3952,2026-04-02,2026-10-01,143,44,21,4,9,9,1,0,20.5,9.1,0.03,0.7,30,16.7,6.7,3.3
3953,2026-04-02,2026-10-01,74,5,5,0,0,0,0,0,0.0,0.0,-0.1,0.0,10,0.0,20.0,30.0
3955,2026-04-02,2026-10-01,80,7,2,2,0,1,2,0,0.0,28.6,-0.01,0.0,10,30.0,30.0,20.0
3956,2026-04-02,2026-10-01,110,27,12,2,5,4,2,2,18.5,7.4,0.02,0.9,19,15.8,5.3,5.3
3957,2026-04-02,2026-10-01,120,10,5,1,2,1,1,0,20.0,10.0,0.0,0.0,19,36.8,21.1,10.5
3959,2026-04-02,2026-10-01,130,43,21,5,2,12,2,1,4.7,11.6,0.11,0.8,30,6.7,10.0,10.0
3960,2026-04-02,2026-10-01,129,31,17,2,9,2,1,0,29.0,6.5,0.09,1.6,29,3.4,17.2,13.8
3961,2026-04-02,2026-10-01,138,38,21,4,2,7,4,0,5.3,10.5,-0.01,0.0,29,6.9,0.0,17.2
3963,2026-04-02,2026-10-01,132,20,7,3,1,3,5,1,5.0,15.0,0.01,0.8,23,8.7,21.7,17.4
3964,2026-04-02,2026-10-01,104,4,2,0,1,0,1,0,25.0,0.0,-0.12,0.0,12,33.3,16.7,25.0
3965,2026-04-02,2026-10-01,135,37,14,3,14,4,2,0,37.8,8.1,0.01,0.7,25,4.0,24.0,8.0
3966,2026-04-02,2026-10-01,133,33,20,4,6,3,0,0,18.2,12.1,0.02,0.8,31,3.2,22.6,0.0
3967,2026-04-02,2026-10-01,94,6,6,0,0,0,0,0,0.0,0.0,-0.1,0.0,13,23.1,23.1,7.7
3968,2026-04-02,2026-10-01,100,15,8,2,0,1,3,1,0.0,13.3,0.01,0.0,15,20.0,6.7,6.7
3973,2026-04-02,2026-10-01,114,7,2,1,0,3,1,0,0.0,14.3,-0.1,0.0,16,43.8,25.0,18.8
3974,2026-04-02,2026-10-01,105,8,3,1,1,1,2,0,12.5,12.5,0.0,1.0,15,26.7,26.7,13.3
3975,2026-04-02,2026-10-01,130,30,20,4,5,1,0,0,16.7,13.3,-0.04,0.0,25,8.0,8.0,4.0
3976,2026-04-02,2026-10-01,94,8,3,1,1,1,2,0,12.5,12.5,0.01,0.0,14,35.7,21.4,7.1
3977,2026-04-02,2026-10-01,122,9,3,3,2,1,0,0,22.2,33.3,-0.03,0.0,16,37.5,25.0,12.5
3978,2026-04-02,2026-10-01,119,21,12,4,1,3,1,0,4.8,19.0,-0.04,0.0,23,17.4,13.0,8.7
3981,2026-04-02,2026-10-01,124,17,8,1,3,5,0,0,17.6,5.9,-0.2,0.8,13,7.7,30.8,0.0
3982,2026-04-02,2026-10-01,101,13,6,1,5,1,0,0,38.5,7.7,-0.01,0.0,16,18.8,12.5,25.0
3983,2026-04-02,2026-10-01,137,35,14,4,10,5,2,0,28.6,11.4,0.02,0.0,23,4.3,13.0,8.7
3984,2026-04-02,2026-10-01,152,31,21,4,1,4,1,0,3.2,12.9,0.07,0.7,31,9.7,3.2,19.4
3986,2026-04-02,2026-10-01,12,2,2,0,0,0,0,0,0.0,0.0,-0.08,0.0,2,0.0,0.0,0.0
3987,2026-04-02,2026-10-01,107,25,17,1,3,4,0,0,12.0,4.0,-0.04,0.0,22,4.5,4.5,4.5
3988,2026-04-02,2026-10-01,149,32,18,6,4,3,1,0,12.5,18.8,0.05,1.4,29,6.9,17.2,13.8
3989,2026-04-02,2026-10-01,96,7,3,4,0,0,0,0,0.0,57.1,-0.07,1.1,10,20.0,20.0,30.0
3990,2026-04-02,2026-10-01,106,12,4,0,5,0,3,0,41.7,0.0,-0.04,0.0,13,30.8,7.7,15.4
3992,2026-04-02,2026-10-01,81,13,7,1,1,3,0,1,7.7,7.7,-0.07,0.0,12,25.0,16.7,0.0
3993,2026-04-02,2026-10-01,101,19,8,5,4,1,1,0,21.1,26.3,0.04,0.0,16,6.2,25.0,18.8
3994,2026-04-02,2026-10-01,97,6,1,1,2,2,0,0,33.3,16.7,0.01,1.1,13,23.1,46.2,23.1
3995,2026-04-02,2026-10-01,82,18,11,1,3,3,0,0,16.7,5.6,0.02,0.0,17,0.0,11.8,23.5
3997,2026-04-02,2026-10-01,150,31,19,3,5,3,1,0,16.1,9.7,0.01,0.0,33,12.1,9.1,18.2
3998,2026-04-02,2026-10-01,114,10,7,1,0,2,0,0,0.0,10.0,0.01,0.0,19,15.8,21.1,26.3
3999,2026-04-02,2026-10-01,137,30,20,4,2,3,1,0,6.7,13.3,0.03,0.8,31,9.7,16.1,6.5
4000,2026-04-02,2026-10-01,150,29,13,2,9,1,4,0,31.0,6.9,-0.04,0.0,27,11.1,7.4,18.5
4002,2026-04-02,2026-10-01,133,39,22,6,4,5,1,1,10.3,15.4,0.17,3.8,33,9.1,15.2,3.0
4003,2026-04-02,2026-10-01,103,9,4,1,0,3,1,0,0.0,11.1,-0.02,0.0,15,26.7,33.3,6.7
4004,2026-04-02,2026-10-01,101,14,7,1,4,1,1,0,28.6,7.1,0.06,1.1,16,18.8,0.0,6.2
4006,2026-04-02,2026-10-01,109,15,5,1,1,5,2,1,6.7,6.7,-0.04,0.0,17,29.4,5.9,17.6
4007,2026-04-02,2026-10-01,113,18,11,2,4,1,0,0,22.2,11.1,0.04,2.8,18,11.1,0.0,5.6
4009,2026-04-02,2026-10-01,98,14,10,2,1,0,0,1,7.1,14.3,0.05,1.1,20,15.0,10.0,20.0
4010,2026-04-02,2026-10-01,86,9,6,0,1,0,2,0,11.1,0.0,-0.07,0.0,13,23.1,7.7,0.0
4011,2026-04-02,2026-10-01,132,32,10,4,11,2,5,0,34.4,12.5,-0.01,0.0,23,26.1,13.0,8.7
4012,2026-04-02,2026-10-01,101,28,14,3,5,5,1,0,17.9,10.7,0.23,6.9,18,5.6,11.1,5.6
4013,2026-04-02,2026-10-01,127,33,24,2,2,3,2,0,6.1,6.1,0.0,0.0,30,6.7,13.3,0.0
4014,2026-04-02,2026-10-01,107,25,15,0,5,1,4,0,20.0,0.0,0.03,1.0,25,8.0,4.0,12.0
4015,2026-04-02,2026-10-01,136,14,10,0,1,2,1,0,7.1,0.0,-0.11,0.0,22,9.1,22.7,9.1
4016,2026-04-02,2026-10-01,116,21,9,4,2,5,1,0,9.5,19.0,-0.05,0.0,16,6.2,18.8,12.5
4017,2026-04-02,2026-10-01,105,19,9,3,0,7,0,0,0.0,15.8,-0.04,0.0,17,17.6,17.6,5.9
4019,2026-04-02,2026-10-01,126,33,20,5,5,3,0,0,15.2,15.2,-0.03,0.0,31,6.5,9.7,12.9
4020,2026-04-02,2026-10-01,97,8,3,1,1,1,2,0,12.5,12.5,-0.3,0.0,11,27.3,9.1,18.2
4022,2026-04-02,2026-10-01,103,10,5,3,2,0,0,0,20.0,30.0,0.01,0.0,13,0.0,30.8,7.7
4023,2026-04-02,2026-10-01,97,5,2,1,1,1,0,0,20.0,20.0,-0.06,0.0,11,27.3,18.2,27.3
4024,2026-04-02,2026-10-01,128,32,12,4,8,4,4,0,25.0,12.5,0.02,0.0,24,4.2,25.0,4.2
4025,2026-04-02,2026-10-01,74,23,10,1,4,7,1,0,17.4,4.3,0.07,2.7,16,0.0,18.8,12.5
4027,2026-04-02,2026-10-01,89,20,10,3,3,4,0,0,15.0,15.0,0.02,1.1,17,11.8,17.6,5.9
4028,2026-04-02,2026-10-01,116,27,17,5,3,2,0,0,11.1,18.5,0.05,1.7,26,7.7,11.5,15.4
4030,2026-04-02,2026-10-01,131,20,13,1,1,2,2,1,5.0,5.0,-0.02,0.0,24,12.5,4.2,20.8
4031,2026-04-02,2026-10-01,102,12,3,2,2,1,4,0,16.7,16.7,-0.08,0.0,16,25.0,12.5,12.5
4033,2026-04-02,2026-10-01,121,29,18,3,2,3,3,0,6.9,10.3,-0.01,0.8,25,8.0,4.0,12.0
4034,2026-04-02,2026-10-01,108,6,4,1,0,1,0,0,0.0,16.7,-0.04,0.0,14,28.6,21.4,14.3
4035,2026-04-02,2026-10-01,115,8,5,1,1,0,1,0,12.5,12.5,-0.06,0.0,15,20.0,26.7,13.3
4036,2026-04-02,2026-10-01,128,31,17,3,7,3,1,0,22.6,9.7,0.06,1.6,28,10.7,17.9,7.1
4039,2026-04-02,2026-10-01,112,14,10,1,2,0,1,0,14.3,7.1,0.01,0.0,20,10.0,5.0,20.0
4040,2026-04-02,2026-10-01,132,34,18,2,4,8,2,0,11.8,5.9,0.01,0.8,24,8.3,4.2,12.5
4041,2026-04-02,2026-10-01,99,5,3,1,0,1,0,0,0.0,20.0,0.08,2.2,14,35.7,28.6,14.3
4042,2026-04-02,2026-10-01,108,30,19,4,3,3,1,0,10.0,13.3,0.0,0.0,27,0.0,25.9,0.0
4043,2026-04-02,2026-10-01,132,22,10,1,5,3,2,1,22.7,4.5,0.02,0.8,25,12.0,16.0,24.0
4044,2026-04-02,2026-10-01,104,18,12,0,3,2,0,1,16.7,0.0,0.1,3.8,20,20.0,0.0,10.0
4045,2026-04-02,2026-10-01,100,16,5,2,7,1,1,0,43.8,12.5,0.02,0.0,16,12.5,31.2,12.5
4047,2026-04-02,2026-10-01,84,6,5,1,0,0,0,0,0.0,16.7,-0.07,0.0,12,0.0,25.0,25.0
4049,2026-04-02,2026-10-01,131,28,21,3,0,2,2,0,0.0,10.7,0.16,6.1,29,0.0,13.8,6.9
4050,2026-04-02,2026-10-01,126,49,24,5,6,11,3,0,12.2,10.2,-0.01,0.0,32,3.1,6.2,6.2
4051,2026-04-02,2026-10-01,80,20,15,1,1,2,1,0,5.0,5.0,0.0,0.0,20,5.0,10.0,5.0
4052,2026-04-02,2026-10-01,104,23,14,2,2,5,0,0,8.7,8.7,0.01,0.0,18,0.0,16.7,5.6
4053,2026-04-02,2026-10-01,101,15,8,1,3,2,1,0,20.0,6.7,0.0,0.0,18,16.7,0.0,33.3
4054,2026-04-02,2026-10-01,101,13,9,1,2,1,0,0,15.4,7.7,-0.08,0.0,18,16.7,11.1,0.0
4055,2026-04-02,2026-10-01,147,36,18,11,1,2,3,1,2.8,30.6,0.14,5.4,26,3.8,11.5,7.7
4057,2026-04-02,2026-10-01,140,21,14,0,3,2,2,0,14.3,0.0,0.03,0.7,25,16.0,4.0,20.0
4058,2026-04-02,2026-10-01,148,25,16,3,2,2,2,0,8.0,12.0,0.07,1.4,33,24.2,12.1,12.1
4059,2026-04-02,2026-10-01,56,1,1,0,0,0,0,0,0.0,0.0,-0.15,0.0,6,0.0,66.7,0.0
4060,2026-04-02,2026-10-01,104,13,8,1,2,1,1,0,15.4,7.7,-0.01,0.0,14,21.4,0.0,14.3
4061,2026-04-02,2026-10-01,136,50,29,3,6,11,1,0,12.0,6.0,-0.01,0.0,39,5.1,12.8,5.1
4062,2026-04-02,2026-10-01,52,6,2,1,3,0,0,0,50.0,16.7,-0.02,0.0,7,14.3,28.6,28.6
4063,2026-04-02,2026-10-01,139,35,22,5,2,3,3,0,5.7,14.3,0.19,5.8,33,3.0,12.1,12.1
4064,2026-04-02,2026-10-01,164,41,31,2,3,2,2,1,7.3,4.9,0.06,1.9,41,7.3,4.9,9.8
4065,2026-04-02,2026-10-01,93,15,6,0,6,1,2,0,40.0,0.0,-0.02,0.0,15,20.0,20.0,13.3
4066,2026-04-02,2026-10-01,126,26,15,2,4,1,1,3,15.4,7.7,-0.06,0.0,24,8.3,4.2,12.5
4067,2026-04-02,2026-10-01,151,42,12,5,12,10,3,0,28.6,11.9,0.02,0.7,27,3.7,14.8,29.6
4068,2026-04-02,2026-10-01,121,9,7,1,0,0,1,0,0.0,11.1,-0.04,0.0,19,21.1,10.5,10.5
4069,2026-04-02,2026-10-01,124,22,14,4,0,2,2,0,0.0,18.2,-0.02,0.0,26,7.7,15.4,7.7
4071,2026-04-02,2026-10-01,73,10,6,0,0,4,0,0,0.0,0.0,0.01,0.0,10,0.0,20.0,10.0
4072,2026-04-02,2026-10-01,116,47,20,10,7,8,2,0,14.9,21.3,-0.05,0.0,25,4.0,4.0,0.0
4073,2026-04-02,2026-10-01,128,33,21,1,4,6,1,0,12.1,3.0,-0.03,0.8,28,3.6,3.6,7.1
4074,2026-04-02,2026-10-01,138,34,19,8,1,6,0,0,2.9,23.5,0.02,0.0,32,15.6,12.5,9.4
4075,2026-04-02,2026-10-01,122,31,13,3,5,7,3,0,16.1,9.7,-0.01,0.0,22,9.1,9.1,9.1
4076,2026-04-02,2026-10-01,137,15,6,3,2,2,1,1,13.3,20.0,-0.07,0.0,22,31.8,9.1,27.3
4077,2026-04-02,2026-10-01,119,28,14,5,4,0,4,1,14.3,17.9,-0.02,0.0,25,16.0,16.0,8.0
4079,2026-04-02,2026-10-01,156,38,25,5,4,3,1,0,10.5,13.2,0.03,0.7,33,6.1,6.1,9.1
4081,2026-04-02,2026-10-01,122,23,10,5,4,3,1,0,17.4,21.7,0.02,0.0,18,11.1,16.7,5.6
4082,2026-04-02,2026-10-01,109,24,10,5,5,2,2,0,20.8,20.8,-0.03,0.0,20,20.0,10.0,10.0
4083,2026-04-02,2026-10-01,126,43,21,5,7,6,4,0,16.3,11.6,0.09,1.6,30,6.7,13.3,6.7
4084,2026-04-02,2026-10-01,146,28,20,1,2,5,0,0,7.1,3.6,0.02,1.4,33,15.2,12.1,9.1
4085,2026-04-02,2026-10-01,94,12,4,2,1,3,2,0,8.3,16.7,-0.01,0.0,10,0.0,10.0,30.0
4086,2026-04-02,2026-10-01,128,30,18,3,3,4,2,0,10.0,10.0,-0.02,0.0,24,4.2,12.5,4.2
4089,2026-04-02,2026-10-01,123,25,15,2,2,4,2,0,8.0,8.0,-0.02,0.0,21,9.5,9.5,9.5
4090,2026-04-02,2026-10-01,89,19,9,1,3,3,3,0,15.8,5.3,-0.03,0.0,17,17.6,0.0,11.8
4092,2026-04-02,2026-10-01,97,12,8,2,1,0,1,0,8.3,16.7,-0.02,1.1,15,26.7,6.7,0.0
4093,2026-04-02,2026-10-01,89,9,6,0,2,1,0,0,22.2,0.0,0.04,1.1,15,20.0,6.7,13.3
4094,2026-04-02,2026-10-01,95,12,4,4,1,1,2,0,8.3,33.3,-0.06,0.0,13,23.1,15.4,7.7
4095,2026-04-02,2026-10-01,129,42,20,7,4,8,3,0,9.5,16.7,-0.02,0.0,29,3.4,17.2,3.4
4096,2026-04-02,2026-10-01,121,37,21,4,3,6,3,0,8.1,10.8,0.03,0.0,26,0.0,15.4,3.8
4097,2026-04-02,2026-10-01,87,1,0,1,0,0,0,0,0.0,100.0,-0.12,1.2,11,18.2,63.6,9.1
4098,2026-04-02,2026-10-01,87,5,3,1,1,0,0,0,20.0,20.0,0.0,0.0,13,30.8,23.1,23.1
4099,2026-04-02,2026-10-01,110,18,14,2,2,0,0,0,11.1,11.1,0.13,2.8,22,4.5,13.6,13.6
4100,2026-04-02,2026-10-01,112,15,9,0,2,3,1,0,13.3,0.0,-0.1,0.0,17,11.8,5.9,23.5
4102,2026-04-02,2026-10-01,151,40,23,4,11,1,1,0,27.5,10.0,-0.04,0.0,28,7.1,0.0,10.7
4103,2026-04-02,2026-10-01,86,2,1,1,0,0,0,0,0.0,50.0,-0.04,1.2,12,16.7,33.3,33.3
4104,2026-04-02,2026-10-01,87,9,4,1,3,0,1,0,33.3,11.1,-0.05,0.0,11,27.3,9.1,9.1
4105,2026-04-02,2026-10-01,102,11,5,3,2,1,0,0,18.2,27.3,-0.02,0.0,13,23.1,15.4,7.7
4106,2026-04-02,2026-10-01,86,4,2,0,2,0,0,0,50.0,0.0,0.04,1.2,9,11.1,11.1,44.4
4108,2026-04-02,2026-10-01,106,23,13,4,2,3,1,0,8.7,17.4,0.01,1.0,21,0.0,0.0,19.0
4109,2026-04-02,2026-10-01,123,27,16,1,5,5,0,0,18.5,3.7,0.04,0.8,21,9.5,4.8,9.5
4110,2026-04-02,2026-10-01,90,4,2,1,1,0,0,0,25.0,25.0,0.11,5.6,11,36.4,9.1,18.2
4111,2026-04-02,2026-10-01,123,20,13,2,3,1,1,0,15.0,10.0,0.0,0.9,23,17.4,8.7,17.4
4112,2026-04-02,2026-10-01,106,18,7,3,3,3,2,0,16.7,16.7,-0.04,0.0,16,12.5,18.8,18.8
4113,2026-04-02,2026-10-01,119,14,5,2,1,4,2,0,7.1,14.3,-0.07,0.0,17,5.9,23.5,29.4
4114,2026-04-02,2026-10-01,99,11,6,0,1,3,1,0,9.1,0.0,-0.01,0.0,13,15.4,7.7,7.7
4116,2026-04-02,2026-10-01,96,7,4,0,1,2,0,0,14.3,0.0,-0.05,0.0,12,0.0,41.7,16.7
4117,2026-04-02,2026-10-01,104,15,7,1,5,0,2,0,33.3,6.7,0.01,0.0,19,10.5,15.8,15.8
4118,2026-04-02,2026-10-01,135,28,13,5,4,4,1,1,14.3,17.9,0.01,0.7,26,3.8,15.4,26.9
4119,2026-04-02,2026-10-01,119,20,10,5,4,0,1,0,20.0,25.0,0.04,0.9,20,10.0,20.0,15.0
4120,2026-04-02,2026-10-01,145,26,19,4,2,1,0,0,7.7,15.4,0.0,0.0,28,0.0,28.6,3.6
4121,2026-04-02,2026-10-01,100,21,12,3,2,3,1,0,9.5,14.3,-0.05,0.0,21,0.0,14.3,23.8
4122,2026-04-02,2026-10-01,137,20,13,2,1,3,1,0,5.0,10.0,-0.01,0.0,27,7.4,11.1,29.6
4123,2026-04-02,2026-10-01,137,35,19,1,6,9,0,0,17.1,2.9,0.01,0.0,31,19.4,9.7,6.5
4124,2026-04-02,2026-10-01,116,28,15,4,2,4,3,0,7.1,14.3,0.02,0.0,22,0.0,13.6,9.1
4128,2026-04-02,2026-10-01,81,10,6,0,2,2,0,0,20.0,0.0,-0.15,0.0,12,16.7,8.3,25.0
4129,2026-04-02,2026-10-01,96,6,2,1,0,3,0,0,0.0,16.7,0.02,0.0,14,7.1,35.7,28.6
4131,2026-04-02,2026-10-01,114,22,15,3,3,1,0,0,13.6,13.6,-0.08,0.0,20,0.0,15.0,10.0
4133,2026-04-02,2026-10-01,122,25,12,5,1,4,2,1,4.0,20.0,-0.01,0.0,26,11.5,7.7,23.1
4134,2026-04-02,2026-10-01,131,21,10,3,3,3,2,0,14.3,14.3,-0.06,0.0,24,8.3,16.7,16.7
4136,2026-04-02,2026-10-01,80,19,11,2,2,2,2,0,10.5,10.5,0.01,0.0,17,5.9,5.9,5.9
4137,2026-04-02,2026-10-01,149,43,27,4,3,7,2,0,7.0,9.3,-0.03,0.0,37,5.4,13.5,5.4
4138,2026-04-02,2026-10-01,107,10,4,3,1,1,1,0,10.0,30.0,-0.08,0.0,14,35.7,21.4,14.3
4139,2026-04-02,2026-10-01,90,8,5,0,0,2,1,0,0.0,0.0,-0.12,0.0,11,18.2,9.1,27.3
4140,2026-04-02,2026-10-01,79,21,14,2,2,1,2,0,9.5,9.5,0.01,0.0,18,11.1,0.0,11.1
4142,2026-04-02,2026-10-01,130,16,11,1,2,1,1,0,12.5,6.2,0.0,0.0,26,23.1,19.2,7.7
4143,2026-04-02,2026-10-01,105,6,2,1,2,1,0,0,33.3,16.7,-0.02,0.0,11,18.2,36.4,18.2
4144,2026-04-02,2026-10-01,118,29,18,3,6,1,1,0,20.7,10.3,0.03,0.9,22,0.0,9.1,4.5
4145,2026-04-02,2026-10-01,110,4,1,1,0,1,1,0,0.0,25.0,-0.01,0.0,14,21.4,28.6,21.4
4146,2026-04-02,2026-10-01,111,13,7,2,0,3,1,0,0.0,15.4,-0.13,0.0,20,25.0,10.0,15.0
4148,2026-04-02,2026-10-01,131,25,13,5,2,3,2,0,8.0,20.0,0.16,6.2,24,12.5,25.0,4.2
4150,2026-04-02,2026-10-01,128,29,12,5,5,4,3,0,17.2,17.2,0.01,0.8,21,4.8,23.8,0.0
4151,2026-04-02,2026-10-01,107,11,6,2,0,2,1,0,0.0,18.2,0.19,5.8,15,26.7,6.7,20.0
4152,2026-04-02,2026-10-01,99,17,9,2,1,2,3,0,5.9,11.8,0.01,0.0,19,5.3,31.6,5.3
4154,2026-04-02,2026-10-01,115,15,8,2,2,1,1,1,13.3,13.3,0.0,0.9,20,5.0,15.0,20.0
4155,2026-04-02,2026-10-01,124,25,14,3,1,5,2,0,4.0,12.0,0.02,0.0,29,13.8,27.6,0.0
4156,2026-04-02,2026-10-01,130,23,11,5,4,3,0,0,17.4,21.7,-0.04,0.0,25,12.0,20.0,8.0
4158,2026-04-02,2026-10-01,112,16,12,0,1,1,2,0,6.2,0.0,-0.07,0.0,18,5.6,16.7,11.1
4159,2026-04-02,2026-10-01,140,32,13,6,8,3,2,0,25.0,18.8,0.05,0.7,26,19.2,7.7,15.4
4161,2026-04-02,2026-10-01,131,13,8,2,1,1,1,0,7.7,15.4,-0.01,0.8,23,8.7,21.7,21.7
4163,2026-04-02,2026-10-01,136,26,13,1,6,2,4,0,23.1,3.8,0.03,0.0,24,16.7,8.3,8.3
4164,2026-04-02,2026-10-01,95,3,2,1,0,0,0,0,0.0,33.3,0.03,1.1,13,23.1,46.2,7.7
4166,2026-04-02,2026-10-01,141,45,30,3,4,6,2,0,8.9,6.7,-0.01,0.0,35,5.7,0.0,5.7
4167,2026-04-02,2026-10-01,84,7,6,0,0,0,1,0,0.0,0.0,-0.06,0.0,12,16.7,8.3,0.0
4168,2026-04-02,2026-10-01,125,37,20,3,4,7,3,0,10.8,8.1,0.24,6.4,29,6.9,3.4,13.8
4169,2026-04-02,2026-10-01,104,4,1,0,1,2,0,0,25.0,0.0,-0.04,0.0,15,26.7,33.3,6.7
4171,2026-04-02,2026-10-01,136,30,18,4,3,5,0,0,10.0,13.3,0.05,1.5,30,23.3,6.7,3.3
4172,2026-04-02,2026-10-01,132,20,11,4,0,3,2,0,0.0,20.0,0.02,0.0,26,19.2,15.4,11.5
4173,2026-04-02,2026-10-01,120,18,12,2,0,3,1,0,0.0,11.1,-0.06,0.0,18,11.1,11.1,0.0
4174,2026-04-02,2026-10-01,138,29,19,3,2,2,3,0,6.9,10.3,0.28,6.8,34,11.8,11.8,2.9
4175,2026-04-02,2026-10-01,101,23,16,2,3,1,1,0,13.0,8.7,0.01,0.0,20,10.0,0.0,5.0
4176,2026-04-02,2026-10-01,69,3,0,0,1,1,1,0,33.3,0.0,-0.03,0.0,11,45.5,45.5,0.0
4177,2026-04-02,2026-10-01,83,12,6,1,2,1,1,1,16.7,8.3,-0.12,0.0,13,30.8,7.7,7.7
4179,2026-04-02,2026-10-01,131,19,10,6,1,1,1,0,5.3,31.6,0.02,0.0,22,22.7,22.7,0.0
4180,2026-04-02,2026-10-01,138,25,16,4,5,0,0,0,20.0,16.0,-0.02,0.0,26,7.7,19.2,11.5
4181,2026-04-02,2026-10-01,107,2,2,0,0,0,0,0,0.0,0.0,0.19,6.7,13,23.1,23.1,23.1
4182,2026-04-02,2026-10-01,129,12,7,3,1,0,1,0,8.3,25.0,0.03,0.8,23,21.7,21.7,21.7
4183,2026-04-02,2026-10-01,60,11,5,0,3,2,1,0,27.3,0.0,-0.03,0.0,8,0.0,25.0,12.5
4184,2026-04-02,2026-10-01,112,41,21,6,10,0,4,0,24.4,14.6,0.0,0.0,25,0.0,0.0,8.0
4186,2026-04-02,2026-10-01,111,6,4,0,2,0,0,0,33.3,0.0,-0.01,0.0,16,31.2,12.5,6.2
4188,2026-04-02,2026-10-01,130,49,26,7,8,6,2,0,16.3,14.3,0.0,1.6,33,9.1,3.0,6.1
4189,2026-04-02,2026-10-01,132,24,14,1,3,3,2,1,12.5,4.2,0.14,2.3,29,10.3,20.7,10.3
4190,2026-04-02,2026-10-01,110,24,8,5,4,1,6,0,16.7,20.8,0.0,0.0,19,0.0,15.8,15.8
4191,2026-04-02,2026-10-01,113,30,15,2,3,6,4,0,10.0,6.7,0.05,0.9,23,0.0,13.0,13.0
4193,2026-04-02,2026-10-01,144,39,19,6,11,1,2,0,28.2,15.4,0.05,2.1,29,10.3,6.9,13.8
4195,2026-04-02,2026-10-01,91,13,4,3,3,2,1,0,23.1,23.1,-0.02,0.0,13,23.1,15.4,23.1
4196,2026-04-02,2026-10-01,106,7,6,0,1,0,0,0,14.3,0.0,-0.12,0.0,14,21.4,14.3,14.3
4197,2026-04-02,2026-10-01,100,9,4,1,3,0,1,0,33.3,11.1,0.01,1.1,14,35.7,14.3,14.3
4199,2026-04-02,2026-10-01,153,40,23,2,10,3,1,1,25.0,5.0,0.8,26.3,32,12.5,0.0,6.2
4200,2026-04-02,2026-10-01,101,6,4,0,1,0,1,0,16.7,0.0,0.0,0.0,15,6.7,40.0,6.7
4201,2026-04-02,2026-10-01,127,12,5,1,2,2,2,0,16.7,8.3,-0.03,0.0,19,10.5,31.6,26.3
4202,2026-04-02,2026-10-01,94,10,6,2,0,2,0,0,0.0,20.0,-0.06,0.0,14,14.3,28.6,0.0
4203,2026-04-02,2026-10-01,89,10,6,0,0,3,1,0,0.0,0.0,0.03,0.0,14,0.0,0.0,42.9
4204,2026-04-02,2026-10-01,97,18,7,3,2,4,2,0,11.1,16.7,-0.04,0.0,14,28.6,14.3,0.0
4205,2026-04-02,2026-10-01,111,35,21,4,0,7,3,0,0.0,11.4,-0.03,0.0,26,3.8,3.8,3.8
4207,2026-04-02,2026-10-01,91,22,11,1,6,2,1,1,27.3,4.5,-0.07,0.0,20,0.0,25.0,0.0
4208,2026-04-02,2026-10-01,148,51,32,6,3,8,2,0,5.9,11.8,0.01,0.0,39,2.6,7.7,2.6
4209,2026-04-02,2026-10-01,116,25,15,1,3,4,2,0,12.0,4.0,0.0,0.0,23,8.7,13.0,8.7
4210,2026-04-02,2026-10-01,129,22,11,3,0,0,8,0,0.0,13.6,0.05,1.6,25,12.0,16.0,16.0
4211,2026-04-02,2026-10-01,108,15,9,0,4,2,0,0,26.7,0.0,-0.12,0.0,21,19.0,9.5,19.0
4213,2026-04-02,2026-10-01,98,7,1,0,3,1,1,1,42.9,0.0,-0.17,0.0,10,20.0,20.0,20.0
4214,2026-04-02,2026-10-01,98,17,14,3,0,0,0,0,0.0,17.6,0.05,1.0,16,0.0,6.2,0.0
4215,2026-04-02,2026-10-01,126,25,9,1,5,9,0,1,20.0,4.0,0.0,0.0,24,16.7,25.0,20.8
4216,2026-04-02,2026-10-01,111,11,6,2,3,0,0,0,27.3,18.2,-0.12,0.0,16,25.0,0.0,31.2
4218,2026-04-02,2026-10-01,114,26,16,5,0,3,2,0,0.0,19.2,0.54,16.7,21,0.0,4.8,9.5
4219,2026-04-02,2026-10-01,82,2,0,1,0,0,1,0,0.0,50.0,-0.1,0.0,8,37.5,25.0,25.0
4220,2026-04-02,2026-10-01,108,28,11,1,9,6,1,0,32.1,3.6,0.07,0.0,14,7.1,7.1,0.0
4224,2026-04-02,2026-10-01,104,7,4,2,1,0,0,0,14.3,28.6,0.02,0.0,14,0.0,35.7,28.6
4225,2026-04-02,2026-10-01,97,18,9,3,1,0,5,0,5.6,16.7,0.08,1.1,17,5.9,17.6,5.9
4226,2026-04-02,2026-10-01,103,9,5,0,1,2,1,0,11.1,0.0,-0.05,0.0,14,21.4,14.3,21.4
4227,2026-04-02,2026-10-01,115,20,10,1,6,2,1,0,30.0,5.0,0.03,0.0,21,14.3,4.8,28.6
4228,2026-04-02,2026-10-01,109,26,12,3,7,3,1,0,26.9,11.5,-0.08,0.0,20,20.0,0.0,15.0
4229,2026-04-02,2026-10-01,91,5,3,0,1,0,1,0,20.0,0.0,0.02,1.1,12,16.7,41.7,8.3
4230,2026-04-02,2026-10-01,88,25,10,2,6,6,1,0,24.0,8.0,-0.02,0.0,13,7.7,0.0,7.7
4231,2026-04-02,2026-10-01,131,21,9,6,2,3,1,0,9.5,28.6,0.03,1.6,23,13.0,17.4,17.4
4232,2026-04-02,2026-10-01,113,24,8,1,9,4,1,1,37.5,4.2,0.03,0.0,16,6.2,12.5,25.0
4233,2026-04-02,2026-10-01,129,32,13,6,4,5,4,0,12.5,18.8,0.02,0.8,25,8.0,8.0,16.0
4234,2026-04-02,2026-10-01,86,7,5,0,0,1,1,0,0.0,0.0,-0.02,0.0,11,9.1,9.1,18.2
4236,2026-04-02,2026-10-01,121,42,28,0,6,6,1,1,14.3,0.0,0.01,0.0,36,2.8,0.0,16.7
4237,2026-04-02,2026-10-01,133,40,22,5,8,4,1,0,20.0,12.5,0.12,3.8,33,9.1,12.1,6.1
4238,2026-04-02,2026-10-01,105,35,21,5,2,5,2,0,5.7,14.3,0.36,9.5,25,0.0,16.0,0.0
4239,2026-04-02,2026-10-01,128,34,23,3,3,3,1,1,8.8,8.8,0.02,0.0,32,6.2,9.4,6.2
4240,2026-04-02,2026-10-01,123,24,13,3,2,3,3,0,8.3,12.5,0.03,0.0,26,11.5,11.5,11.5
4241,2026-04-02,2026-10-01,120,17,13,2,0,1,1,0,0.0,11.8,-0.03,0.8,20,10.0,5.0,20.0
4243,2026-04-02,2026-10-01,109,18,9,2,0,6,1,0,0.0,11.1,0.01,1.0,18,11.1,22.2,5.6
4244,2026-04-02,2026-10-01,72,5,4,0,1,0,0,0,20.0,0.0,-0.01,0.0,10,40.0,10.0,0.0
4245,2026-04-02,2026-10-01,102,13,7,3,2,0,0,1,15.4,23.1,-0.06,0.0,16,12.5,25.0,6.2
4246,2026-04-02,2026-10-01,104,4,3,1,0,0,0,0,0.0,25.0,0.0,0.0,16,12.5,43.8,18.8
4247,2026-04-02,2026-10-01,103,13,5,0,5,1,1,1,38.5,0.0,-0.01,0.0,17,11.8,41.2,11.8
4248,2026-04-02,2026-10-01,106,9,5,0,1,2,1,0,11.1,0.0,-0.01,1.0,13,15.4,15.4,23.1
4251,2026-04-02,2026-10-01,109,11,5,3,0,3,0,0,0.0,27.3,-0.08,0.0,12,25.0,25.0,0.0
4252,2026-04-02,2026-10-01,113,14,6,1,6,0,1,0,42.9,7.1,-0.06,0.0,16,18.8,18.8,12.5
4253,2026-04-02,2026-10-01,118,8,7,1,0,0,0,0,0.0,12.5,0.01,0.0,14,21.4,14.3,7.1
4254,2026-04-02,2026-10-01,66,12,4,0,3,1,2,2,25.0,0.0,-0.02,0.0,13,0.0,7.7,53.8
4256,2026-04-02,2026-10-01,128,28,15,5,5,2,1,0,17.9,17.9,-0.01,0.0,26,11.5,7.7,19.2
4257,2026-04-02,2026-10-01,96,14,8,0,3,3,0,0,21.4,0.0,-0.06,0.0,14,21.4,14.3,7.1
4258,2026-04-02,2026-10-01,103,10,5,4,1,0,0,0,10.0,40.0,-0.07,0.0,16,6.2,37.5,25.0
4259,2026-04-02,2026-10-01,142,30,20,5,2,2,1,0,6.7,16.7,0.03,0.7,29,6.9,6.9,13.8
4260,2026-04-02,2026-10-01,136,30,13,7,4,3,3,0,13.3,23.3,-0.02,0.0,24,12.5,12.5,8.3
4261,2026-04-02,2026-10-01,133,28,18,1,2,5,2,0,7.1,3.6,0.0,0.0,27,11.1,3.7,14.8
4262,2026-04-02,2026-10-01,152,58,33,14,2,8,1,0,3.4,24.1,0.03,0.7,42,2.4,7.1,7.1
4263,2026-04-02,2026-10-01,103,13,10,1,0,2,0,0,0.0,7.7,-0.12,0.0,17,11.8,11.8,5.9
4264,2026-04-02,2026-10-01,124,24,14,4,0,4,2,0,0.0,16.7,-0.03,0.0,30,20.0,13.3,6.7
4266,2026-04-02,2026-10-01,125,38,25,2,3,4,4,0,7.9,5.3,0.08,2.4,31,6.5,6.5,3.2
4268,2026-04-02,2026-10-01,9,1,0,0,0,0,1,0,0.0,0.0,0.0,0.0,1,0.0,0.0,0.0
4269,2026-04-02,2026-10-01,132,40,15,5,6,10,4,0,15.0,12.5,0.03,0.0,30,16.7,10.0,10.0
4270,2026-04-02,2026-10-01,96,16,10,3,1,1,1,0,6.2,18.8,-0.01,0.0,15,0.0,6.7,26.7
4271,2026-04-02,2026-10-01,88,8,3,1,1,2,1,0,12.5,12.5,-0.05,1.1,14,14.3,21.4,35.7
4272,2026-04-02,2026-10-01,126,11,5,2,2,1,1,0,18.2,18.2,-0.1,0.0,17,11.8,29.4,23.5
4273,2026-04-02,2026-10-01,110,9,5,0,2,2,0,0,22.2,0.0,-0.08,0.0,14,21.4,28.6,14.3
4274,2026-04-02,2026-10-01,105,13,3,4,3,2,1,0,23.1,30.8,-0.04,0.0,13,15.4,15.4,30.8
4275,2026-04-02,2026-10-01,78,2,0,1,0,1,0,0,0.0,50.0,-0.08,0.0,10,20.0,50.0,30.0
4276,2026-04-02,2026-10-01,104,29,11,5,7,3,3,0,24.1,17.2,0.01,0.0,19,15.8,5.3,10.5
4277,2026-04-02,2026-10-01,108,16,8,0,3,3,2,0,18.8,0.0,-0.03,0.0,14,21.4,0.0,7.1
4278,2026-04-02,2026-10-01,136,43,25,7,4,4,3,0,9.3,16.3,0.02,0.7,34,2.9,8.8,8.8
4281,2026-04-02,2026-10-01,114,17,10,2,4,0,1,0,23.5,11.8,0.01,0.0,16,12.5,6.2,12.5
4283,2026-04-02,2026-10-01,86,2,2,0,0,0,0,0,0.0,0.0,-0.05,0.0,11,18.2,45.5,18.2
4286,2026-04-02,2026-10-01,158,21,9,5,2,1,4,0,9.5,23.8,0.11,2.6,33,12.1,27.3,21.2
4287,2026-04-02,2026-10-01,128,35,21,4,8,0,2,0,22.9,11.4,-0.01,0.0,31,9.7,6.5,6.5
4288,2026-04-02,2026-10-01,133,54,24,7,14,7,2,0,25.9,13.0,0.03,0.0,34,5.9,8.8,8.8
4289,2026-04-02,2026-10-01,106,23,10,3,4,3,2,1,17.4,13.0,0.0,1.0,19,15.8,10.5,15.8
4290,2026-04-02,2026-10-01,138,37,18,4,5,6,4,0,13.5,10.8,-0.02,0.0,34,20.6,11.8,11.8
4292,2026-04-02,2026-10-01,130,37,17,6,4,7,3,0,10.8,16.2,0.02,0.8,30,3.3,20.0,10.0
4293,2026-04-02,2026-10-01,115,15,10,2,3,0,0,0,20.0,13.3,-0.05,0.0,21,9.5,19.0,19.0
4294,2026-04-02,2026-10-01,102,29,13,3,9,2,2,0,31.0,10.3,-0.03,1.0,23,17.4,8.7,8.7
4295,2026-04-02,2026-10-01,142,48,22,1,14,5,6,0,29.2,2.1,0.02,0.7,35,5.7,8.6,8.6
4296,2026-04-02,2026-10-01,71,20,12,1,2,1,4,0,10.0,5.0,0.01,2.9,17,0.0,5.9,17.6
4297,2026-04-02,2026-10-01,117,34,16,0,10,8,0,0,29.4,0.0,-0.01,1.7,23,8.7,13.0,4.3
4298,2026-04-02,2026-10-01,130,18,8,1,5,3,1,0,27.8,5.6,0.09,2.3,26,19.2,15.4,26.9
4299,2026-04-02,2026-10-01,83,4,1,1,0,1,1,0,0.0,25.0,-0.06,0.0,11,27.3,36.4,18.2
4300,2026-04-02,2026-10-01,119,14,8,2,0,1,3,0,0.0,14.3,0.02,0.0,21,9.5,14.3,19.0
4301,2026-04-02,2026-10-01,85,11,7,2,1,1,0,0,9.1,18.2,0.26,7.3,13,7.7,15.4,23.1
4302,2026-04-02,2026-10-01,134,41,25,3,5,4,3,1,12.2,7.3,0.44,12.2,32,0.0,6.2,9.4
4303,2026-04-02,2026-10-01,82,7,5,0,1,1,0,0,14.3,0.0,-0.01,1.2,10,20.0,10.0,10.0
4305,2026-04-02,2026-10-01,112,31,16,5,4,5,1,0,12.9,16.1,-0.01,0.9,23,4.3,8.7,13.0
4306,2026-04-02,2026-10-01,119,9,5,3,0,1,0,0,0.0,33.3,0.07,1.7,22,31.8,22.7,18.2
4308,2026-04-02,2026-10-01,139,37,26,3,1,5,2,0,2.7,8.1,-0.01,0.0,34,5.9,5.9,5.9
4311,2026-04-02,2026-10-01,114,27,18,0,2,5,1,1,7.4,0.0,0.11,1.8,25,8.0,4.0,16.0
4313,2026-04-02,2026-10-01,110,18,11,3,1,1,2,0,5.6,16.7,-0.02,0.0,18,5.6,16.7,11.1
4314,2026-04-02,2026-10-01,106,23,16,0,4,2,1,0,17.4,0.0,-0.02,0.0,23,8.7,4.3,13.0
4315,2026-04-02,2026-10-01,110,15,4,4,5,2,0,0,33.3,26.7,-0.02,0.0,16,25.0,31.2,12.5
4317,2026-04-02,2026-10-01,110,15,9,1,3,1,1,0,20.0,6.7,-0.02,0.0,17,17.6,23.5,5.9
4318,2026-04-02,2026-10-01,101,11,8,0,0,0,2,1,0.0,0.0,-0.11,0.0,19,15.8,15.8,5.3
4319,2026-04-02,2026-10-01,146,24,11,2,2,5,3,1,8.3,8.3,-0.01,0.7,25,20.0,12.0,20.0
4320,2026-04-02,2026-10-01,101,38,21,8,4,3,2,0,10.5,21.1,0.2,5.9,25,0.0,4.0,4.0
4323,2026-04-02,2026-10-01,113,21,10,3,3,3,2,0,14.3,14.3,-0.07,0.0,18,11.1,5.6,22.2
4324,2026-04-02,2026-10-01,149,46,22,9,2,11,2,0,4.3,19.6,0.43,10.7,33,3.0,12.1,15.2
4325,2026-04-02,2026-10-01,94,5,4,0,1,0,0,0,20.0,0.0,-0.12,0.0,14,21.4,7.1,35.7
4327,2026-04-02,2026-10-01,106,8,5,1,1,1,0,0,12.5,12.5,-0.08,0.0,15,13.3,20.0,33.3
4329,2026-04-02,2026-10-01,97,8,4,0,2,0,2,0,25.0,0.0,-0.02,0.0,12,25.0,8.3,16.7
4330,2026-04-02,2026-10-01,132,36,19,4,7,5,1,0,19.4,11.1,0.09,3.1,26,0.0,15.4,7.7
4331,2026-04-02,2026-10-01,131,30,17,8,2,2,1,0,6.7,26.7,0.01,1.6,26,11.5,7.7,11.5
4332,2026-04-02,2026-10-01,88,10,4,3,1,1,1,0,10.0,30.0,-0.03,0.0,11,0.0,27.3,18.2
4335,2026-04-02,2026-10-01,120,33,16,3,3,7,4,0,9.1,9.1,-0.05,0.0,30,20.0,3.3,13.3
4336,2026-04-02,2026-10-01,101,12,9,1,0,1,1,0,0.0,8.3,0.0,0.0,13,15.4,7.7,7.7
4337,2026-04-02,2026-10-01,138,35,22,3,3,5,1,1,8.6,8.6,0.09,2.9,29,6.9,3.4,13.8
4339,2026-04-02,2026-10-01,99,7,4,1,0,0,2,0,0.0,14.3,0.06,1.0,16,37.5,6.2,18.8
4340,2026-04-02,2026-10-01,60,3,2,1,0,0,0,0,0.0,33.3,-0.1,0.0,5,40.0,0.0,20.0
4342,2026-04-02,2026-10-01,110,25,14,2,3,3,3,0,12.0,8.0,-0.05,0.0,18,0.0,11.1,11.1
4343,2026-04-02,2026-10-01,114,6,1,1,0,1,3,0,0.0,16.7,-0.02,0.0,16,43.8,37.5,0.0
4344,2026-04-02,2026-10-01,125,28,16,3,3,4,2,0,10.7,10.7,0.04,0.8,24,4.2,20.8,0.0
4345,2026-04-02,2026-10-01,105,13,8,1,2,2,0,0,15.4,7.7,-0.04,0.0,18,16.7,11.1,11.1
4346,2026-04-02,2026-10-01,107,17,9,4,3,1,0,0,17.6,23.5,-0.07,0.0,16,25.0,12.5,6.2
4347,2026-04-02,2026-10-01,112,27,15,1,7,2,2,0,25.9,3.7,0.01,0.0,24,8.3,4.2,20.8
4348,2026-04-02,2026-10-01,131,20,12,6,1,0,1,0,5.0,30.0,-0.01,0.8,21,9.5,14.3,14.3
4349,2026-04-02,2026-10-01,91,7,6,0,0,0,1,0,0.0,0.0,0.0,0.0,11,9.1,9.1,18.2
4350,2026-04-02,2026-10-01,135,59,33,4,12,4,6,0,20.3,6.8,0.16,3.7,40,2.5,5.0,2.5
4351,2026-04-02,2026-10-01,132,41,24,7,5,3,2,0,12.2,17.1,0.05,0.8,35,5.7,14.3,11.4
4352,2026-04-02,2026-10-01,90,26,17,0,2,5,1,1,7.7,0.0,0.09,2.2,24,4.2,8.3,8.3
4355,2026-04-02,2026-10-01,17,0,0,0,0,0,0,0,,,-0.06,0.0,2,0.0,0.0,50.0
4356,2026-04-02,2026-10-01,107,20,13,3,1,2,1,0,5.0,15.0,0.03,0.9,18,0.0,11.1,11.1
4357,2026-04-02,2026-10-01,142,42,20,8,3,6,5,0,7.1,19.0,0.24,4.3,36,13.9,8.3,19.4
4358,2026-04-02,2026-10-01,109,7,3,0,2,1,0,1,28.6,0.0,0.13,1.9,16,37.5,12.5,31.2
4359,2026-04-02,2026-10-01,108,18,7,2,5,2,2,0,27.8,11.1,-0.01,0.0,21,19.0,14.3,23.8
4360,2026-04-02,2026-10-01,121,22,11,3,5,1,2,0,22.7,13.6,0.03,0.8,21,19.0,19.0,0.0
4361,2026-04-02,2026-10-01,129,49,26,7,9,6,1,0,18.4,14.3,0.06,2.4,32,0.0,12.5,6.2
4362,2026-04-02,2026-10-01,136,29,20,5,1,1,1,1,3.4,17.2,0.28,9.6,34,14.7,0.0,26.5
4363,2026-04-02,2026-10-01,128,19,13,3,2,1,0,0,10.5,15.8,-0.03,0.0,23,8.7,8.7,17.4
4364,2026-04-02,2026-10-01,121,30,14,4,9,1,2,0,30.0,13.3,0.02,0.0,24,12.5,4.2,8.3
4365,2026-04-02,2026-10-01,113,24,13,3,5,2,1,0,20.8,12.5,0.23,8.1,26,26.9,3.8,11.5
4366,2026-04-02,2026-10-01,118,23,15,3,0,5,0,0,0.0,13.0,0.01,0.9,24,16.7,16.7,4.2
4367,2026-04-02,2026-10-01,100,6,5,0,1,0,0,0,16.7,0.0,-0.09,0.0,11,0.0,54.5,0.0
4368,2026-04-02,2026-10-01,78,10,3,0,6,1,0,0,60.0,0.0,-0.18,0.0,11,27.3,27.3,18.2
4369,2026-04-02,2026-10-01,136,27,13,4,3,4,2,1,11.1,14.8,0.01,0.0,23,4.3,21.7,13.0
4370,2026-04-02,2026-10-01,103,37,21,6,3,4,2,1,8.1,16.2,0.47,13.6,32,6.2,15.6,6.2
4371,2026-04-02,2026-10-01,121,27,19,3,1,3,1,0,3.7,11.1,0.08,2.5,26,3.8,3.8,15.4
4372,2026-04-02,2026-10-01,112,32,15,6,4,5,2,0,12.5,18.8,-0.05,0.0,22,4.5,9.1,13.6
4373,2026-04-02,2026-10-01,125,30,21,4,5,0,0,0,16.7,13.3,0.05,0.8,30,10.0,6.7,6.7
4374,2026-04-02,2026-10-01,97,12,5,2,4,1,0,0,33.3,16.7,-0.05,0.0,12,25.0,25.0,8.3
4375,2026-04-02,2026-10-01,130,30,16,5,5,2,2,0,16.7,16.7,-0.02,0.0,27,18.5,3.7,11.1
4376,2026-04-02,2026-10-01,138,26,12,4,3,4,2,1,11.5,15.4,-0.02,0.0,27,18.5,18.5,7.4
4377,2026-04-02,2026-10-01,132,26,15,4,2,3,2,0,7.7,15.4,-0.03,0.0,23,4.3,17.4,8.7
4379,2026-04-02,2026-10-01,133,19,13,1,2,2,1,0,10.5,5.3,-0.01,0.0,26,11.5,11.5,15.4
4380,2026-04-02,2026-10-01,120,22,11,1,2,6,2,0,9.1,4.5,-0.06,0.0,18,11.1,11.1,11.1
4381,2026-04-02,2026-10-01,110,23,13,2,4,2,2,0,17.4,8.7,0.05,0.9,23,13.0,4.3,17.4
4382,2026-04-02,2026-10-01,124,10,5,2,1,0,2,0,10.0,20.0,0.09,2.4,18,16.7,38.9,5.6
4383,2026-04-02,2026-10-01,111,14,9,2,2,1,0,0,14.3,14.3,-0.05,0.0,22,22.7,18.2,13.6
4384,2026-04-02,2026-10-01,124,16,14,0,0,2,0,0,0.0,0.0,0.02,0.8,27,11.1,7.4,25.9
4385,2026-04-02,2026-10-01,59,3,0,1,1,1,0,0,33.3,33.3,0.02,0.0,6,0.0,66.7,0.0
4387,2026-04-02,2026-10-01,135,37,20,9,5,1,1,1,13.5,24.3,0.0,0.7,36,8.3,16.7,11.1
4388,2026-04-02,2026-10-01,135,29,14,6,1,6,1,1,3.4,20.7,-0.02,0.0,23,13.0,0.0,13.0
4389,2026-04-02,2026-10-01,117,15,8,3,1,1,2,0,6.7,20.0,-0.07,0.0,19,15.8,15.8,15.8
4390,2026-04-02,2026-10-01,118,5,4,0,0,0,1,0,0.0,0.0,-0.03,0.9,15,33.3,20.0,13.3
4391,2026-04-02,2026-10-01,137,43,24,7,4,3,3,2,9.3,16.3,0.06,2.9,31,6.5,3.2,9.7
4393,2026-04-02,2026-10-01,91,11,7,3,1,0,0,0,9.1,27.3,-0.05,0.0,13,15.4,30.8,0.0
4394,2026-04-02,2026-10-01,120,25,15,2,5,3,0,0,20.0,8.0,0.05,0.9,27,11.1,18.5,11.1
4395,2026-04-02,2026-10-01,99,9,7,2,0,0,0,0,0.0,22.2,-0.01,0.0,14,14.3,35.7,0.0
4396,2026-04-02,2026-10-01,120,14,7,2,0,4,1,0,0.0,14.3,-0.04,0.0,18,11.1,27.8,11.1
4397,2026-04-02,2026-10-01,145,46,30,6,1,5,3,1,2.2,13.0,0.17,4.8,35,0.0,5.7,5.7
4398,2026-04-02,2026-10-01,140,36,24,3,3,5,1,0,8.3,8.3,-0.01,0.0,28,3.6,0.0,3.6
4400,2026-04-02,2026-10-01,99,2,2,0,0,0,0,0,0.0,0.0,-0.06,0.0,13,23.1,30.8,30.8
4401,2026-04-02,2026-10-01,111,23,14,3,3,2,1,0,13.0,13.0,-0.02,0.0,24,0.0,20.8,8.3
4402,2026-04-02,2026-10-01,118,32,18,2,4,4,4,0,12.5,6.2,-0.04,0.0,25,4.0,8.0,8.0
4403,2026-04-02,2026-10-01,133,31,14,5,6,3,3,0,19.4,16.1,0.03,0.8,23,8.7,13.0,13.0
4404,2026-04-02,2026-10-01,80,4,1,0,2,0,1,0,50.0,0.0,-0.05,0.0,10,20.0,10.0,30.0
4405,2026-04-02,2026-10-01,102,5,2,0,3,0,0,0,60.0,0.0,-0.06,0.0,13,30.8,30.8,15.4
4406,2026-04-02,2026-10-01,109,17,11,3,1,2,0,0,5.9,17.6,-0.08,0.0,13,7.7,0.0,7.7
4407,2026-04-02,2026-10-01,121,11,4,3,2,1,1,0,18.2,27.3,-0.03,0.0,17,29.4,5.9,17.6
4408,2026-04-02,2026-10-01,103,8,8,0,0,0,0,0,0.0,0.0,-0.02,0.0,14,7.1,21.4,0.0
4409,2026-04-02,2026-10-01,123,32,17,4,3,4,4,0,9.4,12.5,-0.01,0.0,25,8.0,4.0,8.0
4410,2026-04-02,2026-10-01,114,15,8,1,3,2,1,0,20.0,6.7,0.03,0.9,17,17.6,0.0,23.5
4411,2026-04-02,2026-10-01,135,26,17,1,2,5,1,0,7.7,3.8,-0.04,0.0,26,3.8,15.4,3.8
4413,2026-04-02,2026-10-01,139,24,11,3,7,2,0,1,29.2,12.5,0.07,3.0,28,10.7,28.6,17.9
4414,2026-04-02,2026-10-01,84,5,1,0,1,2,1,0,20.0,0.0,0.0,0.0,12,50.0,8.3,25.0
4415,2026-04-02,2026-10-01,147,40,21,2,9,5,3,0,22.5,5.0,0.01,0.7,31,3.2,6.5,12.9
4416,2026-04-02,2026-10-01,105,21,9,2,6,3,1,0,28.6,9.5,-0.03,0.0,17,5.9,17.6,17.6
4417,2026-04-02,2026-10-01,80,8,6,1,0,1,0,0,0.0,12.5,0.0,0.0,14,14.3,14.3,21.4
4418,2026-04-02,2026-10-01,135,39,27,6,2,2,2,0,5.1,15.4,0.18,5.2,35,5.7,11.4,2.9
4419,2026-04-02,2026-10-01,101,16,6,2,5,2,1,0,31.2,12.5,0.02,0.0,16,18.8,12.5,25.0
4420,2026-04-02,2026-10-01,142,18,11,1,4,2,0,0,22.2,5.6,0.01,0.0,25,24.0,8.0,20.0
4421,2026-04-02,2026-10-01,77,6,3,0,1,1,1,0,16.7,0.0,-0.03,1.3,11,27.3,27.3,9.1
4422,2026-04-02,2026-10-01,90,11,6,2,1,1,0,1,9.1,18.2,-0.08,0.0,12,8.3,25.0,8.3
4423,2026-04-02,2026-10-01,116,19,12,2,1,3,1,0,5.3,10.5,-0.07,0.0,17,5.9,11.8,5.9
4424,2026-04-02,2026-10-01,137,25,16,2,4,1,1,1,16.0,8.0,-0.01,0.0,27,22.2,18.5,0.0
4425,2026-04-02,2026-10-01,82,4,3,0,0,1,0,0,0.0,0.0,-0.01,0.0,12,16.7,8.3,25.0
4427,2026-04-02,2026-10-01,131,49,25,4,4,12,4,0,8.2,8.2,-0.01,0.0,35,2.9,11.4,8.6
4428,2026-04-02,2026-10-01,128,27,11,4,6,3,3,0,22.2,14.8,-0.02,0.8,22,9.1,4.5,27.3
4429,2026-04-02,2026-10-01,99,4,1,2,0,1,0,0,0.0,50.0,-0.06,0.0,12,33.3,25.0,16.7
4430,2026-04-02,2026-10-01,131,24,14,2,4,2,2,0,16.7,8.3,-0.05,0.0,28,17.9,14.3,10.7
4431,2026-04-02,2026-10-01,92,18,6,4,3,3,1,1,16.7,22.2,-0.05,0.0,12,8.3,25.0,0.0
4432,2026-04-02,2026-10-01,101,15,10,0,2,2,1,0,13.3,0.0,-0.05,0.0,20,30.0,10.0,10.0
4433,2026-04-02,2026-10-01,153,48,30,4,7,1,5,1,14.6,8.3,-0.01,0.0,37,2.7,10.8,0.0
4434,2026-04-02,2026-10-01,127,32,19,6,2,1,4,0,6.2,18.8,0.01,0.0,33,12.1,3.0,15.2
4435,2026-04-02,2026-10-01,116,23,14,2,4,2,1,0,17.4,8.7,-0.01,0.0,19,5.3,0.0,15.8
4436,2026-04-02,2026-10-01,108,27,14,4,2,6,1,0,7.4,14.8,0.04,0.0,23,4.3,8.7,13.0
4437,2026-04-02,2026-10-01,138,37,20,5,2,6,3,1,5.4,13.5,-0.02,0.8,27,0.0,11.1,7.4
4438,2026-04-02,2026-10-01,128,32,10,3,16,2,1,0,50.0,9.4,-0.01,0.0,21,33.3,4.8,14.3
4439,2026-04-02,2026-10-01,83,7,6,0,0,0,1,0,0.0,0.0,-0.06,0.0,12,33.3,16.7,0.0
4440,2026-04-02,2026-10-01,103,7,2,0,4,0,0,1,57.1,0.0,-0.08,0.0,14,21.4,50.0,7.1
4441,2026-04-02,2026-10-01,137,30,17,5,2,5,1,0,6.7,16.7,0.08,0.7,27,11.1,14.8,11.1
4442,2026-04-02,2026-10-01,98,31,12,5,10,4,0,0,32.3,16.1,0.03,1.0,14,0.0,7.1,7.1
4443,2026-04-02,2026-10-01,123,19,8,3,3,1,3,1,15.8,15.8,0.01,0.9,22,13.6,27.3,18.2
4444,2026-04-02,2026-10-01,104,26,15,1,5,3,1,1,19.2,3.8,0.06,1.0,19,5.3,10.5,5.3
4445,2026-04-02,2026-10-01,113,30,17,2,6,1,4,0,20.0,6.7,0.0,0.0,24,4.2,8.3,8.3
4446,2026-04-02,2026-10-01,122,32,22,5,2,3,0,0,6.2,15.6,0.22,8.2,26,0.0,0.0,15.4
4447,2026-04-02,2026-10-01,147,31,12,3,6,8,2,0,19.4,9.7,-0.02,0.0,29,10.3,24.1,17.2
4448,2026-04-02,2026-10-01,137,38,21,3,10,2,2,0,26.3,7.9,-0.01,0.0,28,3.6,0.0,21.4
4449,2026-04-02,2026-10-01,105,11,5,2,2,1,1,0,18.2,18.2,-0.18,1.0,14,21.4,21.4,14.3
4450,2026-04-02,2026-10-01,116,30,13,4,3,5,5,0,10.0,13.3,0.03,0.0,25,4.0,20.0,8.0
4451,2026-04-02,2026-10-01,115,25,14,3,2,2,4,0,8.0,12.0,0.02,0.9,28,3.6,10.7,17.9
4452,2026-04-02,2026-10-01,132,17,10,4,0,1,0,2,0.0,23.5,0.04,1.6,23,4.3,21.7,26.1
4456,2026-04-02,2026-10-01,85,20,12,3,1,2,2,0,5.0,15.0,0.06,1.2,17,5.9,11.8,0.0
4457,2026-04-02,2026-10-01,77,7,3,0,1,2,1,0,14.3,0.0,-0.23,0.0,9,33.3,11.1,11.1
4458,2026-04-02,2026-10-01,122,18,8,5,1,3,1,0,5.6,27.8,0.02,0.0,18,27.8,11.1,16.7
4459,2026-04-02,2026-10-01,96,19,12,3,2,2,0,0,10.5,15.8,0.01,0.0,17,5.9,17.6,0.0
4460,2026-04-02,2026-10-01,126,24,8,7,4,3,1,1,16.7,29.2,0.06,1.6,23,26.1,4.3,30.4
4461,2026-04-02,2026-10-01,111,11,6,2,1,1,1,0,9.1,18.2,-0.07,0.0,18,11.1,22.2,16.7
4462,2026-04-02,2026-10-01,87,11,8,0,1,1,1,0,9.1,0.0,-0.12,0.0,12,8.3,16.7,8.3
4463,2026-04-02,2026-10-01,107,19,8,4,1,5,1,0,5.3,21.1,0.1,1.0,20,15.0,30.0,10.0
4464,2026-04-02,2026-10-01,105,19,10,4,4,1,0,0,21.1,21.1,0.02,1.0,20,10.0,30.0,10.0
4465,2026-04-02,2026-10-01,82,6,3,0,0,0,3,0,0.0,0.0,-0.1,0.0,11,18.2,0.0,36.4
4466,2026-04-02,2026-10-01,128,18,12,4,1,1,0,0,5.6,22.2,0.04,0.0,23,21.7,8.7,17.4
4467,2026-04-02,2026-10-01,131,31,18,2,0,9,2,0,0.0,6.5,0.01,0.0,28,0.0,10.7,14.3
4468,2026-04-02,2026-10-01,123,37,21,1,11,4,0,0,29.7,2.7,-0.02,0.0,24,0.0,0.0,12.5
4469,2026-04-02,2026-10-01,114,26,14,1,3,5,2,1,11.5,3.8,-0.01,0.0,24,8.3,16.7,12.5
4470,2026-04-02,2026-10-01,106,25,12,3,5,2,3,0,20.0,12.0,0.06,0.0,22,4.5,9.1,9.1
4471,2026-04-02,2026-10-01,148,39,25,4,6,1,3,0,15.4,10.3,0.01,0.0,31,6.5,3.2,3.2
4472,2026-04-02,2026-10-01,121,27,14,6,2,2,3,0,7.4,22.2,0.0,0.0,22,13.6,9.1,4.5
4473,2026-04-02,2026-10-01,91,15,10,1,4,0,0,0,26.7,6.7,-0.06,0.0,17,11.8,5.9,23.5
4474,2026-04-02,2026-10-01,91,14,9,1,2,1,1,0,14.3,7.1,-0.01,0.0,12,8.3,8.3,0.0
4475,2026-04-02,2026-10-01,145,21,14,4,1,2,0,0,4.8,19.0,-0.03,0.0,30,16.7,16.7,13.3
4477,2026-04-02,2026-10-01,122,29,22,4,1,1,1,0,3.4,13.8,-0.01,0.0,27,3.7,3.7,7.4
4478,2026-04-02,2026-10-01,105,24,15,1,6,1,0,1,25.0,4.2,-0.05,0.0,23,0.0,30.4,4.3
4479,2026-04-02,2026-10-01,79,5,2,0,0,1,2,0,0.0,0.0,-0.01,0.0,9,33.3,0.0,11.1
4482,2026-04-02,2026-10-01,102,20,11,4,2,2,1,0,10.0,20.0,0.0,0.0,20,5.0,30.0,0.0
4483,2026-04-02,2026-10-01,142,42,21,9,5,4,3,0,11.9,21.4,0.0,0.7,30,10.0,3.3,3.3
4484,2026-04-02,2026-10-01,99,8,6,1,0,0,1,0,0.0,12.5,-0.03,0.0,15,20.0,33.3,0.0
4485,2026-04-02,2026-10-01,108,16,10,1,3,1,1,0,18.8,6.2,0.1,3.9,20,10.0,10.0,20.0
4486,2026-04-02,2026-10-01,128,25,9,7,2,5,1,1,8.0,28.0,0.02,0.0,20,5.0,25.0,10.0
4487,2026-04-02,2026-10-01,94,11,6,3,1,0,1,0,9.1,27.3,0.07,1.1,13,0.0,15.4,7.7
4488,2026-04-02,2026-10-01,118,32,19,2,5,3,3,0,15.6,6.2,-0.01,0.9,28,14.3,3.6,7.1
4489,2026-04-02,2026-10-01,122,12,6,0,2,3,1,0,16.7,0.0,-0.06,0.0,17,11.8,17.6,35.3
4491,2026-04-02,2026-10-01,113,4,1,1,0,0,2,0,0.0,25.0,-0.03,0.0,15,6.7,33.3,26.7
4494,2026-04-02,2026-10-01,102,22,11,3,2,2,4,0,9.1,13.6,0.06,2.0,20,10.0,20.0,10.0
4495,2026-04-02,2026-10-01,91,17,10,2,2,1,2,0,11.8,11.8,-0.06,0.0,14,0.0,21.4,7.1
4496,2026-04-02,2026-10-01,121,32,18,2,9,3,0,0,28.1,6.2,0.29,6.7,32,15.6,12.5,12.5
4497,2026-04-02,2026-10-01,138,55,30,5,7,9,3,1,12.7,9.1,0.02,0.7,34,0.0,2.9,5.9
4498,2026-04-02,2026-10-01,94,12,5,0,2,4,1,0,16.7,0.0,-0.09,0.0,11,27.3,18.2,9.1
4499,2026-04-02,2026-10-01,81,7,2,2,2,0,1,0,28.6,28.6,0.0,0.0,10,10.0,40.0,10.0
4500,2026-04-02,2026-10-01,119,45,22,5,8,4,6,0,17.8,11.1,0.09,2.5,28,10.7,0.0,7.1
4501,2026-04-02,2026-10-01,111,21,9,1,6,1,2,2,28.6,4.8,0.02,0.0,16,18.8,12.5,6.2
4502,2026-04-02,2026-10-01,137,42,23,6,5,6,2,0,11.9,14.3,-0.01,0.0,34,17.6,5.9,2.9
4503,2026-04-02,2026-10-01,144,53,31,4,6,7,4,1,11.3,7.5,0.04,0.7,41,2.4,9.8,7.3
4504,2026-04-02,2026-10-01,123,30,20,1,4,1,4,0,13.3,3.3,0.01,0.0,34,14.7,8.8,8.8
4505,2026-04-02,2026-10-01,135,39,24,1,6,2,6,0,15.4,2.6,-0.01,0.8,30,3.3,3.3,6.7
4506,2026-04-02,2026-10-01,125,33,18,7,4,3,1,0,12.1,21.2,0.02,0.0,29,17.2,3.4,13.8
4508,2026-04-02,2026-10-01,83,10,5,0,0,2,3,0,0.0,0.0,-0.05,0.0,11,9.1,9.1,18.2
4509,2026-04-02,2026-10-01,100,23,11,6,3,3,0,0,13.0,26.1,-0.07,0.0,19,0.0,15.8,15.8
4510,2026-04-02,2026-10-01,63,1,1,0,0,0,0,0,0.0,0.0,0.0,0.0,7,28.6,42.9,14.3
4511,2026-04-02,2026-10-01,98,9,5,0,3,0,0,1,33.3,0.0,-0.01,0.0,13,15.4,23.1,15.4
4512,2026-04-02,2026-10-01,154,51,28,4,11,3,5,0,21.6,7.8,0.03,2.0,35,2.9,8.6,2.9
4513,2026-04-02,2026-10-01,137,32,18,1,10,3,0,0,31.2,3.1,0.01,0.0,27,7.4,7.4,14.8
4514,2026-04-02,2026-10-01,154,45,26,10,5,2,2,0,11.1,22.2,0.18,3.4,35,2.9,8.6,11.4
4515,2026-04-02,2026-10-01,143,27,16,6,1,3,1,0,3.7,22.2,-0.04,0.0,29,10.3,13.8,10.3
4516,2026-04-02,2026-10-01,81,23,11,2,6,1,2,1,26.1,8.7,0.08,1.3,17,0.0,11.8,17.6
4518,2026-04-02,2026-10-01,98,28,14,3,4,6,0,1,14.3,10.7,0.09,1.0,20,5.0,5.0,10.0
4520,2026-04-02,2026-10-01,120,27,12,1,10,2,1,1,37.0,3.7,0.31,10.3,25,12.0,12.0,20.0
4521,2026-04-02,2026-10-01,112,18,10,2,3,1,2,0,16.7,11.1,0.04,0.0,21,14.3,14.3,23.8
4522,2026-04-02,2026-10-01,119,29,18,3,3,1,4,0,10.3,10.3,0.0,0.0,27,11.1,0.0,14.8
4523,2026-04-02,2026-10-01,109,15,11,2,1,0,1,0,6.7,13.3,0.03,0.0,22,13.6,18.2,13.6
4524,2026-04-02,2026-10-01,100,24,14,4,3,1,2,0,12.5,16.7,0.0,0.0,21,0.0,9.5,9.5
4525,2026-04-02,2026-10-01,86,9,6,0,3,0,0,0,33.3,0.0,0.0,1.2,13,15.4,15.4,23.1
4526,2026-04-02,2026-10-01,83,12,9,0,3,0,0,0,25.0,0.0,0.02,1.2,15,6.7,20.0,13.3
4527,2026-04-02,2026-10-01,100,12,6,3,1,1,1,0,8.3,25.0,-0.1,0.0,12,16.7,16.7,8.3
4528,2026-04-02,2026-10-01,102,25,11,3,5,5,1,0,20.0,12.0,0.01,1.0,18,16.7,11.1,11.1
4529,2026-04-02,2026-10-01,108,25,15,2,1,5,2,0,4.0,8.0,-0.05,0.0,21,9.5,0.0,9.5
4530,2026-04-02,2026-10-01,124,40,25,5,4,2,3,1,10.0,12.5,0.06,0.0,34,11.8,0.0,8.8
4531,2026-04-02,2026-10-01,146,33,19,5,2,6,1,0,6.1,15.2,-0.05,0.0,30,0.0,6.7,26.7
4532,2026-04-02,2026-10-01,109,29,17,3,3,3,3,0,10.3,10.3,0.3,11.1,24,20.8,0.0,8.3
4533,2026-04-02,2026-10-01,77,6,3,2,0,0,1,0,0.0,33.3,-0.01,0.0,10,10.0,20.0,20.0
4534,2026-04-02,2026-10-01,74,7,5,1,1,0,0,0,14.3,14.3,0.07,0.0,12,8.3,50.0,0.0
4535,2026-04-02,2026-10-01,106,33,19,1,7,3,3,0,21.2,3.0,-0.07,1.0,26,3.8,7.7,15.4
4536,2026-04-02,2026-10-01,129,26,11,3,5,4,3,0,19.2,11.5,0.01,0.0,23,17.4,13.0,13.0
4537,2026-04-02,2026-10-01,148,46,26,5,7,5,3,0,15.2,10.9,0.06,1.4,32,6.2,6.2,6.2
4538,2026-04-02,2026-10-01,77,22,5,1,14,1,1,0,63.6,4.5,-0.34,0.0,12,33.3,25.0,0.0
4539,2026-04-02,2026-10-01,134,31,21,3,5,2,0,0,16.1,9.7,-0.04,0.0,23,4.3,0.0,4.3
4540,2026-04-02,2026-10-01,117,18,10,4,1,0,3,0,5.6,22.2,-0.03,0.0,23,21.7,8.7,13.0
4543,2026-04-02,2026-10-01,121,31,20,3,3,4,1,0,9.7,9.7,0.03,0.0,27,7.4,3.7,11.1
4544,2026-04-02,2026-10-01,120,42,22,5,6,7,2,0,14.3,11.9,0.06,0.9,27,11.1,3.7,0.0
4545,2026-04-02,2026-10-01,131,53,32,4,3,10,4,0,5.7,7.5,-0.01,0.0,37,0.0,2.7,10.8
4546,2026-04-02,2026-10-01,100,25,15,5,2,3,0,0,8.0,20.0,0.0,0.0,22,9.1,18.2,4.5
4547,2026-04-02,2026-10-01,120,30,13,4,4,4,4,1,13.3,13.3,0.03,0.0,26,3.8,19.2,11.5
4548,2026-04-02,2026-10-01,45,0,0,0,0,0,0,0,,,0.0,0.0,4,0.0,75.0,0.0
4549,2026-04-02,2026-10-01,110,17,7,4,2,1,3,0,11.8,23.5,0.01,0.9,18,16.7,11.1,16.7
4550,2026-04-02,2026-10-01,117,9,5,1,1,2,0,0,11.1,11.1,-0.05,0.0,19,36.8,21.1,10.5
4551,2026-04-02,2026-10-01,137,22,10,3,3,1,5,0,13.6,13.6,-0.05,0.0,27,3.7,22.2,22.2
4552,2026-04-02,2026-10-01,83,8,3,4,0,1,0,0,0.0,50.0,-0.07,0.0,8,12.5,12.5,25.0
4553,2026-04-02,2026-10-01,117,19,11,1,2,4,1,0,10.5,5.3,-0.04,0.0,20,0.0,20.0,20.0
4555,2026-04-02,2026-10-01,121,17,10,1,2,1,3,0,11.8,5.9,-0.06,0.8,23,17.4,8.7,13.0
4556,2026-04-02,2026-10-01,103,34,21,4,3,5,1,0,8.8,11.8,0.0,0.0,29,10.3,6.9,6.9
4557,2026-04-02,2026-10-01,104,4,2,2,0,0,0,0,0.0,50.0,-0.06,0.0,14,28.6,21.4,28.6
4558,2026-04-02,2026-10-01,86,3,3,0,0,0,0,0,0.0,0.0,-0.02,0.0,13,23.1,23.1,23.1
4560,2026-04-02,2026-10-01,85,17,8,2,2,3,1,1,11.8,11.8,0.01,0.0,14,7.1,28.6,0.0
4561,2026-04-02,2026-10-01,99,20,10,0,7,1,1,1,35.0,0.0,0.19,10.4,16,12.5,18.8,6.2
4562,2026-04-02,2026-10-01,130,10,4,0,3,1,2,0,30.0,0.0,-0.09,0.0,17,17.6,23.5,17.6
4563,2026-04-02,2026-10-01,81,7,5,1,1,0,0,0,14.3,14.3,0.04,0.0,11,18.2,18.2,9.1
4564,2026-04-02,2026-10-01,124,8,6,0,2,0,0,0,25.0,0.0,-0.02,0.8,21,4.8,23.8,23.8
4565,2026-04-02,2026-10-01,112,10,6,0,3,0,1,0,30.0,0.0,-0.03,0.0,15,20.0,20.0,13.3
4566,2026-04-02,2026-10-01,114,28,17,4,1,5,1,0,3.6,14.3,0.14,4.5,23,13.0,4.3,4.3
4567,2026-04-02,2026-10-01,94,9,5,0,1,1,2,0,11.1,0.0,0.02,1.1,11,9.1,18.2,0.0
4568,2026-04-02,2026-10-01,116,21,14,1,3,3,0,0,14.3,4.8,-0.03,0.0,20,10.0,15.0,5.0
4569,2026-04-02,2026-10-01,89,10,2,4,3,1,0,0,30.0,40.0,0.0,0.0,13,30.8,7.7,30.8
4570,2026-04-02,2026-10-01,109,25,15,1,4,4,1,0,16.0,4.0,-0.01,0.9,21,4.8,19.0,4.8
4571,2026-04-02,2026-10-01,96,35,13,1,17,2,1,1,48.6,2.9,-0.29,1.1,20,5.0,10.0,10.0
4572,2026-04-02,2026-10-01,133,23,14,1,2,4,2,0,8.7,4.3,-0.06,0.0,23,17.4,13.0,4.3
4573,2026-04-02,2026-10-01,98,26,13,2,3,6,2,0,11.5,7.7,0.01,0.0,19,15.8,5.3,5.3
4574,2026-04-02,2026-10-01,123,16,9,2,2,3,0,0,12.5,12.5,0.02,0.0,19,15.8,26.3,10.5
4575,2026-04-02,2026-10-01,117,30,17,2,7,3,1,0,23.3,6.7,-0.03,0.0,21,9.5,0.0,4.8
4578,2026-04-02,2026-10-01,140,30,17,5,5,2,1,0,16.7,16.7,0.0,0.7,27,7.4,3.7,11.1
4579,2026-04-02,2026-10-01,126,30,21,3,0,5,1,0,0.0,10.0,0.02,0.0,26,3.8,7.7,3.8
4580,2026-04-02,2026-10-01,97,20,11,3,4,2,0,0,20.0,15.0,-0.03,1.1,16,6.2,6.2,12.5
4581,2026-04-02,2026-10-01,126,32,16,5,4,4,2,1,12.5,15.6,0.0,0.0,25,16.0,0.0,16.0
4583,2026-04-02,2026-10-01,115,17,8,4,1,2,2,0,5.9,23.5,-0.02,0.9,15,26.7,13.3,6.7
4584,2026-04-02,2026-10-01,105,31,19,4,5,3,0,0,16.1,12.9,0.02,1.0,24,4.2,4.2,12.5
4586,2026-04-02,2026-10-01,138,33,20,2,2,4,4,1,6.1,6.1,0.01,0.7,28,3.6,3.6,14.3
4587,2026-04-02,2026-10-01,115,30,16,4,1,7,2,0,3.3,13.3,0.01,0.0,21,9.5,4.8,4.8
4588,2026-04-02,2026-10-01,139,24,14,2,4,3,1,0,16.7,8.3,-0.07,0.0,26,3.8,11.5,23.1
4589,2026-04-02,2026-10-01,112,25,12,2,10,0,1,0,40.0,8.0,-0.01,0.0,19,10.5,15.8,5.3
4590,2026-04-02,2026-10-01,128,28,17,7,2,2,0,0,7.1,25.0,-0.02,0.0,28,14.3,7.1,17.9
4592,2026-04-02,2026-10-01,89,6,3,1,0,2,0,0,0.0,16.7,-0.03,1.1,11,27.3,27.3,9.1
4593,2026-04-02,2026-10-01,129,19,13,3,2,1,0,0,10.5,15.8,-0.03,0.0,23,4.3,13.0,17.4
4594,2026-04-02,2026-10-01,128,27,16,2,4,4,1,0,14.8,7.4,0.31,9.0,23,8.7,8.7,4.3
4596,2026-04-02,2026-10-01,132,27,15,2,1,5,3,1,3.7,7.4,-0.02,0.8,27,14.8,14.8,7.4
4598,2026-04-02,2026-10-01,125,31,13,1,9,5,2,1,29.0,3.2,-0.03,0.0,24,20.8,4.2,4.2
4600,2026-04-02,2026-10-01,101,27,12,3,6,3,3,0,22.2,11.1,0.06,0.0,23,8.7,4.3,17.4
4601,2026-04-02,2026-10-01,136,44,19,6,9,6,4,0,20.5,13.6,0.01,0.8,32,9.4,18.8,9.4
4603,2026-04-02,2026-10-01,97,23,13,3,1,5,1,0,4.3,13.0,-0.05,0.0,17,5.9,11.8,5.9
4604,2026-04-02,2026-10-01,138,41,24,5,7,2,3,0,17.1,12.2,0.04,0.0,29,3.4,3.4,6.9
4607,2026-04-02,2026-10-01,138,27,16,2,1,6,1,1,3.7,7.4,-0.05,0.0,31,19.4,9.7,12.9
4608,2026-04-02,2026-10-01,158,33,19,4,6,3,1,0,18.2,12.1,0.01,0.0,32,9.4,9.4,15.6
4610,2026-04-02,2026-10-01,124,32,10,4,15,0,3,0,46.9,12.5,-0.16,0.0,22,0.0,18.2,22.7
4611,2026-04-02,2026-10-01,131,31,15,5,5,5,0,1,16.1,16.1,0.03,0.8,23,4.3,8.7,13.0
4614,2026-04-02,2026-10-01,123,42,22,12,3,4,1,0,7.1,28.6,0.05,1.7,29,0.0,10.3,10.3
4615,2026-04-02,2026-10-01,96,9,5,1,0,0,2,1,0.0,11.1,-0.03,0.0,11,36.4,18.2,0.0
4618,2026-04-02,2026-10-01,83,12,4,4,2,2,0,0,16.7,33.3,-0.04,0.0,12,16.7,25.0,0.0
4619,2026-04-02,2026-10-01,114,27,6,4,13,3,1,0,48.1,14.8,-0.5,0.0,11,0.0,18.2,18.2
4623,2026-04-02,2026-10-01,120,19,10,3,3,1,2,0,15.8,15.8,0.03,0.0,22,13.6,13.6,18.2
4624,2026-04-02,2026-10-01,114,25,12,6,3,3,1,0,12.0,24.0,0.03,0.0,21,23.8,9.5,4.8
4625,2026-04-02,2026-10-01,93,16,11,1,2,2,0,0,12.5,6.2,-0.04,0.0,14,0.0,14.3,7.1
4626,2026-04-02,2026-10-01,90,8,2,0,0,3,3,0,0.0,0.0,-0.1,0.0,12,16.7,25.0,25.0
4627,2026-04-02,2026-10-01,82,23,9,4,3,5,2,0,13.0,17.4,-0.01,0.0,15,6.7,20.0,13.3
4630,2026-04-02,2026-10-01,94,13,8,3,0,2,0,0,0.0,23.1,-0.06,0.0,16,6.2,37.5,6.2
4631,2026-04-02,2026-10-01,84,10,5,0,0,1,4,0,0.0,0.0,-0.01,0.0,14,14.3,7.1,21.4
4632,2026-04-02,2026-10-01,93,5,2,0,1,2,0,0,20.0,0.0,-0.02,0.0,12,25.0,41.7,8.3
4633,2026-04-02,2026-10-01,126,15,11,3,0,0,1,0,0.0,20.0,0.02,0.8,23,34.8,13.0,4.3
4635,2026-04-02,2026-10-01,89,20,11,1,5,2,1,0,25.0,5.0,-0.07,0.0,17,11.8,5.9,11.8
4636,2026-04-02,2026-10-01,87,6,4,0,2,0,0,0,33.3,0.0,-0.11,0.0,11,18.2,9.1,36.4
4637,2026-04-02,2026-10-01,78,20,7,5,4,3,1,0,20.0,25.0,-0.07,0.0,15,0.0,13.3,20.0
4638,2026-04-02,2026-10-01,106,13,7,2,2,1,0,1,15.4,15.4,-0.06,0.0,16,12.5,6.2,31.2
4639,2026-04-02,2026-10-01,103,11,7,0,1,2,0,1,9.1,0.0,0.04,1.0,13,0.0,7.7,7.7
4640,2026-04-02,2026-10-01,143,23,16,3,2,2,0,0,8.7,13.0,0.0,0.0,26,15.4,7.7,11.5
4641,2026-04-02,2026-10-01,59,6,3,1,0,1,1,0,0.0,16.7,-0.02,0.0,7,14.3,0.0,28.6
4642,2026-04-02,2026-10-01,141,47,17,10,4,13,3,0,8.5,21.3,0.02,0.0,28,7.1,14.3,7.1
4643,2026-04-02,2026-10-01,113,30,20,1,5,3,1,0,16.7,3.3,0.0,0.0,24,0.0,4.2,8.3
4644,2026-04-02,2026-10-01,144,34,15,3,6,8,2,0,17.6,8.8,-0.1,0.0,27,11.1,14.8,0.0
4645,2026-04-02,2026-10-01,133,32,22,4,6,0,0,0,18.8,12.5,-0.04,0.0,30,10.0,3.3,6.7
4648,2026-04-02,2026-10-01,85,14,7,5,1,0,0,1,7.1,35.7,-0.01,0.0,13,30.8,15.4,0.0
4649,2026-04-02,2026-10-01,136,29,12,1,1,10,4,1,3.4,3.4,-0.07,0.0,24,16.7,12.5,4.2
4650,2026-04-02,2026-10-01,41,2,1,0,1,0,0,0,50.0,0.0,-0.07,0.0,7,14.3,0.0,28.6
4651,2026-04-02,2026-10-01,86,3,3,0,0,0,0,0,0.0,0.0,-0.05,0.0,10,20.0,30.0,10.0
4652,2026-04-02,2026-10-01,94,12,6,0,5,1,0,0,41.7,0.0,-0.09,0.0,12,8.3,25.0,8.3
4653,2026-04-02,2026-10-01,43,14,9,0,1,1,3,0,7.1,0.0,-0.02,0.0,10,0.0,0.0,0.0
4654,2026-04-02,2026-10-01,112,25,17,6,0,2,0,0,0.0,24.0,-0.01,0.0,23,0.0,13.0,8.7
4656,2026-04-02,2026-10-01,114,13,5,3,1,2,1,1,7.7,23.1,0.01,0.0,17,41.2,17.6,11.8
4659,2026-04-02,2026-10-01,149,47,23,9,3,9,3,0,6.4,19.1,0.06,1.3,37,5.4,10.8,13.5
4660,2026-04-02,2026-10-01,72,7,4,1,2,0,0,0,28.6,14.3,-0.06,0.0,10,20.0,20.0,10.0
4661,2026-04-02,2026-10-01,142,23,8,6,2,4,2,1,8.7,26.1,0.02,0.7,25,28.0,12.0,20.0
4663,2026-04-02,2026-10-01,90,20,8,4,3,3,2,0,15.0,20.0,-0.07,0.0,15,13.3,20.0,6.7
4664,2026-04-02,2026-10-01,105,8,2,3,2,0,1,0,25.0,37.5,0.0,0.0,14,28.6,35.7,14.3
4665,2026-04-02,2026-10-01,104,8,4,0,2,1,1,0,25.0,0.0,-0.12,0.0,12,16.7,16.7,16.7
4666,2026-04-02,2026-10-01,93,10,5,1,1,2,0,1,10.0,10.0,-0.02,0.0,11,18.2,18.2,9.1
4669,2026-04-02,2026-10-01,106,7,3,0,2,1,1,0,28.6,0.0,-0.07,0.0,11,27.3,9.1,36.4
4672,2026-04-02,2026-10-01,116,9,2,2,2,2,1,0,22.2,22.2,-0.02,0.0,13,38.5,15.4,15.4
4674,2026-04-02,2026-10-01,114,15,12,1,0,1,1,0,0.0,6.7,0.0,0.0,21,14.3,4.8,19.0
4675,2026-04-02,2026-10-01,90,17,10,1,2,4,0,0,11.8,5.9,-0.01,0.0,18,5.6,16.7,16.7
4676,2026-04-02,2026-10-01,108,12,5,3,1,2,1,0,8.3,25.0,0.14,3.8,19,10.5,21.1,31.6
4677,2026-04-02,2026-10-01,129,24,13,4,2,2,3,0,8.3,16.7,-0.04,0.0,25,4.0,16.0,16.0
4678,2026-04-02,2026-10-01,87,8,5,2,0,1,0,0,0.0,25.0,0.02,0.0,13,15.4,23.1,7.7
4679,2026-04-02,2026-10-01,137,33,19,1,7,4,2,0,21.2,3.0,0.0,0.8,28,7.1,17.9,3.6
4680,2026-04-02,2026-10-01,129,17,10,3,3,1,0,0,17.6,17.6,0.11,3.1,26,11.5,34.6,0.0
4681,2026-04-02,2026-10-01,24,2,1,0,0,1,0,0,0.0,0.0,-0.09,0.0,4,50.0,0.0,0.0
4682,2026-04-02,2026-10-01,132,41,26,3,1,7,4,0,2.4,7.3,-0.02,0.0,29,3.4,0.0,3.4
4683,2026-04-02,2026-10-01,70,4,0,0,4,0,0,0,100.0,0.0,-0.07,0.0,0,,,
4684,2026-04-02,2026-10-01,131,24,13,2,5,2,2,0,20.8,8.3,-0.02,0.0,25,8.0,16.0,4.0
4685,2026-04-02,2026-10-01,115,40,23,6,3,6,2,0,7.5,15.0,0.04,0.9,31,6.5,6.5,9.7
4686,2026-04-02,2026-10-01,121,42,21,8,4,6,3,0,9.5,19.0,-0.04,0.0,25,4.0,8.0,0.0
4688,2026-04-02,2026-10-01,134,43,24,9,4,5,1,0,9.3,20.9,-0.01,0.0,28,0.0,3.6,10.7
4689,2026-04-02,2026-10-01,104,14,6,1,2,3,2,0,14.3,7.1,0.0,0.0,20,15.0,15.0,30.0
4690,2026-04-02,2026-10-01,63,11,4,3,0,3,1,0,0.0,27.3,0.02,1.6,7,14.3,28.6,0.0
4691,2026-04-02,2026-10-01,36,5,2,2,1,0,0,0,20.0,40.0,0.03,0.0,4,0.0,50.0,0.0
4692,2026-04-02,2026-10-01,97,8,3,0,5,0,0,0,62.5,0.0,-0.16,0.0,12,33.3,16.7,16.7
4693,2026-04-02,2026-10-01,114,11,3,2,0,4,1,1,0.0,18.2,-0.12,0.0,13,23.1,46.2,7.7
4694,2026-04-02,2026-10-01,106,11,4,1,2,3,1,0,18.2,9.1,-0.02,0.0,14,21.4,28.6,21.4
4695,2026-04-02,2026-10-01,113,22,13,5,1,2,0,1,4.5,22.7,-0.07,0.0,23,13.0,8.7,13.0
4697,2026-04-02,2026-10-01,107,7,4,0,3,0,0,0,42.9,0.0,-0.06,0.0,14,42.9,14.3,14.3
4700,2026-04-02,2026-10-01,128,28,14,9,1,3,1,0,3.6,32.1,-0.01,0.0,25,16.0,16.0,8.0
4702,2026-04-02,2026-10-01,102,29,13,5,6,4,1,0,20.7,17.2,-0.04,0.0,22,13.6,13.6,9.1
4703,2026-04-02,2026-10-01,141,35,21,0,8,5,0,1,22.9,0.0,-0.04,0.0,31,16.1,0.0,12.9
4704,2026-04-02,2026-10-01,151,37,16,3,8,6,4,0,21.6,8.1,-0.01,0.0,28,10.7,10.7,10.7
4705,2026-04-02,2026-10-01,93,6,4,1,0,0,1,0,0.0,16.7,-0.03,0.0,11,9.1,36.4,18.2
4706,2026-04-02,2026-10-01,113,21,11,2,4,4,0,0,19.0,9.5,0.03,0.9,21,14.3,9.5,19.0
4708,2026-04-02,2026-10-01,80,8,7,1,0,0,0,0,0.0,12.5,0.01,0.0,12,25.0,0.0,16.7
4709,2026-04-02,2026-10-01,112,20,8,1,0,5,6,0,0.0,5.0,-0.05,0.0,22,13.6,9.1,22.7
4710,2026-04-02,2026-10-01,144,26,16,2,2,2,4,0,7.7,7.7,-0.01,0.0,27,11.1,11.1,11.1
4711,2026-04-02,2026-10-01,115,21,11,1,3,5,1,0,14.3,4.8,-0.03,0.0,22,9.1,18.2,18.2
4713,2026-04-02,2026-10-01,125,27,13,5,3,2,4,0,11.1,18.5,-0.02,0.0,23,8.7,17.4,4.3
4714,2026-04-02,2026-10-01,105,7,6,0,0,1,0,0,0.0,0.0,0.01,0.0,15,13.3,20.0,20.0
4715,2026-04-02,2026-10-01,95,27,10,4,6,6,1,0,22.2,14.8,0.04,0.0,20,15.0,5.0,20.0
4718,2026-04-02,2026-10-01,82,17,9,4,1,1,2,0,5.9,23.5,0.12,3.7,14,7.1,21.4,7.1
4719,2026-04-02,2026-10-01,130,37,28,2,3,4,0,0,8.1,5.4,0.08,0.8,30,3.3,3.3,0.0
4720,2026-04-02,2026-10-01,82,2,2,0,0,0,0,0,0.0,0.0,0.01,0.0,11,0.0,54.5,18.2
4723,2026-04-02,2026-10-01,76,7,4,1,1,1,0,0,14.3,14.3,-0.33,0.0,13,15.4,30.8,15.4
4724,2026-04-02,2026-10-01,84,3,2,1,0,0,0,0,0.0,33.3,-0.12,0.0,11,18.2,54.5,0.0
4725,2026-04-02,2026-10-01,107,14,5,1,4,1,3,0,28.6,7.1,-0.04,0.0,14,14.3,14.3,21.4
4726,2026-04-02,2026-10-01,20,3,2,0,0,0,1,0,0.0,0.0,0.0,0.0,2,0.0,0.0,0.0
4727,2026-04-02,2026-10-01,83,9,4,1,3,0,1,0,33.3,11.1,0.07,3.8,10,0.0,40.0,10.0
4728,2026-04-02,2026-10-01,92,11,5,3,2,0,1,0,18.2,27.3,-0.01,0.0,15,6.7,20.0,40.0
4729,2026-04-02,2026-10-01,85,11,5,1,2,3,0,0,18.2,9.1,-0.1,0.0,12,33.3,25.0,0.0
4730,2026-04-02,2026-10-01,104,18,6,3,2,2,5,0,11.1,16.7,0.11,3.9,18,5.6,38.9,11.1
4731,2026-04-02,2026-10-01,93,12,6,3,1,2,0,0,8.3,25.0,-0.06,0.0,12,8.3,25.0,16.7
4732,2026-04-02,2026-10-01,139,44,27,10,3,3,1,0,6.8,22.7,0.2,2.9,36,16.7,2.8,5.6
4733,2026-04-02,2026-10-01,76,17,8,1,6,1,1,0,35.3,5.9,-0.01,0.0,11,0.0,0.0,27.3
4734,2026-04-02,2026-10-01,125,35,15,4,6,7,3,0,17.1,11.4,0.05,1.6,28,10.7,17.9,7.1
4735,2026-04-02,2026-10-01,102,14,6,0,7,1,0,0,50.0,0.0,-0.02,0.0,12,8.3,25.0,8.3
4736,2026-04-02,2026-10-01,137,43,27,5,5,3,3,0,11.6,11.6,-0.01,0.0,36,5.6,0.0,16.7
4737,2026-04-02,2026-10-01,127,36,19,1,9,4,2,1,25.0,2.8,-0.02,0.0,29,6.9,10.3,3.4
4738,2026-04-02,2026-10-01,136,34,18,6,6,2,2,0,17.6,17.6,-0.02,0.0,26,11.5,0.0,7.7
4739,2026-04-02,2026-10-01,138,40,20,6,10,2,2,0,25.0,15.0,0.08,1.4,31,0.0,22.6,6.5
4740,2026-04-02,2026-10-01,95,12,5,2,2,3,0,0,16.7,16.7,-0.02,0.0,13,30.8,15.4,7.7
4743,2026-04-02,2026-10-01,150,36,19,5,6,3,2,1,16.7,13.9,0.01,0.0,32,9.4,15.6,9.4
4744,2026-04-02,2026-10-01,94,8,4,0,0,3,1,0,0.0,0.0,0.01,0.0,13,7.7,30.8,15.4
4746,2026-04-02,2026-10-01,100,16,11,1,0,1,2,1,0.0,6.2,0.03,1.0,18,5.6,11.1,11.1
4747,2026-04-02,2026-10-01,69,4,1,1,2,0,0,0,50.0,25.0,-0.04,0.0,9,33.3,33.3,11.1
4748,2026-04-02,2026-10-01,113,29,17,4,1,4,3,0,3.4,13.8,0.03,0.0,26,11.5,3.8,7.7
4750,2026-04-02,2026-10-01,108,17,6,2,8,0,1,0,47.1,11.8,-0.04,0.0,15,13.3,20.0,26.7
4752,2026-04-02,2026-10-01,107,9,5,0,3,1,0,0,33.3,0.0,0.0,0.0,14,21.4,14.3,14.3
4753,2026-04-02,2026-10-01,30,2,2,0,0,0,0,0,0.0,0.0,0.0,0.0,3,33.3,0.0,0.0
4754,2026-04-02,2026-10-01,153,32,19,1,3,4,4,1,9.4,3.1,-0.03,0.0,27,3.7,11.1,3.7
4757,2026-04-02,2026-10-01,128,39,22,1,8,8,0,0,20.5,2.6,-0.01,0.0,31,9.7,12.9,6.5
4759,2026-04-02,2026-10-01,154,44,32,4,2,3,2,1,4.5,9.1,-0.05,0.6,37,2.7,5.4,2.7
4760,2026-04-02,2026-10-01,151,51,29,5,8,7,2,0,15.7,9.8,0.02,0.0,35,2.9,11.4,2.9
4761,2026-04-02,2026-10-01,131,33,17,4,8,3,1,0,24.2,12.1,-0.03,0.0,22,4.5,9.1,4.5
4762,2026-04-02,2026-10-01,139,55,27,4,10,9,5,0,18.2,7.3,0.04,0.7,36,8.3,5.6,2.8
4764,2026-04-02,2026-10-01,83,13,6,1,2,2,2,0,15.4,7.7,0.03,0.0,11,9.1,0.0,18.2
4765,2026-04-02,2026-10-01,78,7,4,2,1,0,0,0,14.3,28.6,-0.11,0.0,12,8.3,16.7,33.3
4766,2026-04-02,2026-10-01,85,7,2,1,3,0,1,0,42.9,14.3,-0.01,0.0,8,37.5,12.5,0.0
4769,2026-04-02,2026-10-01,122,35,19,2,6,3,4,1,17.1,5.7,0.02,0.8,27,11.1,0.0,14.8
4771,2026-04-02,2026-10-01,135,48,27,8,3,9,1,0,6.2,16.7,-0.01,0.8,35,0.0,8.6,14.3
4772,2026-04-02,2026-10-01,120,30,13,2,5,8,1,1,16.7,6.7,-0.02,0.0,21,14.3,0.0,14.3
4773,2026-04-02,2026-10-01,116,30,18,3,3,4,2,0,10.0,10.0,0.01,0.9,26,3.8,0.0,15.4
4775,2026-04-02,2026-10-01,80,19,8,3,5,1,2,0,26.3,15.8,-0.05,0.0,16,12.5,6.2,31.2
4776,2026-04-02,2026-10-01,145,46,29,4,7,3,2,1,15.2,8.7,0.02,0.0,37,5.4,0.0,8.1
4778,2026-04-02,2026-10-01,69,12,6,1,1,2,2,0,8.3,8.3,0.21,8.8,11,18.2,9.1,9.1
4779,2026-04-02,2026-10-01,97,9,6,0,1,1,0,1,11.1,0.0,-0.02,0.0,14,28.6,21.4,0.0
4781,2026-04-02,2026-10-01,44,2,1,0,0,0,1,0,0.0,0.0,-0.05,0.0,5,0.0,20.0,20.0
4782,2026-04-02,2026-10-01,90,11,7,1,0,1,2,0,0.0,9.1,-0.02,0.0,12,8.3,25.0,8.3
4784,2026-04-02,2026-10-01,60,2,2,0,0,0,0,0,0.0,0.0,0.02,0.0,9,11.1,33.3,22.2
4785,2026-04-02,2026-10-01,92,4,1,1,1,0,0,1,25.0,25.0,-0.08,1.1,11,45.5,18.2,27.3
4786,2026-04-02,2026-10-01,145,38,19,5,9,2,2,1,23.7,13.2,0.05,1.4,31,3.2,6.5,25.8
4787,2026-04-02,2026-10-01,138,54,25,1,15,12,1,0,27.8,1.9,0.01,0.0,30,3.3,0.0,10.0
4788,2026-04-02,2026-10-01,128,23,11,5,3,2,1,1,13.0,21.7,0.02,0.0,23,13.0,13.0,17.4
4789,2026-04-02,2026-10-01,116,21,9,3,3,3,3,0,14.3,14.3,-0.05,0.0,21,9.5,9.5,28.6
4790,2026-04-02,2026-10-01,119,28,16,2,5,3,2,0,17.9,7.1,-0.01,0.0,26,3.8,19.2,11.5
4791,2026-04-02,2026-10-01,129,23,8,6,1,4,4,0,4.3,26.1,-0.02,0.0,22,22.7,4.5,22.7
4792,2026-04-02,2026-10-01,57,5,1,1,3,0,0,0,60.0,20.0,0.28,8.8,6,33.3,16.7,33.3
4793,2026-04-02,2026-10-01,132,41,17,7,9,6,2,0,22.0,17.1,0.0,0.0,25,12.0,8.0,8.0
4794,2026-04-02,2026-10-01,102,36,20,2,9,1,3,1,25.0,5.6,0.0,0.0,22,0.0,0.0,9.1
4796,2026-04-02,2026-10-01,137,35,21,4,6,3,1,0,17.1,11.4,0.05,0.7,27,3.7,14.8,0.0
4797,2026-04-02,2026-10-01,108,23,10,3,5,3,2,0,21.7,13.0,-0.12,0.0,15,6.7,6.7,13.3
4798,2026-04-02,2026-10-01,141,43,22,5,6,9,1,0,14.0,11.6,0.0,0.0,32,12.5,9.4,6.2
4803,2026-04-02,2026-10-01,78,3,3,0,0,0,0,0,0.0,0.0,-0.07,0.0,12,8.3,33.3,25.0
4804,2026-04-02,2026-10-01,126,30,13,3,11,1,2,0,36.7,10.0,0.07,0.0,25,12.0,12.0,12.0
4808,2026-04-02,2026-10-01,133,33,18,3,9,2,1,0,27.3,9.1,0.0,0.0,26,3.8,7.7,11.5
4809,2026-04-02,2026-10-01,102,11,6,2,0,0,3,0,0.0,18.2,-0.04,0.0,17,0.0,23.5,17.6
4811,2026-04-02,2026-10-01,124,20,7,4,6,3,0,0,30.0,20.0,0.07,0.0,17,23.5,17.6,11.8
4812,2026-04-02,2026-10-01,101,40,21,2,3,9,5,0,7.5,5.0,0.08,2.1,28,3.6,10.7,3.6
4813,2026-04-02,2026-10-01,81,7,2,0,3,1,1,0,42.9,0.0,0.0,1.3,13,23.1,38.5,7.7
4815,2026-04-02,2026-10-01,58,6,0,2,3,1,0,0,50.0,33.3,-0.25,0.0,6,0.0,50.0,33.3
4816,2026-04-02,2026-10-01,140,33,17,4,12,0,0,0,36.4,12.1,-0.04,0.0,25,4.0,12.0,8.0
4817,2026-04-02,2026-10-01,97,26,16,4,1,3,2,0,3.8,15.4,-0.03,0.0,22,4.5,4.5,18.2
4818,2026-04-02,2026-10-01,50,1,0,0,1,0,0,0,100.0,0.0,-0.27,0.0,3,0.0,33.3,66.7
4819,2026-04-02,2026-10-01,83,13,7,2,4,0,0,0,30.8,15.4,-0.04,0.0,13,7.7,15.4,15.4
4821,2026-04-02,2026-10-01,108,15,7,5,3,0,0,0,20.0,33.3,-0.03,0.0,13,15.4,23.1,0.0
4822,2026-04-02,2026-10-01,122,28,14,7,1,4,2,0,3.6,25.0,0.22,6.8,21,0.0,19.0,9.5
4823,2026-04-02,2026-10-01,119,34,16,6,5,5,2,0,14.7,17.6,0.03,0.0,24,8.3,16.7,4.2
4824,2026-04-02,2026-10-01,135,33,17,2,6,6,2,0,18.2,6.1,-0.02,0.8,27,0.0,22.2,11.1
4825,2026-04-02,2026-10-01,132,45,25,4,7,6,3,0,15.6,8.9,0.05,0.8,32,3.1,12.5,0.0
4826,2026-04-02,2026-10-01,133,43,24,5,5,6,3,0,11.6,11.6,0.01,0.0,31,6.5,6.5,0.0
4828,2026-04-02,2026-10-01,121,31,14,7,3,5,2,0,9.7,22.6,0.0,0.8,26,7.7,23.1,3.8
4831,2026-04-02,2026-10-01,114,29,15,4,3,5,2,0,10.3,13.8,0.02,0.9,24,8.3,16.7,8.3
4832,2026-04-02,2026-10-01,150,48,23,8,3,10,4,0,6.2,16.7,0.04,2.0,35,8.6,17.1,5.7
4834,2026-04-02,2026-10-01,150,28,21,1,1,4,1,0,3.6,3.6,0.06,2.1,32,12.5,3.1,12.5
4835,2026-04-02,2026-10-01,122,10,8,1,0,1,0,0,0.0,10.0,-0.03,0.8,17,17.6,17.6,17.6
4836,2026-04-02,2026-10-01,101,14,4,3,3,0,3,1,21.4,21.4,-0.04,0.0,14,7.1,21.4,28.6
4837,2026-04-02,2026-10-01,107,12,7,2,1,2,0,0,8.3,16.7,-0.05,0.0,14,28.6,7.1,7.1
4839,2026-04-02,2026-10-01,141,33,14,4,4,9,1,1,12.1,12.1,-0.08,0.0,26,3.8,23.1,7.7
4840,2026-04-02,2026-10-01,122,12,4,2,2,2,2,0,16.7,16.7,-0.05,0.0,16,25.0,25.0,25.0
4842,2026-04-02,2026-10-01,103,24,12,3,3,4,2,0,12.5,12.5,-0.02,0.0,20,5.0,20.0,10.0
4843,2026-04-02,2026-10-01,76,7,4,0,1,0,2,0,14.3,0.0,0.01,0.0,9,11.1,11.1,22.2
4844,2026-04-02,2026-10-01,111,7,5,1,1,0,0,0,14.3,14.3,0.01,0.0,15,20.0,26.7,13.3
4845,2026-04-02,2026-10-01,93,21,8,3,7,2,1,0,33.3,14.3,0.01,0.0,16,12.5,25.0,6.2
4846,2026-04-02,2026-10-01,103,10,6,1,1,0,1,1,10.0,10.0,-0.14,0.0,14,14.3,14.3,21.4
4847,2026-04-02,2026-10-01,132,34,20,4,4,3,3,0,11.8,11.8,0.05,0.8,30,3.3,13.3,10.0
4848,2026-04-02,2026-10-01,134,38,24,1,2,6,5,0,5.3,2.6,0.05,0.0,33,6.1,9.1,3.0
4850,2026-04-02,2026-10-01,144,43,25,4,11,2,1,0,25.6,9.3,0.08,2.8,31,3.2,12.9,3.2
4851,2026-04-02,2026-10-01,126,39,18,7,6,7,0,1,15.4,17.9,-0.07,0.0,23,8.7,0.0,13.0
4852,2026-04-02,2026-10-01,146,52,28,8,6,8,2,0,11.5,15.4,0.0,0.0,38,7.9,10.5,7.9
4853,2026-04-02,2026-10-01,111,10,6,2,1,1,0,0,10.0,20.0,0.04,0.0,18,0.0,22.2,33.3
4854,2026-04-02,2026-10-01,54,0,0,0,0,0,0,0,,,0.0,0.0,5,0.0,60.0,20.0
4856,2026-04-02,2026-10-01,159,50,23,5,13,7,1,1,26.0,10.0,0.01,0.6,32,15.6,0.0,9.4
4857,2026-04-02,2026-10-01,143,45,23,5,3,8,5,1,6.7,11.1,0.02,0.7,32,6.2,12.5,0.0
4861,2026-04-02,2026-10-01,114,12,9,1,2,0,0,0,16.7,8.3,-0.06,0.0,16,25.0,6.2,12.5
4863,2026-04-02,2026-10-01,87,5,4,1,0,0,0,0,0.0,20.0,-0.07,0.0,12,16.7,41.7,0.0
4864,2026-04-02,2026-10-01,100,11,6,1,2,0,1,1,18.2,9.1,-0.03,0.0,15,13.3,6.7,20.0
4865,2026-04-02,2026-10-01,26,2,2,0,0,0,0,0,0.0,0.0,-0.12,0.0,2,0.0,0.0,0.0
4866,2026-04-02,2026-10-01,91,9,5,0,2,0,2,0,22.2,0.0,-0.06,0.0,12,8.3,16.7,33.3
4871,2026-04-02,2026-10-01,95,7,3,1,2,0,1,0,28.6,14.3,0.01,0.0,13,23.1,23.1,23.1
4872,2026-04-02,2026-10-01,98,7,5,1,0,1,0,0,0.0,14.3,0.14,4.1,12,25.0,0.0,33.3
4873,2026-04-02,2026-10-01,140,22,11,2,3,3,2,1,13.6,9.1,0.2,5.8,24,12.5,20.8,12.5
4874,2026-04-02,2026-10-01,95,8,4,2,1,1,0,0,12.5,25.0,1.35,42.4,16,25.0,31.2,18.8
4875,2026-04-02,2026-10-01,112,14,4,3,2,3,2,0,14.3,21.4,-0.08,0.0,18,16.7,27.8,22.2
4876,2026-04-02,2026-10-01,123,17,11,2,2,1,1,0,11.8,11.8,-0.08,0.0,17,0.0,11.8,17.6
4877,2026-04-02,2026-10-01,128,40,19,4,7,8,2,0,17.5,10.0,0.03,2.3,26,0.0,11.5,15.4
4878,2026-04-02,2026-10-01,105,11,4,0,5,1,0,1,45.5,0.0,0.02,1.0,18,22.2,27.8,5.6
4879,2026-04-02,2026-10-01,101,10,3,4,1,1,1,0,10.0,40.0,-0.07,0.0,12,33.3,16.7,16.7
4880,2026-04-02,2026-10-01,114,14,5,3,2,3,1,0,14.3,21.4,-0.05,0.0,17,11.8,35.3,17.6
4882,2026-04-02,2026-10-01,42,4,3,0,1,0,0,0,25.0,0.0,-0.15,0.0,4,0.0,0.0,0.0
4883,2026-04-02,2026-10-01,124,32,12,5,3,10,1,1,9.4,15.6,-0.06,0.0,20,10.0,25.0,0.0
4885,2026-04-02,2026-10-01,94,38,19,2,8,4,3,2,21.1,5.3,0.03,0.0,25,12.0,0.0,8.0
4886,2026-04-02,2026-10-01,112,26,14,5,1,4,2,0,3.8,19.2,-0.05,0.0,20,5.0,20.0,0.0
4887,2026-04-02,2026-10-01,91,13,7,1,4,1,0,0,30.8,7.7,0.0,0.0,13,30.8,7.7,0.0
4888,2026-04-02,2026-10-01,97,22,9,6,4,2,1,0,18.2,27.3,0.23,6.2,16,18.8,18.8,6.2
4889,2026-04-02,2026-10-01,34,6,2,1,0,2,1,0,0.0,16.7,-0.03,0.0,4,0.0,25.0,0.0
4890,2026-04-02,2026-10-01,113,20,8,2,4,5,1,0,20.0,10.0,-0.1,0.0,17,17.6,11.8,5.9
4891,2026-04-02,2026-10-01,95,12,5,3,4,0,0,0,33.3,25.0,-0.1,0.0,13,15.4,15.4,15.4
4892,2026-04-02,2026-10-01,120,20,8,4,6,1,1,0,30.0,20.0,-0.16,0.0,17,0.0,23.5,23.5
4893,2026-04-02,2026-10-01,101,16,6,1,6,1,1,1,37.5,6.2,0.02,1.0,15,13.3,13.3,26.7
4894,2026-04-02,2026-10-01,115,16,8,1,0,3,3,1,0.0,6.2,-0.02,0.0,14,0.0,28.6,0.0
4895,2026-04-02,2026-10-01,111,12,4,2,5,1,0,0,41.7,16.7,-0.05,0.0,16,12.5,43.8,18.8
4896,2026-04-02,2026-10-01,84,8,6,1,1,0,0,0,12.5,12.5,-0.05,0.0,10,10.0,10.0,20.0
4897,2026-04-02,2026-10-01,97,4,3,0,1,0,0,0,25.0,0.0,-0.05,0.0,13,23.1,23.1,23.1
4898,2026-04-02,2026-10-01,84,7,2,1,2,1,1,0,28.6,14.3,-0.11,0.0,11,18.2,54.5,9.1
4899,2026-04-02,2026-10-01,91,13,7,2,4,0,0,0,30.8,15.4,0.16,3.3,15,26.7,13.3,6.7
4900,2026-04-02,2026-10-01,112,20,12,3,2,1,2,0,10.0,15.0,0.03,0.9,18,5.6,22.2,5.6
4901,2026-04-02,2026-10-01,109,23,13,2,1,5,2,0,4.3,8.7,0.04,0.9,19,5.3,15.8,0.0
4902,2026-04-02,2026-10-01,103,10,5,0,2,3,0,0,20.0,0.0,-0.03,0.0,15,20.0,6.7,26.7
4903,2026-04-02,2026-10-01,118,35,14,4,5,9,3,0,14.3,11.4,0.0,1.7,23,8.7,8.7,4.3
4904,2026-04-02,2026-10-01,138,20,9,0,7,3,1,0,35.0,0.0,-0.01,0.0,25,16.0,20.0,12.0
4905,2026-04-02,2026-10-01,102,9,5,3,0,1,0,0,0.0,33.3,-0.12,0.0,12,8.3,16.7,25.0
4906,2026-04-02,2026-10-01,120,24,11,4,2,6,1,0,8.3,16.7,0.01,0.0,21,19.0,9.5,14.3
4907,2026-04-02,2026-10-01,132,38,21,5,5,5,2,0,13.2,13.2,0.03,0.0,30,13.3,6.7,6.7
4908,2026-04-02,2026-10-01,132,34,20,3,3,4,4,0,8.8,8.8,0.08,1.5,23,4.3,0.0,4.3
4909,2026-04-02,2026-10-01,100,11,6,0,2,1,1,1,18.2,0.0,0.04,1.0,17,17.6,23.5,23.5
4910,2026-04-02,2026-10-01,117,38,21,3,4,9,1,0,10.5,7.9,0.04,2.6,26,0.0,7.7,11.5
4911,2026-04-02,2026-10-01,91,9,7,1,0,1,0,0,0.0,11.1,-0.08,0.0,16,0.0,37.5,12.5
4914,2026-04-02,2026-10-01,124,38,22,4,4,4,3,1,10.5,10.5,0.05,0.8,25,4.0,4.0,0.0
4917,2026-04-02,2026-10-01,97,16,7,3,4,1,0,1,25.0,18.8,-0.08,0.0,13,15.4,15.4,7.7
4918,2026-04-02,2026-10-01,93,8,6,1,0,1,0,0,0.0,12.5,-0.09,0.0,12,0.0,50.0,0.0
4919,2026-04-02,2026-10-01,68,7,4,1,1,1,0,0,14.3,14.3,-0.17,0.0,9,11.1,33.3,0.0
4924,2026-04-02,2026-10-01,118,9,3,0,1,4,1,0,11.1,0.0,0.01,0.0,16,31.2,25.0,12.5
4925,2026-04-02,2026-10-01,122,20,11,1,5,3,0,0,25.0,5.0,0.02,0.0,23,13.0,13.0,17.4
4926,2026-04-02,2026-10-01,81,30,13,5,4,4,4,0,13.3,16.7,0.04,1.2,18,16.7,11.1,0.0
4927,2026-04-02,2026-10-01,117,25,13,5,5,1,1,0,20.0,20.0,0.0,0.0,25,8.0,16.0,12.0
4928,2026-04-02,2026-10-01,123,38,18,6,4,8,2,0,10.5,15.8,0.04,0.0,26,3.8,11.5,7.7
4930,2026-04-02,2026-10-01,121,21,9,4,7,0,1,0,33.3,19.0,-0.06,0.0,18,11.1,0.0,33.3
4931,2026-04-02,2026-10-01,146,46,27,7,3,6,3,0,6.5,15.2,-0.01,0.0,33,6.1,6.1,0.0
4932,2026-04-02,2026-10-01,133,51,24,9,11,3,4,0,21.6,17.6,-0.02,0.0,31,6.5,12.9,0.0
4933,2026-04-02,2026-10-01,110,30,16,3,5,4,2,0,16.7,10.0,0.03,0.9,22,4.5,4.5,4.5
4934,2026-04-02,2026-10-01,112,19,8,2,1,4,4,0,5.3,10.5,0.01,0.0,20,15.0,25.0,10.0
4936,2026-04-02,2026-10-01,92,20,9,2,6,2,1,0,30.0,10.0,0.02,0.0,17,0.0,17.6,23.5
4938,2026-04-02,2026-10-01,147,38,20,5,9,2,1,1,23.7,13.2,0.04,0.7,33,9.1,12.1,15.2
4939,2026-04-02,2026-10-01,119,45,24,7,5,5,3,1,11.1,15.6,0.06,1.7,29,6.9,6.9,3.4
4940,2026-04-02,2026-10-01,68,6,4,0,1,0,1,0,16.7,0.0,-0.09,0.0,8,12.5,12.5,0.0
4941,2026-04-02,2026-10-01,100,11,4,1,0,2,3,1,0.0,9.1,-0.08,0.0,15,13.3,26.7,20.0
4942,2026-04-02,2026-10-01,114,24,11,1,4,6,1,1,16.7,4.2,-0.04,0.0,23,13.0,21.7,4.3
4943,2026-04-02,2026-10-01,92,11,6,1,1,2,1,0,9.1,9.1,-0.03,0.0,13,23.1,7.7,23.1
4944,2026-04-02,2026-10-01,100,11,2,2,2,3,2,0,18.2,18.2,-0.03,0.0,12,8.3,33.3,25.0
4945,2026-04-02,2026-10-01,93,6,1,3,1,1,0,0,16.7,50.0,-0.09,0.0,10,20.0,40.0,20.0
4947,2026-04-02,2026-10-01,85,7,3,3,0,1,0,0,0.0,42.9,-0.04,0.0,11,27.3,36.4,9.1
4948,2026-04-02,2026-10-01,105,20,8,0,5,5,2,0,25.0,0.0,-0.05,0.0,16,18.8,0.0,31.2
4949,2026-04-02,2026-10-01,103,25,13,2,1,6,3,0,4.0,8.0,0.07,2.0,25,12.0,16.0,16.0
4950,2026-04-02,2026-10-01,136,32,18,3,5,4,1,1,15.6,9.4,-0.01,0.0,26,7.7,7.7,3.8
4951,2026-04-02,2026-10-01,101,13,7,2,3,0,1,0,23.1,15.4,0.0,0.0,15,6.7,26.7,20.0
4952,2026-04-02,2026-10-01,100,8,5,0,0,1,1,1,0.0,0.0,0.0,0.0,15,26.7,13.3,20.0
4953,2026-04-02,2026-10-01,144,42,22,4,6,4,6,0,14.3,9.5,0.02,0.7,29,10.3,0.0,6.9
4954,2026-04-02,2026-10-01,75,6,2,1,1,1,1,0,16.7,16.7,-0.07,0.0,6,16.7,33.3,16.7
4956,2026-04-02,2026-10-01,19,2,2,0,0,0,0,0,0.0,0.0,0.0,0.0,3,0.0,0.0,33.3
4957,2026-04-02,2026-10-01,119,20,10,2,2,4,2,0,10.0,10.0,-0.09,0.0,18,11.1,11.1,11.1
4958,2026-04-02,2026-10-01,147,33,15,6,6,3,2,1,18.2,18.2,-0.01,0.0,31,3.2,19.4,16.1
4959,2026-04-02,2026-10-01,134,48,23,6,8,8,3,0,16.7,12.5,0.13,4.5,29,0.0,6.9,10.3
4960,2026-04-02,2026-10-01,144,55,23,8,14,7,3,0,25.5,14.5,0.04,0.0,29,0.0,6.9,10.3
4961,2026-04-02,2026-10-01,116,30,20,2,3,3,1,1,10.0,6.7,0.06,0.9,28,10.7,10.7,3.6
4962,2026-04-02,2026-10-01,135,30,16,4,4,6,0,0,13.3,13.3,0.03,0.0,24,12.5,20.8,0.0
4963,2026-04-02,2026-10-01,102,21,14,2,2,2,1,0,9.5,9.5,0.03,1.0,20,10.0,10.0,5.0
4964,2026-04-02,2026-10-01,126,28,14,1,8,2,2,1,28.6,3.6,0.0,0.8,25,16.0,12.0,8.0
4965,2026-04-02,2026-10-01,111,6,3,0,1,2,0,0,16.7,0.0,-0.01,0.0,14,42.9,28.6,0.0
4966,2026-04-02,2026-10-01,97,15,7,1,3,1,3,0,20.0,6.7,-0.11,0.0,17,23.5,17.6,5.9
4967,2026-04-02,2026-10-01,119,28,17,5,2,4,0,0,7.1,17.9,0.08,0.9,26,3.8,3.8,26.9
4969,2026-04-02,2026-10-01,104,10,8,1,1,0,0,0,10.0,10.0,-0.07,0.0,13,30.8,0.0,0.0
4973,2026-04-02,2026-10-01,88,11,8,0,3,0,0,0,27.3,0.0,-0.07,0.0,13,7.7,15.4,7.7
4974,2026-04-02,2026-10-01,140,29,12,0,13,3,1,0,44.8,0.0,-0.01,0.0,28,17.9,17.9,17.9
4976,2026-04-02,2026-10-01,113,11,5,0,5,0,1,0,45.5,0.0,0.01,1.9,17,0.0,29.4,23.5
4977,2026-04-02,2026-10-01,145,30,17,4,3,4,2,0,10.0,13.3,0.01,0.7,27,11.1,11.1,14.8
4978,2026-04-02,2026-10-01,109,17,9,3,1,1,3,0,5.9,17.6,-0.01,0.9,18,11.1,11.1,16.7
4979,2026-04-02,2026-10-01,115,13,10,0,3,0,0,0,23.1,0.0,-0.07,0.0,18,22.2,16.7,5.6
4980,2026-04-02,2026-10-01,129,45,20,9,5,7,4,0,11.1,20.0,-0.01,0.8,26,3.8,3.8,11.5
4981,2026-04-02,2026-10-01,111,13,6,3,1,1,2,0,7.7,23.1,-0.06,0.0,15,13.3,33.3,6.7
4982,2026-04-02,2026-10-01,87,9,5,0,1,2,1,0,11.1,0.0,-0.06,0.0,11,27.3,0.0,18.2
4983,2026-04-02,2026-10-01,138,39,18,4,4,8,5,0,10.3,10.3,-0.01,0.8,29,10.3,10.3,10.3
4984,2026-04-02,2026-10-01,99,10,4,0,5,0,1,0,50.0,0.0,-0.11,0.0,13,15.4,23.1,23.1
4985,2026-04-02,2026-10-01,142,40,24,4,2,7,3,0,5.0,10.0,0.06,1.4,32,6.2,6.2,9.4
4987,2026-04-02,2026-10-01,103,9,5,2,0,2,0,0,0.0,22.2,-0.04,0.0,16,6.2,31.2,25.0
4988,2026-04-02,2026-10-01,87,13,6,1,1,3,2,0,7.7,7.7,-0.1,2.4,9,0.0,22.2,0.0
4989,2026-04-02,2026-10-01,108,22,10,1,5,5,0,1,22.7,4.5,-0.02,0.0,16,12.5,12.5,12.5
4990,2026-04-02,2026-10-01,58,3,1,0,0,2,0,0,0.0,0.0,0.0,0.0,6,16.7,16.7,33.3
4991,2026-04-02,2026-10-01,108,27,17,4,4,2,0,0,14.8,14.8,0.03,0.9,23,4.3,8.7,13.0
4992,2026-04-02,2026-10-01,95,16,9,2,4,0,1,0,25.0,12.5,-0.2,0.0,15,20.0,6.7,6.7
4994,2026-04-02,2026-10-01,144,29,15,2,9,3,0,0,31.0,6.9,0.01,0.0,29,3.4,27.6,6.9
4995,2026-04-02,2026-10-01,87,4,1,0,0,2,1,0,0.0,0.0,-0.07,0.0,12,8.3,58.3,0.0
4997,2026-04-02,2026-10-01,46,0,0,0,0,0,0,0,,,0.0,0.0,4,50.0,50.0,0.0
4998,2026-04-02,2026-10-01,89,13,5,0,5,3,0,0,38.5,0.0,-0.05,0.0,12,25.0,16.7,8.3
5000,2026-04-02,2026-10-01,93,12,7,1,0,4,0,0,0.0,8.3,-0.01,0.0,11,0.0,27.3,9.1
5002,2026-04-02,2026-10-01,114,25,15,4,3,3,0,0,12.0,16.0,-0.04,0.0,24,0.0,8.3,20.8
5003,2026-04-02,2026-10-01,113,18,5,1,8,4,0,0,44.4,5.6,0.06,0.0,14,21.4,21.4,21.4
5004,2026-04-02,2026-10-01,138,27,14,5,5,2,1,0,18.5,18.5,-0.06,0.0,21,4.8,9.5,14.3
5005,2026-04-02,2026-10-01,107,22,7,0,12,3,0,0,54.5,0.0,-0.15,0.0,18,27.8,27.8,5.6
5006,2026-04-02,2026-10-01,100,2,1,0,1,0,0,0,50.0,0.0,-0.08,0.0,10,0.0,50.0,30.0
5007,2026-04-02,2026-10-01,75,12,5,3,1,1,2,0,8.3,25.0,-0.1,0.0,12,25.0,25.0,0.0
5008,2026-04-02,2026-10-01,100,15,6,1,2,5,1,0,13.3,6.7,-0.04,0.0,12,8.3,25.0,8.3
5009,2026-04-02,2026-10-01,94,16,7,2,3,2,2,0,18.8,12.5,-0.11,0.0,13,7.7,23.1,7.7
5010,2026-04-02,2026-10-01,130,24,16,3,5,0,0,0,20.8,12.5,-0.04,0.0,26,7.7,15.4,11.5
5011,2026-04-02,2026-10-01,104,11,7,2,1,1,0,0,9.1,18.2,-0.11,0.0,13,15.4,0.0,15.4
5012,2026-04-02,2026-10-01,92,7,2,0,1,0,4,0,14.3,0.0,-0.03,0.0,16,6.2,31.2,31.2
5013,2026-04-02,2026-10-01,100,23,11,4,8,0,0,0,34.8,17.4,-0.07,0.0,15,0.0,13.3,13.3
5014,2026-04-02,2026-10-01,71,6,2,1,1,2,0,0,16.7,16.7,-0.04,0.0,9,0.0,22.2,22.2
5015,2026-04-02,2026-10-01,149,44,30,6,3,4,1,0,6.8,13.6,-0.04,0.0,34,5.9,5.9,0.0
5016,2026-04-02,2026-10-01,115,34,23,4,2,3,2,0,5.9,11.8,0.01,0.0,26,7.7,0.0,0.0
5017,2026-04-02,2026-10-01,148,45,26,3,6,6,3,1,13.3,6.7,0.03,1.4,31,3.2,12.9,0.0
5018,2026-04-02,2026-10-01,158,49,29,6,5,4,4,1,10.2,12.2,0.06,0.7,40,7.5,7.5,7.5
5019,2026-04-02,2026-10-01,37,2,1,0,0,1,0,0,0.0,0.0,-0.05,0.0,6,16.7,33.3,33.3
5020,2026-04-02,2026-10-01,107,15,8,2,1,1,3,0,6.7,13.3,-0.13,0.0,14,7.1,0.0,28.6
5022,2026-04-02,2026-10-01,97,6,1,2,1,0,2,0,16.7,33.3,-0.06,0.0,10,30.0,20.0,10.0
5023,2026-04-02,2026-10-01,117,24,11,5,1,4,2,1,4.2,20.8,-0.03,0.0,20,5.0,5.0,10.0
5026,2026-04-02,2026-10-01,141,37,19,4,3,7,4,0,8.1,10.8,0.06,2.9,30,6.7,6.7,13.3
5027,2026-04-02,2026-10-01,55,6,3,0,0,3,0,0,0.0,0.0,0.13,3.8,7,14.3,28.6,14.3
5028,2026-04-02,2026-10-01,156,49,29,5,8,4,3,0,16.3,10.2,0.07,2.6,36,11.1,0.0,2.8
5029,2026-04-02,2026-10-01,144,43,20,8,6,5,4,0,14.0,18.6,-0.04,0.0,31,9.7,9.7,9.7
5031,2026-04-02,2026-10-01,104,13,8,1,1,2,1,0,7.7,7.7,-0.02,0.0,14,0.0,21.4,21.4
5032,2026-04-02,2026-10-01,134,19,9,3,2,4,1,0,10.5,15.8,0.01,0.0,19,5.3,21.1,15.8
5033,2026-04-02,2026-10-01,86,5,2,1,1,0,1,0,20.0,20.0,-0.02,0.0,10,30.0,20.0,30.0
5034,2026-04-02,2026-10-01,152,47,24,2,7,10,4,0,14.9,4.3,0.12,2.5,33,6.1,0.0,6.1
5035,2026-04-02,2026-10-01,129,19,8,2,4,3,2,0,21.1,10.5,0.02,0.8,19,21.1,10.5,21.1
5036,2026-04-02,2026-10-01,133,22,7,3,5,5,1,1,22.7,13.6,-0.02,1.5,21,19.0,23.8,19.0
5037,2026-04-02,2026-10-01,103,24,8,6,6,3,1,0,25.0,25.0,-0.02,0.0,14,7.1,7.1,21.4
5038,2026-04-02,2026-10-01,141,43,21,8,4,7,2,1,9.3,18.6,0.07,2.9,29,13.8,6.9,3.4
5039,2026-04-02,2026-10-01,99,8,5,2,0,1,0,0,0.0,25.0,0.04,4.2,15,13.3,33.3,13.3
5041,2026-04-02,2026-10-01,88,16,6,1,5,1,3,0,31.2,6.2,-0.01,2.3,12,8.3,8.3,25.0
5042,2026-04-02,2026-10-01,113,35,15,3,5,10,2,0,14.3,8.6,0.07,3.5,22,13.6,4.5,9.1
5043,2026-04-02,2026-10-01,141,46,27,7,7,5,0,0,15.2,15.2,0.01,0.0,34,5.9,2.9,2.9
5044,2026-04-02,2026-10-01,76,5,5,0,0,0,0,0,0.0,0.0,-0.12,0.0,9,11.1,22.2,11.1
5045,2026-04-02,2026-10-01,117,31,12,3,7,4,4,1,22.6,9.7,0.04,1.8,24,25.0,4.2,12.5
5046,2026-04-02,2026-10-01,79,4,1,2,0,0,1,0,0.0,50.0,0.01,0.0,11,36.4,0.0,36.4
5047,2026-04-02,2026-10-01,118,26,8,6,5,6,1,0,19.2,23.1,-0.08,0.0,16,12.5,12.5,12.5
5048,2026-04-02,2026-10-01,87,10,3,0,4,0,1,2,40.0,0.0,-0.44,0.0,12,16.7,25.0,25.0
5049,2026-04-02,2026-10-01,77,21,10,4,4,2,1,0,19.0,19.0,0.03,0.0,15,6.7,6.7,13.3
5050,2026-04-02,2026-10-01,130,35,15,10,1,5,4,0,2.9,28.6,0.0,0.0,23,4.3,17.4,8.7
5051,2026-04-02,2026-10-01,130,28,21,3,1,2,1,0,3.6,10.7,-0.02,0.0,29,17.2,6.9,3.4
5052,2026-04-02,2026-10-01,62,7,3,0,2,0,1,1,28.6,0.0,-0.02,0.0,9,22.2,22.2,0.0
5053,2026-04-02,2026-10-01,86,7,4,0,1,0,1,1,14.3,0.0,-0.02,0.0,11,9.1,36.4,0.0
5054,2026-04-02,2026-10-01,85,30,18,3,3,5,1,0,10.0,10.0,0.0,0.0,20,0.0,0.0,5.0
5055,2026-04-02,2026-10-01,105,19,10,4,2,2,1,0,10.5,21.1,-0.02,0.0,19,5.3,15.8,15.8
5056,2026-04-02,2026-10-01,34,5,2,1,1,0,1,0,20.0,20.0,0.03,0.0,6,0.0,16.7,33.3
5057,2026-04-02,2026-10-01,109,28,14,6,4,3,1,0,14.3,21.4,0.02,0.9,17,0.0,11.8,5.9
5058,2026-04-02,2026-10-01,134,39,21,4,4,7,3,0,10.3,10.3,-0.04,0.0,24,0.0,4.2,4.2
5060,2026-04-02,2026-10-01,126,26,15,3,5,2,1,0,19.2,11.5,0.01,0.0,23,4.3,26.1,4.3
5061,2026-04-02,2026-10-01,57,0,0,0,0,0,0,0,,,-0.06,0.0,7,42.9,57.1,0.0
5063,2026-04-02,2026-10-01,102,14,8,2,1,3,0,0,7.1,14.3,-0.14,0.0,13,7.7,15.4,7.7
5064,2026-04-02,2026-10-01,129,34,20,7,3,1,3,0,8.8,20.6,-0.05,0.0,27,3.7,3.7,14.8
5065,2026-04-02,2026-10-01,88,15,9,2,2,2,0,0,13.3,13.3,-0.03,1.2,14,14.3,7.1,14.3
5066,2026-04-02,2026-10-01,135,39,18,4,9,6,1,1,23.1,10.3,-0.02,0.0,27,3.7,14.8,14.8
5067,2026-04-02,2026-10-01,99,13,6,0,4,2,1,0,30.8,0.0,-0.18,1.0,13,15.4,15.4,23.1
5068,2026-04-02,2026-10-01,111,51,26,6,13,4,1,1,25.5,11.8,0.12,2.8,30,3.3,0.0,3.3
5069,2026-04-02,2026-10-01,111,16,4,3,6,0,3,0,37.5,18.8,0.04,0.0,18,5.6,33.3,27.8
5070,2026-04-02,2026-10-01,90,5,3,0,1,1,0,0,20.0,0.0,0.04,3.5,11,27.3,36.4,9.1
5071,2026-04-02,2026-10-01,87,5,2,0,2,1,0,0,40.0,0.0,-0.01,0.0,11,0.0,27.3,45.5
5072,2026-04-02,2026-10-01,15,0,0,0,0,0,0,0,,,0.0,0.0,3,0.0,100.0,0.0
5073,2026-04-02,2026-10-01,135,20,15,2,1,2,0,0,5.0,10.0,-0.06,0.0,23,0.0,13.0,17.4
5074,2026-04-02,2026-10-01,89,9,5,1,1,2,0,0,11.1,11.1,-0.07,0.0,13,38.5,7.7,15.4
5075,2026-04-02,2026-10-01,115,24,8,3,9,4,0,0,37.5,12.5,-0.01,0.0,18,16.7,0.0,33.3
5076,2026-04-02,2026-10-01,122,16,5,2,4,2,2,1,25.0,12.5,-0.02,0.0,14,14.3,21.4,14.3
5077,2026-04-02,2026-10-01,61,5,1,0,3,1,0,0,60.0,0.0,-0.08,1.7,7,0.0,57.1,14.3
5078,2026-04-02,2026-10-01,97,10,9,0,0,0,0,1,0.0,0.0,0.01,0.0,14,0.0,7.1,21.4
5079,2026-04-02,2026-10-01,101,12,4,2,4,2,0,0,33.3,16.7,-0.12,0.0,12,50.0,8.3,8.3
5081,2026-04-02,2026-10-01,67,11,7,1,1,1,1,0,9.1,9.1,0.02,0.0,13,0.0,23.1,15.4
5082,2026-04-02,2026-10-01,118,19,8,2,4,2,3,0,21.1,10.5,-0.04,0.0,14,7.1,0.0,14.3
5083,2026-04-02,2026-10-01,85,8,3,1,2,1,1,0,25.0,12.5,0.0,1.2,12,16.7,16.7,41.7
5084,2026-04-02,2026-10-01,79,18,11,2,1,3,1,0,5.6,11.1,-0.01,0.0,17,5.9,0.0,17.6
5085,2026-04-02,2026-10-01,136,20,6,2,5,4,3,0,25.0,10.0,-0.04,0.0,24,41.7,8.3,12.5
5086,2026-04-02,2026-10-01,76,11,6,1,4,0,0,0,36.4,9.1,0.01,0.0,12,8.3,25.0,8.3
5087,2026-04-02,2026-10-01,126,31,13,2,4,7,5,0,12.9,6.5,0.07,1.6,22,18.2,9.1,4.5
5088,2026-04-02,2026-10-01,145,38,19,3,10,4,1,1,26.3,7.9,-0.01,0.0,36,19.4,13.9,13.9
5089,2026-04-02,2026-10-01,110,35,21,4,3,6,1,0,8.6,11.4,0.02,0.9,25,8.0,4.0,0.0
5090,2026-04-02,2026-10-01,67,13,0,2,4,4,3,0,30.8,15.4,-0.05,0.0,9,22.2,0.0,11.1
5091,2026-04-02,2026-10-01,85,22,7,3,1,10,1,0,4.5,13.6,0.13,2.4,13,15.4,15.4,15.4
5092,2026-04-02,2026-10-01,91,19,11,2,2,1,3,0,10.5,10.5,0.0,0.0,17,0.0,11.8,11.8
5093,2026-04-02,2026-10-01,79,7,4,0,1,1,1,0,14.3,0.0,-0.1,0.0,11,18.2,36.4,0.0
5095,2026-04-02,2026-10-01,92,18,11,4,2,0,1,0,11.1,22.2,-0.04,0.0,18,11.1,16.7,0.0
5096,2026-04-02,2026-10-01,133,29,13,2,5,8,1,0,17.2,6.9,-0.08,0.0,21,19.0,4.8,14.3
5098,2026-04-02,2026-10-01,108,15,4,3,2,4,2,0,13.3,20.0,-0.04,1.0,15,13.3,26.7,13.3
5100,2026-04-02,2026-10-01,85,9,1,1,4,1,2,0,44.4,11.1,-0.11,0.0,10,40.0,30.0,0.0
5101,2026-04-02,2026-10-01,76,0,0,0,0,0,0,0,,,-0.11,0.0,8,12.5,50.0,0.0
5102,2026-04-02,2026-10-01,100,16,8,0,4,3,1,0,25.0,0.0,-0.03,0.0,11,9.1,0.0,9.1
5103,2026-04-02,2026-10-01,60,5,3,0,2,0,0,0,40.0,0.0,-0.22,0.0,9,11.1,33.3,11.1
5104,2026-04-02,2026-10-01,125,34,17,4,5,7,1,0,14.7,11.8,0.09,2.6,22,9.1,4.5,9.1
5105,2026-04-02,2026-10-01,123,10,5,1,0,2,2,0,0.0,10.0,0.02,0.9,14,0.0,28.6,35.7
5106,2026-04-02,2026-10-01,114,17,9,1,3,2,2,0,17.6,5.9,0.0,0.0,20,10.0,5.0,30.0
5107,2026-04-02,2026-10-01,77,6,3,2,0,1,0,0,0.0,33.3,-0.1,0.0,9,22.2,33.3,0.0
5108,2026-04-02,2026-10-01,45,2,2,0,0,0,0,0,0.0,0.0,-0.04,0.0,7,0.0,42.9,28.6
5109,2026-04-02,2026-10-01,119,9,4,1,4,0,0,0,44.4,11.1,0.0,0.0,17,11.8,41.2,17.6
5110,2026-04-02,2026-10-01,84,10,5,1,0,1,2,1,0.0,10.0,-0.07,0.0,13,23.1,23.1,15.4
5111,2026-04-02,2026-10-01,108,27,12,6,4,4,1,0,14.8,22.2,0.01,1.0,19,10.5,5.3,5.3
5112,2026-04-02,2026-10-01,129,37,20,6,3,6,2,0,8.1,16.2,0.02,0.8,25,4.0,8.0,0.0
5113,2026-04-02,2026-10-01,11,1,1,0,0,0,0,0,0.0,0.0,0.0,0.0,2,0.0,0.0,50.0
5114,2026-04-02,2026-10-01,126,26,15,7,1,2,1,0,3.8,26.9,-0.05,0.0,21,4.8,14.3,9.5
5115,2026-04-02,2026-10-01,111,29,9,4,13,2,1,0,44.8,13.8,-0.09,0.0,18,5.6,11.1,27.8
5117,2026-04-02,2026-10-01,86,15,5,0,5,3,2,0,33.3,0.0,-0.04,0.0,11,0.0,45.5,9.1
5118,2026-04-02,2026-10-01,45,4,2,0,1,0,1,0,25.0,0.0,0.0,0.0,9,33.3,11.1,11.1
5120,2026-04-02,2026-10-01,69,9,5,3,1,0,0,0,11.1,33.3,0.15,4.5,11,18.2,9.1,27.3
5121,2026-04-02,2026-10-01,94,23,13,3,2,4,1,0,8.7,13.0,0.11,3.2,18,0.0,0.0,22.2
5122,2026-04-02,2026-10-01,75,6,2,4,0,0,0,0,0.0,66.7,-0.03,0.0,8,37.5,0.0,25.0
5123,2026-04-02,2026-10-01,95,9,7,0,2,0,0,0,22.2,0.0,0.0,0.0,14,7.1,28.6,14.3
5124,2026-04-02,2026-10-01,99,6,3,0,1,2,0,0,16.7,0.0,-0.04,1.1,9,11.1,11.1,44.4
5125,2026-04-02,2026-10-01,112,18,14,2,0,2,0,0,0.0,11.1,-0.05,1.0,21,9.5,19.0,4.8
5126,2026-04-02,2026-10-01,97,34,14,4,10,6,0,0,29.4,11.8,0.0,0.0,19,0.0,0.0,26.3
5127,2026-04-02,2026-10-01,105,5,4,0,0,0,1,0,0.0,0.0,-0.11,0.0,16,12.5,31.2,18.8
5128,2026-04-02,2026-10-01,80,5,1,1,0,2,1,0,0.0,20.0,-0.22,1.4,8,12.5,62.5,0.0
5129,2026-04-02,2026-10-01,135,27,12,2,6,3,3,1,22.2,7.4,0.02,0.0,29,17.2,10.3,20.7
5130,2026-04-02,2026-10-01,113,10,6,1,0,2,1,0,0.0,10.0,-0.11,0.0,15,20.0,13.3,26.7
5131,2026-04-02,2026-10-01,102,7,2,0,2,0,3,0,28.6,0.0,-0.06,0.0,12,16.7,25.0,25.0
5132,2026-04-02,2026-10-01,152,47,22,7,8,6,3,1,17.0,14.9,0.02,0.0,37,0.0,21.6,8.1
5133,2026-04-02,2026-10-01,79,16,5,3,5,3,0,0,31.2,18.8,0.0,0.0,11,18.2,18.2,9.1
5134,2026-04-02,2026-10-01,126,25,11,2,3,6,3,0,12.0,8.0,-0.07,1.0,24,8.3,25.0,16.7
5135,2026-04-02,2026-10-01,90,19,12,1,1,5,0,0,5.3,5.3,0.0,0.0,18,11.1,11.1,5.6
5136,2026-04-02,2026-10-01,141,34,20,3,7,3,1,0,20.6,8.8,-0.03,0.0,25,8.0,4.0,4.0
5137,2026-04-02,2026-10-01,113,20,13,0,4,1,2,0,20.0,0.0,-0.08,0.0,20,0.0,10.0,20.0
5138,2026-04-02,2026-10-01,82,4,3,0,0,0,0,1,0.0,0.0,-0.03,0.0,11,18.2,36.4,18.2
5139,2026-04-02,2026-10-01,104,25,15,3,1,4,2,0,4.0,12.0,0.28,8.8,25,4.0,20.0,4.0
5140,2026-04-02,2026-10-01,60,6,3,0,0,3,0,0,0.0,0.0,-0.03,0.0,9,0.0,44.4,11.1
5141,2026-04-02,2026-10-01,111,31,14,3,3,8,3,0,9.7,9.7,0.06,2.8,24,12.5,8.3,8.3
5142,2026-04-02,2026-10-01,139,40,22,6,6,2,4,0,15.0,15.0,0.07,2.2,29,3.4,3.4,10.3
5143,2026-04-02,2026-10-01,118,6,5,0,0,0,1,0,0.0,0.0,-0.04,0.0,13,7.7,23.1,15.4
5144,2026-04-02,2026-10-01,107,10,4,2,3,1,0,0,30.0,20.0,-0.01,0.0,14,28.6,21.4,21.4
5145,2026-04-02,2026-10-01,152,40,24,1,9,5,1,0,22.5,2.5,0.09,1.7,35,2.9,14.3,8.6
5146,2026-04-02,2026-10-01,96,13,8,2,2,1,0,0,15.4,15.4,-0.03,0.0,14,14.3,7.1,14.3
5147,2026-04-02,2026-10-01,55,5,1,0,4,0,0,0,80.0,0.0,-0.13,0.0,6,16.7,50.0,0.0
5148,2026-04-02,2026-10-01,73,10,3,3,2,0,2,0,20.0,30.0,-0.06,0.0,9,0.0,33.3,0.0
5150,2026-04-02,2026-10-01,101,23,9,2,7,3,1,1,30.4,8.7,-0.02,1.1,19,15.8,5.3,26.3
5151,2026-04-02,2026-10-01,91,6,2,1,1,1,1,0,16.7,16.7,-0.11,0.0,12,25.0,41.7,0.0
5152,2026-04-02,2026-10-01,90,1,0,1,0,0,0,0,0.0,100.0,-0.03,0.0,12,16.7,50.0,16.7
5153,2026-04-02,2026-10-01,107,2,1,0,1,0,0,0,50.0,0.0,0.01,0.0,15,60.0,20.0,6.7
5154,2026-04-02,2026-10-01,115,13,5,6,1,1,0,0,7.7,46.2,-0.12,0.9,15,13.3,26.7,26.7
5155,2026-04-02,2026-10-01,131,30,14,6,7,2,1,0,23.3,20.0,-0.04,0.0,24,16.7,16.7,4.2
5156,2026-04-02,2026-10-01,61,8,1,0,2,4,1,0,25.0,0.0,-0.05,0.0,8,25.0,50.0,12.5
5157,2026-04-02,2026-10-01,114,18,8,3,4,3,0,0,22.2,16.7,0.0,0.0,15,20.0,13.3,13.3
5158,2026-04-02,2026-10-01,130,35,19,0,12,2,2,0,34.3,0.0,-0.06,0.0,30,10.0,6.7,16.7
5160,2026-04-02,2026-10-01,136,30,20,2,1,4,3,0,3.3,6.7,-0.04,0.0,28,14.3,3.6,7.1
5161,2026-04-02,2026-10-01,112,24,14,0,6,3,1,0,25.0,0.0,-0.09,0.0,21,0.0,23.8,9.5
5163,2026-04-02,2026-10-01,121,32,16,2,2,7,5,0,6.2,6.2,-0.02,0.0,23,0.0,21.7,8.7
5164,2026-04-02,2026-10-01,48,1,0,1,0,0,0,0,0.0,100.0,0.0,0.0,7,14.3,57.1,14.3
5165,2026-04-02,2026-10-01,101,12,4,1,5,1,1,0,41.7,8.3,-0.01,0.0,15,26.7,33.3,6.7
5166,2026-04-02,2026-10-01,106,23,12,4,1,3,3,0,4.3,17.4,0.02,1.0,22,4.5,18.2,13.6
5167,2026-04-02,2026-10-01,90,16,7,5,3,0,0,1,18.8,31.2,0.01,0.0,16,12.5,6.2,31.2
5169,2026-04-02,2026-10-01,69,2,1,1,0,0,0,0,0.0,50.0,0.0,0.0,8,12.5,25.0,25.0
5170,2026-04-02,2026-10-01,100,20,11,2,1,3,2,1,5.0,10.0,-0.03,0.0,15,0.0,6.7,6.7
5172,2026-04-02,2026-10-01,109,13,7,2,0,3,1,0,0.0,15.4,-0.06,0.0,15,40.0,13.3,0.0
5173,2026-04-02,2026-10-01,103,22,14,5,2,1,0,0,9.1,22.7,-0.01,0.0,17,5.9,11.8,0.0
5174,2026-04-02,2026-10-01,81,10,5,2,0,2,0,1,0.0,20.0,-0.03,0.0,10,0.0,20.0,10.0
5175,2026-04-02,2026-10-01,81,8,4,2,0,0,2,0,0.0,25.0,-0.04,0.0,11,18.2,27.3,18.2
5176,2026-04-02,2026-10-01,43,4,3,1,0,0,0,0,0.0,25.0,-0.32,0.0,4,0.0,25.0,0.0
5177,2026-04-02,2026-10-01,129,7,2,2,0,1,1,1,0.0,28.6,-0.01,0.0,16,6.2,56.2,18.8
5178,2026-04-02,2026-10-01,115,11,7,2,1,1,0,0,9.1,18.2,-0.07,0.0,14,7.1,7.1,28.6
5179,2026-04-02,2026-10-01,67,9,5,0,1,3,0,0,11.1,0.0,0.0,0.0,10,10.0,30.0,10.0
5180,2026-04-02,2026-10-01,75,8,2,2,1,2,1,0,12.5,25.0,-0.01,0.0,9,0.0,66.7,11.1
5181,2026-04-02,2026-10-01,79,11,5,0,3,3,0,0,27.3,0.0,-0.11,0.0,11,0.0,27.3,27.3
5182,2026-04-02,2026-10-01,89,7,3,1,3,0,0,0,42.9,14.3,0.01,0.0,11,0.0,36.4,27.3
5183,2026-04-02,2026-10-01,95,9,4,1,2,2,0,0,22.2,11.1,-0.09,0.0,14,14.3,14.3,14.3
5184,2026-04-02,2026-10-01,42,4,1,0,2,0,1,0,50.0,0.0,-0.12,0.0,4,25.0,25.0,25.0
5185,2026-04-02,2026-10-01,85,17,7,4,3,1,2,0,17.6,23.5,-0.01,0.0,11,18.2,9.1,9.1
5186,2026-04-02,2026-10-01,114,11,6,1,3,0,0,1,27.3,9.1,-0.04,0.0,13,15.4,23.1,0.0
5187,2026-04-02,2026-10-01,71,2,2,0,0,0,0,0,0.0,0.0,-0.1,0.0,9,0.0,33.3,44.4
5188,2026-04-02,2026-10-01,128,32,17,5,7,3,0,0,21.9,15.6,0.05,0.8,24,8.3,12.5,8.3
5189,2026-04-02,2026-10-01,134,20,7,5,2,4,2,0,10.0,25.0,0.0,0.0,24,12.5,54.2,4.2
5190,2026-04-02,2026-10-01,96,8,2,0,5,1,0,0,62.5,0.0,-0.02,0.0,8,12.5,37.5,25.0
5191,2026-04-02,2026-10-01,149,52,21,4,15,7,3,2,28.8,7.7,0.01,0.0,28,0.0,7.1,7.1
5192,2026-04-02,2026-10-01,68,10,6,2,0,2,0,0,0.0,20.0,-0.05,0.0,10,0.0,10.0,20.0
5193,2026-04-02,2026-10-01,121,34,23,3,4,1,2,1,11.8,8.8,0.02,0.0,27,0.0,3.7,7.4
5194,2026-04-02,2026-10-01,90,11,4,3,1,1,2,0,9.1,27.3,-0.01,0.0,10,10.0,50.0,0.0
5195,2026-04-02,2026-10-01,108,27,13,2,9,0,3,0,33.3,7.4,0.0,0.0,19,5.3,10.5,5.3
5196,2026-04-02,2026-10-01,107,19,10,3,2,3,1,0,10.5,15.8,-0.08,0.0,16,0.0,25.0,6.2
5197,2026-04-02,2026-10-01,96,24,9,2,7,6,0,0,29.2,8.3,-0.08,0.0,13,7.7,15.4,7.7
5198,2026-04-02,2026-10-01,74,16,5,5,3,2,1,0,18.8,31.2,-0.03,0.0,10,20.0,10.0,10.0
5199,2026-04-02,2026-10-01,105,17,5,2,7,2,1,0,41.2,11.8,-0.02,0.0,12,33.3,16.7,8.3
5200,2026-04-02,2026-10-01,47,0,0,0,0,0,0,0,,,-0.11,0.0,5,0.0,60.0,20.0
5201,2026-04-02,2026-10-01,100,14,6,3,1,3,1,0,7.1,21.4,0.01,2.5,17,5.9,23.5,23.5
5203,2026-04-02,2026-10-01,96,11,7,0,4,0,0,0,36.4,0.0,0.01,0.0,14,0.0,35.7,0.0
5204,2026-04-02,2026-10-01,104,11,5,3,3,0,0,0,27.3,27.3,-0.06,0.0,12,33.3,16.7,8.3
5205,2026-04-02,2026-10-01,108,21,10,4,1,4,1,1,4.8,19.0,-0.08,0.0,21,14.3,14.3,9.5
5206,2026-04-02,2026-10-01,97,6,2,0,1,1,2,0,16.7,0.0,0.02,0.0,12,16.7,41.7,0.0
5207,2026-04-02,2026-10-01,98,19,9,1,4,4,1,0,21.1,5.3,-0.04,0.0,13,0.0,23.1,7.7
5208,2026-04-02,2026-10-01,90,5,2,0,0,2,1,0,0.0,0.0,-0.03,1.3,13,30.8,46.2,0.0
5209,2026-04-02,2026-10-01,82,3,0,1,1,1,0,0,33.3,33.3,-0.1,0.0,6,33.3,16.7,33.3
5210,2026-04-02,2026-10-01,122,26,17,2,4,1,2,0,15.4,7.7,-0.06,0.0,20,5.0,0.0,0.0
5211,2026-04-02,2026-10-01,81,1,0,0,1,0,0,0,100.0,0.0,-0.04,1.4,8,25.0,37.5,12.5
5212,2026-04-02,2026-10-01,134,28,15,1,5,7,0,0,17.9,3.6,0.0,0.0,21,0.0,9.5,9.5
5213,2026-04-02,2026-10-01,124,18,9,2,6,0,1,0,33.3,11.1,0.03,0.8,20,10.0,25.0,15.0
5214,2026-04-02,2026-10-01,107,12,8,1,0,3,0,0,0.0,8.3,-0.04,1.0,17,35.3,11.8,0.0
5216,2026-04-02,2026-10-01,153,32,20,0,5,6,1,0,15.6,0.0,-0.01,0.0,33,15.2,9.1,15.2
5217,2026-04-02,2026-10-01,112,14,8,1,2,1,1,1,14.3,7.1,-0.04,0.0,18,11.1,11.1,11.1
5218,2026-04-02,2026-10-01,107,23,10,4,4,2,3,0,17.4,17.4,0.01,0.0,20,10.0,20.0,10.0
5219,2026-04-02,2026-10-01,112,22,9,6,2,4,0,1,9.1,27.3,-0.03,0.0,15,0.0,13.3,20.0
5220,2026-04-02,2026-10-01,119,39,21,2,7,3,5,1,17.9,5.1,0.11,5.2,29,3.4,0.0,6.9
5221,2026-04-02,2026-10-01,125,35,18,7,4,4,1,1,11.4,20.0,-0.01,0.0,28,3.6,14.3,17.9
5222,2026-04-02,2026-10-01,140,35,19,1,3,7,4,1,8.6,2.9,0.0,1.9,29,0.0,13.8,6.9
5223,2026-04-02,2026-10-01,125,21,9,3,4,2,2,1,19.0,14.3,-0.04,0.0,19,5.3,36.8,5.3
5224,2026-04-02,2026-10-01,126,34,16,5,7,3,3,0,20.6,14.7,-0.01,0.0,27,14.8,7.4,7.4
5226,2026-04-02,2026-10-01,88,20,8,4,1,6,1,0,5.0,20.0,-0.01,1.3,14,7.1,14.3,0.0
5227,2026-04-02,2026-10-01,48,5,2,0,2,0,1,0,40.0,0.0,-0.25,0.0,4,0.0,0.0,0.0
5228,2026-04-02,2026-10-01,101,19,10,3,2,2,2,0,10.5,15.8,0.01,1.1,18,0.0,33.3,5.6
5229,2026-04-02,2026-10-01,120,21,13,2,1,3,2,0,4.8,9.5,-0.04,0.0,21,9.5,9.5,14.3
5230,2026-04-02,2026-10-01,130,21,12,4,2,2,1,0,9.5,19.0,-0.06,0.0,19,21.1,10.5,5.3
5231,2026-04-02,2026-10-01,94,21,11,5,3,2,0,0,14.3,23.8,0.02,1.1,15,13.3,6.7,6.7
5232,2026-04-02,2026-10-01,113,18,8,2,5,3,0,0,27.8,11.1,-0.02,0.0,16,18.8,6.2,6.2
5234,2026-04-02,2026-10-01,146,41,24,5,9,2,1,0,22.0,12.2,0.11,5.3,34,5.9,8.8,2.9
5235,2026-04-02,2026-10-01,74,5,2,0,3,0,0,0,60.0,0.0,-0.03,0.0,10,20.0,30.0,30.0
5236,2026-04-02,2026-10-01,114,10,5,0,2,1,2,0,20.0,0.0,-0.06,0.0,15,6.7,33.3,13.3
5237,2026-04-02,2026-10-01,71,7,3,1,1,1,1,0,14.3,14.3,-0.04,0.0,9,22.2,22.2,11.1
5238,2026-04-02,2026-10-01,100,30,8,4,12,4,2,0,40.0,13.3,-0.08,0.0,18,27.8,0.0,11.1
5239,2026-04-02,2026-10-01,77,12,4,4,2,2,0,0,16.7,33.3,-0.05,0.0,10,20.0,40.0,0.0
5240,2026-04-02,2026-10-01,88,7,5,2,0,0,0,0,0.0,28.6,-0.15,0.0,11,9.1,36.4,9.1
5241,2026-04-02,2026-10-01,94,11,3,2,2,2,2,0,18.2,18.2,0.0,0.0,14,21.4,21.4,14.3
5242,2026-04-02,2026-10-01,81,3,2,0,1,0,0,0,33.3,0.0,0.0,0.0,7,28.6,42.9,0.0
5243,2026-04-02,2026-10-01,113,24,11,2,5,4,2,0,20.8,8.3,-0.05,0.0,21,0.0,23.8,19.0
5244,2026-04-02,2026-10-01,89,8,5,1,1,0,0,1,12.5,12.5,-0.01,0.0,10,10.0,20.0,10.0
5245,2026-04-02,2026-10-01,106,14,5,2,4,2,0,1,28.6,14.3,-0.03,0.9,14,14.3,21.4,21.4
5246,2026-04-02,2026-10-01,102,18,10,1,4,3,0,0,22.2,5.6,0.02,1.2,16,12.5,6.2,12.5
5247,2026-04-02,2026-10-01,119,5,3,1,0,1,0,0,0.0,20.0,0.02,1.9,13,0.0,38.5,30.8
5248,2026-04-02,2026-10-01,104,15,5,2,3,3,2,0,20.0,13.3,0.0,1.0,15,6.7,40.0,13.3
5249,2026-04-02,2026-10-01,91,10,3,2,1,4,0,0,10.0,20.0,-0.1,0.0,11,36.4,9.1,27.3
5250,2026-04-02,2026-10-01,110,9,6,1,0,1,1,0,0.0,11.1,-0.02,0.9,16,6.2,25.0,25.0
5251,2026-04-02,2026-10-01,47,1,0,0,0,0,0,1,0.0,0.0,-0.02,0.0,5,20.0,60.0,20.0
5252,2026-04-02,2026-10-01,136,35,15,3,9,4,3,1,25.7,8.6,-0.07,0.0,24,16.7,12.5,4.2
5253,2026-04-02,2026-10-01,82,5,3,0,1,1,0,0,20.0,0.0,-0.04,0.0,9,22.2,22.2,22.2
5254,2026-04-02,2026-10-01,65,3,3,0,0,0,0,0,0.0,0.0,0.0,0.0,7,0.0,57.1,0.0
5255,2026-04-02,2026-10-01,129,31,15,3,4,6,3,0,12.9,9.7,-0.12,0.0,22,9.1,13.6,9.1
5256,2026-04-02,2026-10-01,127,31,21,2,1,6,1,0,3.2,6.5,0.03,0.0,25,0.0,4.0,12.0
5257,2026-04-02,2026-10-01,156,42,24,5,5,7,1,0,11.9,11.9,0.03,1.3,35,11.4,8.6,5.7
5258,2026-04-02,2026-10-01,87,9,4,1,0,2,2,0,0.0,11.1,-0.11,0.0,12,25.0,8.3,25.0
5259,2026-04-02,2026-10-01,76,1,0,0,0,1,0,0,0.0,0.0,-0.17,0.0,9,44.4,22.2,22.2
5261,2026-04-02,2026-10-01,86,11,3,3,3,0,1,1,27.3,27.3,-0.06,0.0,12,16.7,33.3,16.7
5262,2026-04-02,2026-10-01,80,3,2,0,0,0,1,0,0.0,0.0,-0.05,0.0,10,40.0,20.0,10.0
5263,2026-04-02,2026-10-01,97,3,0,1,2,0,0,0,66.7,33.3,-0.08,0.0,11,18.2,63.6,9.1
5264,2026-04-02,2026-10-01,108,19,4,2,10,1,1,1,52.6,10.5,-0.02,0.0,13,15.4,46.2,0.0
5265,2026-04-02,2026-10-01,113,9,4,2,1,1,1,0,11.1,22.2,0.01,1.8,15,13.3,33.3,0.0
5266,2026-04-02,2026-10-01,94,6,4,0,0,1,0,1,0.0,0.0,-0.09,0.0,13,0.0,38.5,23.1
5267,2026-04-02,2026-10-01,114,38,12,11,5,9,1,0,13.2,28.9,0.0,0.0,21,0.0,23.8,14.3
5268,2026-04-02,2026-10-01,93,3,2,0,0,1,0,0,0.0,0.0,-0.13,0.0,11,27.3,27.3,9.1
5269,2026-04-02,2026-10-01,125,38,18,3,6,8,2,1,15.8,7.9,0.03,2.4,25,8.0,12.0,0.0
5270,2026-04-02,2026-10-01,89,7,4,0,1,2,0,0,14.3,0.0,-0.07,0.0,11,0.0,27.3,36.4
5271,2026-04-02,2026-10-01,112,11,5,2,0,2,1,1,0.0,18.2,-0.03,1.1,13,15.4,23.1,7.7
5272,2026-04-02,2026-10-01,111,18,13,4,0,1,0,0,0.0,22.2,0.05,0.0,20,0.0,20.0,5.0
5273,2026-04-02,2026-10-01,102,9,6,0,1,2,0,0,11.1,0.0,0.0,0.0,16,6.2,25.0,18.8
5274,2026-04-02,2026-10-01,54,14,7,2,2,1,2,0,14.3,14.3,-0.02,0.0,8,0.0,12.5,0.0
5275,2026-04-02,2026-10-01,126,35,15,3,6,6,3,2,17.1,8.6,0.02,0.9,23,4.3,4.3,17.4
5276,2026-04-02,2026-10-01,106,13,7,0,5,1,0,0,38.5,0.0,-0.01,0.0,14,14.3,21.4,14.3
5277,2026-04-02,2026-10-01,100,9,3,2,1,2,0,1,11.1,22.2,0.0,0.0,12,25.0,25.0,16.7
5278,2026-04-02,2026-10-01,110,42,19,5,5,10,3,0,11.9,11.9,-0.06,0.0,25,0.0,8.0,8.0
5279,2026-04-02,2026-10-01,121,25,10,2,2,3,8,0,8.0,8.0,-0.04,0.9,21,14.3,19.0,9.5
5280,2026-04-02,2026-10-01,152,41,20,4,4,5,8,0,9.8,9.8,-0.01,0.0,26,0.0,3.8,11.5
5281,2026-04-02,2026-10-01,123,32,20,6,3,1,2,0,9.4,18.8,-0.02,0.0,26,11.5,7.7,0.0
5282,2026-04-02,2026-10-01,129,26,11,2,12,1,0,0,46.2,7.7,-0.02,1.0,21,4.8,14.3,19.0
5283,2026-04-02,2026-10-01,67,2,0,0,0,1,1,0,0.0,0.0,-0.14,0.0,5,20.0,60.0,0.0
5284,2026-04-02,2026-10-01,98,7,4,2,1,0,0,0,14.3,28.6,-0.03,0.0,8,12.5,12.5,12.5
5285,2026-04-02,2026-10-01,83,4,2,1,0,1,0,0,0.0,25.0,-0.04,0.0,10,30.0,30.0,20.0
5286,2026-04-02,2026-10-01,117,12,5,1,5,1,0,0,41.7,8.3,-0.06,0.0,14,14.3,35.7,7.1
5287,2026-04-02,2026-10-01,75,3,1,0,1,0,1,0,33.3,0.0,0.01,0.0,8,12.5,25.0,25.0
5288,2026-04-02,2026-10-01,97,9,1,2,1,4,1,0,11.1,22.2,-0.01,0.0,12,8.3,58.3,16.7
5289,2026-04-02,2026-10-01,132,21,12,1,4,4,0,0,19.0,4.8,-0.13,0.0,21,9.5,14.3,9.5
5290,2026-04-02,2026-10-01,73,3,0,0,2,0,0,1,66.7,0.0,-0.04,0.0,10,40.0,30.0,20.0
5291,2026-04-02,2026-10-01,115,7,4,2,0,0,0,1,0.0,28.6,-0.15,0.0,13,23.1,46.2,0.0
5292,2026-04-02,2026-10-01,110,9,1,2,3,2,1,0,33.3,22.2,-0.09,0.0,13,23.1,53.8,7.7
5293,2026-04-02,2026-10-01,80,5,2,2,0,1,0,0,0.0,40.0,-0.13,0.0,10,0.0,80.0,0.0
5294,2026-04-02,2026-10-01,90,10,4,1,2,1,2,0,20.0,10.0,-0.07,0.0,12,8.3,16.7,25.0
5295,2026-04-02,2026-10-01,47,11,3,0,7,1,0,0,63.6,0.0,-0.81,0.0,4,25.0,0.0,0.0
5296,2026-04-02,2026-10-01,78,10,4,3,2,1,0,0,20.0,30.0,-0.06,0.0,8,0.0,50.0,0.0
5297,2026-04-02,2026-10-01,104,9,5,2,1,0,1,0,11.1,22.2,0.01,0.0,13,7.7,38.5,15.4
5298,2026-04-02,2026-10-01,139,50,23,7,11,8,1,0,22.0,14.0,0.05,0.7,27,7.4,0.0,7.4
5299,2026-04-02,2026-10-01,121,27,15,6,1,5,0,0,3.7,22.2,-0.06,0.0,22,9.1,13.6,9.1
5300,2026-04-02,2026-10-01,67,0,0,0,0,0,0,0,,,-0.12,0.0,7,28.6,57.1,14.3
5301,2026-04-02,2026-10-01,108,20,12,2,4,1,1,0,20.0,10.0,0.01,1.0,17,17.6,0.0,11.8
5302,2026-04-02,2026-10-01,78,6,3,1,0,2,0,0,0.0,16.7,-0.03,1.6,9,11.1,22.2,22.2
5303,2026-04-02,2026-10-01,129,22,17,1,3,1,0,0,13.6,4.5,0.01,0.8,25,16.0,8.0,8.0
5304,2026-04-02,2026-10-01,57,2,1,0,1,0,0,0,50.0,0.0,-0.34,0.0,5,20.0,40.0,20.0
5305,2026-04-02,2026-10-01,58,2,1,0,1,0,0,0,50.0,0.0,-0.05,0.0,6,16.7,16.7,50.0
5306,2026-04-02,2026-10-01,49,1,0,0,0,0,0,1,0.0,0.0,-0.02,0.0,6,16.7,50.0,16.7
5307,2026-04-02,2026-10-01,111,14,5,0,5,2,2,0,35.7,0.0,-0.08,0.0,14,7.1,28.6,21.4
5308,2026-04-02,2026-10-01,116,11,3,2,1,4,0,1,9.1,18.2,-0.05,0.0,12,33.3,25.0,16.7
5309,2026-04-02,2026-10-01,84,3,3,0,0,0,0,0,0.0,0.0,-0.08,0.0,9,11.1,33.3,22.2
5310,2026-04-02,2026-10-01,79,6,4,0,1,1,0,0,16.7,0.0,-0.19,0.0,10,10.0,40.0,10.0
5311,2026-04-02,2026-10-01,101,25,11,1,6,3,3,1,24.0,4.0,-0.03,0.0,16,0.0,6.2,12.5
5312,2026-04-02,2026-10-01,99,6,2,1,1,0,2,0,16.7,16.7,-0.04,0.0,10,20.0,20.0,30.0
5313,2026-04-02,2026-10-01,72,2,0,2,0,0,0,0,0.0,100.0,-0.05,0.0,7,57.1,14.3,28.6
5314,2026-04-02,2026-10-01,95,5,3,1,0,1,0,0,0.0,20.0,-0.01,1.1,14,21.4,35.7,7.1
5315,2026-04-02,2026-10-01,83,3,2,0,1,0,0,0,33.3,0.0,-0.09,0.0,8,25.0,12.5,0.0
5316,2026-04-02,2026-10-01,91,15,9,3,0,1,2,0,0.0,20.0,-0.05,0.0,14,7.1,14.3,7.1
5317,2026-04-02,2026-10-01,119,9,6,0,1,2,0,0,11.1,0.0,-0.05,0.0,14,14.3,42.9,0.0
5318,2026-04-02,2026-10-01,92,6,4,0,1,1,0,0,16.7,0.0,-0.06,0.0,12,16.7,8.3,25.0
5319,2026-04-02,2026-10-01,32,4,2,0,1,1,0,0,25.0,0.0,0.04,0.0,5,20.0,0.0,20.0
5320,2026-04-02,2026-10-01,93,7,3,0,1,3,0,0,14.3,0.0,0.0,0.0,10,30.0,20.0,20.0
5321,2026-04-02,2026-10-01,86,11,1,1,5,2,2,0,45.5,9.1,-0.12,0.0,9,11.1,33.3,11.1
5322,2026-04-02,2026-10-01,109,9,5,0,2,0,2,0,22.2,0.0,0.04,0.9,17,5.9,52.9,11.8
5323,2026-04-02,2026-10-01,103,10,7,0,1,1,1,0,10.0,0.0,-0.13,0.0,14,7.1,7.1,14.3
5324,2026-04-02,2026-10-01,81,2,2,0,0,0,0,0,0.0,0.0,0.02,0.0,10,10.0,70.0,0.0
5325,2026-04-02,2026-10-01,107,19,10,1,5,2,1,0,26.3,5.3,0.04,1.0,17,5.9,17.6,11.8
5326,2026-04-02,2026-10-01,140,21,9,2,6,3,1,0,28.6,9.5,0.0,0.0,23,13.0,26.1,17.4
5327,2026-04-02,2026-10-01,69,0,0,0,0,0,0,0,,,-0.1,0.0,10,10.0,60.0,30.0
5328,2026-04-02,2026-10-01,104,8,4,1,1,1,1,0,12.5,12.5,-0.08,0.0,11,9.1,27.3,9.1
5329,2026-04-02,2026-10-01,77,10,4,2,0,3,1,0,0.0,20.0,0.01,0.0,8,12.5,12.5,12.5
5330,2026-04-02,2026-10-01,138,39,20,1,7,8,3,0,17.9,2.6,-0.01,0.8,27,7.4,7.4,7.4
5331,2026-04-02,2026-10-01,94,20,8,4,6,1,0,1,30.0,20.0,-0.03,0.0,12,16.7,8.3,8.3
5332,2026-04-02,2026-10-01,80,5,2,2,1,0,0,0,20.0,40.0,0.04,1.4,10,40.0,30.0,10.0
5333,2026-04-02,2026-10-01,82,7,3,1,0,2,1,0,0.0,14.3,-0.05,0.0,8,12.5,25.0,25.0
5334,2026-04-02,2026-10-01,93,2,1,1,0,0,0,0,0.0,50.0,-0.03,0.0,10,20.0,50.0,20.0
5335,2026-04-02,2026-10-01,88,4,1,0,1,2,0,0,25.0,0.0,-0.05,0.0,10,0.0,70.0,10.0
5336,2026-04-02,2026-10-01,90,4,3,1,0,0,0,0,0.0,25.0,-0.1,0.0,12,16.7,41.7,16.7
5337,2026-04-02,2026-10-01,111,6,0,1,0,5,0,0,0.0,16.7,-0.1,0.0,0,,,
5338,2026-04-02,2026-10-01,89,10,6,1,1,2,0,0,10.0,10.0,-0.07,0.0,10,20.0,0.0,20.0
5339,2026-04-02,2026-10-01,90,12,5,4,1,0,1,1,8.3,33.3,-0.09,0.0,14,21.4,14.3,14.3
5340,2026-04-02,2026-10-01,111,10,1,1,1,4,2,1,10.0,10.0,-0.03,0.0,11,9.1,63.6,18.2
5341,2026-04-02,2026-10-01,76,6,3,1,1,1,0,0,16.7,16.7,-0.2,0.0,8,25.0,12.5,12.5
5342,2026-04-02,2026-10-01,80,3,1,0,1,1,0,0,33.3,0.0,-0.01,0.0,6,33.3,33.3,0.0
5343,2026-04-02,2026-10-01,110,5,2,1,0,2,0,0,0.0,20.0,-0.02,0.0,9,22.2,33.3,22.2
5344,2026-04-02,2026-10-01,100,22,9,3,4,4,1,1,18.2,13.6,-0.08,0.0,14,7.1,14.3,7.1
5345,2026-04-02,2026-10-01,114,6,4,0,1,0,1,0,16.7,0.0,-0.03,0.0,14,28.6,42.9,0.0
5346,2026-04-02,2026-10-01,91,3,1,1,0,1,0,0,0.0,33.3,0.01,0.0,11,18.2,45.5,9.1
5347,2026-04-02,2026-10-01,79,0,0,0,0,0,0,0,,,-0.01,0.0,2,0.0,100.0,0.0
5348,2026-04-02,2026-10-01,113,19,1,2,4,8,3,1,21.1,10.5,-0.03,1.0,2,0.0,50.0,0.0
5349,2026-04-02,2026-10-01,87,0,0,0,0,0,0,0,,,-0.08,0.0,8,25.0,50.0,25.0
5350,2026-04-02,2026-10-01,100,15,7,1,3,2,2,0,20.0,6.7,-0.08,0.0,15,13.3,20.0,20.0
5351,2026-04-02,2026-10-01,118,14,7,5,0,0,1,1,0.0,35.7,-0.09,0.0,13,0.0,38.5,0.0
5352,2026-04-02,2026-10-01,116,19,8,3,3,5,0,0,15.8,15.8,-0.03,1.0,16,0.0,31.2,12.5
5353,2026-04-02,2026-10-01,69,5,1,2,0,1,1,0,0.0,40.0,-0.2,0.0,8,25.0,12.5,37.5
5354,2026-04-02,2026-10-01,108,11,5,2,0,2,2,0,0.0,18.2,-0.15,0.0,13,23.1,23.1,0.0
5355,2026-04-02,2026-10-01,83,4,1,1,2,0,0,0,50.0,25.0,-0.19,0.0,8,25.0,25.0,37.5
5356,2026-04-02,2026-10-01,76,11,7,0,2,1,1,0,18.2,0.0,-0.04,0.0,12,0.0,8.3,25.0
5357,2026-04-02,2026-10-01,90,0,0,0,0,0,0,0,,,-0.2,0.0,11,9.1,54.5,27.3
5358,2026-04-02,2026-10-01,84,0,0,0,0,0,0,0,,,-0.01,0.0,6,16.7,50.0,33.3
5359,2026-04-02,2026-10-01,87,13,5,3,4,1,0,0,30.8,23.1,-0.12,0.0,11,18.2,27.3,9.1
5360,2026-04-02,2026-10-01,67,2,2,0,0,0,0,0,0.0,0.0,-0.09,0.0,5,40.0,0.0,20.0
5361,2026-04-02,2026-10-01,89,3,0,2,1,0,0,0,33.3,66.7,-0.06,0.0,10,0.0,80.0,20.0
5362,2026-04-02,2026-10-01,85,3,3,0,0,0,0,0,0.0,0.0,-0.11,1.2,8,12.5,37.5,0.0
5363,2026-04-02,2026-10-01,15,0,0,0,0,0,0,0,,,-0.08,0.0,0,,,
5364,2026-04-02,2026-10-01,103,1,0,0,0,0,1,0,0.0,0.0,-0.08,0.0,2,0.0,50.0,50.0
5365,2026-04-02,2026-10-01,93,3,2,1,0,0,0,0,0.0,33.3,0.04,0.0,6,33.3,16.7,0.0
5366,2026-04-02,2026-10-01,83,1,1,0,0,0,0,0,0.0,0.0,-0.1,1.2,7,0.0,71.4,0.0
5367,2026-04-02,2026-10-01,62,2,0,0,2,0,0,0,100.0,0.0,-0.16,0.0,0,,,
5368,2026-04-02,2026-10-01,96,25,12,3,9,1,0,0,36.0,12.0,-0.01,0.0,16,12.5,6.2,6.2
5369,2026-04-02,2026-10-01,94,5,2,0,1,1,1,0,20.0,0.0,-0.17,0.0,10,20.0,30.0,20.0
5370,2026-04-02,2026-10-01,70,0,0,0,0,0,0,0,,,-0.09,0.0,0,,,
5371,2026-04-02,2026-10-01,78,1,0,0,0,1,0,0,0.0,0.0,-0.08,0.0,0,,,
5372,2026-04-02,2026-10-01,68,1,0,0,1,0,0,0,100.0,0.0,-0.31,0.0,0,,,
5373,2026-04-02,2026-10-01,88,1,0,0,0,1,0,0,0.0,0.0,-0.14,0.0,3,0.0,33.3,33.3
5374,2026-04-02,2026-10-01,92,3,0,2,0,1,0,0,0.0,66.7,-0.12,0.0,0,,,
5375,2026-04-02,2026-10-01,108,0,0,0,0,0,0,0,,,-0.29,0.0,0,,,
5376,2026-04-02,2026-10-01,126,22,13,0,1,6,2,0,4.5,0.0,-0.11,0.0,18,11.1,5.6,11.1
5377,2026-04-02,2026-10-01,91,11,5,1,1,3,1,0,9.1,9.1,-0.01,0.0,8,12.5,25.0,0.0
5378,2026-04-02,2026-10-01,74,1,1,0,0,0,0,0,0.0,0.0,-0.22,0.0,5,20.0,40.0,20.0
5379,2026-04-02,2026-10-01,91,4,3,0,0,1,0,0,0.0,0.0,-0.16,0.0,11,18.2,27.3,18.2
5380,2026-04-02,2026-10-01,97,0,0,0,0,0,0,0,,,-0.11,0.0,0,,,
5381,2026-04-02,2026-10-01,93,8,5,0,2,1,0,0,25.0,0.0,-0.09,0.0,10,10.0,20.0,20.0
5382,2026-04-02,2026-10-01,100,0,0,0,0,0,0,0,,,-0.15,0.0,0,,,
5383,2026-04-02,2026-10-01,93,1,0,0,0,1,0,0,0.0,0.0,-0.18,0.0,1,0.0,100.0,0.0
5384,2026-04-02,2026-10-01,98,1,0,0,0,1,0,0,0.0,0.0,-0.23,0.0,1,0.0,100.0,0.0
5385,2026-04-02,2026-10-01,76,1,1,0,0,0,0,0,0.0,0.0,-0.25,0.0,3,0.0,0.0,66.7
5386,2026-04-02,2026-10-01,113,11,6,0,2,2,1,0,18.2,0.0,-0.05,0.0,18,11.1,33.3,16.7
5387,2026-04-02,2026-10-01,35,0,0,0,0,0,0,0,,,-0.38,0.0,0,,,
5388,2026-04-02,2026-10-01,58,4,0,1,1,2,0,0,25.0,25.0,-0.28,0.0,0,,,
5389,2026-04-02,2026-10-01,110,1,0,0,0,0,0,1,0.0,0.0,-0.06,0.0,0,,,
5390,2026-04-02,2026-10-01,64,2,0,0,1,0,0,1,50.0,0.0,-0.1,0.0,0,,,
5391,2026-04-02,2026-10-01,84,0,0,0,0,0,0,0,,,-0.24,0.0,0,,,
5392,2026-04-02,2026-10-01,87,0,0,0,0,0,0,0,,,-0.2,0.0,0,,,
5393,2026-04-02,2026-10-01,81,0,0,0,0,0,0,0,,,-0.33,0.0,0,,,
5394,2026-04-02,2026-10-01,105,4,1,1,0,1,1,0,0.0,25.0,-0.05,0.0,3,0.0,33.3,0.0
5395,2026-04-02,2026-10-01,72,4,1,0,1,2,0,0,25.0,0.0,-0.15,0.0,4,25.0,50.0,0.0
5396,2026-04-02,2026-10-01,80,0,0,0,0,0,0,0,,,-0.27,0.0,0,,,
5397,2026-04-02,2026-10-01,69,0,0,0,0,0,0,0,,,-0.17,0.0,0,,,
5398,2026-04-02,2026-10-01,105,9,4,2,1,1,1,0,11.1,22.2,-0.02,0.0,11,0.0,27.3,9.1
5399,2026-04-02,2026-10-01,64,0,0,0,0,0,0,0,,,-0.14,0.0,0,,,
5400,2026-04-02,2026-10-01,89,2,2,0,0,0,0,0,0.0,0.0,-0.21,0.0,7,14.3,57.1,0.0
5401,2026-04-02,2026-10-01,17,0,0,0,0,0,0,0,,,-0.29,0.0,0,,,
5402,2026-04-02,2026-10-01,57,0,0,0,0,0,0,0,,,-0.24,0.0,0,,,
5403,2026-04-02,2026-10-01,77,1,0,1,0,0,0,0,0.0,100.0,-0.19,0.0,0,,,
5404,2026-04-02,2026-10-01,91,2,0,0,1,1,0,0,50.0,0.0,-0.12,0.0,0,,,
5405,2026-04-02,2026-10-01,84,1,0,0,0,1,0,0,0.0,0.0,-0.11,1.2,0,,,
5406,2026-04-02,2026-10-01,78,0,0,0,0,0,0,0,,,-0.26,0.0,0,,,
5407,2026-04-02,2026-10-01,92,2,1,0,0,1,0,0,0.0,0.0,-0.05,0.0,4,50.0,25.0,0.0
5409,2026-04-02,2026-10-01,66,4,0,1,1,1,0,1,25.0,25.0,-0.29,0.0,0,,,
5410,2026-04-02,2026-10-01,40,0,0,0,0,0,0,0,,,-0.38,0.0,0,,,
5411,2026-04-02,2026-10-01,77,2,0,0,1,1,0,0,50.0,0.0,-0.15,0.0,0,,,
5412,2026-04-02,2026-10-01,82,1,0,0,0,1,0,0,0.0,0.0,-0.08,0.0,0,,,
5413,2026-04-02,2026-10-01,82,1,0,0,1,0,0,0,100.0,0.0,-0.14,0.0,0,,,
5415,2026-04-02,2026-10-01,42,0,0,0,0,0,0,0,,,-0.12,0.0,0,,,
5416,2026-04-02,2026-10-01,89,6,0,0,4,1,1,0,66.7,0.0,-0.06,0.0,0,,,
5417,2026-04-02,2026-10-01,65,3,0,0,0,3,0,0,0.0,0.0,-0.08,1.6,0,,,
5418,2026-04-02,2026-10-01,73,0,0,0,0,0,0,0,,,-0.49,0.0,0,,,
5419,2026-04-02,2026-10-01,87,0,0,0,0,0,0,0,,,-0.29,0.0,0,,,
5420,2026-04-02,2026-10-01,89,0,0,0,0,0,0,0,,,-0.18,0.0,0,,,
5421,2026-04-02,2026-10-01,75,0,0,0,0,0,0,0,,,-0.26,0.0,0,,,
5422,2026-04-02,2026-10-01,49,0,0,0,0,0,0,0,,,-0.23,0.0,0,,,
5423,2026-04-02,2026-10-01,68,0,0,0,0,0,0,0,,,-0.32,0.0,0,,,
5424,2026-04-02,2026-10-01,68,2,0,0,1,0,0,1,50.0,0.0,-0.1,0.0,0,,,
5425,2026-04-02,2026-10-01,76,0,0,0,0,0,0,0,,,-0.31,0.0,0,,,
5426,2026-04-02,2026-10-01,76,0,0,0,0,0,0,0,,,-0.31,0.0,0,,,
5427,2026-04-02,2026-10-01,101,0,0,0,0,0,0,0,,,-0.26,0.0,0,,,
5428,2026-04-02,2026-10-01,62,0,0,0,0,0,0,0,,,-0.39,0.0,0,,,
5429,2026-04-02,2026-10-01,64,0,0,0,0,0,0,0,,,-0.34,0.0,0,,,
5430,2026-04-02,2026-10-01,47,0,0,0,0,0,0,0,,,-0.32,0.0,0,,,
5431,2026-04-02,2026-10-01,52,0,0,0,0,0,0,0,,,-0.28,0.0,0,,,
5432,2026-04-02,2026-10-01,94,2,0,0,1,1,0,0,50.0,0.0,-0.28,0.0,0,,,
5433,2026-04-02,2026-10-01,83,0,0,0,0,0,0,0,,,-0.02,0.0,0,,,
5434,2026-04-02,2026-10-01,100,2,0,0,0,1,1,0,0.0,0.0,-0.17,0.0,0,,,
5435,2026-04-02,2026-10-01,63,0,0,0,0,0,0,0,,,-0.32,0.0,0,,,
5436,2026-04-02,2026-10-01,92,0,0,0,0,0,0,0,,,-0.18,0.0,0,,,
5437,2026-04-02,2026-10-01,53,0,0,0,0,0,0,0,,,-0.25,0.0,0,,,
5438,2026-04-02,2026-10-01,70,0,0,0,0,0,0,0,,,-0.27,0.0,0,,,
5439,2026-04-02,2026-10-01,81,0,0,0,0,0,0,0,,,-0.44,0.0,0,,,
5440,2026-04-02,2026-10-01,75,0,0,0,0,0,0,0,,,-0.34,0.0,0,,,
5441,2026-04-02,2026-10-01,70,0,0,0,0,0,0,0,,,-0.19,0.0,0,,,
5442,2026-04-02,2026-10-01,76,0,0,0,0,0,0,0,,,-0.4,0.0,0,,,
5443,2026-04-02,2026-10-01,66,0,0,0,0,0,0,0,,,-0.38,0.0,0,,,
5444,2026-04-02,2026-10-01,72,0,0,0,0,0,0,0,,,-0.38,0.0,0,,,
5445,2026-04-02,2026-10-01,55,0,0,0,0,0,0,0,,,-0.37,0.0,0,,,
5446,2026-04-02,2026-10-01,49,0,0,0,0,0,0,0,,,-0.33,0.0,0,,,
5447,2026-04-02,2026-10-01,62,0,0,0,0,0,0,0,,,-0.44,0.0,0,,,
5448,2026-04-02,2026-10-01,56,0,0,0,0,0,0,0,,,-0.37,0.0,0,,,
5449,2026-04-02,2026-10-01,45,1,0,0,1,0,0,0,100.0,0.0,-0.22,0.0,0,,,
5450,2026-04-02,2026-10-01,56,1,0,0,0,1,0,0,0.0,0.0,-0.34,0.0,0,,,
5451,2026-04-02,2026-10-01,45,0,0,0,0,0,0,0,,,-0.29,0.0,0,,,
5452,2026-04-02,2026-10-01,51,0,0,0,0,0,0,0,,,-0.35,0.0,0,,,
5453,2026-04-02,2026-10-01,69,1,0,0,0,1,0,0,0.0,0.0,-0.45,0.0,0,,,
5454,2026-04-02,2026-10-01,68,0,0,0,0,0,0,0,,,-0.29,0.0,0,,,
5455,2026-04-02,2026-10-01,74,0,0,0,0,0,0,0,,,-0.46,0.0,0,,,
5456,2026-04-02,2026-10-01,69,0,0,0,0,0,0,0,,,-0.35,0.0,0,,,
5457,2026-04-02,2026-10-01,63,0,0,0,0,0,0,0,,,-0.39,0.0,0,,,
5458,2026-04-02,2026-10-01,65,2,0,0,2,0,0,0,100.0,0.0,-0.34,0.0,0,,,
5459,2026-04-02,2026-10-01,54,0,0,0,0,0,0,0,,,-0.31,0.0,0,,,
5460,2026-04-02,2026-10-01,85,1,0,0,0,1,0,0,0.0,0.0,-0.35,0.0,0,,,
5461,2026-04-02,2026-10-01,54,0,0,0,0,0,0,0,,,-0.31,0.0,0,,,
5462,2026-04-02,2026-10-01,56,0,0,0,0,0,0,0,,,-0.35,0.0,0,,,
5463,2026-04-02,2026-10-01,54,0,0,0,0,0,0,0,,,-0.3,0.0,0,,,
5464,2026-04-02,2026-10-01,63,0,0,0,0,0,0,0,,,-0.36,0.0,0,,,
5465,2026-04-02,2026-10-01,50,0,0,0,0,0,0,0,,,-0.2,0.0,0,,,
5466,2026-04-02,2026-10-01,57,0,0,0,0,0,0,0,,,-0.39,0.0,0,,,
5467,2026-04-02,2026-10-01,64,3,0,1,0,1,1,0,0.0,33.3,-0.42,0.0,0,,,
5468,2026-04-02,2026-10-01,58,0,0,0,0,0,0,0,,,-0.35,0.0,0,,,
5469,2026-04-02,2026-10-01,59,0,0,0,0,0,0,0,,,-0.4,0.0,0,,,
5470,2026-04-02,2026-10-01,56,0,0,0,0,0,0,0,,,-0.27,0.0,0,,,
5471,2026-04-02,2026-10-01,81,0,0,0,0,0,0,0,,,-0.34,0.0,0,,,
5472,2026-04-02,2026-10-01,49,0,0,0,0,0,0,0,,,-0.47,0.0,0,,,
