date,jcd,rno,o1,o2,o3,o4,o5,o6,src
20260301,01,1,2.0,5.7,6.8,4.2,5.2,9.1,ok
20260301,01,2,1.4,10.1,8.1,5.0,5.1,22.5,ok
20260301,01,3,1.8,12.0,3.4,8.8,13.2,4.0,ok
20260301,01,4,2.2,6.9,8.2,2.4,37.0,5.6,ok
20260301,01,5,1.4,8.2,17.5,30.9,9.1,3.1,ok
20260301,01,6,1.1,6.8,6.9,12.2,19.5,33.0,ok
20260301,01,7,1.3,11.1,2.5,19.5,19.5,52.2,ok
20260301,01,8,1.9,6.4,5.1,6.7,3.3,29.2,ok
20260301,01,9,1.3,18.2,8.5,5.8,8.5,9.1,ok
20260301,01,10,1.4,10.7,3.1,11.2,9.0,27.3,ok
20260301,01,11,1.2,5.1,9.1,11.5,26.2,11.5,ok
20260301,01,12,1.2,4.1,11.8,10.7,10.5,43.7,ok
20260301,02,1,2.3,5.0,2.4,8.0,9.5,12.6,ok
20260301,02,2,3.0,3.9,4.4,4.6,9.2,5.0,ok
20260301,02,3,1.3,4.7,6.3,17.0,8.1,24.3,ok
20260301,02,4,2.7,4.0,4.3,4.7,5.0,11.1,ok
20260301,02,5,1.7,8.0,3.4,4.6,11.8,29.5,ok
20260301,02,6,2.0,3.9,4.4,8.2,6.3,11.2,ok
20260301,02,7,1.0,9.6,12.1,9.6,14.6,39.8,ok
20260301,02,8,1.7,3.3,7.5,16.1,7.8,8.0,ok
20260301,02,9,2.1,3.2,5.1,6.6,9.4,9.4,ok
20260301,02,10,2.0,12.2,2.5,4.3,15.5,12.2,ok
20260301,02,11,2.0,15.5,1.5,19.3,19.3,23.2,ok
20260301,02,12,1.3,6.6,9.4,5.4,15.2,13.5,ok
20260301,03,1,1.3,4.2,5.8,18.6,11.1,13.9,ok
20260301,03,2,1.8,4.1,3.4,12.4,6.5,27.9,ok
20260301,03,3,2.2,5.3,6.6,3.3,4.3,37.5,ok
20260301,03,4,1.3,2.9,8.3,45.3,9.8,32.3,ok
20260301,03,5,6.3,16.4,1.0,79.9,20.7,111.9,ok
20260301,03,6,3.2,5.9,4.0,39.5,1.7,47.4,ok
20260301,03,7,1.6,10.3,2.0,26.6,23.3,18.6,ok
20260301,03,8,2.5,7.9,1.5,11.5,30.1,21.5,ok
20260301,03,9,1.1,9.2,7.9,8.4,15.1,25.3,ok
20260301,03,10,1.9,12.7,4.2,2.5,23.3,15.5,ok
20260301,03,11,2.1,3.0,4.1,10.6,5.6,42.5,ok
20260301,03,12,1.4,4.1,4.2,22.6,13.5,22.6,ok
20260301,06,1,1.5,5.6,7.6,8.8,4.8,26.6,ok
20260301,06,2,1.9,6.6,5.6,4.5,16.5,4.8,ok
20260301,06,3,2.8,4.5,2.7,11.9,15.9,4.0,ok
20260301,06,4,3.1,2.4,2.2,10.0,28.0,28.0,ok
20260301,06,5,1.9,1.9,12.6,27.7,15.4,9.9,ok
20260301,06,6,3.4,1.2,10.1,15.0,12.9,53.7,ok
20260301,06,7,4.2,6.6,1.5,6.8,10.6,17.7,ok
20260301,06,8,1.1,23.5,19.4,6.3,5.4,41.2,ok
20260301,06,9,1.7,15.5,6.6,3.2,4.9,31.0,ok
20260301,06,10,1.1,22.2,3.1,20.0,20.0,25.0,ok
20260301,06,11,1.0,27.0,20.2,5.7,20.2,20.2,ok
20260301,06,12,1.1,4.8,19.9,7.4,20.9,55.4,ok
20260301,07,1,1.0,6.3,12.7,16.2,14.8,178.5,ok
20260301,07,2,2.5,3.8,5.3,4.8,5.5,9.6,ok
20260301,07,3,1.7,1.8,12.8,9.8,32.0,64.1,ok
20260301,07,4,1.6,6.1,6.6,23.4,3.4,14.5,ok
20260301,07,5,2.1,3.3,9.5,9.0,19.0,3.3,ok
20260301,07,6,1.7,3.7,3.2,24.7,8.8,24.7,ok
20260301,07,7,1.4,8.5,3.0,15.6,14.3,19.0,ok
20260301,07,8,3.2,1.7,10.8,5.4,8.6,15.4,ok
20260301,07,9,1.3,18.4,17.2,9.8,18.4,3.3,ok
20260301,07,10,1.1,18.2,16.3,4.5,16.3,32.6,ok
20260301,07,11,1.2,15.4,15.4,3.4,12.0,23.5,ok
20260301,07,12,1.0,19.4,9.7,12.3,32.0,18.8,ok
20260301,08,1,1.1,6.0,10.0,12.0,13.3,15.0,ok
20260301,08,2,1.0,7.0,19.7,19.7,9.0,43.5,ok
20260301,08,3,2.2,7.5,2.8,8.6,3.6,40.2,ok
20260301,08,4,2.3,17.1,2.1,9.8,68.6,3.7,ok
20260301,08,5,1.4,2.4,26.3,9.5,14.3,22.5,ok
20260301,08,6,1.2,8.0,13.2,8.8,9.3,8.3,ok
20260301,08,7,4.6,3.9,4.9,4.2,5.2,4.2,ok
20260301,08,8,2.7,1.6,10.1,5.2,43.1,24.6,ok
20260301,08,9,1.4,5.9,10.2,12.5,4.1,16.1,ok
20260301,08,10,1.2,5.4,19.1,5.4,10.4,28.6,ok
20260301,08,11,1.2,7.0,8.6,13.7,4.6,77.7,ok
20260301,08,12,1.0,12.7,27.6,20.7,66.3,110.5,ok
20260301,14,1,1.1,6.8,7.2,12.5,19.2,49.0,ok
20260301,14,2,2.2,3.1,12.7,3.2,10.5,12.1,ok
20260301,14,3,1.1,8.4,7.8,7.3,39.0,36.4,ok
20260301,14,4,1.1,16.2,7.2,8.5,8.8,14.7,ok
20260301,14,5,2.1,3.1,11.2,8.9,5.9,5.4,ok
20260301,14,6,1.2,5.7,4.1,17.0,15.8,49.1,ok
20260301,14,7,1.7,7.1,4.3,20.6,5.6,5.6,ok
20260301,14,8,1.2,11.7,5.7,6.8,9.4,67.0,ok
20260301,14,9,1.4,3.9,3.9,,11.6,15.1,ok
20260301,14,10,1.6,3.9,7.2,6.5,7.1,39.4,ok
20260301,14,11,1.4,3.1,8.1,12.6,11.3,20.9,ok
20260301,14,12,1.4,4.2,8.5,5.1,16.5,26.0,ok
20260301,18,1,1.1,12.0,14.7,6.9,8.5,33.1,ok
20260301,18,2,1.3,4.2,7.4,21.3,8.1,21.3,ok
20260301,18,3,2.3,4.6,7.3,2.2,18.7,15.0,ok
20260301,18,4,1.5,6.2,11.2,3.3,19.0,13.2,ok
20260301,18,5,2.0,1.5,13.7,17.3,22.1,49.7,ok
20260301,18,6,9.4,4.0,1.3,15.4,16.1,8.0,ok
20260301,18,7,2.5,3.9,5.2,7.5,23.7,3.0,ok
20260301,18,8,3.1,12.8,2.6,2.3,7.7,154.5,ok
20260301,18,9,1.4,7.8,9.8,6.4,187.5,4.2,ok
20260301,18,10,3.9,17.5,1.9,6.0,10.5,3.9,ok
20260301,18,11,2.7,2.8,3.7,4.0,25.3,16.1,ok
20260301,18,12,1.0,10.5,11.0,16.5,38.5,17.7,ok
20260301,19,1,2.0,5.5,5.8,5.0,4.0,16.7,ok
20260301,19,2,1.2,5.8,3.7,23.4,23.4,58.5,ok
20260301,19,3,1.3,3.5,19.2,9.6,86.6,7.2,ok
20260301,19,4,1.0,10.3,14.3,31.1,15.5,8.8,ok
20260301,19,6,1.2,8.8,5.7,8.4,14.5,17.7,ok
20260301,19,7,1.8,5.7,8.8,13.7,21.1,2.5,ok
20260301,19,8,1.8,3.0,4.1,14.5,8.0,58.3,ok
20260301,19,9,1.0,11.5,9.0,11.3,34.7,32.4,ok
20260301,19,10,1.0,5.4,17.9,27.4,43.9,48.8,ok
20260301,19,11,1.3,15.3,3.0,16.5,20.6,12.9,ok
20260301,19,12,1.1,13.1,7.8,6.4,23.4,32.8,ok
20260301,20,1,2.2,4.3,4.4,3.8,8.2,15.7,ok
20260301,20,2,3.0,14.6,10.2,18.0,6.1,1.5,ok
20260301,20,3,2.1,2.3,7.3,7.9,7.3,25.8,ok
20260301,20,4,3.3,7.3,1.7,10.3,29.2,5.4,ok
20260301,20,5,1.2,2.8,35.3,8.3,26.5,57.1,ok
20260301,20,6,2.7,12.3,1.3,39.9,12.3,22.4,ok
20260301,20,7,2.7,1.2,23.6,14.4,34.0,77.3,ok
20260301,20,8,1.1,20.8,14.9,3.5,17.0,34.1,ok
20260301,20,9,1.7,7.5,3.3,7.7,9.5,10.8,ok
20260301,20,10,1.4,3.4,6.4,9.7,31.9,22.3,ok
20260301,20,11,1.3,11.2,3.5,17.4,16.8,10.1,ok
20260301,20,12,1.1,9.9,9.0,9.1,12.1,14.3,ok
20260301,21,1,1.7,17.2,5.5,2.4,18.1,18.1,ok
20260301,21,2,1.2,17.7,9.9,3.3,24.5,45.6,ok
20260301,21,3,1.6,14.4,1.9,18.0,12.7,54.2,ok
20260301,21,4,1.0,9.2,14.3,6.3,28.7,32.8,ok
20260301,21,5,1.1,14.1,7.9,8.5,8.5,23.1,ok
20260301,21,6,1.9,15.5,4.4,4.1,11.0,5.2,ok
20260301,21,7,1.4,16.8,3.5,6.5,16.8,10.7,ok
20260301,21,8,2.0,1.8,7.3,11.4,51.3,20.5,ok
20260301,21,9,1.3,22.7,6.2,8.5,22.7,4.5,ok
20260301,21,10,2.7,2.8,3.0,5.3,15.5,42.7,ok
20260301,21,11,2.3,4.1,3.0,21.9,3.9,29.2,ok
20260301,21,12,1.9,5.2,6.8,3.6,9.2,10.4,ok
20260301,22,1,1.1,6.9,7.5,22.6,10.0,18.1,ok
20260301,22,2,1.5,5.8,5.5,23.2,14.5,4.1,ok
20260301,22,3,2.0,6.2,1.7,12.0,52.0,78.0,ok
20260301,22,4,2.8,18.7,14.3,9.7,40.6,1.3,ok
20260301,22,5,2.2,4.8,10.1,3.1,111.7,3.8,ok
20260301,22,6,1.7,52.8,2.6,8.8,52.8,4.0,ok
20260301,22,7,1.4,187.5,2.9,3.5,62.5,93.7,ok
20260301,22,8,1.2,9.1,8.3,4.3,24.3,36.5,ok
20260301,22,9,1.4,14.7,9.8,4.6,41.2,4.1,ok
20260301,22,10,1.2,23.1,11.5,2.7,34.7,41.7,ok
20260301,22,11,1.8,2.0,6.0,96.7,13.8,16.1,ok
20260301,22,12,1.0,10.7,17.0,20.4,20.4,15.6,ok
20260301,24,1,1.5,3.4,3.5,29.7,29.7,29.7,ok
20260301,24,2,1.3,5.5,8.7,24.4,10.1,5.5,ok
20260301,24,3,2.0,1.7,6.0,20.2,30.3,60.7,ok
20260301,24,4,2.1,2.5,11.1,2.8,72.3,36.1,ok
20260301,24,5,2.0,3.7,19.7,5.7,2.9,59.2,ok
20260301,24,6,2.8,4.1,31.0,1.6,15.5,19.4,ok
20260301,24,7,2.5,5.7,6.4,2.0,8.6,51.9,ok
20260301,24,8,2.0,12.5,1.7,14.7,14.0,17.8,ok
20260301,24,9,1.0,17.8,9.4,21.4,18.4,18.4,ok
20260301,24,10,1.8,11.0,13.1,12.7,51.0,1.8,ok
20260301,24,11,1.0,46.5,25.8,7.7,12.9,19.3,ok
20260301,24,12,1.6,15.9,26.6,1.8,23.4,28.5,ok
20260302,03,1,1.3,5.8,21.7,3.1,43.5,29.0,ok
20260302,03,2,1.0,12.2,8.9,9.9,47.6,28.6,ok
20260302,03,3,5.5,1.0,15.2,10.1,24.4,61.1,ok
20260302,03,4,4.0,3.3,5.4,2.3,8.5,20.0,ok
20260302,03,5,4.5,2.8,4.2,3.7,4.0,72.0,ok
20260302,03,6,2.9,1.7,9.7,8.0,6.8,27.3,ok
20260302,03,7,1.8,1.9,65.2,6.5,21.7,21.7,ok
20260302,03,9,3.0,4.4,20.8,1.5,22.7,27.7,ok
20260302,03,10,1.7,2.8,7.9,9.7,7.3,22.8,ok
20260302,03,11,1.7,2.1,7.9,13.1,26.3,26.3,ok
20260302,03,12,1.2,3.9,4.3,91.5,30.5,30.5,ok
20260302,04,1,4.6,2.3,2.6,5.5,10.6,23.1,ok
20260302,04,2,2.3,3.0,3.8,5.0,25.1,12.5,ok
20260302,04,3,3.6,2.1,5.1,12.8,3.3,38.6,ok
20260302,04,4,1.2,4.0,13.8,15.9,51.9,7.1,ok
20260302,04,6,2.7,20.5,1.4,27.3,8.6,11.7,ok
20260302,04,7,1.5,6.1,4.1,47.7,4.4,26.5,ok
20260302,04,8,2.1,8.0,12.0,2.1,6.0,72.0,ok
20260302,04,9,1.4,7.9,10.5,6.6,18.1,5.0,ok
20260302,04,10,1.2,14.5,6.2,14.5,7.7,7.2,ok
20260302,04,11,1.3,27.6,18.4,3.3,20.7,5.7,ok
20260302,04,12,1.3,7.2,6.8,14.5,8.9,8.9,ok
20260302,06,1,1.5,11.7,4.8,6.1,5.3,16.7,ok
20260302,06,2,1.2,3.4,27.7,55.5,22.2,7.9,ok
20260302,06,3,2.6,1.8,4.5,8.3,16.6,49.8,ok
20260302,06,4,2.4,12.1,24.3,3.4,16.2,2.2,ok
20260302,06,5,7.2,1.0,21.6,79.5,23.8,238.5,ok
20260302,06,6,2.7,2.6,18.5,10.6,12.3,2.8,ok
20260302,06,7,3.0,10.0,1.4,24.0,7.5,30.0,ok
20260302,06,8,1.0,14.0,31.5,9.0,14.0,31.5,ok
20260302,06,9,1.6,2.7,8.5,59.6,4.7,59.6,ok
20260302,06,10,1.3,9.7,3.1,11.3,11.3,68.2,ok
20260302,06,12,1.2,6.5,14.0,5.4,11.0,35.1,ok
20260302,07,1,2.5,4.0,5.0,2.8,12.0,20.0,ok
20260302,07,2,3.0,6.5,1.6,9.9,29.9,8.4,ok
20260302,07,3,2.0,4.9,13.2,9.9,2.1,79.5,ok
20260302,07,4,2.9,4.3,2.1,9.6,6.5,25.0,ok
20260302,07,5,3.1,5.4,1.9,14.7,3.9,103.5,ok
20260302,07,6,2.3,6.5,3.0,10.2,23.0,3.4,ok
20260302,07,7,1.5,12.6,2.8,14.0,21.0,6.4,ok
20260302,07,8,4.1,15.8,1.1,15.4,13.9,81.7,ok
20260302,07,9,1.1,4.3,20.4,8.8,20.4,33.2,ok
20260302,07,10,1.7,13.0,5.2,2.3,32.0,24.4,ok
20260302,07,11,1.2,42.7,2.3,42.7,26.3,68.4,ok
20260302,07,12,1.2,15.2,3.5,17.1,16.1,17.1,ok
20260302,08,2,1.0,8.0,20.9,24.1,34.8,31.3,ok
20260302,08,3,1.3,2.5,6.8,158.2,79.1,79.1,ok
20260302,08,4,1.0,36.0,4.5,12.0,18.0,36.0,ok
20260302,08,5,14.8,1.5,7.6,29.6,8.9,3.1,ok
20260302,08,7,2.0,26.7,2.8,2.4,66.7,33.3,ok
20260302,08,8,1.0,9.5,7.4,66.7,22.2,33.3,ok
20260302,08,9,1.1,5.1,5.5,19.3,38.6,25.7,ok
20260302,08,10,1.5,9.3,3.4,4.0,21.7,65.2,ok
20260302,08,11,1.1,25.0,7.3,6.2,13.9,41.7,ok
20260302,08,12,1.0,20.0,7.3,19.3,23.4,24.4,ok
20260302,13,1,2.0,3.7,2.6,7.8,29.3,29.3,ok
20260302,13,2,1.1,4.5,18.2,73.1,5.2,146.2,ok
20260302,13,3,1.9,8.9,3.0,2.8,86.5,64.8,ok
20260302,13,4,3.6,1.9,5.8,4.0,129.7,8.6,ok
20260302,13,5,2.6,3.0,6.0,7.7,28.2,3.3,ok
20260302,13,6,1.2,9.1,6.3,6.3,63.7,10.6,ok
20260302,13,7,3.4,1.7,4.0,10.8,65.2,9.3,ok
20260302,13,8,1.3,9.5,14.7,2.5,54.0,40.5,ok
20260302,13,9,1.4,4.6,6.7,4.3,36.0,27.0,ok
20260302,13,10,1.4,9.2,8.4,5.7,4.1,89.7,ok
20260302,13,11,1.0,27.2,20.4,16.3,40.8,40.8,ok
20260302,13,12,1.3,12.8,12.8,2.8,17.1,41.1,ok
20260302,15,1,2.0,6.6,4.9,3.6,11.3,7.9,ok
20260302,15,2,4.9,8.2,1.5,4.0,7.9,223.5,ok
20260302,15,4,2.3,3.3,5.4,2.9,18.6,31.0,ok
20260302,15,5,4.8,1.3,4.9,9.8,35.5,25.3,ok
20260302,15,6,2.4,2.5,6.6,30.3,2.9,45.5,ok
20260302,15,7,1.3,16.3,3.2,5.4,65.2,65.2,ok
20260302,15,8,1.5,8.8,7.6,7.2,3.3,41.8,ok
20260302,15,9,1.5,3.0,5.9,28.0,10.3,28.0,ok
20260302,15,10,1.2,5.2,5.2,24.6,13.2,57.5,ok
20260302,15,11,1.1,5.1,15.0,13.0,13.0,13.0,ok
20260302,15,12,2.0,11.7,9.2,3.2,6.4,5.3,ok
20260302,16,1,1.3,6.5,6.3,9.2,18.9,10.8,ok
20260302,16,2,1.3,9.8,18.2,3.9,10.5,15.4,ok
20260302,16,3,1.6,8.1,4.0,4.8,8.1,56.7,ok
20260302,16,4,1.6,5.6,8.8,4.5,16.3,6.8,ok
20260302,16,5,2.5,10.1,5.7,2.2,6.7,12.7,ok
20260302,16,6,2.2,5.0,1.9,13.1,22.8,22.8,ok
20260302,16,7,1.2,7.6,7.1,13.3,7.9,12.5,ok
20260302,16,8,1.1,6.4,25.3,17.1,28.0,6.5,ok
20260302,16,9,1.2,5.8,5.4,16.6,12.3,22.1,ok
20260302,16,10,1.3,4.6,6.5,8.4,16.0,21.4,ok
20260302,16,11,1.7,14.3,2.2,12.6,8.4,37.0,ok
20260302,16,12,1.2,6.1,4.9,12.3,12.4,44.4,ok
20260302,18,1,1.0,6.1,13.5,15.0,27.1,33.9,ok
20260302,18,2,2.2,6.4,2.5,6.1,8.2,21.1,ok
20260302,18,3,3.7,8.7,13.8,1.2,52.5,18.7,ok
20260302,18,4,1.0,6.7,12.3,10.7,64.3,45.9,ok
20260302,18,5,2.7,1.6,9.3,10.9,10.5,19.4,ok
20260302,18,6,2.3,4.7,17.3,3.0,3.5,39.7,ok
20260302,18,7,1.5,19.8,2.4,5.7,178.5,44.6,ok
20260302,18,8,21.2,50.4,1.0,100.8,28.8,269.0,ok
20260302,18,9,1.7,4.5,2.8,11.0,12.4,37.2,ok
20260302,18,10,3.2,6.4,10.3,10.8,1.6,11.9,ok
20260302,18,11,2.0,7.1,2.0,16.6,50.0,6.8,ok
20260302,18,12,1.4,11.3,13.6,3.2,7.3,58.8,ok
20260302,19,1,1.0,6.0,12.8,10.2,22.8,41.1,ok
20260302,19,2,1.0,4.5,7.6,49.8,49.8,49.8,ok
20260302,19,3,1.5,9.9,14.8,6.3,3.4,17.8,ok
20260302,19,4,1.0,17.7,8.8,35.5,8.8,53.2,ok
20260302,19,5,1.1,10.9,4.5,9.8,63.8,95.8,ok
20260302,19,6,1.0,21.8,12.4,15.8,11.6,43.6,ok
20260302,19,7,1.7,8.2,2.6,6.6,10.4,48.0,ok
20260302,19,8,1.0,8.6,23.1,30.8,61.7,19.5,ok
20260302,19,9,1.3,12.0,6.6,4.5,12.8,13.7,ok
20260302,19,10,1.2,6.7,6.0,14.4,12.1,27.5,ok
20260302,19,11,2.8,1.6,5.2,5.6,141.7,141.7,ok
20260302,19,12,1.0,11.8,6.1,14.6,18.1,28.8,ok
20260302,20,1,1.5,12.1,7.9,2.4,17.1,41.2,ok
20260302,20,2,2.2,2.7,9.9,4.7,11.9,7.0,ok
20260302,20,3,1.4,9.8,3.2,13.0,33.6,9.4,ok
20260302,20,4,4.1,4.2,3.0,6.7,14.8,3.0,ok
20260302,20,5,1.4,2.5,17.6,11.7,15.1,35.2,ok
20260302,21,1,1.1,3.9,39.3,14.0,11.5,32.7,ok
20260302,21,2,1.6,5.8,7.7,2.6,163.5,23.3,ok
20260302,21,3,2.1,28.8,1.6,22.2,6.8,44.5,ok
20260302,21,4,1.2,7.1,7.2,10.4,12.8,11.9,ok
20260302,21,5,1.6,2.4,20.4,6.8,35.8,13.0,ok
20260302,21,6,1.4,2.8,5.2,27.0,27.0,27.0,ok
20260302,21,7,1.1,36.1,12.0,10.3,4.9,11.1,ok
20260302,21,8,1.7,3.0,20.4,13.6,5.6,6.8,ok
20260302,21,9,2.0,2.0,17.4,21.4,3.9,55.8,ok
20260302,21,10,1.0,12.0,54.7,12.3,25.9,31.7,ok
20260302,21,11,1.3,37.0,9.2,5.5,4.2,27.7,ok
20260302,21,12,1.2,5.8,15.9,27.9,4.8,15.9,ok
20260302,22,1,1.1,10.0,5.0,8.3,50.2,50.2,ok
20260302,22,2,1.6,7.2,2.8,9.2,12.5,23.0,ok
20260302,22,3,2.1,8.2,2.0,4.9,23.4,54.7,ok
20260302,22,4,2.0,6.2,2.3,20.2,5.4,81.0,ok
20260302,22,5,1.9,1.5,6.9,79.2,118.8,39.6,ok
20260302,22,6,1.9,7.2,2.1,24.2,36.3,7.2,ok
20260302,22,7,1.3,7.6,3.8,7.6,19.1,38.2,ok
20260302,22,8,2.8,16.1,11.7,5.3,4.9,2.2,ok
20260302,22,9,1.9,3.3,7.6,26.8,8.9,3.9,ok
20260302,22,10,1.1,7.8,19.9,11.5,6.6,73.2,ok
20260302,22,11,1.0,5.5,18.1,10.3,36.3,72.7,ok
20260302,22,12,1.0,23.4,21.6,23.4,93.7,56.2,ok
20260302,24,1,1.2,7.3,4.5,18.0,32.4,18.0,ok
20260302,24,2,1.0,9.8,6.4,12.3,24.6,147.7,ok
20260302,24,3,1.0,22.8,45.7,10.1,15.2,7.0,ok
20260302,24,4,1.1,12.0,5.0,5.4,76.2,228.7,ok
20260302,24,5,1.2,111.3,7.4,13.1,3.5,222.7,ok
20260302,24,6,1.3,10.6,6.2,69.0,69.0,3.3,ok
20260302,24,7,1.2,12.1,9.2,4.6,19.1,16.4,ok
20260302,24,8,1.2,12.8,8.5,4.6,10.3,38.6,ok
20260302,24,10,1.0,11.7,9.4,12.1,38.9,77.8,ok
20260302,24,11,1.0,12.3,4.4,20.1,47.8,31.8,ok
20260302,24,12,1.0,16.2,14.0,23.4,30.1,4.6,ok
20260303,03,1,4.0,2.4,3.1,3.6,19.0,33.3,ok
20260303,03,2,1.3,2.8,27.0,7.5,19.2,45.0,ok
20260303,03,3,2.4,6.0,3.6,2.4,15.4,69.3,ok
20260303,03,4,1.7,4.5,5.3,11.3,5.9,11.3,ok
20260303,03,5,2.8,7.1,9.9,14.2,14.2,1.6,ok
20260303,03,6,2.6,2.9,3.0,9.9,12.3,9.9,ok
20260303,03,7,2.4,6.4,10.5,1.7,12.0,33.6,ok
20260303,03,8,1.2,7.3,18.3,7.3,9.1,12.2,ok
20260303,03,9,1.6,29.6,6.5,19.7,2.6,8.4,ok
20260303,03,10,1.3,3.7,10.0,7.1,20.1,50.2,ok
20260303,03,11,1.3,12.7,4.7,6.3,8.5,76.5,ok
20260303,03,12,1.1,11.5,24.1,4.4,29.5,12.6,ok
20260303,04,1,1.5,8.9,4.4,7.9,7.1,11.8,ok
20260303,04,2,4.0,2.7,2.0,9.6,10.3,38.6,ok
20260303,04,3,2.0,3.7,3.8,5.7,8.6,69.0,ok
20260303,04,4,2.5,2.5,5.7,15.9,5.3,7.9,ok
20260303,04,5,1.5,5.6,7.9,4.9,7.4,17.0,ok
20260303,04,6,2.8,3.0,31.7,8.6,2.0,47.6,ok
20260303,04,7,1.0,16.0,26.7,26.7,16.0,8.9,ok
20260303,04,8,1.7,5.9,20.2,2.6,12.6,10.1,ok
20260303,04,9,1.5,2.3,9.8,46.0,8.6,69.0,ok
20260303,04,10,3.3,1.8,5.0,21.0,14.7,5.8,ok
20260303,04,11,1.2,25.5,4.6,5.4,12.7,30.6,ok
20260303,04,12,1.3,9.3,5.8,7.7,23.2,8.4,ok
20260303,06,1,1.3,6.2,4.8,6.6,17.4,29.0,ok
20260303,06,2,1.9,20.1,11.7,2.7,7.8,5.0,ok
20260303,06,3,2.9,5.9,1.5,11.8,15.2,53.2,ok
20260303,06,4,5.5,4.8,5.2,1.6,15.6,11.1,ok
20260303,06,7,6.2,3.0,3.2,40.5,16.2,2.2,ok
20260303,06,8,1.1,14.5,8.7,4.8,13.0,65.2,ok
20260303,06,9,2.5,44.5,1.4,16.6,9.5,26.7,ok
20260303,06,10,1.2,7.1,10.6,14.2,14.2,6.1,ok
20260303,06,11,1.1,6.0,8.7,57.0,10.3,12.6,ok
20260303,06,12,1.5,,2.7,9.6,7.3,13.9,ok
20260303,07,1,4.9,1.1,7.0,12.5,28.3,56.6,ok
20260303,07,2,2.2,8.1,2.0,5.1,16.3,40.8,ok
20260303,07,4,5.7,4.1,1.6,4.4,20.5,25.6,ok
20260303,07,5,2.6,1.6,7.1,7.9,23.7,31.6,ok
20260303,07,6,5.9,10.9,16.4,71.2,1.0,18.5,ok
20260303,07,7,1.0,22.3,14.1,4.9,28.2,44.6,ok
20260303,07,8,2.3,1.6,17.9,8.9,18.8,12.5,ok
20260303,07,9,1.3,14.7,6.5,3.8,21.1,23.1,ok
20260303,07,10,1.0,11.4,21.4,9.5,14.3,57.2,ok
20260303,07,11,1.4,49.4,13.9,90.6,2.0,21.7,ok
20260303,07,12,1.6,21.6,23.5,2.1,10.2,14.1,ok
20260303,11,1,2.9,2.6,3.6,5.5,7.3,31.5,ok
20260303,11,2,1.7,2.1,29.7,8.7,49.5,8.7,ok
20260303,11,3,1.5,7.3,3.8,5.6,12.7,21.1,ok
20260303,11,4,1.2,8.5,8.1,8.5,23.2,7.3,ok
20260303,11,5,1.5,2.6,7.0,17.6,10.6,23.5,ok
20260303,11,6,2.9,9.9,2.8,16.0,2.2,36.0,ok
20260303,11,7,1.5,9.3,4.8,47.9,2.8,42.5,ok
20260303,11,8,1.7,2.9,4.6,13.8,8.5,111.0,ok
20260303,11,9,1.7,9.6,2.7,7.2,9.1,25.2,ok
20260303,11,10,1.3,4.3,10.4,16.3,9.0,10.8,ok
20260303,11,11,1.4,13.9,7.5,3.4,13.2,16.4,ok
20260303,11,12,1.4,5.0,14.1,10.7,19.5,4.8,ok
20260303,13,1,1.9,36.5,1.5,12.1,31.2,54.7,ok
20260303,13,2,1.6,7.5,2.1,15.0,20.6,33.0,ok
20260303,13,3,2.0,4.0,10.1,22.4,2.9,8.6,ok
20260303,13,4,2.4,3.1,5.9,4.8,9.6,8.3,ok
20260303,13,5,1.7,4.8,4.6,8.0,14.4,7.2,ok
20260303,13,6,1.1,13.6,19.6,3.9,17.7,29.5,ok
20260303,13,7,4.2,2.1,6.3,10.9,3.1,12.7,ok
20260303,13,8,2.6,7.1,3.4,2.4,64.5,9.9,ok
20260303,13,9,1.1,7.9,5.9,21.1,21.1,10.5,ok
20260303,13,10,2.0,5.0,2.2,15.6,17.2,10.7,ok
20260303,13,11,1.4,7.6,6.5,8.8,9.8,7.6,ok
20260303,13,12,1.3,30.4,2.5,11.2,19.3,106.5,ok
20260303,15,2,3.4,5.5,2.1,3.9,8.4,27.6,ok
20260303,15,3,2.1,16.7,1.5,,9.7,13.0,ok
20260303,15,5,2.2,2.6,2.4,11.7,105.7,105.7,ok
20260303,15,6,1.2,2.7,25.2,15.1,56.8,14.2,ok
20260303,15,7,1.0,5.8,14.2,8.5,28.5,85.5,ok
20260303,15,8,1.0,12.0,17.4,9.4,15.8,26.8,ok
20260303,15,9,1.9,2.3,4.9,10.0,17.4,28.6,ok
20260303,15,10,1.0,14.4,6.7,12.8,46.2,33.0,ok
20260303,15,11,1.6,10.5,2.3,9.8,13.8,24.2,ok
20260303,15,12,2.0,,1.8,7.6,7.9,24.5,ok
20260303,16,1,1.4,4.7,6.4,10.4,15.0,10.0,ok
20260303,16,2,1.4,8.4,9.8,5.9,10.2,5.9,ok
20260303,16,3,1.7,2.7,8.4,6.4,18.5,18.5,ok
20260303,16,4,1.5,2.2,9.2,23.5,23.5,16.2,ok
20260303,16,5,1.6,9.2,7.5,16.3,2.3,39.7,ok
20260303,16,6,1.2,5.8,6.5,8.3,22.3,19.1,ok
20260303,16,7,1.6,4.5,4.0,6.0,25.1,21.5,ok
20260303,16,8,1.4,5.9,5.7,7.5,12.7,12.7,ok
20260303,16,9,1.2,11.8,5.8,12.9,10.0,13.3,ok
20260303,16,10,1.3,3.4,8.7,13.0,10.7,22.8,ok
20260303,16,11,1.2,8.0,5.3,11.0,14.5,31.4,ok
20260303,16,12,1.2,9.0,7.0,17.6,22.4,6.2,ok
20260303,18,1,1.6,7.2,3.1,14.5,6.3,21.0,ok
20260303,18,3,1.0,9.8,25.8,23.0,34.5,20.7,ok
20260303,18,4,1.2,10.7,11.8,22.1,44.2,3.7,ok
20260303,18,5,1.6,11.8,15.3,4.8,4.2,6.4,ok
20260303,18,6,2.2,6.3,7.1,7.1,17.3,2.4,ok
20260303,18,7,1.6,10.1,2.3,142.5,47.5,5.4,ok
20260303,18,8,2.2,9.8,24.5,8.5,98.2,1.6,ok
20260303,18,9,1.0,9.1,12.2,36.7,12.2,73.5,ok
20260303,18,10,1.0,10.8,5.4,14.1,141.0,47.0,ok
20260303,18,11,1.0,10.4,8.8,14.2,19.7,12.6,ok
20260303,18,12,1.2,4.2,6.8,22.8,27.4,19.6,ok
20260303,20,1,2.7,3.0,4.2,28.8,5.4,5.3,ok
20260303,20,2,1.5,2.2,20.0,10.5,12.8,25.7,ok
20260303,20,3,3.0,12.4,13.7,1.3,43.6,15.3,ok
20260303,20,5,1.2,9.2,11.7,6.5,14.8,9.6,ok
20260303,20,6,3.2,8.5,16.1,9.0,36.3,1.4,ok
20260303,20,7,1.1,14.1,18.8,4.1,28.2,21.9,ok
20260303,20,8,1.2,5.5,4.5,18.1,28.5,18.1,ok
20260303,20,9,1.1,9.2,10.0,6.9,10.3,60.2,ok
20260303,20,10,1.8,13.4,5.1,2.4,18.8,16.1,ok
20260303,20,11,1.8,16.3,15.4,1.7,18.8,17.3,ok
20260303,20,12,1.2,9.9,5.4,10.5,11.6,11.5,ok
20260303,21,1,1.0,9.7,14.1,16.3,23.8,44.3,ok
20260303,21,2,1.6,16.3,8.4,2.2,14.3,48.9,ok
20260303,21,3,1.4,13.8,3.6,12.5,5.0,37.6,ok
20260303,21,4,1.0,10.4,5.7,12.6,35.4,22.1,ok
20260303,21,5,1.3,6.6,15.1,8.1,21.1,4.4,ok
20260303,21,6,7.3,3.7,2.6,12.5,20.8,2.3,ok
20260303,21,7,1.6,3.4,6.1,5.0,18.3,27.5,ok
20260303,21,8,1.6,8.8,8.1,3.0,7.1,38.2,ok
20260303,21,9,2.4,4.3,10.4,11.3,10.4,2.3,ok
20260303,21,10,1.3,7.6,4.7,9.5,76.1,6.6,ok
20260303,21,11,1.7,2.1,30.0,4.7,45.0,45.0,ok
20260303,21,12,1.1,15.8,14.2,7.9,5.9,23.7,ok
20260303,22,1,1.0,9.4,70.5,141.0,70.5,28.2,ok
20260303,22,2,2.1,4.2,5.8,6.0,3.6,39.5,ok
20260303,22,3,5.9,2.2,1.8,13.0,16.3,32.6,ok
20260303,22,4,3.6,2.1,2.8,7.9,11.4,45.9,ok
20260303,22,5,3.0,5.4,3.0,2.8,7.9,102.7,ok
20260303,22,7,7.3,6.8,13.3,56.6,1.1,18.8,ok
20260303,22,8,1.3,7.1,7.7,12.2,6.1,14.2,ok
20260303,22,9,1.2,6.2,8.1,7.4,13.6,16.3,ok
20260303,22,10,4.8,7.9,5.3,,8.7,1.4,ok
20260303,22,11,1.2,17.6,5.5,4.4,,21.1,ok
20260303,24,1,1.2,7.2,24.2,9.0,5.5,24.2,ok
20260303,24,2,1.5,43.5,3.9,3.4,10.8,87.0,ok
20260303,24,4,1.7,3.2,5.5,4.1,82.5,55.0,ok
20260303,24,5,1.3,3.0,5.7,42.3,16.9,127.1,ok
20260303,24,6,1.0,16.3,14.2,19.0,32.6,12.0,ok
20260303,24,7,4.7,1.2,12.8,11.1,18.1,7.8,ok
20260303,24,8,1.6,11.1,5.1,15.5,9.4,3.6,ok
20260303,24,9,1.2,18.3,12.8,8.0,6.5,8.2,ok
20260303,24,10,1.6,2.5,9.1,12.7,8.2,49.5,ok
20260303,24,11,1.0,7.5,10.3,13.0,15.8,33.4,ok
20260303,24,12,1.2,5.6,10.9,5.4,20.9,27.1,ok
20260304,04,1,6.0,1.1,13.5,37.5,7.0,39.8,ok
20260304,04,2,2.1,23.2,7.7,1.7,25.5,11.6,ok
20260304,04,3,3.8,2.0,15.7,3.0,6.4,36.7,ok
20260304,04,6,5.7,5.7,1.8,27.0,3.2,11.5,ok
20260304,04,7,1.7,2.9,20.0,8.7,70.1,4.1,ok
20260304,06,1,3.5,1.7,5.0,10.5,12.8,10.5,ok
20260304,06,2,1.4,16.7,4.7,5.5,6.3,36.7,ok
20260304,06,4,1.4,8.3,2.1,29.0,116.2,116.2,ok
20260304,06,6,1.7,1.5,14.8,38.1,53.4,267.0,ok
20260304,06,8,1.6,10.4,3.4,4.0,19.1,25.5,ok
20260304,06,9,2.4,5.5,1.8,14.2,14.2,16.6,ok
20260304,06,11,1.0,63.4,10.9,26.4,9.6,79.3,ok
20260304,06,12,1.0,30.1,5.7,12.0,30.1,13.4,ok
20260304,07,1,1.5,7.3,6.7,2.7,40.5,81.0,ok
20260304,07,2,2.8,6.4,9.0,1.9,22.5,6.4,ok
20260304,07,4,2.2,5.1,2.2,16.3,5.9,42.6,ok
20260304,07,5,5.0,5.6,4.5,2.2,60.1,3.6,ok
20260304,07,6,2.1,2.5,5.3,20.5,34.1,4.7,ok
20260304,07,7,2.9,17.0,19.8,1.3,12.3,13.1,ok
20260304,07,8,1.5,4.3,9.3,3.7,23.4,19.5,ok
20260304,07,9,1.0,11.4,12.1,15.3,48.7,76.6,ok
20260304,07,10,1.0,7.1,11.3,14.2,19.2,20.4,ok
20260304,07,11,1.0,11.7,5.1,20.5,27.3,32.8,ok
20260304,07,12,1.3,8.8,4.2,8.5,17.1,15.1,ok
20260304,11,1,2.3,4.9,6.2,2.1,22.6,29.4,ok
20260304,11,2,2.0,3.3,19.9,3.2,6.0,39.9,ok
20260304,11,3,1.0,17.1,13.3,7.0,120.3,10.9,ok
20260304,11,4,5.9,2.0,10.8,3.8,8.9,4.4,ok
20260304,11,5,3.0,1.8,5.4,16.2,15.4,6.4,ok
20260304,11,6,2.2,2.3,6.1,5.6,9.9,49.5,ok
20260304,11,7,2.7,4.8,2.0,9.9,6.3,84.3,ok
20260304,11,8,1.2,4.6,6.1,21.1,15.6,42.2,ok
20260304,11,9,1.8,8.1,2.0,43.0,9.7,15.3,ok
20260304,11,10,1.1,7.6,4.0,28.0,21.0,31.5,ok
20260304,11,11,2.3,3.9,5.0,3.0,17.2,14.3,ok
20260304,11,12,1.5,6.3,8.4,4.8,12.0,7.9,ok
20260304,12,1,5.8,2.6,6.8,3.3,3.5,16.5,ok
20260304,12,2,2.6,1.8,21.6,4.4,8.4,151.5,ok
20260304,12,3,1.9,6.7,5.8,4.0,6.4,10.0,ok
20260304,12,5,1.4,6.3,10.6,15.0,29.0,3.4,ok
20260304,12,6,2.6,2.0,6.0,3.8,23.3,110.8,ok
20260304,12,7,1.3,4.1,14.5,14.5,6.6,22.4,ok
20260304,12,8,1.2,10.3,5.1,5.7,16.7,60.3,ok
20260304,12,9,1.2,7.0,10.6,11.5,4.9,29.5,ok
20260304,12,10,1.1,19.4,5.3,8.4,12.6,28.0,ok
20260304,12,11,1.0,14.2,10.9,30.5,71.3,71.3,ok
20260304,12,12,1.1,6.5,17.7,13.3,35.5,5.5,ok
20260304,13,3,1.6,4.1,12.5,4.9,47.4,5.6,ok
20260304,13,4,2.1,12.1,7.5,8.8,3.6,3.9,ok
20260304,13,5,1.1,20.2,101.2,5.9,5.3,25.3,ok
20260304,13,6,1.0,12.7,14.5,7.7,18.1,54.3,ok
20260304,13,7,1.6,2.8,17.3,3.3,60.7,60.7,ok
20260304,13,8,1.3,10.9,27.2,12.1,3.3,12.8,ok
20260304,13,9,2.5,1.3,15.3,21.4,15.3,35.7,ok
20260304,13,10,1.0,5.7,25.2,14.7,16.8,354.0,ok
20260304,13,11,1.3,7.2,7.2,8.2,4.8,98.5,ok
20260304,15,2,1.0,38.0,22.8,7.6,28.5,28.5,ok
20260304,15,3,1.2,18.2,10.9,3.0,54.7,18.2,ok
20260304,15,4,1.4,8.2,10.0,5.4,4.8,32.8,ok
20260304,15,5,1.2,6.2,19.8,9.0,4.8,49.6,ok
20260304,15,6,1.3,15.8,9.9,14.5,17.4,3.5,ok
20260304,15,7,3.3,12.6,9.7,3.7,129.1,1.7,ok
20260304,15,8,2.0,2.4,10.6,4.5,18.5,18.5,ok
20260304,15,9,1.6,3.9,4.2,10.5,7.8,39.2,ok
20260304,15,10,1.0,6.0,11.7,12.0,49.2,54.6,ok
20260304,15,11,1.4,6.7,6.7,11.0,5.5,17.1,ok
20260304,15,12,1.1,9.7,8.6,11.0,10.3,19.4,ok
20260304,16,1,1.3,12.4,5.6,6.0,9.6,16.3,ok
20260304,16,2,1.3,4.5,5.1,22.0,9.7,40.5,ok
20260304,16,3,1.1,25.5,5.2,8.5,8.5,34.0,ok
20260304,16,4,1.3,5.8,6.1,15.7,15.7,7.6,ok
20260304,16,5,1.4,9.2,13.2,13.6,3.3,15.8,ok
20260304,16,6,1.4,9.5,2.9,10.0,19.1,28.7,ok
20260304,16,7,1.0,11.8,16.3,7.7,21.5,23.7,ok
20260304,16,8,1.3,5.9,6.1,11.8,7.5,16.9,ok
20260304,16,9,1.7,7.5,3.3,45.2,4.1,14.4,ok
20260304,16,10,1.2,6.9,11.5,8.7,8.5,18.9,ok
20260304,16,11,1.4,11.0,15.1,3.7,11.0,7.5,ok
20260304,16,12,1.6,4.6,4.8,4.6,22.4,34.1,ok
20260304,18,1,1.0,61.3,17.0,27.8,9.0,76.6,ok
20260304,18,2,1.5,97.5,32.5,2.6,65.0,3.9,ok
20260304,18,3,1.2,3.7,30.7,17.5,20.5,10.2,ok
20260304,18,4,1.7,20.3,32.2,5.1,35.1,2.1,ok
20260304,18,5,1.3,15.4,10.5,10.5,8.0,4.3,ok
20260304,18,6,4.7,6.6,9.9,4.9,25.4,1.5,ok
20260304,18,7,1.0,18.0,22.3,4.8,14.0,189.7,ok
20260304,18,8,1.1,14.7,10.5,12.2,13.3,7.7,ok
20260304,18,9,1.0,12.7,12.7,10.2,12.7,12.7,ok
20260304,18,10,3.6,9.9,1.1,25.6,13.7,179.2,ok
20260304,18,11,1.0,3.2,16.4,27.3,246.0,246.0,ok
20260304,20,1,1.9,2.4,8.5,7.3,7.9,46.3,ok
20260304,20,2,4.0,6.0,6.9,2.3,3.0,44.3,ok
20260304,20,3,1.4,15.9,3.9,8.2,22.6,5.6,ok
20260304,20,4,6.8,10.9,3.5,7.1,1.5,40.9,ok
20260304,20,5,1.1,13.9,4.7,7.9,41.7,27.8,ok
20260304,20,6,3.9,1.3,6.0,33.0,12.8,11.5,ok
20260304,20,7,1.9,11.2,1.8,12.5,11.7,30.7,ok
20260304,20,8,1.8,5.7,2.0,33.0,21.0,27.2,ok
20260304,20,9,1.4,11.9,13.8,9.2,2.6,35.1,ok
20260304,20,10,1.4,9.6,3.3,13.0,9.7,13.7,ok
20260304,20,11,1.7,6.2,8.5,3.7,7.0,13.2,ok
20260304,20,12,1.0,12.9,20.9,23.3,4.9,28.5,ok
20260304,21,1,1.2,8.8,3.0,12.0,44.2,132.7,ok
20260304,21,2,2.0,5.7,28.8,2.5,16.2,5.1,ok
20260304,21,3,1.1,24.2,3.3,14.8,14.4,65.8,ok
20260304,21,4,1.0,32.6,12.4,23.7,5.4,29.0,ok
20260304,21,5,1.0,27.3,18.7,7.9,37.5,50.1,ok
20260304,21,6,1.7,1.9,7.1,18.2,78.1,27.3,ok
20260304,21,7,1.2,7.4,4.7,8.4,26.0,69.3,ok
20260304,21,8,4.0,8.5,1.5,11.1,13.1,7.2,ok
20260304,21,9,2.1,1.7,11.5,8.7,14.1,26.3,ok
20260304,21,10,1.0,6.2,11.8,13.1,13.1,59.2,ok
20260304,21,11,1.4,8.7,10.8,3.3,8.7,43.5,ok
20260304,21,12,1.0,14.6,6.8,10.0,27.2,27.2,ok
20260304,22,1,1.3,5.1,11.2,8.0,28.1,8.0,ok
20260304,22,3,,2.3,1.9,5.0,6.1,32.7,ok
20260304,22,4,1.4,12.9,6.8,5.6,4.0,129.7,ok
20260304,22,6,1.5,15.7,7.8,4.6,3.9,39.3,ok
20260304,22,7,2.2,6.0,22.6,4.7,30.2,2.2,ok
20260304,22,8,1.4,10.9,2.3,10.9,43.7,43.7,ok
20260304,22,9,2.8,3.2,2.6,5.2,28.0,16.8,ok
20260304,22,10,1.0,9.0,13.5,19.2,27.0,33.7,ok
20260304,22,11,1.6,4.6,4.6,5.6,8.0,,ok
20260304,22,12,1.2,3.2,6.2,25.8,69.0,103.5,ok
20260305,04,1,1.9,2.7,3.8,10.0,16.0,26.7,ok
20260305,04,2,4.0,6.7,1.4,5.5,60.7,20.2,ok
20260305,04,3,3.5,2.6,5.6,15.8,2.4,38.1,ok
20260305,04,4,1.5,1.9,20.7,12.8,38.4,38.4,ok
20260305,04,5,1.2,8.0,7.1,7.1,120.7,9.2,ok
20260305,04,6,2.0,3.8,12.6,3.7,6.6,11.5,ok
20260305,04,7,2.9,4.3,2.3,7.1,26.2,6.5,ok
20260305,04,8,3.0,6.4,1.9,5.5,18.3,9.1,ok
20260305,04,9,1.6,4.4,5.8,10.8,9.2,6.8,ok
20260305,04,11,1.0,11.2,8.4,12.0,21.0,21.0,ok
20260305,04,12,1.0,9.7,30.5,10.6,30.5,122.2,ok
20260305,06,1,2.8,6.6,2.5,3.4,11.0,16.5,ok
20260305,06,2,1.3,4.2,11.9,19.3,5.9,31.4,ok
20260305,06,3,2.2,14.1,21.1,1.5,7.7,84.7,ok
20260305,06,4,1.9,13.6,20.5,2.1,12.3,6.8,ok
20260305,06,5,1.1,7.6,24.7,4.7,19.8,49.5,ok
20260305,06,6,1.5,22.5,7.2,56.2,112.5,2.1,ok
20260305,06,7,1.2,6.9,27.7,3.9,27.7,27.7,ok
20260305,06,8,1.1,10.3,8.0,6.3,14.5,20.7,ok
20260305,06,9,1.4,8.3,6.8,7.5,16.6,6.2,ok
20260305,06,12,1.0,16.2,5.8,10.8,16.2,32.4,ok
20260305,07,1,1.9,2.7,4.2,8.1,52.8,11.7,ok
20260305,07,2,1.6,6.0,7.9,4.3,5.3,34.9,ok
20260305,07,3,1.7,21.1,21.1,63.5,1.5,190.5,ok
20260305,07,4,5.2,6.1,35.6,3.5,6.7,1.9,ok
20260305,07,5,7.8,4.2,4.2,28.4,3.9,2.2,ok
20260305,07,6,1.7,12.8,2.2,15.0,11.7,11.2,ok
20260305,07,7,1.2,30.5,28.3,2.5,36.1,49.6,ok
20260305,07,8,1.4,5.5,4.3,6.3,13.6,45.6,ok
20260305,07,9,1.0,7.4,7.8,16.2,29.2,62.6,ok
20260305,07,10,1.0,11.1,61.1,9.1,40.7,52.3,ok
20260305,07,11,1.0,31.8,13.7,7.2,15.4,72.8,ok
20260305,07,12,1.6,15.7,11.1,26.9,13.4,2.1,ok
20260305,11,1,1.7,2.3,7.1,29.6,33.8,8.1,ok
20260305,11,2,2.0,4.6,2.2,13.3,14.4,21.6,ok
20260305,11,3,2.4,3.9,5.0,2.5,47.6,19.0,ok
20260305,11,4,1.3,7.9,4.5,5.3,23.9,215.2,ok
20260305,11,5,2.5,7.9,2.7,3.0,20.8,12.8,ok
20260305,11,6,1.6,3.9,9.4,3.9,18.8,16.1,ok
20260305,11,7,1.6,,3.6,7.5,4.7,10.9,ok
20260305,11,8,4.4,1.2,6.0,12.1,60.5,30.2,ok
20260305,11,9,2.4,1.6,11.9,6.3,47.6,15.8,ok
20260305,11,10,1.1,37.0,5.9,30.8,5.1,16.8,ok
20260305,11,11,1.3,8.3,14.4,5.5,9.2,7.6,ok
20260305,11,12,1.0,16.8,19.3,7.4,31.5,9.0,ok
20260305,12,1,1.3,10.2,9.0,4.8,27.2,8.1,ok
20260305,12,2,1.9,2.4,7.0,11.5,63.7,5.5,ok
20260305,12,3,3.9,7.0,3.2,1.8,18.3,22.8,ok
20260305,12,4,2.1,8.0,2.2,8.6,5.4,116.2,ok
20260305,12,5,1.4,5.1,3.0,26.1,52.3,20.9,ok
20260305,12,6,3.2,3.2,4.4,12.5,3.0,12.5,ok
20260305,12,7,1.1,9.0,4.9,22.6,17.4,17.4,ok
20260305,12,8,1.4,7.1,3.2,6.3,26.2,78.7,ok
20260305,12,9,1.0,19.6,8.1,7.0,14.7,147.0,ok
20260305,12,10,1.0,9.1,20.0,42.0,5.0,32.3,ok
20260305,12,11,1.3,14.4,3.4,10.5,13.1,22.7,ok
20260305,12,12,1.0,7.4,17.4,13.6,7.8,34.8,ok
20260305,13,1,2.6,6.9,1.5,8.0,32.2,32.2,ok
20260305,13,2,2.8,2.4,3.9,25.5,5.6,10.2,ok
20260305,13,3,1.0,12.2,4.0,88.3,49.0,220.8,ok
20260305,13,6,1.3,11.1,7.8,3.9,9.7,39.0,ok
20260305,13,7,1.0,14.9,8.4,16.0,51.6,67.2,ok
20260305,13,9,1.0,19.1,15.9,21.2,11.2,63.7,ok
20260305,13,12,1.1,7.8,6.1,16.7,20.3,28.4,ok
20260305,15,1,1.9,6.5,2.0,15.7,26.2,13.1,ok
20260305,15,2,1.2,9.8,4.6,6.0,78.7,39.3,ok
20260305,15,4,1.4,13.6,4.9,4.0,15.6,15.6,ok
20260305,15,5,1.7,2.4,9.7,37.2,5.6,26.5,ok
20260305,15,6,1.2,4.3,26.2,4.4,148.5,34.2,ok
20260305,15,7,2.4,1.9,6.8,7.9,23.7,10.0,ok
20260305,15,8,1.0,10.8,17.8,17.8,18.9,75.9,ok
20260305,15,9,1.6,2.4,5.9,35.7,15.3,15.3,ok
20260305,15,10,1.2,6.8,30.0,4.6,8.1,27.7,ok
20260305,15,11,1.7,6.2,5.1,4.2,8.8,21.6,ok
20260305,15,12,1.1,4.7,7.4,14.9,16.6,36.7,ok
20260305,16,1,1.5,8.7,6.5,6.5,6.4,7.5,ok
20260305,16,2,1.1,11.0,9.0,7.7,12.3,52.3,ok
20260305,16,3,1.7,7.2,11.5,2.3,11.9,27.2,ok
20260305,16,4,2.5,2.7,4.0,6.6,11.3,13.0,ok
20260305,16,5,1.1,6.9,13.6,13.0,11.1,20.0,ok
20260305,16,6,1.0,27.5,7.1,18.8,14.3,13.7,ok
20260305,16,7,1.7,5.6,5.8,3.6,12.0,22.9,ok
20260305,16,8,1.3,4.6,7.1,16.0,11.4,9.4,ok
20260305,16,9,1.2,12.5,4.7,9.7,10.6,42.7,ok
20260305,16,10,1.1,7.6,9.5,8.9,11.2,38.8,ok
20260305,16,11,1.1,12.8,8.3,7.2,18.9,23.6,ok
20260305,16,12,1.1,9.0,6.3,11.5,9.5,33.5,ok
20260305,18,1,1.0,16.0,6.1,32.1,22.9,53.5,ok
20260305,18,2,1.1,49.5,6.6,6.6,11.0,14.1,ok
20260305,18,3,1.0,9.2,34.5,80.5,21.9,80.5,ok
20260305,18,4,1.4,7.5,12.2,2.9,32.7,12.2,ok
20260305,18,5,1.1,8.3,18.5,9.2,41.6,5.9,ok
20260305,18,6,1.3,21.9,9.7,2.4,58.5,29.2,ok
20260305,18,7,1.4,8.7,11.6,2.6,105.0,13.1,ok
20260305,18,9,1.2,3.6,7.2,24.2,18.1,36.3,ok
20260305,18,11,1.3,5.9,4.2,53.2,11.8,11.8,ok
20260305,20,1,1.4,5.7,6.1,8.8,15.4,9.2,ok
20260305,20,2,1.6,1.9,7.7,32.3,48.5,19.4,ok
20260305,20,3,2.4,2.4,10.8,3.3,37.8,9.0,ok
20260305,20,4,2.5,1.6,7.3,6.4,34.2,51.3,ok
20260305,20,5,1.1,11.3,13.5,7.7,8.3,54.0,ok
20260305,20,6,2.3,15.2,1.3,19.6,68.8,25.0,ok
20260305,20,7,1.2,3.0,17.0,9.3,58.0,32.2,ok
20260305,20,8,1.3,3.5,7.6,14.9,12.6,19.5,ok
20260305,20,9,1.8,12.5,9.1,16.5,1.9,41.3,ok
20260305,20,10,1.2,5.6,11.5,8.6,15.3,14.2,ok
20260305,20,11,1.2,,5.9,6.8,10.3,9.1,ok
20260305,20,12,1.3,3.3,11.8,14.6,11.6,36.3,ok
20260305,21,1,1.2,12.7,5.1,13.9,6.1,25.5,ok
20260305,21,2,2.2,10.3,25.2,1.4,22.7,113.6,ok
20260305,21,4,1.3,4.7,4.8,13.2,15.3,58.5,ok
20260305,21,5,1.0,13.2,6.2,33.0,44.0,18.8,ok
20260305,21,6,1.8,21.7,2.2,4.4,76.1,19.0,ok
20260305,21,7,2.1,2.5,6.1,11.6,6.6,14.5,ok
20260305,21,8,1.2,3.2,51.7,8.6,17.2,25.8,ok
20260305,21,9,4.0,4.7,2.9,6.0,6.9,4.3,ok
20260305,21,11,1.0,6.7,9.3,12.9,33.6,42.0,ok
20260305,21,12,1.2,6.7,3.0,20.2,60.7,60.7,ok
20260305,22,1,1.1,4.6,8.5,15.0,60.0,60.0,ok
20260305,22,3,1.3,9.5,9.5,5.4,6.2,73.2,ok
20260305,22,4,1.2,8.9,7.8,6.1,9.3,196.5,ok
20260305,22,6,1.6,4.9,7.6,6.2,4.9,69.0,ok
20260305,22,8,1.7,5.1,6.2,4.4,9.7,13.5,ok
20260305,22,9,1.3,5.1,7.7,4.3,62.0,41.3,ok
20260305,22,11,1.6,7.5,3.1,7.5,15.1,12.1,ok
20260305,22,12,1.2,4.3,9.1,10.5,17.0,39.0,ok
20260306,01,1,2.2,8.1,2.0,4.7,27.0,27.0,ok
20260306,01,3,2.8,1.6,5.1,16.7,10.3,67.1,ok
20260306,01,4,1.6,6.5,5.8,5.0,11.7,9.5,ok
20260306,01,5,2.4,,5.9,1.8,6.3,17.8,ok
20260306,01,6,1.3,16.3,4.7,8.8,8.8,8.8,ok
20260306,01,7,1.8,4.0,3.3,5.6,47.0,23.5,ok
20260306,01,8,1.2,11.3,21.0,23.4,4.2,10.0,ok
20260306,01,9,2.3,3.5,3.2,5.1,14.8,18.4,ok
20260306,01,10,2.5,17.7,3.0,2.1,18.5,38.7,ok
20260306,01,11,1.1,6.5,14.9,8.0,13.9,20.9,ok
20260306,01,12,1.6,7.9,4.5,6.5,7.3,13.2,ok
20260306,04,2,1.9,4.9,3.4,5.6,15.7,11.2,ok
20260306,04,3,1.1,16.0,8.7,10.7,12.8,11.3,ok
20260306,04,4,1.0,27.8,24.7,10.6,74.2,74.2,ok
20260306,04,5,1.6,2.7,26.4,4.0,23.5,23.5,ok
20260306,04,6,2.7,2.1,18.6,5.0,4.2,55.8,ok
20260306,04,7,1.6,3.9,5.0,5.5,14.4,28.8,ok
20260306,04,8,1.0,7.7,14.4,11.2,9.2,50.6,ok
20260306,04,9,1.0,7.6,22.8,8.8,11.8,106.7,ok
20260306,04,10,1.0,7.0,14.5,14.5,63.2,23.7,ok
20260306,04,11,1.6,3.9,6.6,10.0,14.5,6.4,ok
20260306,04,12,1.3,11.9,8.8,5.5,6.1,25.5,ok
20260306,06,1,1.8,6.4,5.2,3.0,15.0,18.0,ok
20260306,06,2,1.3,11.9,5.6,6.1,34.0,6.2,ok
20260306,06,3,2.8,2.0,5.2,12.7,11.1,6.8,ok
20260306,06,4,1.4,5.8,6.6,5.8,10.5,21.1,ok
20260306,06,5,1.4,4.0,9.3,7.8,21.9,9.3,ok
20260306,06,6,1.5,15.9,8.6,4.9,5.9,6.5,ok
20260306,06,7,1.1,12.6,14.0,4.8,14.0,15.7,ok
20260306,06,8,1.0,27.6,12.7,23.6,12.7,23.6,ok
20260306,06,9,1.2,3.5,9.2,9.7,32.3,27.7,ok
20260306,06,10,1.7,3.8,9.3,6.6,4.2,46.5,ok
20260306,06,11,1.0,4.9,20.2,9.5,30.3,91.1,ok
20260306,06,12,1.1,7.3,5.6,14.4,16.0,26.1,ok
20260306,07,1,2.2,3.2,2.7,10.0,10.0,80.2,ok
20260306,07,2,1.5,6.3,2.9,7.5,25.2,75.7,ok
20260306,07,3,4.9,2.4,12.1,56.5,1.7,16.9,ok
20260306,07,4,1.2,5.1,12.8,11.0,25.7,9.6,ok
20260306,07,5,1.2,20.2,9.2,7.7,5.3,20.2,ok
20260306,07,6,1.0,19.8,16.5,37.1,6.6,24.7,ok
20260306,07,7,2.1,14.1,11.7,1.5,23.1,50.5,ok
20260306,07,8,1.0,25.0,22.5,25.0,28.2,45.1,ok
20260306,07,9,1.5,10.7,10.1,4.2,5.0,16.8,ok
20260306,07,10,2.1,5.2,3.0,3.6,19.6,36.7,ok
20260306,07,11,2.5,1.7,7.1,29.9,21.7,6.9,ok
20260306,07,12,1.0,8.8,15.3,13.9,21.9,18.5,ok
20260306,11,1,1.5,2.2,10.4,11.6,24.4,46.7,ok
20260306,11,2,2.6,2.2,14.6,5.1,4.8,21.9,ok
20260306,11,3,2.3,10.6,1.8,5.0,13.7,96.0,ok
20260306,11,4,1.8,4.0,5.9,33.4,3.4,19.1,ok
20260306,11,5,1.7,6.4,11.0,2.3,32.1,16.9,ok
20260306,11,6,1.5,3.0,16.0,20.3,176.5,4.1,ok
20260306,11,7,1.0,15.2,7.2,17.2,17.2,55.0,ok
20260306,11,8,1.0,8.9,12.9,10.9,95.2,47.6,ok
20260306,11,9,1.6,3.2,7.4,12.6,5.7,59.2,ok
20260306,11,10,1.0,44.6,39.0,52.1,22.3,156.3,ok
20260306,11,11,1.6,3.7,7.0,20.0,5.7,12.0,ok
20260306,11,12,1.3,5.9,5.9,10.1,11.5,16.2,ok
20260306,12,1,1.3,4.9,12.1,42.3,4.7,16.9,ok
20260306,12,2,1.6,4.5,3.6,7.7,18.8,18.8,ok
20260306,12,3,2.4,1.7,7.7,6.1,28.5,85.5,ok
20260306,12,4,1.9,12.0,1.6,10.0,90.3,30.1,ok
20260306,12,5,1.1,9.2,9.6,7.7,19.2,12.5,ok
20260306,12,6,1.3,6.8,3.7,11.3,30.3,13.6,ok
20260306,12,7,3.1,2.5,2.3,10.0,17.2,24.1,ok
20260306,12,8,1.8,8.3,15.0,2.0,8.6,112.5,ok
20260306,12,9,2.4,6.5,2.0,8.3,12.1,12.7,ok
20260306,12,10,1.2,4.6,17.4,15.2,9.0,9.7,ok
20260306,12,11,1.1,19.9,9.9,9.9,9.5,10.4,ok
20260306,12,12,1.0,11.4,16.0,30.0,21.8,80.2,ok
20260306,16,1,1.3,4.4,5.7,26.4,9.1,20.3,ok
20260306,16,2,1.1,9.7,7.5,6.8,19.1,54.9,ok
20260306,16,3,1.2,11.0,5.1,13.3,22.6,9.4,ok
20260306,16,4,1.1,10.0,6.4,8.0,21.1,23.6,ok
20260306,16,5,1.7,4.1,4.0,6.3,12.9,34.0,ok
20260306,16,6,1.0,4.9,25.2,19.8,13.8,17.3,ok
20260306,16,7,1.1,3.2,15.7,17.7,51.0,51.0,ok
20260306,16,8,1.6,15.7,7.0,2.1,21.2,36.5,ok
20260306,16,9,1.0,5.6,43.5,12.1,17.9,33.8,ok
20260306,16,10,1.3,17.0,3.8,5.2,34.1,39.0,ok
20260306,16,11,1.1,6.0,7.5,20.4,9.7,24.7,ok
20260306,16,12,1.2,6.5,6.5,12.8,9.7,25.0,ok
20260306,17,1,1.2,9.0,6.2,7.7,12.5,27.2,ok
20260306,17,2,2.2,8.8,4.6,2.1,13.2,79.5,ok
20260306,17,3,1.5,5.5,13.0,4.1,7.0,15.6,ok
20260306,17,4,1.1,15.6,19.1,5.2,8.6,172.5,ok
20260306,17,5,1.2,57.3,76.5,2.7,12.7,12.0,ok
20260306,17,6,1.8,2.6,6.5,12.1,8.4,14.1,ok
20260306,17,8,26.0,1.0,39.1,49.4,40.8,117.3,ok
20260306,17,9,2.1,2.3,5.1,9.4,8.8,50.2,ok
20260306,17,10,2.4,5.6,3.8,4.8,20.2,4.2,ok
20260306,17,11,1.6,2.2,9.6,10.7,19.3,48.3,ok
20260306,17,12,1.4,6.8,4.1,7.1,9.3,31.6,ok
20260306,20,1,3.0,5.0,7.2,26.3,6.0,2.1,ok
20260306,20,2,3.0,11.2,2.9,3.6,4.7,11.2,ok
20260306,20,3,2.7,14.4,13.2,21.6,1.4,14.4,ok
20260306,20,4,1.7,14.8,12.3,13.1,11.7,2.2,ok
20260306,20,5,1.5,1.9,33.1,6.5,75.0,281.4,ok
20260306,20,6,1.7,4.3,8.7,14.3,40.2,3.0,ok
20260306,20,7,1.2,5.9,13.1,6.7,22.1,12.5,ok
20260306,20,8,1.2,7.4,11.1,5.4,12.7,18.8,ok
20260306,20,9,1.1,3.9,12.5,9.7,29.3,34.0,ok
20260306,20,10,1.0,21.8,18.6,28.7,33.6,12.4,ok
20260306,20,11,1.1,3.8,12.0,22.3,29.0,32.0,ok
20260306,20,12,1.5,7.6,8.4,5.3,11.3,6.9,ok
20260306,21,1,1.4,6.2,3.0,25.6,47.5,12.3,ok
20260306,21,2,1.3,5.5,7.1,4.1,82.5,82.5,ok
20260306,21,3,1.3,8.5,3.6,32.4,14.7,10.1,ok
20260306,21,4,1.2,13.9,24.7,4.6,31.8,6.3,ok
20260306,21,5,1.1,8.2,11.7,5.6,12.1,77.8,ok
20260306,21,6,1.5,4.2,3.3,49.0,12.2,30.2,ok
20260306,21,7,1.3,7.0,9.3,4.6,10.5,84.0,ok
20260306,21,8,1.3,3.8,7.4,19.3,24.1,8.7,ok
20260306,21,9,1.4,10.7,4.5,4.3,11.7,29.4,ok
20260306,21,10,1.8,2.0,16.9,5.7,18.1,36.3,ok
20260306,21,11,1.2,5.3,12.8,7.9,10.4,33.4,ok
20260306,21,12,1.2,3.2,11.8,11.4,19.8,99.0,ok
20260306,23,1,3.5,6.8,1.4,22.8,68.5,6.2,ok
20260306,23,2,1.6,1.5,26.2,32.0,96.2,48.1,ok
20260306,23,3,1.6,12.6,3.5,4.9,6.8,82.1,ok
20260306,23,4,1.3,7.4,7.4,14.3,4.5,51.2,ok
20260306,23,5,1.0,10.8,20.7,51.7,41.4,69.0,ok
20260306,23,6,1.1,6.0,13.0,78.0,26.0,5.5,ok
20260306,23,7,3.0,6.7,1.6,15.8,58.2,6.2,ok
20260306,23,8,1.0,48.0,20.5,72.0,5.1,72.0,ok
20260306,23,9,1.0,13.2,29.2,146.2,20.8,18.2,ok
20260306,23,10,1.9,1.9,14.4,6.7,25.3,25.3,ok
20260306,23,11,1.1,6.4,6.4,13.8,20.8,83.2,ok
20260306,23,12,1.4,7.7,9.0,7.2,5.1,21.6,ok
20260307,01,1,4.4,1.9,13.2,17.6,2.2,35.2,ok
20260307,01,2,1.8,8.7,9.9,1.9,15.5,139.5,ok
20260307,01,3,5.3,1.2,15.9,6.9,9.3,22.3,ok
20260307,01,4,1.4,10.7,6.6,8.6,9.5,6.1,ok
20260307,01,5,2.2,3.4,10.8,19.0,3.2,7.2,ok
20260307,01,6,1.3,7.6,12.2,5.5,14.1,8.3,ok
20260307,02,1,2.3,3.2,5.6,7.3,6.3,8.0,ok
20260307,02,2,3.3,2.0,3.2,8.7,12.4,21.7,ok
20260307,02,3,2.5,3.2,5.7,7.7,3.5,21.3,ok
20260307,02,4,2.8,9.2,2.2,7.4,4.3,14.8,ok
20260307,02,5,1.1,14.5,10.5,3.5,37.8,94.5,ok
20260307,02,6,2.6,2.0,7.7,6.3,14.2,10.0,ok
20260307,02,7,1.1,11.3,8.8,8.0,15.1,13.6,ok
20260307,02,8,3.1,1.3,9.8,10.6,25.6,32.0,ok
20260307,02,9,2.9,6.7,1.3,44.0,35.2,29.3,ok
20260307,02,10,1.0,12.6,9.8,9.8,14.7,88.5,ok
20260307,02,11,2.3,13.0,1.5,15.6,8.2,78.0,ok
20260307,02,12,2.0,4.8,5.6,3.9,14.0,7.1,ok
20260307,03,1,1.5,7.6,5.5,5.1,11.1,12.1,ok
20260307,03,2,1.5,4.4,4.6,6.8,25.9,12.9,ok
20260307,03,3,1.4,8.2,10.8,3.9,12.8,12.0,ok
20260307,03,4,1.5,3.7,15.0,6.4,6.4,45.0,ok
20260307,03,5,2.4,3.6,9.3,7.8,2.9,15.6,ok
20260307,03,6,2.5,3.6,7.7,3.2,14.1,6.0,ok
20260307,03,7,2.4,10.6,24.7,1.7,10.6,7.4,ok
20260307,03,8,1.7,5.9,5.9,3.7,19.7,8.4,ok
20260307,03,9,1.5,9.9,3.6,9.9,7.2,14.4,ok
20260307,03,10,1.8,7.0,11.0,2.6,11.0,11.0,ok
20260307,03,11,1.6,5.9,3.0,11.8,23.7,8.9,ok
20260307,03,12,2.2,9.3,4.0,3.0,15.6,7.2,ok
20260307,10,1,1.0,10.1,14.0,9.6,45.7,14.0,ok
20260307,10,2,1.6,3.5,4.9,10.0,10.5,18.2,ok
20260307,10,3,1.8,17.9,2.5,29.1,4.0,13.7,ok
20260307,10,4,1.0,14.9,7.4,26.5,19.9,47.8,ok
20260307,10,5,1.6,22.2,1.8,22.2,35.5,14.8,ok
20260307,10,6,1.6,4.5,2.2,50.8,36.3,28.2,ok
20260307,10,7,4.7,2.8,13.5,3.1,3.3,11.5,ok
20260307,10,8,5.5,1.4,7.8,8.3,7.8,10.0,ok
20260307,10,9,7.3,1.4,8.6,5.4,16.2,6.0,ok
20260307,10,10,2.4,2.9,7.2,6.5,6.2,8.1,ok
20260307,10,11,1.6,5.0,6.2,34.1,15.9,3.5,ok
20260307,10,12,1.0,11.7,14.6,10.3,13.5,12.5,ok
20260307,11,1,1.1,4.0,26.7,15.4,12.7,58.8,ok
20260307,11,2,2.7,7.4,5.1,2.0,15.3,13.6,ok
20260307,11,3,1.0,9.5,10.1,28.6,21.4,68.7,ok
20260307,11,4,1.5,9.4,2.6,9.5,17.2,21.1,ok
20260307,11,5,1.0,30.8,24.2,24.2,19.4,25.1,ok
20260307,11,6,1.1,11.2,8.7,13.4,7.3,13.8,ok
20260307,11,7,1.1,9.7,19.5,9.3,17.3,8.6,ok
20260307,11,8,3.1,4.7,5.5,2.6,5.2,17.3,ok
20260307,11,9,2.2,5.4,3.0,6.4,18.2,5.7,ok
20260307,11,10,1.2,8.6,11.7,7.4,14.4,6.4,ok
20260307,11,11,1.7,2.8,8.3,4.5,26.1,23.2,ok
20260307,11,12,1.5,4.6,4.6,6.4,18.6,19.7,ok
20260307,12,1,1.3,7.3,8.3,6.6,16.2,8.1,ok
20260307,12,2,1.4,10.7,6.2,7.6,5.1,24.0,ok
20260307,12,4,3.7,4.2,4.7,10.3,2.3,11.1,ok
20260307,12,5,1.5,5.2,3.4,15.7,25.2,10.5,ok
20260307,12,6,1.9,6.2,2.1,7.9,24.5,54.0,ok
20260307,12,7,2.5,2.9,3.1,4.5,29.8,24.8,ok
20260307,12,8,1.1,15.8,14.1,3.9,18.1,42.3,ok
20260307,12,9,2.0,2.3,3.7,11.8,45.1,16.7,ok
20260307,12,10,2.3,2.3,7.7,24.9,8.3,5.6,ok
20260307,12,11,1.8,8.1,3.6,3.4,15.6,35.0,ok
20260307,12,12,1.0,16.9,11.7,13.4,26.4,6.0,ok
20260307,16,1,1.3,5.2,16.0,9.6,20.6,5.7,ok
20260307,16,2,1.1,12.2,4.2,10.3,23.6,36.8,ok
20260307,16,3,1.2,15.0,12.7,10.8,4.6,20.4,ok
20260307,16,4,1.1,8.5,9.6,21.1,7.1,12.6,ok
20260307,16,5,1.7,10.6,7.1,13.2,12.8,2.6,ok
20260307,16,6,1.0,11.9,9.1,14.9,14.0,13.2,ok
20260307,16,7,1.0,14.1,8.2,11.3,21.2,28.3,ok
20260307,16,8,1.2,9.9,10.2,4.1,16.0,28.3,ok
20260307,16,9,1.3,5.3,5.2,6.5,38.7,18.3,ok
20260307,16,10,1.1,8.8,6.6,10.0,12.2,45.3,ok
20260307,16,11,1.2,4.1,9.3,7.7,36.9,17.2,ok
20260307,16,12,1.2,5.2,6.8,9.7,22.3,23.7,ok
20260307,17,1,4.8,17.4,1.6,2.3,69.7,46.5,ok
20260307,17,2,4.3,2.6,5.2,6.9,2.6,83.2,ok
20260307,17,3,1.5,5.6,12.8,12.8,3.1,45.0,ok
20260307,17,4,2.5,6.3,2.6,12.7,4.2,10.2,ok
20260307,17,5,2.6,9.4,6.0,34.5,1.5,38.8,ok
20260307,17,6,2.0,3.4,10.3,6.4,5.7,7.3,ok
20260307,17,7,8.5,1.3,3.0,25.7,15.4,19.3,ok
20260307,17,8,1.2,8.6,3.1,26.9,35.8,30.7,ok
20260307,17,9,1.4,4.8,9.7,9.7,58.5,4.8,ok
20260307,17,11,7.8,3.0,1.3,12.2,16.9,110.2,ok
20260307,17,12,1.2,8.0,14.8,4.7,10.4,104.2,ok
20260307,20,1,1.0,14.9,22.7,7.0,9.7,15.3,ok
20260307,20,2,1.6,8.6,4.0,6.4,17.8,7.0,ok
20260307,20,3,1.5,10.6,5.9,17.0,8.8,3.9,ok
20260307,20,4,1.4,3.7,18.6,4.9,14.8,27.4,ok
20260307,20,5,1.8,4.7,3.4,5.6,11.3,47.7,ok
20260307,20,6,1.1,11.1,14.3,33.3,8.7,5.2,ok
20260307,20,7,1.3,11.6,6.6,6.4,8.0,16.7,ok
20260307,20,8,1.4,8.8,5.1,7.0,10.5,9.3,ok
20260307,20,9,1.0,7.7,45.6,10.2,22.1,27.0,ok
20260307,20,10,1.3,5.2,7.6,11.1,11.1,9.2,ok
20260307,20,11,1.0,15.9,6.6,13.5,13.5,33.8,ok
20260307,20,12,2.1,1.7,7.2,17.7,17.9,25.4,ok
20260307,23,1,1.1,6.9,5.7,14.6,14.6,33.0,ok
20260307,23,2,1.3,7.4,4.9,6.1,10.5,178.5,ok
20260307,23,3,2.3,1.8,10.6,6.1,12.8,20.7,ok
20260307,23,4,2.6,13.1,41.7,1.5,35.7,6.1,ok
20260307,23,5,1.1,9.2,8.8,14.1,11.3,17.2,ok
20260307,23,6,2.2,8.3,2.7,6.3,5.1,18.0,ok
20260307,23,7,2.2,6.7,1.8,18.1,12.0,21.7,ok
20260307,23,8,1.2,11.8,11.4,15.7,3.9,30.0,ok
20260307,23,9,1.1,8.4,4.5,12.3,22.9,32.1,ok
20260307,23,10,2.5,1.8,3.5,23.6,23.6,21.0,ok
20260307,23,11,1.7,1.6,33.1,18.9,16.5,132.7,ok
20260307,23,12,1.3,6.1,8.3,15.7,7.0,10.9,ok
20260308,01,1,3.7,8.8,2.8,4.4,3.6,9.7,ok
20260308,01,2,4.0,1.3,7.4,8.9,29.7,14.8,ok
20260308,01,3,2.4,2.5,12.5,3.2,7.9,71.2,ok
20260308,01,4,11.5,1.3,6.5,4.6,9.2,120.7,ok
20260308,01,5,1.0,11.5,8.5,14.1,31.8,8.5,ok
20260308,02,1,2.0,3.7,7.7,7.7,5.0,7.7,ok
20260308,02,3,4.5,4.0,19.5,2.6,12.4,2.8,ok
20260308,02,4,2.6,6.9,1.5,11.0,22.0,66.0,ok
20260308,02,5,1.1,18.9,13.9,4.3,15.5,13.2,ok
20260308,02,6,3.0,2.3,6.3,3.1,15.3,30.6,ok
20260308,02,7,1.0,38.1,16.5,22.4,127.2,27.2,ok
20260308,02,8,3.9,2.4,2.3,12.9,8.6,18.5,ok
20260308,02,9,5.9,2.9,1.8,13.7,25.5,5.7,ok
20260308,02,10,2.0,10.8,20.7,30.0,1.5,20.7,ok
20260308,02,11,1.9,138.7,1.5,15.4,13.8,27.7,ok
20260308,02,12,1.7,8.2,4.4,5.5,11.0,7.3,ok
20260308,03,1,1.3,7.8,6.0,6.0,14.5,14.5,ok
20260308,03,2,4.9,2.1,2.2,9.2,21.1,21.1,ok
20260308,03,3,2.9,1.9,3.8,11.9,13.6,15.8,ok
20260308,03,4,1.4,6.7,7.3,4.1,11.3,24.6,ok
20260308,03,5,3.9,2.0,3.3,7.2,8.0,29.1,ok
20260308,03,6,2.0,1.4,18.9,23.7,37.9,23.7,ok
20260308,03,7,2.0,1.5,16.2,15.0,48.7,39.0,ok
20260308,03,8,1.1,11.0,6.6,16.5,7.3,22.1,ok
20260308,03,9,1.7,3.7,12.2,4.0,6.5,42.7,ok
20260308,03,10,2.1,3.3,5.7,7.0,4.2,63.0,ok
20260308,03,11,1.2,8.6,9.7,6.2,12.9,15.5,ok
20260308,03,12,2.2,2.7,4.2,9.5,7.9,20.4,ok
20260308,08,1,1.0,12.0,20.5,11.6,8.9,102.5,ok
20260308,08,2,5.5,6.9,9.6,76.9,1.1,96.1,ok
20260308,08,3,1.4,4.4,5.2,28.8,5.7,28.8,ok
20260308,08,4,3.2,4.2,2.7,13.5,40.5,3.1,ok
20260308,08,5,1.7,3.2,7.0,6.4,9.3,21.0,ok
20260308,08,6,1.4,7.5,17.4,2.4,69.7,26.8,ok
20260308,08,7,4.7,6.1,3.6,5.8,2.1,19.8,ok
20260308,08,8,3.6,1.6,4.5,6.6,12.0,252.7,ok
20260308,08,9,1.8,3.8,4.8,8.8,7.6,13.3,ok
20260308,08,10,1.6,2.8,9.4,9.4,8.2,33.0,ok
20260308,08,11,1.2,60.7,4.3,5.5,10.1,60.7,ok
20260308,08,12,1.5,5.3,9.7,5.2,17.3,6.7,ok
20260308,10,1,1.3,6.1,5.4,8.3,20.0,20.0,ok
20260308,10,2,1.5,2.2,13.2,19.1,10.1,57.5,ok
20260308,10,3,1.0,19.0,4.5,43.5,60.9,50.7,ok
20260308,10,4,1.7,3.8,17.3,5.1,64.3,4.0,ok
20260308,10,5,3.0,2.6,9.7,6.7,5.1,5.6,ok
20260308,10,6,1.7,4.3,8.2,20.0,6.0,5.3,ok
20260308,10,7,1.4,3.4,7.6,7.6,69.0,13.8,ok
20260308,10,8,1.5,3.5,5.6,5.3,31.5,84.2,ok
20260308,10,9,1.4,3.2,18.4,6.1,11.5,30.7,ok
20260308,10,11,1.4,17.6,7.9,2.4,22.3,83.8,ok
20260308,10,12,1.7,11.0,2.9,16.5,8.2,6.3,ok
20260308,11,1,2.3,5.0,4.0,3.1,8.6,24.3,ok
20260308,11,2,2.0,2.6,4.3,12.7,11.6,11.6,ok
20260308,11,3,1.0,8.1,10.7,25.0,25.0,27.3,ok
20260308,11,4,1.6,8.1,6.9,4.0,8.1,12.5,ok
20260308,11,5,2.2,8.4,3.6,11.6,3.3,8.7,ok
20260308,11,6,1.4,5.9,7.0,4.7,17.3,25.0,ok
20260308,11,7,2.1,3.1,5.3,7.5,7.7,8.7,ok
20260308,11,8,1.5,20.3,4.9,3.8,9.5,12.9,ok
20260308,11,9,1.3,4.3,9.3,7.3,16.8,18.7,ok
20260308,11,10,2.0,4.8,2.5,10.2,10.5,16.8,ok
20260308,11,11,1.8,3.4,4.7,5.9,14.2,20.6,ok
20260308,11,12,1.3,5.8,7.1,15.3,8.5,9.3,ok
20260308,12,1,4.7,7.6,1.1,37.4,14.2,17.6,ok
20260308,12,2,1.3,5.0,11.4,4.5,22.8,45.7,ok
20260308,12,3,1.5,3.3,23.6,15.7,11.8,4.7,ok
20260308,12,4,1.3,45.2,2.4,22.6,19.3,11.3,ok
20260308,12,5,1.7,9.2,19.7,5.1,14.5,2.9,ok
20260308,12,6,1.2,6.4,10.5,4.9,34.0,20.7,ok
20260308,12,7,1.2,11.7,13.9,4.2,11.7,19.1,ok
20260308,12,8,1.0,9.1,13.3,25.7,45.8,17.1,ok
20260308,12,9,1.5,4.4,6.0,12.3,6.3,24.6,ok
20260308,12,10,1.2,7.8,9.4,15.5,4.9,69.8,ok
20260308,12,11,1.0,11.6,8.0,11.6,12.4,22.4,ok
20260308,12,12,1.3,12.4,3.3,21.2,11.3,12.4,ok
20260308,13,1,1.7,8.7,3.2,4.0,27.5,24.0,ok
20260308,13,2,2.1,2.0,20.8,4.0,17.8,31.3,ok
20260308,13,3,3.1,1.7,7.7,5.7,21.3,9.5,ok
20260308,13,4,5.9,5.2,20.4,1.1,61.2,18.3,ok
20260308,13,5,2.1,4.6,9.7,3.0,29.1,5.0,ok
20260308,13,6,1.2,13.2,23.8,7.0,19.8,4.9,ok
20260308,13,7,1.2,12.0,8.4,6.8,36.0,5.5,ok
20260308,13,8,4.2,4.8,1.4,15.6,12.5,14.4,ok
20260308,13,9,1.4,5.2,11.9,4.1,19.9,11.2,ok
20260308,13,10,1.1,10.7,7.6,10.2,9.7,35.7,ok
20260308,13,11,1.5,15.4,4.0,4.4,11.3,16.9,ok
20260308,13,12,1.4,4.6,4.6,13.3,12.2,14.0,ok
20260308,17,1,1.0,18.2,14.9,11.7,9.6,164.2,ok
20260308,17,2,4.5,9.5,1.2,5.1,45.3,60.5,ok
20260308,17,3,2.4,24.5,7.0,4.0,2.1,49.0,ok
20260308,17,4,2.4,10.3,6.0,9.2,10.9,2.1,ok
20260308,17,5,1.0,36.3,6.6,36.3,5.5,36.3,ok
20260308,17,7,11.0,1.4,23.3,17.5,42.0,2.4,ok
20260308,17,8,1.3,11.1,5.0,7.7,6.2,33.5,ok
20260308,17,9,1.8,8.0,2.6,16.0,8.7,9.6,ok
20260308,17,10,2.7,2.8,12.3,7.6,179.6,2.4,ok
20260308,17,12,1.1,7.5,13.1,4.7,52.5,17.5,ok
20260308,23,1,1.3,7.1,6.7,5.3,22.1,14.7,ok
20260308,23,2,1.6,3.1,3.1,32.6,25.4,45.7,ok
20260308,23,3,1.4,18.3,8.4,5.1,50.4,3.7,ok
20260308,23,4,2.8,9.2,2.8,2.2,83.5,13.9,ok
20260308,23,5,1.4,7.5,13.9,5.5,36.3,4.4,ok
20260308,23,6,1.5,3.8,7.0,6.5,9.9,27.1,ok
20260308,23,7,2.8,4.2,5.2,2.0,17.0,68.2,ok
20260308,23,8,1.7,3.5,9.6,4.4,6.2,232.5,ok
20260308,23,9,2.9,7.2,7.6,6.1,1.8,43.2,ok
20260308,23,11,1.1,6.1,9.8,9.8,13.3,33.2,ok
20260308,23,12,1.0,12.5,5.8,9.5,16.2,162.7,ok
20260308,24,1,1.9,3.9,8.8,2.6,17.2,51.6,ok
20260308,24,2,2.6,22.2,9.7,12.3,1.4,46.3,ok
20260308,24,3,1.4,12.7,3.7,6.5,9.9,15.1,ok
20260308,24,4,1.3,4.0,12.5,4.8,26.0,24.3,ok
20260308,24,5,1.3,6.3,4.7,12.1,15.0,19.6,ok
20260308,24,6,1.3,4.8,5.2,10.6,15.6,16.7,ok
20260308,24,7,2.2,6.3,2.2,5.1,18.3,28.4,ok
20260308,24,8,1.3,9.1,9.1,10.6,10.6,5.4,ok
20260308,24,9,1.3,5.8,5.0,9.1,18.3,25.0,ok
20260308,24,10,1.0,7.1,12.2,17.2,16.7,17.2,ok
20260308,24,11,1.2,16.4,6.6,6.9,17.5,6.6,ok
20260308,24,12,1.2,5.4,7.8,12.3,12.3,18.8,ok
20260309,01,1,2.7,2.8,2.8,4.8,28.8,28.8,ok
20260309,01,2,1.8,10.0,8.2,2.4,8.2,22.6,ok
20260309,01,3,3.4,3.9,2.9,5.3,4.9,14.8,ok
20260309,01,4,1.8,8.1,8.1,4.3,5.4,8.1,ok
20260309,01,5,1.8,15.0,6.2,2.0,16.1,112.8,ok
20260309,01,6,1.1,8.5,23.9,6.7,9.3,18.2,ok
20260309,01,7,1.0,12.8,6.4,18.3,9.1,64.1,ok
20260309,01,8,1.5,17.1,17.8,15.9,2.2,13.5,ok
20260309,01,9,1.6,3.5,11.7,12.1,4.6,19.4,ok
20260309,01,10,1.2,7.0,4.4,6.2,,32.3,ok
20260309,01,11,1.4,22.6,3.3,8.1,16.6,10.9,ok
20260309,01,12,1.0,13.2,31.5,5.6,18.0,21.0,ok
20260309,02,1,4.3,7.5,1.5,3.8,15.5,59.1,ok
20260309,02,2,1.7,5.1,3.6,5.1,9.8,98.2,ok
20260309,02,3,3.5,5.7,2.6,8.7,14.5,3.2,ok
20260309,02,4,1.7,5.6,6.8,22.7,3.4,9.1,ok
20260309,02,5,1.2,20.1,8.7,3.5,22.4,67.2,ok
20260309,02,7,1.0,13.7,5.2,36.7,15.7,36.7,ok
20260309,02,8,1.7,2.1,13.5,13.5,11.1,17.4,ok
20260309,02,9,1.9,1.9,65.2,6.5,8.8,65.2,ok
20260309,02,10,3.3,12.3,7.9,1.5,12.3,7.9,ok
20260309,02,11,1.3,15.4,3.4,12.6,19.8,8.6,ok
20260309,02,12,1.2,4.7,10.2,21.6,16.2,9.7,ok
20260309,03,1,2.1,17.9,1.5,16.5,35.8,14.3,ok
20260309,03,2,2.4,3.1,5.0,5.6,4.6,48.3,ok
20260309,03,3,1.4,5.1,4.5,7.2,18.0,72.0,ok
20260309,03,4,2.2,3.6,8.6,4.5,5.1,12.9,ok
20260309,03,5,1.9,1.9,7.6,10.0,13.0,65.2,ok
20260309,03,6,1.2,12.4,4.5,14.2,7.6,24.9,ok
20260309,03,7,1.3,12.6,8.4,3.6,9.0,126.7,ok
20260309,03,8,2.4,5.4,2.3,6.8,6.5,78.3,ok
20260309,03,9,1.5,48.2,3.3,48.2,3.0,48.2,ok
20260309,03,10,1.9,,9.6,2.2,5.6,10.6,ok
20260309,03,11,1.0,41.6,5.9,20.8,27.7,16.6,ok
20260309,03,12,1.6,4.7,4.5,5.9,13.5,18.9,ok
20260309,04,1,2.3,21.2,1.8,5.8,8.5,34.0,ok
20260309,04,2,5.9,1.8,13.0,5.0,5.0,6.5,ok
20260309,04,3,5.5,4.7,3.4,3.0,4.3,11.1,ok
20260309,04,4,2.2,4.8,4.1,19.9,3.1,12.6,ok
20260309,04,5,1.0,26.8,14.6,17.9,53.7,161.2,ok
20260309,04,6,3.3,9.7,1.2,21.2,19.5,23.4,ok
20260309,04,7,1.2,5.7,11.4,26.7,13.3,5.7,ok
20260309,04,8,1.5,66.0,16.5,1.8,33.0,22.0,ok
20260309,04,9,1.0,5.6,8.4,21.1,42.3,24.2,ok
20260309,04,10,2.2,5.2,15.2,4.2,5.0,4.7,ok
20260309,04,11,1.5,4.2,4.9,15.7,18.9,6.7,ok
20260309,04,12,1.9,2.9,9.2,3.8,19.0,20.5,ok
20260309,08,1,1.1,16.1,9.2,5.6,12.9,21.5,ok
20260309,08,2,1.5,10.1,2.4,10.1,20.3,40.7,ok
20260309,08,3,1.8,3.3,3.5,15.0,15.0,15.0,ok
20260309,08,4,2.1,8.3,4.4,4.4,3.9,22.2,ok
20260309,08,5,1.8,5.5,4.9,5.5,6.6,11.0,ok
20260309,08,6,1.5,7.1,5.7,4.3,86.2,8.6,ok
20260309,08,7,1.5,8.0,17.3,2.4,20.8,20.8,ok
20260309,08,8,3.6,2.3,5.1,2.5,27.1,108.7,ok
20260309,08,11,1.7,18.2,4.2,6.0,7.8,6.0,ok
20260309,08,12,1.4,11.8,11.8,3.2,8.4,14.8,ok
20260309,10,1,1.5,11.9,44.8,2.8,5.2,35.8,ok
20260309,10,2,1.4,3.2,5.2,12.8,27.0,38.5,ok
20260309,10,3,1.5,5.5,2.4,20.2,43.2,37.8,ok
20260309,10,4,1.4,37.6,9.4,2.3,48.4,14.1,ok
20260309,10,5,3.0,2.0,5.4,15.3,30.7,4.1,ok
20260309,10,6,5.2,1.2,29.7,3.3,38.6,55.1,ok
20260309,10,7,6.0,5.7,1.8,3.9,9.1,10.9,ok
20260309,10,8,4.4,1.0,28.2,14.1,23.5,28.2,ok
20260309,10,9,2.5,2.5,5.3,24.0,5.2,8.0,ok
20260309,10,10,1.7,29.2,1.5,18.2,48.7,146.2,ok
20260309,10,11,1.8,13.2,5.0,6.0,3.3,18.2,ok
20260309,10,12,1.2,6.2,7.0,6.2,28.3,22.6,ok
20260309,12,1,1.5,2.8,23.5,6.5,16.8,13.0,ok
20260309,12,2,2.4,5.0,15.0,2.5,6.6,10.0,ok
20260309,12,3,1.9,5.6,6.1,14.7,2.9,14.7,ok
20260309,12,4,1.6,3.0,9.3,10.5,21.0,7.0,ok
20260309,12,5,1.1,21.0,19.0,4.1,15.0,12.3,ok
20260309,12,6,1.3,7.6,3.7,19.5,8.2,21.4,ok
20260309,12,7,1.0,13.4,15.1,10.2,15.1,9.6,ok
20260309,12,8,2.0,2.3,13.2,3.7,24.8,39.7,ok
20260309,12,9,1.2,5.1,12.5,6.1,19.3,102.1,ok
20260309,12,10,2.3,3.0,3.9,5.3,9.8,25.2,ok
20260309,12,11,1.2,5.4,10.7,10.7,8.4,46.3,ok
20260309,12,12,1.1,7.5,11.5,14.0,6.7,16.7,ok
20260309,13,1,3.5,28.3,1.7,6.6,4.0,22.6,ok
20260309,13,2,2.8,2.7,7.9,23.9,15.3,2.6,ok
20260309,13,3,1.6,12.3,1.9,14.5,33.4,41.8,ok
20260309,13,4,1.9,19.7,3.2,9.4,3.0,43.3,ok
20260309,13,5,1.5,9.1,5.3,2.7,78.0,31.2,ok
20260309,13,7,1.7,10.7,2.9,10.7,10.7,6.8,ok
20260309,13,8,1.9,1.9,4.7,50.5,16.8,50.5,ok
20260309,13,9,1.4,5.0,3.4,40.3,8.4,32.2,ok
20260309,13,10,2.1,3.3,7.5,6.1,5.8,10.7,ok
20260309,13,11,1.3,12.5,6.2,12.5,6.2,7.5,ok
20260309,13,12,1.1,5.9,17.3,6.9,22.0,15.1,ok
20260309,17,1,1.6,14.2,3.9,5.9,7.9,10.1,ok
20260309,17,2,1.2,6.4,3.4,23.6,23.6,141.7,ok
20260309,17,3,4.2,2.1,3.2,7.0,7.0,42.0,ok
20260309,17,4,2.0,6.0,4.4,8.4,9.4,4.2,ok
20260309,17,6,1.0,9.9,9.9,109.5,109.5,18.2,ok
20260309,17,7,6.8,1.5,4.6,5.6,17.0,12.7,ok
20260309,17,10,2.3,6.3,7.6,3.1,4.0,19.1,ok
20260309,17,11,1.5,9.6,6.8,5.3,8.0,9.6,ok
20260309,17,12,1.7,15.9,4.7,2.8,19.6,12.1,ok
20260309,23,1,1.3,11.4,16.5,9.2,3.6,24.7,ok
20260309,23,2,2.6,1.7,6.6,8.2,23.1,14.4,ok
20260309,23,3,1.6,5.4,4.5,3.5,67.0,40.2,ok
20260309,23,4,3.2,12.4,3.3,1.8,13.0,47.8,ok
20260309,23,5,1.6,5.6,8.7,8.0,4.8,9.6,ok
20260309,23,6,1.1,12.7,3.8,15.6,37.2,96.7,ok
20260309,23,7,1.1,19.5,17.4,4.8,9.2,13.0,ok
20260309,23,8,2.1,7.2,3.6,5.8,5.8,8.3,ok
20260309,23,9,1.0,5.2,16.9,15.9,33.9,14.2,ok
20260309,23,10,2.0,8.0,5.2,6.2,25.3,3.0,ok
20260309,23,11,1.2,4.5,6.0,10.7,69.7,46.5,ok
20260309,23,12,1.1,11.5,14.0,5.2,11.5,24.8,ok
20260309,24,1,1.1,8.0,8.3,8.3,15.5,15.5,ok
20260309,24,2,1.0,12.5,13.0,20.5,14.4,144.0,ok
20260309,24,3,1.5,12.6,6.3,14.5,9.0,3.8,ok
20260309,24,4,1.5,10.6,2.6,10.6,20.1,13.4,ok
20260309,24,5,1.4,5.4,11.8,4.5,11.1,15.4,ok
20260309,24,6,1.7,2.8,7.8,11.4,7.0,23.6,ok
20260309,24,7,1.1,4.4,14.1,16.7,14.7,24.5,ok
20260309,24,8,1.4,10.7,8.8,3.4,13.8,17.9,ok
20260309,24,9,1.1,14.5,5.4,16.7,8.3,51.5,ok
20260309,24,10,1.3,7.4,8.1,8.6,5.5,19.3,ok
20260309,24,11,1.2,4.1,11.2,13.8,8.9,31.0,ok
20260309,24,12,1.5,10.4,3.2,6.4,13.4,24.5,ok
20260310,01,2,5.4,1.4,17.3,3.5,18.8,13.8,ok
20260310,01,3,3.8,3.7,5.4,2.5,5.2,26.0,ok
20260310,01,4,2.7,4.2,9.0,9.0,4.2,3.7,ok
20260310,01,5,3.7,2.5,2.2,7.1,9.9,178.5,ok
20260310,01,6,1.2,5.1,7.8,10.3,18.3,33.0,ok
20260310,01,7,1.3,9.7,4.3,12.0,14.2,12.0,ok
20260310,01,8,2.3,6.5,8.7,14.9,1.9,14.0,ok
20260310,01,9,4.6,1.0,22.6,16.3,26.7,147.3,ok
20260310,01,10,1.6,,3.5,4.2,8.0,13.8,ok
20260310,01,11,1.5,3.3,15.7,7.4,13.6,9.8,ok
20260310,01,12,1.3,5.8,13.7,15.3,5.1,13.7,ok
20260310,02,1,1.5,5.4,5.4,7.3,21.9,7.3,ok
20260310,02,2,7.9,3.2,1.7,10.3,4.9,51.7,ok
20260310,02,3,1.4,4.3,16.6,3.0,38.7,58.1,ok
20260310,02,4,4.2,1.4,3.9,55.1,8.4,55.1,ok
20260310,02,5,1.4,16.0,16.0,2.3,12.5,28.6,ok
20260310,02,6,3.7,2.6,1.7,13.7,82.5,41.2,ok
20260310,02,7,1.3,13.9,15.9,3.2,15.9,17.6,ok
20260310,02,8,3.0,4.9,1.6,9.8,19.6,29.4,ok
20260310,02,9,1.0,21.9,9.7,39.0,11.3,43.8,ok
20260310,02,10,1.0,26.7,6.9,10.7,32.1,32.1,ok
20260310,02,12,1.0,8.3,11.1,55.5,16.6,27.7,ok
20260310,03,2,5.3,1.8,14.0,2.9,9.5,12.4,ok
20260310,03,3,4.1,4.8,6.5,1.9,30.5,5.3,ok
20260310,03,4,1.7,11.6,2.5,9.3,9.3,13.9,ok
20260310,03,5,3.6,3.9,14.1,1.7,12.1,14.1,ok
20260310,03,6,4.1,3.3,3.2,4.7,4.4,20.6,ok
20260310,03,7,4.7,5.5,5.5,1.7,8.7,11.6,ok
20260310,03,8,1.7,4.8,3.7,6.7,11.0,22.1,ok
20260310,03,9,2.5,6.0,2.3,13.1,3.9,63.3,ok
20260310,03,10,1.6,7.3,4.3,5.8,7.8,23.4,ok
20260310,03,12,1.0,7.2,11.4,12.3,19.3,18.2,ok
20260310,04,1,4.9,6.8,1.9,4.9,3.6,123.7,ok
20260310,04,2,3.1,2.7,5.1,3.0,28.5,11.4,ok
20260310,04,3,2.1,2.2,4.3,43.8,7.3,21.9,ok
20260310,04,4,3.2,7.0,3.0,3.1,11.8,6.1,ok
20260310,04,5,1.2,9.5,16.3,4.2,16.3,16.3,ok
20260310,04,6,4.8,1.3,8.2,18.9,6.3,28.0,ok
20260310,04,7,2.2,69.0,2.1,4.3,17.2,8.6,ok
20260310,04,8,1.2,12.5,11.3,5.0,10.4,15.6,ok
20260310,04,9,1.8,4.7,4.1,11.8,18.9,4.7,ok
20260310,04,10,2.4,2.6,23.2,6.9,69.7,2.7,ok
20260310,04,11,1.7,,2.6,4.6,12.3,12.3,ok
20260310,04,12,1.6,3.1,13.0,,5.5,6.2,ok
20260310,08,1,1.3,5.7,4.8,30.3,11.0,12.1,ok
20260310,08,2,5.2,1.1,23.6,8.5,9.4,31.5,ok
20260310,08,3,5.8,6.2,3.0,1.8,81.7,8.1,ok
20260310,08,4,1.6,8.6,3.9,4.7,12.9,17.2,ok
20260310,08,5,5.2,1.5,3.0,10.5,19.0,95.2,ok
20260310,08,6,1.1,23.0,10.2,18.4,9.2,7.0,ok
20260310,10,1,1.0,13.6,11.2,9.5,15.8,23.8,ok
20260310,10,2,1.1,3.9,8.2,21.4,214.5,14.3,ok
20260310,10,3,1.3,45.9,5.2,61.2,9.6,3.6,ok
20260310,10,4,1.8,8.3,8.7,9.1,2.2,200.2,ok
20260310,10,5,3.2,3.5,7.4,3.1,4.3,16.2,ok
20260310,10,6,1.1,11.3,7.0,8.6,49.0,8.6,ok
20260310,10,7,2.8,9.0,3.6,7.7,3.0,7.2,ok
20260310,10,8,1.5,4.6,5.3,6.1,9.7,39.0,ok
20260310,10,9,3.1,8.1,4.6,3.2,60.7,2.7,ok
20260310,10,10,1.6,4.6,3.2,16.8,16.8,12.0,ok
20260310,10,11,1.8,1.4,21.7,32.5,28.7,51.3,ok
20260310,10,12,1.2,5.3,5.6,9.3,28.1,112.5,ok
20260310,13,3,2.8,13.2,2.4,6.6,3.4,17.6,ok
20260310,13,5,2.5,6.7,2.7,21.3,2.7,42.7,ok
20260310,13,6,1.3,10.0,8.1,3.3,12.8,90.0,ok
20260310,13,7,1.3,6.0,10.1,9.0,9.5,10.1,ok
20260310,13,8,2.7,1.9,9.1,21.5,3.5,39.5,ok
20260310,13,9,2.6,2.0,30.6,15.3,17.8,3.3,ok
20260310,13,10,2.2,6.4,2.2,7.6,6.6,51.2,ok
20260310,13,11,2.2,41.6,41.6,1.2,55.5,83.2,ok
20260310,13,12,1.3,12.9,4.5,10.5,12.0,9.8,ok
20260310,17,1,1.3,17.4,7.3,3.2,27.9,34.8,ok
20260310,17,2,1.2,15.7,21.0,31.5,3.1,15.7,ok
20260310,17,3,3.1,5.5,4.2,13.5,10.5,2.3,ok
20260310,17,4,2.8,2.8,7.7,3.7,5.9,16.8,ok
20260310,17,5,2.2,10.6,5.6,10.1,14.2,2.2,ok
20260310,17,6,1.1,17.2,31.0,3.5,14.1,77.6,ok
20260310,17,7,1.0,40.5,4.0,30.3,15.1,30.3,ok
20260310,17,8,1.1,41.2,27.5,10.3,7.5,4.8,ok
20260310,17,9,1.2,13.7,4.0,8.4,27.5,11.0,ok
20260310,17,10,1.1,6.3,7.0,8.7,21.0,30.1,ok
20260310,17,12,1.1,13.3,6.6,5.9,22.9,20.0,ok
20260310,18,1,1.2,7.8,7.1,10.3,8.8,42.8,ok
20260310,18,2,1.1,6.9,26.0,5.7,18.3,52.0,ok
20260310,18,3,1.0,34.7,4.9,11.7,28.7,52.0,ok
20260310,18,4,1.0,8.6,7.0,30.3,53.1,106.3,ok
20260310,18,5,1.4,34.5,3.4,4.7,13.1,23.0,ok
20260310,18,6,3.7,2.2,2.5,5.9,25.7,38.6,ok
20260310,18,7,2.7,2.7,2.5,27.1,18.0,9.0,ok
20260310,18,8,4.4,1.5,8.0,3.9,16.5,47.0,ok
20260310,18,9,1.7,24.1,2.3,4.5,30.1,21.9,ok
20260310,18,10,7.2,7.5,1.8,2.4,25.4,13.8,ok
20260310,18,11,1.4,7.1,5.0,5.4,18.6,14.7,ok
20260310,18,12,1.5,13.2,13.2,7.2,2.8,34.9,ok
20260310,20,1,1.3,4.2,9.6,7.4,19.3,24.1,ok
20260310,20,2,3.9,3.2,3.9,2.3,19.6,26.2,ok
20260310,20,3,1.2,3.6,15.4,12.0,9.0,108.0,ok
20260310,20,4,3.5,3.6,1.9,4.9,21.1,42.3,ok
20260310,20,5,1.6,4.0,6.8,4.2,14.8,29.7,ok
20260310,20,6,2.8,2.1,3.4,9.5,114.7,8.8,ok
20260310,20,7,1.4,2.7,13.4,10.0,13.4,20.1,ok
20260310,20,8,1.5,2.7,12.5,30.1,5.9,33.5,ok
20260310,20,9,1.3,6.3,11.0,8.1,13.4,6.4,ok
20260310,20,10,1.1,8.8,6.5,24.8,12.4,10.7,ok
20260310,20,11,1.3,5.1,6.6,6.1,23.0,16.6,ok
20260310,20,12,1.3,9.6,4.9,11.7,7.8,16.4,ok
20260310,22,1,1.0,8.8,19.1,10.9,10.9,57.5,ok
20260310,22,2,1.7,5.2,5.2,8.0,10.9,6.3,ok
20260310,22,3,3.8,3.2,1.7,6.4,23.6,141.7,ok
20260310,22,4,2.0,5.3,2.3,7.1,16.1,32.2,ok
20260310,22,6,3.8,3.5,1.7,6.1,34.7,34.7,ok
20260310,22,7,1.9,8.5,2.9,7.0,8.5,9.6,ok
20260310,22,8,1.9,6.5,26.2,2.1,8.7,17.5,ok
20260310,22,9,1.0,20.8,6.9,34.7,17.3,6.9,ok
20260310,22,10,1.2,9.2,5.0,10.0,10.0,30.1,ok
20260310,22,11,1.9,4.1,3.5,13.2,5.5,26.5,ok
20260310,22,12,1.0,14.5,26.6,7.4,14.5,40.0,ok
20260310,24,1,1.5,6.0,4.7,7.2,10.3,12.8,ok
20260310,24,2,1.2,19.4,3.6,21.3,10.1,21.3,ok
20260310,24,3,1.6,6.4,3.4,6.1,24.4,13.2,ok
20260310,24,4,2.0,2.5,5.4,5.8,14.3,30.0,ok
20260310,24,5,1.8,5.5,4.4,8.6,4.2,25.2,ok
20260310,24,6,1.0,15.8,16.2,13.4,18.1,19.9,ok
20260310,24,7,1.1,17.5,11.8,11.8,4.9,31.0,ok
20260310,24,8,1.2,5.7,11.0,5.3,27.8,18.8,ok
20260310,24,9,1.3,9.0,3.7,15.3,76.7,7.5,ok
20260310,24,10,1.2,4.0,6.1,33.8,38.4,10.8,ok
20260310,24,11,1.4,8.7,5.7,8.9,8.3,8.2,ok
20260310,24,12,1.1,9.6,8.5,9.1,11.2,21.5,ok
20260311,01,1,1.4,3.8,4.6,8.5,51.3,34.2,ok
20260311,01,2,3.2,3.7,6.9,3.5,5.3,6.9,ok
20260311,01,3,6.3,114.0,1.0,28.5,12.6,12.6,ok
20260311,01,4,2.8,6.8,2.7,3.7,9.1,10.3,ok
20260311,01,5,1.3,18.7,21.9,2.3,35.8,24.6,ok
20260311,01,6,1.3,7.5,4.6,9.0,12.1,22.6,ok
20260311,01,7,1.7,16.4,2.0,11.4,13.9,18.8,ok
20260311,01,8,1.0,23.0,13.1,9.9,7.3,26.3,ok
20260311,01,9,1.4,2.8,11.0,13.0,11.9,38.0,ok
20260311,01,10,1.4,5.2,5.1,9.2,17.2,12.9,ok
20260311,01,11,1.9,6.6,2.4,5.2,16.1,57.5,ok
20260311,01,12,1.6,4.7,4.9,10.3,8.6,8.6,ok
20260311,02,1,1.8,6.8,7.1,2.2,42.9,21.4,ok
20260311,02,2,2.0,5.4,12.4,2.0,17.4,29.0,ok
20260311,02,3,2.4,7.0,2.2,14.1,17.6,5.0,ok
20260311,02,4,1.9,4.3,12.6,9.5,6.0,4.0,ok
20260311,02,5,4.1,8.5,1.4,25.6,4.8,34.2,ok
20260311,02,6,4.1,27.5,2.2,3.1,11.7,4.5,ok
20260311,02,8,4.3,6.6,7.9,1.5,8.7,17.4,ok
20260311,02,9,1.3,11.7,5.7,6.3,13.7,9.1,ok
20260311,02,10,1.9,1.9,9.6,8.6,17.8,35.6,ok
20260311,02,11,1.0,15.1,11.3,7.5,22.6,18.1,ok
20260311,04,1,1.4,3.0,7.6,10.0,16.0,53.5,ok
20260311,04,2,3.0,8.3,5.1,11.1,22.2,1.8,ok
20260311,04,3,4.5,1.6,4.9,9.9,6.6,22.8,ok
20260311,04,4,3.0,2.3,4.0,9.8,10.5,7.5,ok
20260311,04,5,1.0,14.8,18.0,8.1,18.0,8.4,ok
20260311,04,6,1.7,6.6,19.8,3.5,5.5,9.9,ok
20260311,04,7,6.3,3.9,2.4,3.1,14.9,7.7,ok
20260311,04,8,1.3,13.6,7.2,3.8,17.5,13.6,ok
20260311,04,9,3.1,4.5,6.9,1.7,25.0,22.2,ok
20260311,04,10,3.6,3.1,2.2,15.3,8.0,8.5,ok
20260311,04,11,1.3,13.1,3.1,8.9,18.4,36.8,ok
20260311,04,12,1.5,13.0,2.0,23.7,17.4,29.0,ok
20260311,05,1,3.1,2.1,3.6,10.3,9.5,13.8,ok
20260311,05,2,1.5,3.4,11.9,5.9,15.5,15.5,ok
20260311,05,3,1.9,11.7,3.5,7.3,11.0,4.5,ok
20260311,05,4,5.5,1.3,8.2,7.0,14.8,11.4,ok
20260311,05,6,4.6,1.4,6.9,18.5,4.6,55.5,ok
20260311,05,7,1.6,10.1,16.2,16.2,9.0,2.5,ok
20260311,05,8,1.8,12.5,3.2,5.5,14.3,6.2,ok
20260311,05,11,1.5,3.0,6.0,18.2,18.2,14.1,ok
20260311,05,12,1.4,8.8,4.3,10.5,7.8,11.8,ok
20260311,08,1,2.5,1.7,5.9,12.8,40.0,10.2,ok
20260311,08,2,2.0,20.8,5.2,2.3,8.0,17.3,ok
20260311,08,3,3.9,1.0,14.8,40.8,32.7,23.3,ok
20260311,08,4,1.2,5.0,18.5,6.9,11.1,27.7,ok
20260311,08,5,1.5,7.1,4.2,7.8,6.4,29.8,ok
20260311,08,6,1.8,5.4,4.4,5.3,7.1,14.3,ok
20260311,08,7,2.5,28.0,7.3,1.4,46.7,15.5,ok
20260311,08,8,1.8,4.4,4.4,11.0,6.4,12.2,ok
20260311,08,9,3.2,15.6,2.8,4.6,3.4,9.3,ok
20260311,08,10,2.8,6.3,6.6,8.0,6.3,2.5,ok
20260311,08,11,3.0,7.8,1.3,11.0,47.0,47.0,ok
20260311,08,12,1.0,24.4,11.5,16.3,24.4,65.2,ok
20260311,10,1,1.2,5.5,6.4,9.0,10.8,162.0,ok
20260311,10,2,1.3,3.6,14.8,17.2,10.9,8.1,ok
20260311,10,3,1.6,6.2,3.8,6.4,11.8,13.4,ok
20260311,10,4,1.1,19.5,12.0,9.7,9.7,8.7,ok
20260311,10,5,1.0,21.2,10.1,21.2,8.0,23.4,ok
20260311,10,6,1.3,6.9,9.4,7.4,8.6,11.5,ok
20260311,10,7,1.1,5.1,5.5,13.7,27.5,82.5,ok
20260311,10,8,2.1,2.0,6.3,16.6,14.5,11.4,ok
20260311,10,9,1.0,19.3,12.9,12.9,9.6,58.1,ok
20260311,10,10,1.7,2.2,9.7,7.5,48.7,19.5,ok
20260311,10,11,1.2,6.6,8.4,9.0,9.0,21.1,ok
20260311,10,12,3.4,2.9,3.0,3.8,15.9,17.7,ok
20260311,13,1,1.5,4.3,2.7,54.7,16.4,54.7,ok
20260311,13,2,7.6,3.1,3.3,2.4,10.7,11.9,ok
20260311,13,3,4.5,4.9,9.1,1.4,14.9,23.8,ok
20260311,13,4,2.1,4.6,2.7,6.6,9.3,46.5,ok
20260311,13,5,7.7,9.4,1.4,3.3,12.1,24.3,ok
20260311,13,7,1.8,7.5,2.2,15.1,21.1,8.8,ok
20260311,13,8,3.3,2.9,4.8,6.5,8.8,4.4,ok
20260311,13,10,1.0,55.8,27.9,23.5,40.6,447.0,ok
20260311,13,11,2.6,1.8,11.6,7.7,7.7,17.4,ok
20260311,13,12,2.4,3.1,3.0,8.2,10.4,16.5,ok
20260311,16,1,1.1,17.7,5.7,7.9,14.3,115.1,ok
20260311,16,2,4.1,2.7,3.6,3.0,11.7,19.5,ok
20260311,16,3,2.4,14.6,1.5,8.3,19.5,29.2,ok
20260311,16,4,3.8,2.1,14.8,2.0,63.0,63.0,ok
20260311,16,5,1.8,10.3,3.9,6.3,3.9,29.1,ok
20260311,16,6,1.1,13.4,4.3,8.9,26.8,22.3,ok
20260311,16,7,5.2,1.3,11.9,5.0,31.7,9.5,ok
20260311,16,8,2.9,6.9,2.5,6.9,9.0,4.7,ok
20260311,16,9,1.5,8.6,7.5,8.6,5.7,6.7,ok
20260311,16,10,1.6,8.7,4.7,6.8,8.7,7.6,ok
20260311,16,11,1.3,10.9,5.1,9.8,8.1,14.0,ok
20260311,16,12,1.3,12.1,8.6,4.3,8.1,24.3,ok
20260311,17,1,1.1,5.7,8.7,18.8,20.2,15.4,ok
20260311,17,2,1.3,9.7,5.6,7.5,7.8,20.2,ok
20260311,17,4,1.2,5.6,4.4,12.4,31.1,31.1,ok
20260311,17,5,1.1,8.1,8.1,15.1,35.2,10.5,ok
20260311,17,6,2.3,2.6,10.1,11.1,11.1,4.2,ok
20260311,17,8,1.3,,4.3,19.5,6.5,5.5,ok
20260311,17,9,1.0,37.5,64.3,28.1,225.3,225.3,ok
20260311,17,10,1.6,2.4,25.7,5.6,20.2,23.6,ok
20260311,17,11,1.2,13.0,5.5,7.0,8.6,26.0,ok
20260311,17,12,2.0,1.6,16.1,9.7,33.3,14.8,ok
20260311,18,1,1.1,11.2,13.3,5.2,30.8,25.9,ok
20260311,18,2,1.3,5.7,3.8,33.9,10.5,38.1,ok
20260311,18,3,1.7,11.9,3.1,6.9,4.6,59.8,ok
20260311,18,4,1.0,7.5,19.2,14.4,11.5,41.1,ok
20260311,18,5,1.5,9.9,4.0,9.0,11.6,7.2,ok
20260311,18,6,3.1,2.3,26.4,3.1,132.0,4.4,ok
20260311,18,7,6.3,1.4,4.4,9.9,53.2,6.1,ok
20260311,18,8,1.0,64.2,16.6,16.6,20.9,150.0,ok
20260311,18,9,1.6,16.5,5.6,6.2,3.7,13.0,ok
20260311,18,10,3.8,5.5,1.7,6.0,9.6,15.0,ok
20260311,18,11,1.8,4.6,4.8,8.8,6.2,9.3,ok
20260311,18,12,1.4,11.0,6.2,3.7,11.7,17.0,ok
20260311,20,1,2.1,5.9,9.8,5.1,2.8,23.7,ok
20260311,20,2,2.1,15.9,7.0,5.3,3.7,4.9,ok
20260311,20,3,1.4,18.9,10.8,2.2,25.2,25.2,ok
20260311,20,4,3.5,3.7,5.3,2.6,12.3,7.1,ok
20260311,20,5,1.0,19.6,19.6,26.2,52.5,52.5,ok
20260311,20,6,1.1,14.7,12.3,5.9,16.4,9.8,ok
20260311,20,7,1.5,16.6,2.5,14.1,10.0,14.8,ok
20260311,20,8,1.4,5.7,13.9,5.8,5.3,20.9,ok
20260311,20,9,4.8,3.8,3.3,2.2,10.0,47.3,ok
20260311,20,10,1.3,7.1,9.1,5.1,8.8,30.3,ok
20260311,20,11,1.0,9.0,20.3,6.6,11.1,48.9,ok
20260311,20,12,1.1,7.7,5.2,11.6,17.8,33.3,ok
20260311,22,1,1.0,19.2,14.4,9.6,11.5,38.5,ok
20260311,22,2,3.5,7.8,10.2,1.5,8.5,12.7,ok
20260311,22,4,3.1,3.9,6.1,2.0,19.8,19.8,ok
20260311,22,5,2.4,4.3,4.3,12.0,48.0,2.8,ok
20260311,22,6,1.3,33.0,4.7,9.0,7.6,11.0,ok
20260311,22,7,3.0,2.4,5.3,13.8,4.9,7.6,ok
20260311,22,10,1.2,6.1,6.4,8.1,24.4,40.7,ok
20260311,22,12,1.0,8.7,8.4,26.3,26.3,21.9,ok
20260311,24,1,1.5,4.0,3.8,23.1,11.0,23.1,ok
20260311,24,2,1.3,5.7,8.5,4.3,32.4,16.2,ok
20260311,24,3,1.1,4.5,28.5,11.2,10.4,29.9,ok
20260311,24,4,1.0,5.2,10.6,15.5,19.8,115.3,ok
20260311,24,5,1.4,11.8,14.9,2.5,11.2,44.8,ok
20260311,24,6,2.0,1.6,16.0,10.1,37.7,32.1,ok
20260311,24,7,2.0,11.3,2.2,4.5,16.2,26.3,ok
20260311,24,8,1.1,5.4,9.2,14.2,20.4,17.8,ok
20260311,24,9,1.2,4.6,13.5,9.0,12.2,21.5,ok
20260311,24,10,1.4,12.8,3.6,6.7,10.6,26.3,ok
20260311,24,11,1.1,12.3,14.5,4.0,15.6,30.1,ok
20260311,24,12,1.2,3.9,10.0,8.6,34.9,19.3,ok
20260312,01,1,1.4,5.8,2.9,12.4,33.2,33.2,ok
20260312,01,2,1.0,8.6,8.6,8.6,78.0,78.0,ok
20260312,01,3,12.4,4.9,9.8,17.1,1.2,8.5,ok
20260312,01,4,1.5,19.2,17.3,2.4,8.6,24.7,ok
20260312,01,5,1.5,5.0,10.7,6.6,15.5,6.0,ok
20260312,01,6,1.1,9.6,11.3,9.0,13.5,12.3,ok
20260312,01,7,1.2,15.1,5.4,5.6,17.0,34.1,ok
20260312,01,8,3.1,4.7,2.8,3.5,14.3,9.8,ok
20260312,01,9,4.2,6.5,1.8,4.9,7.9,15.1,ok
20260312,01,10,1.4,5.2,5.6,4.3,140.0,52.5,ok
20260312,01,11,1.1,10.3,9.2,8.0,17.7,25.0,ok
20260312,01,12,1.1,13.0,7.1,7.3,13.0,23.4,ok
20260312,02,1,2.8,3.9,2.4,5.9,11.8,15.2,ok
20260312,02,2,1.2,4.8,7.5,7.5,41.4,82.8,ok
20260312,02,3,2.6,4.2,5.8,3.1,5.2,26.2,ok
20260312,02,4,1.3,21.3,3.1,9.6,21.3,17.7,ok
20260312,02,5,1.0,40.7,44.4,18.1,69.8,40.7,ok
20260312,02,6,2.2,6.1,2.3,11.6,13.1,7.5,ok
20260312,02,8,1.5,2.6,12.8,23.6,5.0,,ok
20260312,02,9,1.9,3.0,15.8,3.6,15.8,11.9,ok
20260312,02,10,1.4,2.9,11.8,9.8,11.8,29.6,ok
20260312,02,11,1.0,24.2,63.1,63.1,13.7,31.5,ok
20260312,02,12,1.5,8.8,3.1,13.8,9.0,13.4,ok
20260312,04,2,3.6,4.9,7.7,1.8,6.7,54.0,ok
20260312,04,3,2.0,7.3,14.7,4.9,5.5,4.0,ok
20260312,04,4,1.7,12.1,5.1,6.6,3.1,72.7,ok
20260312,04,5,1.4,6.7,4.3,20.1,14.3,7.7,ok
20260312,04,6,1.0,35.5,9.9,35.5,12.2,26.6,ok
20260312,04,7,2.3,5.6,6.5,2.1,17.7,17.7,ok
20260312,04,8,1.7,10.6,8.2,2.6,18.5,8.2,ok
20260312,04,9,1.6,2.5,8.4,25.3,10.3,11.4,ok
20260312,04,10,1.0,7.8,23.5,11.1,35.2,211.5,ok
20260312,04,11,1.1,6.5,10.8,9.0,18.0,54.2,ok
20260312,04,12,1.0,24.1,11.4,55.4,24.8,117.8,ok
20260312,05,1,2.7,5.4,9.1,3.8,4.1,5.9,ok
20260312,05,2,1.4,9.1,6.5,11.8,6.2,6.9,ok
20260312,05,3,1.6,24.9,5.7,9.7,5.0,5.0,ok
20260312,05,4,2.9,3.4,1.6,39.7,39.7,19.8,ok
20260312,05,5,2.1,5.3,2.7,13.3,5.0,26.7,ok
20260312,05,6,2.5,3.7,7.5,2.5,18.7,12.5,ok
20260312,05,7,1.6,2.7,30.1,6.5,15.0,9.4,ok
20260312,05,8,1.1,17.6,35.2,6.4,5.8,35.2,ok
20260312,05,9,1.1,6.1,30.7,7.6,8.7,30.7,ok
20260312,05,10,1.0,26.8,17.8,10.7,8.2,53.6,ok
20260312,05,11,1.1,11.2,6.4,15.0,9.0,45.0,ok
20260312,06,1,1.5,5.1,7.2,18.1,4.9,9.8,ok
20260312,06,2,1.4,4.7,7.6,6.0,7.6,114.0,ok
20260312,06,3,1.8,5.8,3.0,5.8,26.2,10.5,ok
20260312,06,4,1.0,19.8,19.8,15.9,26.5,26.5,ok
20260312,06,5,2.6,5.9,4.2,9.4,2.4,23.6,ok
20260312,06,6,1.4,3.2,13.8,7.6,9.8,23.0,ok
20260312,06,8,4.4,23.7,23.7,1.0,23.7,35.6,ok
20260312,06,9,1.5,8.7,8.7,2.9,11.6,69.7,ok
20260312,06,10,1.2,41.6,3.3,11.8,13.8,27.7,ok
20260312,06,11,2.0,3.0,6.0,9.0,6.0,18.0,ok
20260312,06,12,1.0,15.3,16.8,24.1,4.9,56.2,ok
20260312,07,1,1.2,6.3,15.7,12.6,12.6,5.7,ok
20260312,07,2,4.5,1.4,8.2,24.7,9.9,7.0,ok
20260312,07,4,2.5,3.0,9.7,7.2,17.4,3.1,ok
20260312,07,5,1.4,10.4,6.2,9.7,19.5,4.3,ok
20260312,07,6,2.9,1.6,7.8,10.8,9.8,20.6,ok
20260312,07,7,1.0,9.0,18.0,16.0,16.0,72.0,ok
20260312,07,8,1.2,4.4,42.3,11.1,6.4,42.3,ok
20260312,07,9,1.6,4.6,21.2,2.5,25.9,21.2,ok
20260312,07,10,1.1,41.1,7.7,9.1,7.0,35.2,ok
20260312,07,11,1.0,9.3,28.0,14.0,7.7,12.7,ok
20260312,07,12,1.5,2.9,9.6,11.5,9.9,22.1,ok
20260312,08,1,1.1,8.8,8.8,7.3,8.8,44.2,ok
20260312,08,2,4.4,2.5,2.2,5.8,17.6,35.2,ok
20260312,08,3,3.1,3.2,2.4,4.7,31.1,15.5,ok
20260312,08,4,1.1,25.8,6.4,8.6,25.8,7.3,ok
20260312,08,5,1.0,26.6,10.6,7.6,53.2,13.3,ok
20260312,08,6,1.1,13.4,7.3,10.5,73.8,8.6,ok
20260312,08,7,1.0,23.0,6.2,12.5,34.5,34.5,ok
20260312,08,8,1.0,16.8,33.7,8.4,33.7,33.7,ok
20260312,08,9,1.7,12.7,2.5,25.5,6.3,12.7,ok
20260312,08,10,1.0,5.1,10.6,8.4,82.0,246.0,ok
20260312,08,11,1.9,2.4,9.3,6.3,12.6,18.0,ok
20260312,08,12,1.0,6.1,9.7,15.4,61.7,26.4,ok
20260312,11,1,2.5,8.7,3.4,2.1,29.0,21.7,ok
20260312,11,2,1.6,17.2,5.7,5.0,3.7,43.1,ok
20260312,11,3,1.9,1.7,8.6,13.8,19.7,69.0,ok
20260312,11,5,1.2,6.3,20.7,55.2,12.7,4.2,ok
20260312,11,6,1.5,11.7,5.3,5.3,6.5,11.7,ok
20260312,11,8,2.8,11.2,4.6,1.6,28.1,56.2,ok
20260312,11,9,1.5,2.7,9.7,17.0,7.5,34.1,ok
20260312,11,10,2.9,1.3,48.1,5.6,17.5,64.2,ok
20260312,11,11,1.5,21.0,4.2,5.2,21.0,7.0,ok
20260312,11,12,1.3,5.9,11.8,7.8,6.7,23.6,ok
20260312,14,1,1.0,7.8,12.6,20.4,163.8,327.7,ok
20260312,14,2,2.7,28.8,4.4,16.8,1.9,7.4,ok
20260312,14,3,1.5,13.3,13.3,3.0,4.7,66.7,ok
20260312,14,4,1.3,3.5,6.7,22.5,22.5,16.8,ok
20260312,14,5,3.3,2.6,8.1,4.2,7.4,6.3,ok
20260312,14,6,1.3,2.3,27.7,13.8,20.8,41.6,ok
20260312,14,7,3.0,2.0,12.2,12.2,3.0,36.7,ok
20260312,14,8,1.6,8.4,4.2,5.6,33.7,6.7,ok
20260312,14,9,1.5,33.3,1.8,28.6,22.2,100.1,ok
20260312,14,10,2.0,4.4,5.8,7.0,3.9,17.6,ok
20260312,14,11,2.1,6.6,6.6,5.1,9.9,3.7,ok
20260312,14,12,1.1,17.5,15.0,4.7,11.6,13.1,ok
20260312,16,2,1.0,14.3,38.2,10.4,10.4,57.3,ok
20260312,16,3,1.6,7.8,3.5,19.5,39.0,3.9,ok
20260312,16,4,3.0,14.5,1.4,9.0,14.5,18.1,ok
20260312,16,5,1.6,4.1,9.4,4.4,18.8,8.8,ok
20260312,16,7,4.3,1.6,22.5,3.2,14.0,18.7,ok
20260312,16,9,3.1,5.4,3.0,2.9,9.7,16.2,ok
20260312,16,10,2.2,4.0,8.1,4.0,40.5,4.0,ok
20260312,16,11,1.2,2.6,12.1,21.9,27.3,54.7,ok
20260312,18,1,2.2,3.5,6.0,3.1,9.2,58.5,ok
20260312,18,2,1.4,4.9,8.3,3.3,260.2,86.7,ok
20260312,18,3,1.5,9.7,16.1,3.2,13.8,7.7,ok
20260312,18,4,1.0,6.1,28.0,19.6,24.5,11.5,ok
20260312,18,5,2.8,2.0,72.3,3.8,9.0,9.0,ok
20260312,18,7,3.4,4.6,4.3,4.9,2.9,19.8,ok
20260312,18,9,1.0,37.9,25.5,15.7,25.5,81.9,ok
20260312,18,10,3.3,2.1,3.2,15.4,9.6,10.0,ok
20260312,18,11,1.2,16.7,16.7,2.8,16.7,44.0,ok
20260312,18,12,1.2,8.0,9.8,4.1,31.4,24.1,ok
20260312,20,1,1.1,21.5,4.4,6.8,16.7,50.2,ok
20260312,20,2,2.1,7.5,3.0,3.2,15.0,45.0,ok
20260312,20,3,6.5,3.0,6.3,1.7,10.2,69.7,ok
20260312,20,4,9.8,17.2,1.0,7.6,17.2,138.3,ok
20260312,20,5,1.0,7.4,14.8,8.9,22.3,44.6,ok
20260312,20,6,6.5,7.4,1.0,11.3,56.7,34.0,ok
20260312,20,7,2.3,4.9,2.3,21.1,5.2,26.4,ok
20260312,20,8,1.4,4.7,3.6,14.4,14.4,38.6,ok
20260312,20,9,1.8,10.6,15.9,2.5,11.8,6.0,ok
20260312,20,10,1.7,7.0,10.0,7.3,3.1,13.7,ok
20260312,20,11,1.5,9.9,4.3,6.7,6.3,21.1,ok
20260312,20,12,1.0,12.8,7.4,9.8,15.5,30.1,ok
20260312,21,1,1.4,9.6,4.1,7.8,8.4,28.9,ok
20260312,21,2,1.9,38.0,14.2,1.5,16.2,57.0,ok
20260312,21,3,2.6,22.8,1.3,8.7,16.9,65.3,ok
20260312,21,4,1.0,28.5,20.4,17.8,31.7,71.4,ok
20260312,21,5,1.0,5.1,12.8,16.2,34.8,27.0,ok
20260312,21,6,2.6,9.8,8.7,26.2,11.2,1.6,ok
20260312,21,7,1.6,10.8,10.8,8.7,43.5,2.4,ok
20260312,21,8,3.1,2.2,5.2,6.3,7.8,10.5,ok
20260312,21,9,1.7,4.0,2.3,37.5,112.5,18.7,ok
20260312,21,10,1.1,10.7,4.7,7.8,43.1,21.5,ok
20260312,21,11,1.1,10.5,12.1,7.8,17.5,12.1,ok
20260312,21,12,1.3,14.0,15.5,6.3,4.1,15.5,ok
20260312,22,1,1.2,18.8,3.9,7.0,37.7,28.3,ok
20260312,22,2,1.3,10.7,3.7,8.3,75.0,10.7,ok
20260312,22,3,1.7,6.1,2.2,9.1,73.5,24.5,ok
20260312,22,4,1.8,8.9,5.9,4.1,4.1,35.6,ok
20260312,22,5,2.7,2.0,10.1,4.2,14.2,13.3,ok
20260312,22,6,2.6,1.9,15.5,7.1,6.2,11.6,ok
20260312,22,7,1.9,3.1,7.0,5.5,8.6,19.5,ok
20260312,22,9,2.4,8.3,2.7,18.7,12.5,3.2,ok
20260312,22,10,1.9,2.8,7.8,6.7,11.8,9.4,ok
20260312,22,11,1.5,5.6,3.5,7.8,25.5,25.5,ok
20260312,22,12,1.5,2.5,11.6,15.1,9.8,28.1,ok
20260312,24,1,2.1,2.6,4.5,6.0,18.1,20.7,ok
20260312,24,2,1.3,6.3,6.6,6.9,9.9,46.2,ok
20260312,24,3,1.0,24.1,6.0,8.4,19.3,24.1,ok
20260312,24,4,1.8,4.4,6.2,3.6,20.9,12.5,ok
20260312,24,5,2.6,6.0,2.4,4.0,12.4,20.4,ok
20260312,24,6,1.5,7.3,5.9,5.3,7.5,12.2,ok
20260312,24,7,1.1,9.1,11.0,8.4,9.1,40.0,ok
20260312,24,8,1.0,12.4,14.9,18.0,26.4,31.2,ok
20260312,24,9,1.1,10.3,16.6,7.5,10.2,24.3,ok
20260312,24,10,1.0,8.8,9.8,10.2,14.3,27.8,ok
20260312,24,11,1.2,4.9,8.6,9.1,22.4,28.5,ok
20260312,24,12,1.1,9.0,8.8,7.4,17.1,24.1,ok
20260313,04,1,2.6,2.1,30.7,2.9,15.3,15.3,ok
20260313,04,2,11.1,1.0,4.4,37.0,111.0,55.5,ok
20260313,04,3,5.4,3.7,2.7,28.6,2.4,11.4,ok
20260313,04,4,3.2,2.3,2.6,69.0,34.5,6.0,ok
20260313,04,5,1.9,7.3,5.4,3.3,7.9,12.9,ok
20260313,04,6,10.8,32.5,5.1,8.1,57.0,1.1,ok
20260313,04,7,1.6,4.4,15.0,5.0,5.7,20.1,ok
20260313,04,8,2.1,8.0,2.2,6.0,8.5,120.0,ok
20260313,04,9,1.3,3.4,5.3,24.0,12.5,156.3,ok
20260313,04,10,1.6,2.6,6.6,7.0,31.6,25.3,ok
20260313,04,11,1.0,10.1,9.1,18.9,66.1,88.2,ok
20260313,04,12,1.8,3.7,4.0,5.6,12.1,39.3,ok
20260313,05,1,2.4,2.5,4.6,6.3,7.5,55.2,ok
20260313,05,2,1.7,5.9,17.8,4.0,6.3,8.1,ok
20260313,05,3,1.1,11.7,8.9,6.1,18.5,13.1,ok
20260313,05,4,2.5,6.8,7.1,1.9,10.8,16.8,ok
20260313,05,5,1.3,97.5,3.1,5.1,13.9,48.7,ok
20260313,05,6,1.0,14.3,6.2,9.3,16.9,62.2,ok
20260313,05,7,1.8,4.0,10.2,7.8,3.2,102.0,ok
20260313,05,8,1.2,7.8,11.7,5.6,8.4,58.8,ok
20260313,05,9,1.1,16.5,5.0,11.0,16.5,16.5,ok
20260313,05,10,1.0,14.5,34.9,13.4,8.3,34.9,ok
20260313,05,11,1.2,9.6,5.6,15.1,10.5,12.7,ok
20260313,05,12,1.5,17.9,5.1,35.8,2.7,47.7,ok
20260313,06,1,1.7,4.9,3.3,5.5,19.9,39.9,ok
20260313,06,2,3.4,3.8,1.9,4.7,30.7,30.7,ok
20260313,06,3,3.6,2.3,7.5,4.3,4.5,18.1,ok
20260313,06,4,2.0,3.6,4.0,9.1,5.2,36.7,ok
20260313,06,5,2.4,11.6,4.0,1.9,20.4,40.8,ok
20260313,06,6,3.0,1.2,21.3,42.7,28.5,7.7,ok
20260313,06,7,2.7,32.4,10.8,1.2,81.0,14.7,ok
20260313,06,8,2.5,3.9,27.8,1.7,,13.9,ok
20260313,06,9,2.0,3.6,4.9,4.4,9.9,19.8,ok
20260313,06,10,2.5,2.5,,4.6,30.0,3.5,ok
20260313,06,11,1.1,6.6,5.0,86.2,21.5,43.1,ok
20260313,06,12,1.0,45.2,14.2,38.7,20.8,33.9,ok
20260313,07,1,1.8,12.9,2.0,16.4,7.4,22.3,ok
20260313,07,2,3.2,4.1,45.7,6.5,1.7,22.8,ok
20260313,07,4,2.1,8.1,3.4,9.7,4.0,9.7,ok
20260313,07,5,2.6,1.6,9.0,6.4,22.6,30.2,ok
20260313,07,6,3.1,1.5,8.5,6.8,40.5,12.4,ok
20260313,07,7,1.4,19.2,2.9,4.8,48.1,48.1,ok
20260313,07,8,2.9,1.6,8.6,7.9,8.2,24.8,ok
20260313,07,9,1.7,14.2,2.1,10.0,33.3,11.5,ok
20260313,07,10,1.5,13.8,23.6,2.3,7.8,55.2,ok
20260313,07,11,1.3,18.5,4.8,6.0,6.8,21.3,ok
20260313,07,12,1.2,9.5,12.6,10.7,6.1,11.1,ok
20260313,08,1,1.3,8.3,5.5,4.3,13.8,83.2,ok
20260313,08,2,2.3,6.3,3.1,3.6,7.2,51.0,ok
20260313,08,3,1.4,3.7,8.0,10.2,7.2,72.0,ok
20260313,08,4,1.3,10.9,3.8,12.5,12.5,10.9,ok
20260313,08,5,2.1,5.6,2.3,6.0,11.2,39.3,ok
20260313,08,6,1.0,47.6,11.9,23.8,95.2,9.5,ok
20260313,08,7,1.0,19.9,10.4,21.7,19.9,29.9,ok
20260313,08,8,1.1,16.6,9.9,6.2,9.0,33.2,ok
20260313,08,9,1.7,16.0,144.7,9.6,1.7,144.7,ok
20260313,08,10,1.4,3.4,7.0,6.5,18.8,42.3,ok
20260313,08,11,2.7,5.3,6.1,3.3,5.0,8.0,ok
20260313,08,12,1.5,4.5,6.5,4.1,23.4,29.3,ok
20260313,11,1,3.0,10.5,2.3,2.7,10.5,26.2,ok
20260313,11,2,2.2,7.1,4.8,3.5,4.6,21.3,ok
20260313,11,3,1.9,2.8,10.6,6.6,11.8,6.6,ok
20260313,11,4,1.7,14.4,3.2,5.1,10.2,10.2,ok
20260313,11,5,1.4,8.7,10.2,5.6,5.1,22.6,ok
20260313,11,8,5.5,11.5,1.4,9.9,10.6,5.1,ok
20260313,11,9,1.3,3.9,7.8,7.2,51.0,25.5,ok
20260313,11,10,1.0,19.5,26.0,15.6,26.0,39.0,ok
20260313,11,12,1.8,,6.9,2.5,4.7,25.5,ok
20260313,14,1,1.1,5.5,15.1,8.6,20.2,60.7,ok
20260313,14,2,1.0,17.7,8.1,26.6,106.5,21.3,ok
20260313,14,3,1.3,9.2,6.6,4.1,10.4,62.7,ok
20260313,14,4,1.7,5.4,1.9,28.7,47.8,57.4,ok
20260313,14,5,1.7,5.1,3.5,6.9,12.4,17.7,ok
20260313,14,6,1.7,3.1,7.9,4.5,12.4,87.0,ok
20260313,14,7,2.5,8.7,4.3,2.6,6.0,19.6,ok
20260313,14,8,1.0,43.5,6.2,14.5,17.4,87.0,ok
20260313,14,9,5.8,3.1,7.1,1.6,46.5,11.6,ok
20260313,14,10,2.3,10.5,2.2,6.0,6.0,42.0,ok
20260313,14,11,2.1,2.4,6.4,6.2,15.5,12.1,ok
20260313,14,12,1.0,16.5,12.4,14.9,18.6,74.6,ok
20260313,16,1,1.0,9.2,46.1,18.4,13.1,92.2,ok
20260313,16,2,3.3,5.6,1.7,6.7,11.2,16.8,ok
20260313,16,3,3.5,6.8,3.7,2.8,41.2,3.7,ok
20260313,16,4,2.0,3.1,20.2,8.1,3.1,40.5,ok
20260313,16,5,2.0,7.8,3.2,3.5,11.7,31.2,ok
20260313,16,7,2.4,6.7,4.7,7.4,2.5,39.0,ok
20260313,16,8,6.8,1.6,7.2,3.6,11.0,11.0,ok
20260313,16,9,1.9,1.9,11.7,8.1,9.6,105.7,ok
20260313,16,10,2.4,4.4,28.0,4.0,3.8,7.0,ok
20260313,16,11,1.2,3.8,11.1,9.7,14.5,36.3,ok
20260313,16,12,1.2,21.1,3.6,12.1,9.4,84.7,ok
20260313,18,1,1.0,19.0,10.7,7.1,33.2,79.8,ok
20260313,18,2,1.3,2.3,20.0,50.0,22.2,17.1,ok
20260313,18,3,1.5,15.4,2.8,7.2,113.2,8.7,ok
20260313,18,4,1.1,3.4,16.7,21.3,19.5,29.3,ok
20260313,18,5,19.9,1.0,13.3,6.4,199.5,11.0,ok
20260313,18,7,1.5,9.3,4.1,6.1,24.6,7.3,ok
20260313,18,8,2.9,3.8,2.5,6.6,6.0,47.5,ok
20260313,18,9,1.4,3.5,8.7,7.1,15.6,43.5,ok
20260313,18,10,2.6,1.4,23.6,6.6,15.0,82.8,ok
20260313,18,11,1.0,26.8,50.4,19.5,25.2,50.4,ok
20260313,18,12,1.2,16.0,4.9,4.9,15.2,101.5,ok
20260313,20,1,2.2,5.7,7.6,5.0,6.5,4.1,ok
20260313,20,2,3.7,4.2,2.1,7.5,25.2,5.0,ok
20260313,20,3,1.5,3.2,11.2,7.5,11.2,22.5,ok
20260313,20,4,3.1,10.0,2.1,2.7,19.3,36.0,ok
20260313,20,5,3.3,6.5,31.6,2.2,52.7,2.5,ok
20260313,20,6,2.7,40.1,13.3,1.2,40.1,14.4,ok
20260313,20,7,1.7,5.4,5.2,4.5,13.0,12.2,ok
20260313,20,8,1.5,6.8,2.2,21.3,32.7,47.3,ok
20260313,20,9,2.2,11.5,2.0,11.5,7.6,12.5,ok
20260313,20,10,1.0,40.3,5.8,25.4,13.0,28.4,ok
20260313,20,11,1.0,14.3,4.7,14.3,17.0,119.5,ok
20260313,20,12,1.5,11.3,3.6,5.3,29.2,9.1,ok
20260313,21,1,1.0,11.2,18.2,10.0,27.3,11.6,ok
20260313,21,2,1.3,4.8,15.1,4.1,17.3,20.2,ok
20260313,21,3,3.7,13.5,1.3,10.5,7.2,23.7,ok
20260313,21,4,1.4,9.5,4.5,26.2,8.0,7.0,ok
20260313,21,5,1.1,6.2,15.2,13.3,10.6,13.3,ok
20260313,21,6,1.6,10.9,2.8,17.7,6.1,12.8,ok
20260313,21,7,2.4,7.6,5.1,2.9,4.6,23.0,ok
20260313,21,8,1.3,18.7,6.2,5.5,6.6,13.3,ok
20260313,21,9,1.3,9.4,11.7,15.6,3.3,20.1,ok
20260313,21,10,1.4,6.9,13.9,7.7,4.6,11.6,ok
20260313,21,11,1.8,33.6,7.0,18.3,1.8,33.6,ok
20260313,21,12,1.6,5.6,4.8,5.4,11.7,16.2,ok
20260313,22,1,1.2,12.7,4.2,12.7,8.1,29.7,ok
20260313,22,2,2.8,2.3,5.5,3.7,13.8,20.8,ok
20260313,22,4,1.3,8.0,3.6,7.3,44.2,17.7,ok
20260313,22,5,1.8,4.4,4.2,8.1,5.8,26.4,ok
20260313,22,7,1.3,5.1,14.2,7.1,114.0,5.4,ok
20260313,22,8,1.0,10.2,10.2,7.2,36.0,72.0,ok
20260313,22,9,1.4,6.9,3.7,18.5,55.5,6.9,ok
20260313,22,10,1.9,1.9,14.0,11.2,14.0,14.0,ok
20260313,22,11,1.0,28.1,26.1,10.4,91.5,73.2,ok
20260313,22,12,1.2,4.9,6.5,9.9,18.9,52.1,ok
20260313,24,1,1.5,5.4,5.8,6.6,6.5,33.4,ok
20260313,24,2,1.3,4.6,8.8,16.4,6.4,32.9,ok
20260313,24,3,1.1,9.3,20.5,5.1,20.5,14.6,ok
20260313,24,4,1.0,8.5,9.1,10.8,18.3,20.5,ok
20260313,24,5,1.2,10.1,5.9,13.0,7.1,14.9,ok
20260313,24,6,1.1,5.2,16.8,7.8,13.6,28.5,ok
20260313,24,7,1.1,7.7,8.8,6.1,27.4,34.8,ok
20260313,24,8,1.0,5.7,12.1,18.2,41.0,50.4,ok
20260313,24,9,2.2,3.2,3.3,5.7,13.1,40.6,ok
20260313,24,10,1.2,6.0,7.6,5.3,26.9,42.8,ok
20260313,24,11,1.3,6.4,5.6,9.2,13.4,18.5,ok
20260313,24,12,1.3,4.0,7.4,9.9,17.4,25.7,ok
20260314,04,1,2.7,8.1,10.9,3.7,2.3,16.3,ok
20260314,04,2,3.7,6.9,1.3,23.1,11.5,19.8,ok
20260314,04,3,1.6,3.6,14.5,12.9,12.9,4.1,ok
20260314,04,4,2.1,2.6,4.7,24.5,6.7,12.2,ok
20260314,04,5,2.0,12.2,13.7,4.5,10.5,2.7,ok
20260314,04,6,1.9,7.0,2.7,12.0,17.1,5.8,ok
20260314,04,7,6.5,3.5,17.4,2.9,2.4,11.3,ok
20260314,04,8,1.2,6.3,8.8,24.4,4.8,27.9,ok
20260314,04,9,1.0,38.8,58.2,8.8,19.4,22.1,ok
20260314,04,10,1.2,8.4,12.6,8.1,6.1,25.2,ok
20260314,04,11,1.8,4.6,2.3,14.6,39.8,21.4,ok
20260314,04,12,1.4,7.0,5.6,7.5,9.2,11.5,ok
20260314,05,1,1.5,15.0,4.0,3.4,15.0,45.0,ok
20260314,05,2,3.1,1.8,2.8,20.7,33.1,41.4,ok
20260314,05,3,1.7,3.0,13.6,6.8,4.7,68.2,ok
20260314,05,4,4.6,1.0,17.3,47.8,27.3,38.2,ok
20260314,05,5,1.7,2.5,3.6,21.1,26.4,35.2,ok
20260314,05,6,1.5,4.1,24.3,6.0,30.3,4.5,ok
20260314,05,7,1.2,5.7,5.7,11.5,28.8,19.2,ok
20260314,05,10,1.2,6.1,49.1,16.3,6.5,8.9,ok
20260314,05,11,1.2,7.8,6.1,10.3,8.7,16.5,ok
20260314,05,12,1.0,45.2,5.3,25.1,75.3,30.8,ok
20260314,06,1,2.0,1.7,12.0,7.5,40.2,30.1,ok
20260314,06,2,2.4,7.9,6.1,2.6,4.2,55.5,ok
20260314,06,3,4.3,4.9,1.8,4.9,24.9,8.3,ok
20260314,06,4,1.0,10.6,10.6,8.7,19.2,96.0,ok
20260314,06,5,4.8,1.3,9.3,5.8,13.2,26.5,ok
20260314,06,6,6.7,7.0,10.0,1.2,9.4,47.0,ok
20260314,06,7,3.3,7.7,6.4,10.9,1.5,30.0,ok
20260314,06,8,1.0,62.2,54.4,3.3,31.1,54.4,ok
20260314,06,9,2.4,2.2,2.6,27.0,31.5,27.0,ok
20260314,06,10,2.0,12.8,7.9,8.5,5.4,3.0,ok
20260314,06,11,1.1,12.7,5.3,25.5,25.5,8.5,ok
20260314,06,12,1.2,23.8,10.5,5.2,8.6,15.8,ok
20260314,07,1,3.1,3.5,4.6,2.7,9.3,28.0,ok
20260314,07,2,1.9,5.3,2.8,9.9,19.8,7.9,ok
20260314,07,3,3.8,3.0,4.9,2.3,12.2,24.5,ok
20260314,07,4,2.3,17.1,2.1,5.7,25.6,5.4,ok
20260314,07,5,2.0,2.7,7.4,4.3,11.1,33.3,ok
20260314,07,6,1.8,6.4,7.4,4.6,4.0,19.3,ok
20260314,07,7,1.1,12.7,4.8,9.7,27.1,40.7,ok
20260314,07,8,3.2,31.6,1.1,29.3,15.8,102.7,ok
20260314,07,9,1.1,18.9,5.0,8.5,12.3,20.5,ok
20260314,07,10,1.2,5.7,16.5,12.4,7.4,10.6,ok
20260314,07,11,1.8,21.5,2.2,5.5,14.6,24.8,ok
20260314,07,12,1.1,12.6,14.3,5.8,12.6,14.3,ok
20260314,11,1,1.5,6.7,4.1,13.4,5.2,24.1,ok
20260314,11,2,3.9,3.2,2.5,7.5,6.7,9.6,ok
20260314,11,3,3.2,1.7,14.4,6.7,5.9,12.6,ok
20260314,11,4,2.9,13.2,59.6,1.1,119.2,18.3,ok
20260314,11,5,1.2,11.0,44.2,14.7,5.5,6.3,ok
20260314,11,6,2.0,2.9,7.7,10.3,31.1,4.1,ok
20260314,11,7,2.5,2.9,6.6,5.8,3.8,46.5,ok
20260314,11,8,1.6,17.1,3.9,12.8,3.5,17.1,ok
20260314,11,9,1.7,4.1,11.2,5.3,9.3,7.5,ok
20260314,11,11,1.5,1.8,30.1,10.5,52.6,210.7,ok
20260314,13,1,1.0,14.3,8.3,18.2,18.2,22.3,ok
20260314,13,2,1.4,13.2,2.9,8.8,13.2,28.9,ok
20260314,13,3,1.4,8.5,8.9,4.4,8.9,12.7,ok
20260314,13,4,1.3,7.5,8.6,6.0,19.3,9.6,ok
20260314,13,5,1.3,3.8,9.0,7.4,13.7,32.7,ok
20260314,13,6,1.7,5.8,5.2,5.9,6.1,11.9,ok
20260314,13,7,1.3,7.1,5.5,6.9,12.7,13.4,ok
20260314,13,8,1.2,11.2,6.0,16.6,4.4,43.0,ok
20260314,13,9,1.5,7.6,9.1,3.6,12.3,11.5,ok
20260314,13,10,1.2,5.4,6.8,6.8,21.3,32.6,ok
20260314,13,11,1.2,6.1,9.3,9.3,10.9,16.9,ok
20260314,13,12,1.3,4.7,18.8,19.6,22.0,4.0,ok
20260314,14,1,1.7,13.1,14.9,3.4,3.8,14.3,ok
20260314,14,2,2.3,7.0,2.3,6.0,12.2,9.1,ok
20260314,14,3,4.6,2.2,12.1,12.1,2.1,20.9,ok
20260314,14,4,2.8,17.7,9.7,16.6,9.7,1.5,ok
20260314,14,5,5.2,4.0,2.1,3.2,10.5,42.3,ok
20260314,14,6,2.3,2.8,3.6,5.5,13.8,27.7,ok
20260314,14,7,1.5,4.7,7.0,4.7,8.2,99.0,ok
20260314,14,8,3.3,3.7,1.4,20.1,70.5,70.5,ok
20260314,14,9,1.2,7.7,6.9,5.6,15.5,31.1,ok
20260314,14,10,1.5,4.7,5.2,7.2,12.7,15.6,ok
20260314,14,11,1.0,21.0,16.2,42.1,70.2,52.6,ok
20260314,14,12,2.7,3.1,2.5,5.8,13.7,64.0,ok
20260314,16,1,1.1,7.7,7.7,6.7,80.5,34.5,ok
20260314,16,2,1.3,4.5,7.5,7.5,11.2,45.0,ok
20260314,16,3,1.6,5.2,3.1,14.1,8.8,28.3,ok
20260314,16,4,2.4,8.7,12.8,1.5,17.4,64.0,ok
20260314,16,5,1.1,10.6,12.3,148.5,6.4,10.6,ok
20260314,16,6,1.0,8.4,9.6,12.2,10.3,45.0,ok
20260314,16,7,1.6,14.7,2.0,10.5,24.5,73.5,ok
20260314,16,8,2.5,3.1,4.3,7.9,8.3,6.9,ok
20260314,16,9,1.6,2.6,14.4,64.8,10.8,5.7,ok
20260314,16,10,1.1,16.2,4.2,17.5,14.0,30.1,ok
20260314,16,11,2.6,1.5,7.4,14.1,20.2,28.3,ok
20260314,16,12,1.3,12.6,3.4,20.6,11.3,11.9,ok
20260314,18,1,1.0,19.3,14.6,10.0,16.6,26.8,ok
20260314,18,2,1.3,6.1,6.5,12.3,31.5,6.0,ok
20260314,18,3,1.0,6.1,26.7,18.2,41.3,30.3,ok
20260314,18,4,1.0,30.0,18.0,9.0,45.0,5.7,ok
20260314,18,5,1.6,14.9,3.0,6.3,33.9,6.3,ok
20260314,18,6,1.5,5.0,6.0,96.0,3.5,64.0,ok
20260314,18,7,1.6,3.6,8.7,3.7,15.3,33.4,ok
20260314,18,8,1.5,23.7,11.1,7.5,31.6,2.6,ok
20260314,18,9,1.0,21.4,17.1,26.7,8.3,6.4,ok
20260314,18,10,1.3,6.9,7.3,9.0,5.7,19.4,ok
20260314,18,11,1.4,2.6,11.5,13.6,23.0,12.0,ok
20260314,18,12,1.0,4.7,22.5,14.6,13.7,55.1,ok
20260314,19,1,1.8,5.9,19.0,3.6,6.4,7.2,ok
20260314,19,2,2.2,7.5,3.4,4.2,12.3,6.4,ok
20260314,19,3,1.0,11.8,5.4,15.3,32.1,32.1,ok
20260314,19,4,1.3,17.6,3.1,17.6,13.8,9.2,ok
20260314,19,5,1.1,19.0,12.6,4.2,31.6,10.5,ok
20260314,19,6,1.1,21.7,9.5,5.9,14.5,18.4,ok
20260314,19,7,2.3,13.2,16.0,5.8,1.9,12.4,ok
20260314,19,8,1.4,3.4,14.1,6.8,10.1,28.9,ok
20260314,19,9,1.1,5.3,19.2,14.6,35.6,10.8,ok
20260314,19,10,1.3,10.6,4.7,8.2,12.8,11.4,ok
20260314,19,11,1.2,10.3,5.8,5.4,20.4,16.3,ok
20260314,19,12,1.5,3.9,5.7,5.6,21.0,20.4,ok
20260314,20,1,2.1,3.1,2.2,25.8,31.7,51.6,ok
20260314,20,2,1.7,10.2,10.2,12.3,3.8,4.2,ok
20260314,20,3,3.2,4.2,3.9,4.2,6.8,6.8,ok
20260314,20,4,1.0,7.7,10.5,29.4,36.7,294.0,ok
20260314,20,5,2.2,4.2,17.6,2.9,18.5,4.7,ok
20260314,20,6,2.0,11.2,15.9,1.7,21.2,11.9,ok
20260314,20,7,1.4,17.4,13.3,4.7,5.1,12.4,ok
20260314,20,8,1.1,9.6,8.4,6.3,28.8,67.2,ok
20260314,20,9,1.9,3.3,4.7,5.6,10.7,24.8,ok
20260314,20,10,1.2,8.0,11.0,3.7,21.1,46.0,ok
20260314,20,11,1.2,3.6,10.6,12.8,18.7,40.7,ok
20260314,20,12,1.5,3.2,8.7,6.0,13.9,28.6,ok
20260314,21,1,1.0,18.0,18.0,5.6,13.5,40.6,ok
20260314,21,2,1.0,11.2,7.3,7.0,62.3,29.8,ok
20260314,21,3,1.9,8.8,2.1,12.4,6.9,62.2,ok
20260314,21,4,1.5,11.4,6.5,5.8,5.1,15.2,ok
20260314,21,5,1.0,10.1,9.2,29.0,33.8,12.7,ok
20260314,21,6,2.0,1.6,12.3,13.4,19.2,34.2,ok
20260314,21,7,2.8,4.6,16.8,1.5,28.0,84.0,ok
20260314,21,8,1.7,1.8,21.2,18.0,117.0,9.7,ok
20260314,21,9,1.6,5.8,8.6,3.7,7.2,64.8,ok
20260314,21,11,1.2,9.1,6.1,24.5,6.1,14.7,ok
20260314,21,12,1.3,19.5,3.2,6.5,14.6,58.5,ok
20260314,22,1,1.0,6.4,14.4,57.7,57.7,57.7,ok
20260314,22,2,2.2,7.9,4.7,14.2,2.2,23.7,ok
20260314,22,3,1.8,8.8,1.9,12.4,15.5,31.1,ok
20260314,22,4,1.0,17.6,17.6,10.5,105.7,21.1,ok
20260314,22,5,1.4,38.7,14.5,2.9,5.5,116.2,ok
20260314,22,6,1.3,2.6,8.2,148.5,12.3,49.5,ok
20260314,22,7,1.5,15.1,7.5,45.3,2.2,90.7,ok
20260314,22,8,1.6,5.0,4.4,10.0,6.4,17.6,ok
20260314,22,9,1.0,94.5,31.5,56.7,8.3,56.7,ok
20260314,22,10,2.4,1.8,5.2,22.6,12.3,15.0,ok
20260314,22,11,1.3,3.3,5.4,18.5,37.0,74.0,ok
20260314,22,12,1.3,4.0,7.3,13.6,12.4,24.8,ok
20260315,03,1,1.2,6.8,3.9,13.7,16.2,59.5,ok
20260315,03,2,3.6,1.5,8.1,8.1,7.2,32.6,ok
20260315,03,4,3.7,3.2,2.5,59.2,2.9,59.2,ok
20260315,03,6,2.0,2.5,11.3,5.3,26.5,7.2,ok
20260315,03,7,4.0,4.4,2.6,3.3,164.2,5.8,ok
20260315,03,8,1.9,7.6,2.8,4.7,22.9,12.7,ok
20260315,03,9,1.4,4.6,6.3,7.2,8.9,38.2,ok
20260315,03,10,1.1,22.5,6.0,7.2,18.7,28.1,ok
20260315,03,11,1.1,3.1,38.8,12.9,45.3,34.0,ok
20260315,03,12,1.1,15.0,12.5,5.0,13.7,16.7,ok
20260315,05,1,2.2,10.5,1.5,9.8,65.2,163.1,ok
20260315,05,2,1.2,23.6,6.4,6.7,20.2,6.1,ok
20260315,05,3,1.3,13.1,16.4,4.3,4.7,65.8,ok
20260315,05,4,2.0,6.9,3.6,8.8,4.1,12.4,ok
20260315,05,6,1.5,6.5,11.4,7.6,4.1,18.3,ok
20260315,05,7,1.0,21.5,33.8,15.8,59.2,12.4,ok
20260315,05,8,1.8,3.8,13.1,2.7,14.5,43.7,ok
20260315,05,9,1.3,4.0,7.5,6.7,30.1,26.8,ok
20260315,05,10,1.2,3.6,10.1,8.3,45.7,45.7,ok
20260315,05,12,1.3,4.3,6.8,12.0,16.8,18.0,ok
20260315,06,1,1.9,4.7,3.5,7.3,9.5,11.9,ok
20260315,06,2,1.8,3.2,3.8,6.4,25.6,42.7,ok
20260315,06,3,3.4,3.2,2.7,9.0,4.8,19.5,ok
20260315,06,4,1.0,33.3,20.0,13.3,28.6,100.1,ok
20260315,06,5,1.6,6.1,4.2,8.0,7.2,16.0,ok
20260315,06,6,2.5,4.2,1.7,8.8,79.8,63.9,ok
20260315,06,7,3.1,5.1,7.9,1.5,29.2,87.7,ok
20260315,06,8,1.0,38.8,17.9,10.6,58.3,13.7,ok
20260315,06,9,1.1,22.7,15.1,4.5,17.0,9.1,ok
20260315,06,10,1.3,35.7,3.4,12.9,19.0,7.3,ok
20260315,06,11,1.6,16.0,2.1,32.1,13.3,10.0,ok
20260315,06,12,1.3,2.3,15.5,28.0,18.7,31.1,ok
20260315,07,1,2.0,2.5,3.8,8.2,24.7,20.6,ok
20260315,07,2,1.3,4.2,32.6,3.7,16.3,65.2,ok
20260315,07,3,5.0,1.4,5.0,5.9,35.6,17.8,ok
20260315,07,4,1.7,2.4,13.1,9.2,10.2,11.5,ok
20260315,07,5,2.3,11.3,2.6,11.9,2.9,113.2,ok
20260315,07,6,1.2,7.8,9.0,7.8,18.5,8.4,ok
20260315,07,7,5.7,34.1,1.0,23.0,23.7,85.3,ok
20260315,07,8,1.1,6.4,18.2,8.1,13.4,12.3,ok
20260315,07,9,1.8,2.8,17.3,7.0,27.2,4.8,ok
20260315,07,10,1.0,26.7,7.9,8.0,17.4,29.0,ok
20260315,07,11,1.2,3.9,7.8,15.3,17.8,61.2,ok
20260315,07,12,1.1,11.2,5.2,7.8,50.7,22.0,ok
20260315,11,1,1.6,3.1,7.2,7.6,10.3,18.0,ok
20260315,11,2,1.3,6.7,3.2,10.9,30.1,40.2,ok
20260315,11,3,2.3,2.7,3.3,6.9,20.8,20.8,ok
20260315,11,4,1.5,3.9,3.3,15.8,15.8,42.2,ok
20260315,11,5,2.2,5.8,5.8,2.4,17.4,11.6,ok
20260315,11,6,1.3,12.8,17.1,20.5,2.9,12.8,ok
20260315,11,7,2.4,3.5,5.8,49.8,7.1,3.1,ok
20260315,11,8,1.6,2.9,9.9,7.0,9.1,29.8,ok
20260315,11,9,1.7,9.6,3.3,3.2,24.1,48.3,ok
20260315,11,10,1.2,13.1,7.1,5.6,11.2,13.1,ok
20260315,11,11,1.0,30.2,25.9,15.1,60.5,90.7,ok
20260315,11,12,1.2,7.2,8.4,7.2,9.9,17.7,ok
20260315,13,1,1.2,4.8,7.2,11.9,21.7,18.4,ok
20260315,13,2,1.0,8.6,17.2,7.2,15.0,24.6,ok
20260315,13,3,1.6,5.7,4.4,6.0,17.3,9.1,ok
20260315,13,4,1.6,3.6,5.8,21.5,6.9,13.0,ok
20260315,13,5,1.4,9.5,2.7,15.4,18.0,24.9,ok
20260315,13,6,1.6,2.3,13.6,9.9,21.5,10.7,ok
20260315,13,7,1.3,5.5,8.9,5.6,13.0,36.6,ok
20260315,13,8,1.0,15.2,7.6,14.3,19.9,28.7,ok
20260315,13,9,1.3,9.2,7.0,7.8,5.9,16.5,ok
20260315,13,10,1.3,3.5,12.7,20.4,15.1,9.0,ok
20260315,13,11,1.2,7.2,5.1,14.4,15.3,22.3,ok
20260315,13,12,1.2,6.4,4.9,17.2,22.1,13.9,ok
20260315,14,1,1.0,20.8,10.0,22.6,16.9,14.2,ok
20260315,14,2,2.0,6.1,3.0,6.1,6.0,36.4,ok
20260315,14,3,3.0,2.7,2.3,8.4,18.0,19.3,ok
20260315,14,4,1.0,58.5,12.7,146.2,65.0,21.6,ok
20260315,14,5,2.4,2.5,3.3,11.0,9.9,24.7,ok
20260315,14,6,1.1,9.3,16.8,12.9,11.2,8.4,ok
20260315,14,8,5.0,2.0,3.5,8.6,36.3,4.3,ok
20260315,14,9,3.8,1.8,8.3,6.7,5.2,12.5,ok
20260315,14,10,1.5,5.0,4.3,15.1,12.1,10.1,ok
20260315,14,11,3.6,11.1,1.8,4.2,6.8,17.4,ok
20260315,14,12,1.5,2.5,5.3,31.5,22.0,24.5,ok
20260315,16,1,1.0,10.6,8.2,11.2,19.4,26.7,ok
20260315,16,2,2.4,6.8,2.2,4.4,10.8,37.8,ok
20260315,16,3,3.0,12.5,5.4,3.2,3.2,7.8,ok
20260315,16,4,1.6,18.5,8.9,3.0,13.9,6.7,ok
20260315,16,5,1.3,7.1,5.5,4.3,121.5,30.3,ok
20260315,16,6,1.2,5.0,8.0,8.7,16.1,48.3,ok
20260315,16,7,2.5,24.9,16.6,3.9,19.9,1.8,ok
20260315,16,8,1.5,7.0,13.4,11.1,33.5,2.9,ok
20260315,16,9,1.0,7.2,14.4,16.8,16.8,20.2,ok
20260315,16,10,1.0,9.2,5.9,16.6,41.6,83.2,ok
20260315,16,11,1.0,10.4,7.3,9.6,15.6,125.2,ok
20260315,16,12,1.0,15.9,9.3,13.9,27.9,27.9,ok
20260315,18,1,1.1,16.5,5.9,10.6,13.5,18.6,ok
20260315,18,2,1.2,4.5,70.6,7.8,10.8,10.8,ok
20260315,18,3,1.0,5.1,19.8,25.5,39.6,357.0,ok
20260315,18,4,1.0,11.7,38.8,99.1,55.7,148.7,ok
20260315,18,5,1.0,10.0,6.2,16.5,22.6,90.7,ok
20260315,18,6,1.0,16.5,19.8,7.9,7.0,99.3,ok
20260315,18,8,1.0,4.0,45.8,13.3,80.2,40.1,ok
20260315,18,9,1.3,9.7,7.1,18.5,12.3,5.1,ok
20260315,18,10,1.2,5.7,4.2,15.3,23.0,23.0,ok
20260315,18,11,1.0,23.6,12.8,9.0,30.7,30.7,ok
20260315,18,12,1.0,4.9,12.1,21.3,54.8,15.3,ok
20260315,19,1,1.7,10.6,22.0,4.1,9.3,3.5,ok
20260315,19,2,1.2,10.5,8.5,10.0,15.6,6.6,ok
20260315,19,3,1.8,6.4,4.8,6.4,4.7,13.2,ok
20260315,19,4,1.3,15.0,7.3,3.5,17.1,20.0,ok
20260315,19,5,1.6,11.7,2.9,11.4,14.0,7.0,ok
20260315,19,6,2.0,11.0,1.6,39.5,47.4,8.4,ok
20260315,19,7,1.2,18.3,19.0,3.4,35.1,8.9,ok
20260315,19,8,1.0,11.6,25.7,21.9,39.5,17.9,ok
20260315,19,9,1.1,33.8,7.8,63.3,21.1,3.7,ok
20260315,19,10,1.0,8.3,11.9,10.1,46.3,13.0,ok
20260315,19,11,2.2,24.1,1.5,7.6,26.5,42.8,ok
20260315,19,12,1.1,10.2,15.2,9.1,7.2,24.9,ok
20260315,20,1,1.5,6.0,6.2,4.0,10.6,90.3,ok
20260315,20,2,1.2,6.2,87.7,21.9,29.2,3.8,ok
20260315,20,3,1.7,3.5,9.1,9.1,5.9,11.4,ok
20260315,20,4,2.5,4.8,14.6,2.0,9.4,12.5,ok
20260315,20,5,1.0,4.5,35.6,11.4,35.6,29.1,ok
20260315,20,6,1.1,8.8,17.2,13.9,5.5,17.9,ok
20260315,20,7,1.3,9.3,20.6,6.0,11.6,5.6,ok
20260315,20,8,1.2,14.0,4.7,11.3,10.7,12.0,ok
20260315,20,9,1.2,5.8,7.3,10.1,27.1,12.5,ok
20260315,20,10,1.2,9.8,4.9,8.0,21.3,14.5,ok
20260315,20,11,1.4,3.7,8.7,6.4,13.7,35.0,ok
20260315,20,12,1.0,10.7,7.3,9.8,21.7,28.3,ok
20260315,21,1,1.2,11.9,8.1,5.4,8.9,44.6,ok
20260315,21,2,1.0,14.2,57.0,4.1,34.2,57.0,ok
20260315,21,3,2.1,34.4,1.4,45.0,10.2,23.4,ok
20260315,21,4,1.0,81.7,7.7,17.0,58.3,136.2,ok
20260315,21,5,1.0,30.5,16.6,20.0,34.1,52.8,ok
20260315,21,6,1.8,2.5,8.1,7.4,14.1,15.4,ok
20260315,21,7,1.0,9.8,9.8,6.9,31.2,62.5,ok
20260315,21,8,1.7,2.5,6.3,9.5,22.3,14.9,ok
20260315,21,11,1.1,15.3,21.4,53.6,26.8,3.5,ok
20260315,21,12,1.2,3.6,21.6,12.1,8.1,65.0,ok
20260315,22,1,1.1,6.2,8.3,11.0,24.9,49.8,ok
20260315,22,2,1.4,12.9,11.7,5.4,3.3,64.8,ok
20260315,22,3,1.6,11.2,2.0,24.1,18.7,28.1,ok
20260315,22,4,1.8,5.1,4.7,7.6,4.1,61.5,ok
20260315,22,5,1.1,5.3,5.8,9.1,82.5,82.5,ok
20260315,22,6,1.3,41.8,2.1,35.8,27.9,20.9,ok
20260315,22,7,1.2,6.3,6.2,5.9,41.0,37.6,ok
20260315,22,8,1.2,15.7,3.8,26.2,8.7,39.3,ok
20260315,22,9,1.8,5.0,2.5,16.2,81.0,9.0,ok
20260315,22,10,1.2,3.1,25.0,8.3,25.0,32.5,ok
20260315,22,11,1.7,5.0,3.3,14.0,14.0,8.8,ok
20260315,22,12,1.4,3.7,5.9,8.6,14.0,33.8,ok
20260316,01,1,4.0,1.9,7.5,3.9,6.1,26.3,ok
20260316,01,2,1.6,4.1,12.3,3.2,24.7,15.4,ok
20260316,01,3,2.6,10.0,10.0,14.1,70.5,1.5,ok
20260316,01,4,1.6,7.8,8.5,12.7,10.2,3.2,ok
20260316,01,5,2.7,9.8,2.5,4.5,54.0,4.3,ok
20260316,01,6,1.0,32.8,8.2,17.5,8.4,37.8,ok
20260316,01,7,1.1,55.1,3.2,17.1,16.5,62.0,ok
20260316,01,8,3.1,2.2,25.6,11.7,2.3,47.0,ok
20260316,01,9,2.5,2.7,2.6,9.8,14.4,27.0,ok
20260316,01,10,2.0,2.3,4.3,13.8,28.5,15.2,ok
20260316,01,11,1.9,2.8,3.6,7.9,23.1,46.3,ok
20260316,01,12,1.4,7.6,12.8,5.0,5.0,25.3,ok
20260316,03,1,1.5,14.5,2.7,21.7,9.3,10.0,ok
20260316,03,2,2.4,3.5,4.6,7.4,6.4,6.9,ok
20260316,03,3,4.0,1.7,4.3,22.3,5.3,19.1,ok
20260316,03,4,2.2,8.0,1.7,14.4,48.2,12.0,ok
20260316,03,5,2.1,4.3,3.0,21.6,5.7,10.1,ok
20260316,03,6,2.2,5.8,36.0,1.6,25.7,30.0,ok
20260316,03,7,3.5,3.3,3.2,5.1,12.5,5.5,ok
20260316,03,8,1.0,9.9,16.5,7.1,18.6,37.3,ok
20260316,03,9,1.4,9.6,43.5,3.3,,5.1,ok
20260316,03,10,2.4,1.5,8.0,10.3,36.3,48.5,ok
20260316,03,11,1.1,9.9,5.4,9.9,43.2,14.4,ok
20260316,03,12,1.0,11.8,6.8,11.8,18.6,21.7,ok
20260316,05,1,2.7,26.2,1.5,6.1,26.2,9.5,ok
20260316,05,2,3.0,3.3,5.1,4.4,5.8,8.9,ok
20260316,05,3,2.3,4.2,4.0,3.5,12.6,14.7,ok
20260316,05,4,4.7,1.7,6.1,6.9,4.5,26.7,ok
20260316,05,5,1.3,10.8,3.6,12.8,8.2,70.5,ok
20260316,05,6,1.1,18.8,4.8,66.0,18.8,7.7,ok
20260316,05,9,1.1,7.3,8.0,22.1,8.0,88.5,ok
20260316,05,10,1.0,7.2,17.7,17.7,24.4,39.1,ok
20260316,05,11,1.3,7.5,4.5,5.1,27.5,82.5,ok
20260316,05,12,1.5,3.6,5.2,8.5,14.1,25.7,ok
20260316,06,1,1.8,2.5,10.0,8.1,7.5,22.5,ok
20260316,06,2,1.5,4.3,8.0,4.0,24.0,48.0,ok
20260316,06,3,1.0,14.4,7.5,20.5,11.0,36.0,ok
20260316,06,5,3.0,14.1,2.7,3.5,17.6,4.4,ok
20260316,06,6,1.7,10.5,21.0,63.0,6.3,2.2,ok
20260316,06,7,1.4,48.7,48.7,2.1,16.2,12.1,ok
20260316,06,8,2.7,1.8,5.7,5.2,39.9,39.9,ok
20260316,06,9,1.5,22.5,19.2,4.8,19.2,3.0,ok
20260316,06,10,1.4,4.1,10.2,4.9,11.0,44.2,ok
20260316,06,11,1.0,4.4,13.3,23.7,71.2,71.2,ok
20260316,06,12,1.0,6.0,12.6,21.6,75.7,75.7,ok
20260316,07,1,2.3,10.3,1.4,62.2,37.3,14.3,ok
20260316,07,2,1.9,4.8,16.2,2.8,5.4,48.7,ok
20260316,07,3,1.0,9.2,157.5,78.7,7.8,52.5,ok
20260316,07,4,1.7,13.2,52.9,1.8,9.4,88.2,ok
20260316,07,5,2.0,17.6,5.0,28.8,19.8,2.0,ok
20260316,07,6,2.6,19.8,7.9,43.0,23.4,1.4,ok
20260316,07,7,1.4,17.7,2.5,5.7,35.4,283.5,ok
20260316,07,8,1.0,31.4,20.5,22.2,41.0,15.2,ok
20260316,07,9,1.1,5.5,8.3,21.7,21.7,26.8,ok
20260316,07,10,1.0,9.3,9.8,15.2,21.0,25.9,ok
20260316,07,11,2.0,6.1,1.9,12.9,22.9,24.0,ok
20260316,07,12,1.2,13.6,6.8,5.1,15.6,14.5,ok
20260316,10,1,1.0,13.0,13.0,26.1,11.8,26.1,ok
20260316,10,2,1.0,9.9,17.4,34.8,34.8,69.7,ok
20260316,10,3,1.8,5.1,2.3,11.8,19.3,45.2,ok
20260316,10,4,1.3,6.2,12.0,21.0,3.8,42.1,ok
20260316,10,5,2.0,9.5,3.7,5.1,20.6,4.2,ok
20260316,10,6,3.6,3.0,9.5,7.9,15.8,2.2,ok
20260316,10,7,3.9,1.6,2.4,55.2,27.6,55.2,ok
20260316,10,8,2.2,15.5,5.4,21.7,1.7,54.3,ok
20260316,10,9,1.5,8.0,2.9,6.1,18.3,42.7,ok
20260316,10,10,3.7,1.1,19.4,12.5,42.7,30.5,ok
20260316,10,11,1.1,14.6,26.4,26.4,3.3,26.4,ok
20260316,10,12,1.2,5.8,6.9,10.9,12.4,15.8,ok
20260316,11,1,2.6,3.2,20.5,3.8,4.3,8.7,ok
20260316,11,2,1.3,4.9,5.6,9.8,18.0,13.5,ok
20260316,11,3,1.7,13.3,3.5,13.3,16.6,3.7,ok
20260316,11,5,5.5,1.5,2.8,139.5,7.7,34.8,ok
20260316,11,7,1.9,4.7,4.7,3.8,21.3,10.6,ok
20260316,11,8,1.1,5.5,5.5,18.7,23.4,93.7,ok
20260316,11,9,1.3,4.2,25.5,17.0,25.5,4.6,ok
20260316,11,11,1.1,3.9,18.0,15.0,18.0,22.5,ok
20260316,11,12,1.0,14.4,54.4,3.7,61.2,25.7,ok
20260316,13,1,1.3,4.7,13.9,7.2,10.2,20.4,ok
20260316,13,2,1.2,6.1,5.1,13.8,39.4,13.8,ok
20260316,13,3,1.6,7.5,8.1,3.1,10.6,20.3,ok
20260316,13,4,1.3,3.4,10.2,15.9,7.9,28.6,ok
20260316,13,5,1.6,1.7,10.4,22.8,45.6,121.7,ok
20260316,13,6,1.0,14.3,12.3,11.9,17.1,44.9,ok
20260316,13,7,1.5,9.3,2.8,15.0,7.5,22.5,ok
20260316,13,8,1.0,15.0,10.3,17.0,13.0,9.3,ok
20260316,13,9,1.0,12.9,18.0,10.0,6.5,40.1,ok
20260316,13,10,1.2,21.2,4.5,6.9,11.7,18.9,ok
20260316,13,11,1.2,11.5,8.8,4.2,15.2,27.2,ok
20260316,13,12,1.0,13.8,12.5,7.0,10.5,29.6,ok
20260316,16,1,1.2,7.8,7.8,23.6,28.3,4.8,ok
20260316,16,2,1.7,4.7,3.1,22.9,16.3,7.1,ok
20260316,16,3,2.5,8.7,4.7,3.7,5.8,5.8,ok
20260316,16,4,2.2,11.5,4.9,4.0,7.4,4.7,ok
20260316,16,6,1.1,7.8,3.6,109.5,36.5,54.7,ok
20260316,16,7,1.2,10.1,13.5,20.2,4.2,20.2,ok
20260316,16,8,1.6,16.2,9.7,3.3,12.1,5.1,ok
20260316,16,9,1.2,12.0,14.4,5.1,24.1,7.2,ok
20260316,16,10,1.0,8.4,9.0,20.5,28.8,24.0,ok
20260316,16,11,1.3,8.3,8.6,10.6,6.5,11.9,ok
20260316,16,12,1.3,5.0,10.8,7.0,11.7,18.5,ok
20260316,19,1,1.6,6.7,10.6,4.0,12.9,5.8,ok
20260316,19,2,1.8,16.0,4.8,3.0,21.3,6.4,ok
20260316,19,3,2.3,7.1,6.0,9.9,14.7,2.2,ok
20260316,19,4,2.0,9.6,4.8,5.6,2.9,31.9,ok
20260316,19,5,1.2,5.0,7.8,17.1,6.3,85.9,ok
20260316,19,6,1.5,2.5,10.8,44.5,6.3,23.6,ok
20260316,19,7,1.3,18.7,5.1,4.2,11.8,19.5,ok
20260316,19,8,1.9,2.6,8.6,9.7,6.7,15.5,ok
20260316,19,9,1.1,6.3,9.1,9.5,9.7,50.7,ok
20260316,19,10,1.5,7.3,3.8,18.8,5.0,26.5,ok
20260316,19,11,1.7,3.8,2.5,29.8,14.0,83.2,ok
20260316,19,12,1.5,14.7,1.9,31.1,30.2,33.0,ok
20260316,21,1,1.2,7.9,11.1,7.9,5.0,55.8,ok
20260316,21,4,1.0,10.7,11.5,10.7,17.9,12.4,ok
20260316,21,5,1.0,10.3,8.0,13.1,13.7,24.0,ok
20260316,21,6,2.6,7.8,3.7,2.5,9.5,17.2,ok
20260316,21,7,1.5,3.9,4.1,14.6,11.7,58.5,ok
20260316,21,8,7.1,2.6,6.0,1.6,39.3,78.7,ok
20260316,21,9,1.8,2.3,16.5,9.0,74.2,6.0,ok
20260316,21,10,1.0,5.7,10.6,18.6,12.4,,ok
20260316,21,11,1.2,2.1,27.8,35.7,83.5,125.2,ok
20260316,21,12,1.0,11.8,6.6,42.4,74.2,49.5,ok
20260317,01,1,1.9,7.8,1.9,12.7,18.4,27.6,ok
20260317,01,2,4.5,1.8,6.0,8.7,5.1,11.4,ok
20260317,01,3,3.7,1.6,17.3,8.0,4.5,14.8,ok
20260317,01,4,2.8,16.3,2.4,2.7,8.1,49.1,ok
20260317,01,5,6.9,13.9,5.6,1.4,4.7,21.8,ok
20260317,01,6,1.0,9.0,9.3,9.0,22.0,25.6,ok
20260317,01,7,1.3,15.1,3.0,18.9,8.5,27.9,ok
20260317,01,8,1.4,10.7,7.9,17.6,3.1,17.6,ok
20260317,01,9,3.9,2.4,5.6,2.6,16.1,18.0,ok
20260317,01,10,1.7,2.8,16.5,8.2,4.9,32.0,ok
20260317,01,11,1.3,4.6,6.9,25.6,11.6,8.1,ok
20260317,01,12,1.6,4.1,7.9,29.6,3.1,41.8,ok
20260317,03,1,1.9,10.0,4.0,4.7,4.4,26.7,ok
20260317,03,2,1.0,43.9,11.3,35.1,23.4,70.3,ok
20260317,03,3,1.6,2.8,4.4,15.1,25.2,25.2,ok
20260317,03,5,1.6,2.6,4.6,23.2,23.2,31.0,ok
20260317,03,6,1.7,9.3,7.8,2.1,31.2,31.2,ok
20260317,03,7,4.5,1.2,15.4,6.1,61.8,17.6,ok
20260317,03,8,1.8,9.6,4.5,4.8,14.5,4.8,ok
20260317,03,9,1.2,9.3,16.4,3.2,65.6,21.8,ok
20260317,03,10,1.0,10.5,8.4,10.5,14.0,28.0,ok
20260317,03,11,2.2,4.8,9.3,2.4,8.5,15.9,ok
20260317,03,12,3.4,1.4,8.0,10.8,10.8,38.0,ok
20260317,06,1,1.5,3.3,19.5,3.7,19.5,39.1,ok
20260317,06,2,1.8,2.7,5.5,7.5,11.6,52.5,ok
20260317,06,3,2.8,2.3,5.3,6.2,6.2,23.8,ok
20260317,06,4,1.3,6.1,4.2,16.0,13.3,20.0,ok
20260317,06,5,1.9,47.7,1.9,6.2,8.9,47.7,ok
20260317,06,6,2.1,12.8,4.7,5.1,,2.6,ok
20260317,06,7,2.6,10.8,1.8,32.6,9.3,5.4,ok
20260317,06,8,1.2,6.5,14.1,4.7,16.9,28.2,ok
20260317,06,9,2.2,10.5,2.0,14.1,16.9,5.2,ok
20260317,06,10,1.2,,6.0,14.4,10.3,5.7,ok
20260317,06,11,1.6,2.9,8.7,6.7,6.9,,ok
20260317,06,12,1.3,4.9,7.6,10.8,7.6,32.6,ok
20260317,07,1,1.2,14.2,4.7,16.2,6.7,14.2,ok
20260317,07,2,1.1,7.1,22.2,21.0,4.8,31.5,ok
20260317,07,3,1.1,5.6,26.2,15.0,7.7,15.0,ok
20260317,07,4,1.1,7.0,13.3,17.1,12.0,15.0,ok
20260317,07,5,1.2,5.2,8.8,12.2,15.0,17.7,ok
20260317,07,6,1.5,4.1,24.0,4.0,16.2,12.6,ok
20260317,07,7,1.2,14.6,2.5,32.0,32.0,88.1,ok
20260317,07,8,1.6,6.6,7.2,3.1,15.0,20.4,ok
20260317,07,9,1.3,13.0,11.7,6.2,6.0,9.3,ok
20260317,07,10,1.5,4.4,14.1,3.5,14.6,21.5,ok
20260317,07,11,1.3,13.5,8.5,3.1,29.0,31.0,ok
20260317,07,12,1.2,7.1,9.5,4.0,23.5,45.8,ok
20260317,10,1,1.5,4.8,4.8,5.4,14.6,34.2,ok
20260317,10,2,2.6,2.2,33.6,3.8,61.7,4.9,ok
20260317,10,3,1.5,12.1,6.0,30.4,3.4,9.3,ok
20260317,10,4,1.0,15.0,30.0,15.0,24.0,5.4,ok
20260317,10,5,2.0,1.9,32.7,19.6,5.1,19.6,ok
20260317,10,6,7.9,3.8,8.7,1.3,11.7,58.5,ok
20260317,10,7,1.9,7.9,4.4,2.4,23.7,71.2,ok
20260317,10,8,1.2,19.2,8.2,36.0,5.8,7.5,ok
20260317,10,9,3.6,2.3,13.0,2.1,16.0,34.8,ok
20260317,10,10,2.5,7.1,3.9,2.1,21.3,29.8,ok
20260317,10,12,1.4,11.2,8.7,6.0,5.6,12.1,ok
20260317,13,1,1.3,4.5,9.6,12.7,6.6,22.8,ok
20260317,13,2,1.2,9.4,7.4,8.8,11.7,14.5,ok
20260317,13,3,1.5,8.9,6.7,3.8,9.8,14.8,ok
20260317,13,4,1.6,4.8,3.9,4.8,21.1,47.6,ok
20260317,13,5,2.4,2.3,5.0,13.5,5.2,26.1,ok
20260317,13,6,1.2,6.2,8.2,8.0,14.1,23.5,ok
20260317,13,7,1.2,10.8,6.7,12.6,5.5,25.3,ok
20260317,13,8,1.1,8.4,11.1,14.1,9.9,20.2,ok
20260317,13,9,1.5,5.4,6.5,4.8,13.6,13.6,ok
20260317,13,10,1.2,18.8,3.2,13.3,20.5,16.1,ok
20260317,13,11,1.3,2.6,29.5,10.2,17.1,48.2,ok
20260317,13,12,1.4,3.5,4.5,23.3,18.9,37.8,ok
20260317,17,1,1.0,10.8,57.2,15.4,5.6,80.1,ok
20260317,17,2,2.1,1.5,13.6,41.0,61.5,8.7,ok
20260317,17,3,2.9,2.0,3.4,68.2,6.0,25.5,ok
20260317,17,4,2.3,2.3,30.5,3.7,8.1,17.4,ok
20260317,17,5,1.8,3.7,10.8,3.0,10.1,152.2,ok
20260317,17,6,1.1,6.7,11.0,11.9,14.1,12.9,ok
20260317,17,7,5.1,1.9,3.1,3.8,44.2,33.1,ok
20260317,17,8,1.4,8.9,9.2,28.6,4.3,5.9,ok
20260317,17,9,8.6,7.1,1.1,10.7,12.8,64.3,ok
20260317,17,10,2.0,3.6,18.5,4.4,3.8,43.2,ok
20260317,17,11,1.3,4.6,5.6,6.1,52.5,26.2,ok
20260317,17,12,1.3,8.8,6.8,9.0,7.3,13.2,ok
20260317,19,1,4.7,33.0,7.0,1.1,17.3,40.1,ok
20260317,19,2,3.2,4.4,6.6,2.4,34.3,4.5,ok
20260317,19,3,2.5,5.4,3.0,4.9,4.9,50.2,ok
20260317,19,4,2.4,5.6,2.3,3.9,17.9,52.2,ok
20260317,19,5,1.4,13.2,4.9,10.7,4.5,23.2,ok
20260317,19,6,1.9,3.0,9.4,34.2,3.1,32.2,ok
20260317,19,7,2.1,15.1,1.9,5.4,16.7,18.1,ok
20260317,19,8,1.5,5.7,7.7,4.8,15.8,7.6,ok
20260317,19,9,1.1,5.8,12.1,10.3,32.7,10.3,ok
20260317,19,10,2.1,2.8,3.3,7.6,15.3,37.0,ok
20260317,19,11,1.6,2.3,8.5,19.3,9.7,25.7,ok
20260317,19,12,1.1,4.6,8.2,22.5,10.5,49.9,ok
20260317,21,1,1.3,5.8,6.6,6.6,11.7,93.7,ok
20260317,21,2,1.1,12.4,8.0,5.3,14.3,37.2,ok
20260317,21,3,1.0,17.1,7.3,11.4,17.1,34.2,ok
20260317,21,4,1.3,6.6,10.8,3.7,17.3,28.8,ok
20260317,21,5,1.1,9.9,8.2,14.5,8.2,37.9,ok
20260317,21,6,1.4,12.0,3.6,11.4,8.0,10.9,ok
20260317,21,7,1.8,2.5,3.5,31.0,18.6,31.0,ok
20260317,21,8,1.6,5.0,11.0,6.6,7.3,7.3,ok
20260317,21,9,1.6,3.3,5.7,13.5,6.3,54.3,ok
20260317,21,10,1.5,5.4,4.2,8.5,12.7,12.7,ok
20260317,21,11,1.5,20.6,3.4,3.7,20.6,20.6,ok
20260317,21,12,1.1,9.5,12.9,12.3,5.6,29.7,ok
20260317,23,1,1.3,6.3,12.3,4.5,12.3,15.4,ok
20260317,23,2,2.1,3.5,3.1,6.3,51.0,10.2,ok
20260317,23,3,1.7,4.1,7.1,4.7,12.1,13.1,ok
20260317,23,4,1.5,4.6,13.1,4.5,6.0,36.1,ok
20260317,23,5,1.5,5.1,4.6,5.9,16.6,14.5,ok
20260317,23,6,1.4,5.9,4.6,10.9,10.0,11.9,ok
20260317,23,7,1.6,4.7,2.9,9.4,33.4,23.0,ok
20260317,23,8,1.6,2.2,11.8,16.9,9.8,19.7,ok
20260317,23,9,1.9,4.3,5.6,6.3,5.5,12.8,ok
20260317,23,10,1.2,10.5,9.6,18.0,4.2,31.5,ok
20260317,23,11,1.5,12.1,2.2,11.3,12.1,,ok
20260317,23,12,1.0,9.1,20.2,11.5,38.5,47.5,ok
20260318,01,1,1.8,3.6,4.0,4.5,40.5,40.5,ok
20260318,01,2,2.1,2.2,7.0,11.2,5.6,56.2,ok
20260318,01,3,2.4,3.6,4.1,10.5,7.2,5.5,ok
20260318,01,4,1.9,2.9,42.3,4.7,16.9,5.2,ok
20260318,01,5,3.6,3.8,1.7,6.6,50.2,17.9,ok
20260318,01,6,1.0,14.7,12.3,14.7,11.9,23.8,ok
20260318,01,7,1.6,9.4,2.3,8.2,32.9,29.2,ok
20260318,01,8,3.7,7.0,7.0,2.4,2.6,342.0,ok
20260318,01,9,4.0,1.5,17.0,5.1,7.0,30.6,ok
20260318,01,10,2.0,14.5,2.1,4.0,30.0,36.4,ok
20260318,01,11,1.1,6.1,18.2,5.5,17.0,48.0,ok
20260318,01,12,1.5,5.4,4.5,8.5,11.8,10.2,ok
20260318,03,1,2.5,1.8,6.7,12.1,15.1,8.6,ok
20260318,03,2,2.9,9.5,6.6,1.4,44.5,26.7,ok
20260318,03,3,2.0,2.7,9.6,10.5,7.7,6.8,ok
20260318,03,4,2.1,3.7,3.3,5.0,20.3,17.4,ok
20260318,03,5,3.6,1.4,11.0,9.4,16.5,11.6,ok
20260318,03,6,1.5,4.6,8.1,9.7,5.7,12.1,ok
20260318,03,7,1.0,4.1,31.1,24.9,24.9,31.1,ok
20260318,03,8,1.1,7.9,6.6,9.1,119.2,19.8,ok
20260318,03,9,2.1,2.5,9.7,4.3,13.0,15.6,ok
20260318,03,10,1.6,5.6,5.6,15.5,12.4,4.1,ok
20260318,03,11,1.2,12.1,2.6,21.9,43.8,73.0,ok
20260318,03,12,1.5,23.0,27.6,1.6,69.0,46.0,ok
20260318,04,1,5.1,4.3,1.3,18.7,14.0,18.7,ok
20260318,04,2,9.0,22.9,1.0,42.5,14.8,74.4,ok
20260318,04,3,2.4,2.7,12.0,5.9,3.6,34.6,ok
20260318,04,4,3.8,3.6,1.9,4.4,16.3,106.5,ok
20260318,04,6,2.4,2.7,31.7,17.0,4.3,3.9,ok
20260318,04,7,2.4,13.6,1.6,7.3,19.0,23.8,ok
20260318,04,8,1.4,22.5,16.8,2.3,13.5,22.5,ok
20260318,04,9,1.1,11.7,7.1,9.7,11.0,82.5,ok
20260318,04,10,2.0,2.5,11.7,5.2,21.1,8.1,ok
20260318,04,11,1.3,4.4,9.9,5.8,14.3,21.5,ok
20260318,04,12,1.2,9.8,5.1,12.1,8.9,13.7,ok
20260318,08,1,1.0,99.7,14.9,99.7,23.0,299.2,ok
20260318,08,3,1.1,15.6,7.0,9.7,7.8,19.5,ok
20260318,08,5,3.3,13.7,2.6,13.7,5.5,3.0,ok
20260318,08,6,2.1,1.4,13.4,24.0,17.6,56.0,ok
20260318,08,7,2.0,2.0,20.0,5.3,11.4,40.1,ok
20260318,08,9,1.6,9.7,3.7,5.4,9.7,16.2,ok
20260318,08,10,2.1,8.7,2.1,5.2,13.1,26.2,ok
20260318,08,11,1.4,6.7,10.9,12.5,7.9,4.6,ok
20260318,08,12,2.1,25.5,3.6,8.5,4.6,4.6,ok
20260318,10,1,1.5,5.8,4.1,8.0,9.0,24.0,ok
20260318,10,2,1.6,2.3,16.7,11.7,7.8,29.2,ok
20260318,10,3,2.9,30.2,1.0,40.3,121.1,242.2,ok
20260318,10,4,1.4,23.1,3.9,55.5,3.1,138.7,ok
20260318,10,5,1.6,7.3,21.9,3.6,3.8,87.7,ok
20260318,10,6,1.3,10.0,8.9,10.0,11.4,5.3,ok
20260318,10,7,1.4,11.1,9.2,18.5,27.7,2.9,ok
20260318,10,9,2.7,6.8,3.8,3.5,6.3,8.1,ok
20260318,10,10,1.2,22.8,10.1,6.1,5.0,45.7,ok
20260318,10,11,1.0,13.9,21.9,25.6,38.4,51.2,ok
20260318,10,12,1.5,9.0,8.1,5.0,4.5,45.0,ok
20260318,13,1,1.3,10.2,6.8,6.2,8.4,14.4,ok
20260318,13,2,1.5,3.8,8.1,5.6,10.2,32.7,ok
20260318,13,3,1.4,10.5,4.0,9.8,7.0,14.7,ok
20260318,13,4,1.3,5.8,9.7,5.3,12.1,29.1,ok
20260318,13,5,1.1,8.4,8.9,9.9,19.9,21.9,ok
20260318,13,6,1.1,10.1,5.2,19.3,12.0,24.1,ok
20260318,13,7,1.1,9.1,8.7,8.2,11.7,,ok
20260318,13,8,2.0,2.4,13.5,4.7,15.5,13.1,ok
20260318,13,9,1.2,4.5,10.7,12.2,12.2,19.0,ok
20260318,13,10,1.1,7.4,8.6,13.1,8.4,25.3,ok
20260318,13,11,1.1,6.5,17.5,7.7,15.3,44.5,ok
20260318,13,12,1.1,4.8,11.9,14.8,17.2,36.4,ok
20260318,14,1,1.0,8.2,33.0,8.2,14.1,28.2,ok
20260318,14,2,1.1,4.2,14.5,39.9,15.9,31.9,ok
20260318,14,3,1.0,59.0,5.5,13.6,16.0,29.5,ok
20260318,14,4,1.4,12.8,10.5,2.9,27.0,11.0,ok
20260318,14,5,1.2,22.5,10.2,5.3,8.6,14.0,ok
20260318,14,6,2.1,21.1,1.9,5.0,14.6,31.7,ok
20260318,14,7,4.2,5.9,11.8,9.6,51.5,1.3,ok
20260318,14,8,2.4,4.5,8.7,12.4,2.1,29.0,ok
20260318,14,9,2.4,3.1,4.6,4.2,8.5,25.5,ok
20260318,14,10,4.5,2.6,2.6,4.3,13.0,23.4,ok
20260318,14,11,2.2,6.7,4.0,4.5,13.5,5.0,ok
20260318,14,12,1.3,9.4,5.4,17.3,6.5,14.8,ok
20260318,17,1,1.1,11.4,7.6,8.4,20.0,10.7,ok
20260318,17,3,3.2,5.6,2.5,4.2,5.4,24.6,ok
20260318,17,4,1.5,24.7,41.2,9.5,61.8,1.9,ok
20260318,17,5,2.6,2.1,6.1,9.4,10.1,9.4,ok
20260318,17,6,1.4,9.0,5.6,4.1,28.2,17.3,ok
20260318,17,7,2.0,11.1,2.8,3.6,11.9,23.8,ok
20260318,17,8,1.8,8.8,3.1,8.8,4.5,30.2,ok
20260318,17,9,2.2,1.7,11.0,5.5,22.6,96.3,ok
20260318,17,10,3.8,20.7,1.2,19.1,8.3,24.9,ok
20260318,17,11,1.2,6.8,3.7,17.3,29.3,22.4,ok
20260318,17,12,1.4,5.6,5.5,5.8,18.0,14.4,ok
20260318,20,1,1.0,16.6,7.4,8.3,22.2,66.7,ok
20260318,20,2,7.4,5.1,3.7,1.4,65.0,86.7,ok
20260318,20,3,4.6,17.5,1.0,140.2,140.2,20.0,ok
20260318,20,4,1.5,10.8,6.6,10.8,7.2,5.1,ok
20260318,20,5,1.2,3.6,28.1,7.2,31.2,14.8,ok
20260318,20,6,2.8,3.1,9.7,29.1,21.4,2.0,ok
20260318,20,7,1.3,3.0,13.5,19.7,8.5,25.7,ok
20260318,20,8,1.2,4.2,6.3,23.4,21.8,43.6,ok
20260318,20,9,1.1,13.8,7.3,8.7,8.4,78.7,ok
20260318,20,10,1.8,13.6,2.1,9.3,10.2,17.5,ok
20260318,20,11,1.1,14.8,12.5,6.5,12.1,12.5,ok
20260318,20,12,1.2,12.6,6.4,13.1,9.1,11.3,ok
20260318,23,1,1.9,7.8,4.2,6.1,3.7,57.5,ok
20260318,23,2,1.7,6.3,4.1,7.1,4.8,46.3,ok
20260318,23,3,1.6,7.6,5.7,8.1,5.7,8.7,ok
20260318,23,4,8.5,3.8,1.4,5.1,34.2,17.1,ok
20260318,23,5,1.3,3.1,16.5,6.8,22.0,33.1,ok
20260318,23,6,1.1,5.5,9.4,12.2,14.8,28.2,ok
20260318,23,7,1.9,2.8,5.3,16.5,9.4,7.8,ok
20260318,23,8,1.1,13.0,13.0,3.8,52.1,20.8,ok
20260318,23,9,1.7,4.2,4.7,5.9,10.7,19.7,ok
20260318,23,10,1.4,14.5,10.9,13.6,3.0,14.5,ok
20260318,23,11,1.3,7.3,5.6,6.0,8.7,58.5,ok
20260318,23,12,1.9,3.5,4.5,6.9,7.9,18.0,ok
20260318,24,1,1.5,8.5,10.6,6.2,26.7,3.5,ok
20260318,24,2,2.9,2.3,8.7,3.7,8.0,18.2,ok
20260318,24,3,2.4,1.8,5.6,13.7,8.4,43.2,ok
20260318,24,4,1.0,7.5,19.5,47.2,19.5,113.4,ok
20260318,24,5,1.7,7.9,3.6,11.3,12.9,4.6,ok
20260318,24,6,1.0,14.2,10.1,17.5,10.6,20.7,ok
20260318,24,7,1.1,8.0,8.4,8.7,16.9,19.2,ok
20260318,24,8,1.5,15.6,2.8,8.7,8.0,59.3,ok
20260318,24,9,1.3,4.8,10.2,6.8,10.4,38.9,ok
20260318,24,10,1.4,10.6,5.4,5.4,8.1,20.2,ok
20260318,24,11,1.2,8.0,6.7,9.3,8.1,18.3,ok
20260318,24,12,1.4,10.0,3.0,8.0,21.9,24.8,ok
20260319,01,1,10.0,1.6,2.2,80.2,10.0,16.0,ok
20260319,01,2,3.2,6.7,1.7,5.1,10.9,29.2,ok
20260319,01,3,2.7,2.5,3.7,18.5,11.1,6.1,ok
20260319,01,4,3.9,1.7,2.1,23.0,145.7,87.4,ok
20260319,01,5,1.9,2.0,79.8,4.0,22.8,35.5,ok
20260319,01,6,1.7,1.9,29.4,7.5,15.7,33.6,ok
20260319,01,7,1.4,12.3,2.5,8.2,35.9,39.5,ok
20260319,01,8,1.0,11.8,18.0,23.2,7.8,28.6,ok
20260319,01,9,1.3,2.5,26.1,24.1,11.6,62.8,ok
20260319,01,10,1.1,16.4,4.1,29.5,12.6,49.2,ok
20260319,01,11,1.0,17.1,5.3,12.5,34.3,20.6,ok
20260319,01,12,1.3,3.7,16.0,11.7,9.2,23.5,ok
20260319,02,1,2.4,10.9,10.9,1.8,6.0,36.5,ok
20260319,02,2,5.0,5.4,1.5,11.8,8.8,10.9,ok
20260319,02,3,2.2,1.7,27.3,10.9,6.0,54.7,ok
20260319,02,4,1.9,4.9,14.8,8.4,6.5,3.7,ok
20260319,02,5,1.8,14.5,5.5,2.3,18.1,14.5,ok
20260319,02,6,2.6,2.3,7.0,4.8,11.0,11.0,ok
20260319,02,7,1.2,15.3,13.4,3.4,11.9,53.6,ok
20260319,02,8,4.1,7.8,1.9,19.5,2.6,78.0,ok
20260319,02,9,1.2,3.8,7.0,14.8,19.0,44.5,ok
20260319,02,10,1.8,5.7,5.7,3.1,8.9,32.7,ok
20260319,02,11,3.6,4.9,2.3,2.5,30.9,123.7,ok
20260319,02,12,2.5,4.2,1.8,10.6,28.5,24.4,ok
20260319,03,1,1.5,4.7,4.7,5.0,17.8,71.2,ok
20260319,03,2,1.6,2.0,9.9,7.9,39.7,119.2,ok
20260319,03,3,1.1,7.7,11.3,9.2,11.3,49.2,ok
20260319,03,4,2.0,9.0,2.8,5.8,10.2,9.5,ok
20260319,03,5,2.5,4.9,7.0,56.6,1.7,56.6,ok
20260319,03,6,1.2,5.7,8.0,26.0,20.8,6.9,ok
20260319,03,7,1.7,5.9,6.7,2.9,23.6,15.7,ok
20260319,03,8,1.5,9.5,7.8,2.4,26.7,66.7,ok
20260319,03,9,1.3,7.4,6.5,19.7,6.5,9.8,ok
20260319,03,10,1.2,6.3,7.1,7.1,19.0,14.2,ok
20260319,03,11,1.0,5.6,25.3,33.7,40.5,202.5,ok
20260319,03,12,1.0,15.8,11.4,18.7,9.8,29.4,ok
20260319,04,1,4.0,8.0,7.3,8.8,8.0,1.7,ok
20260319,04,2,5.5,4.7,6.4,6.8,1.6,36.7,ok
20260319,04,3,2.9,10.0,2.2,9.2,3.7,15.8,ok
20260319,04,4,2.3,2.1,4.8,19.3,24.1,6.9,ok
20260319,04,5,1.4,4.9,12.0,13.1,4.1,28.9,ok
20260319,04,6,3.1,2.4,3.0,18.1,6.0,18.1,ok
20260319,04,7,2.8,1.8,9.4,5.4,9.4,18.9,ok
20260319,04,8,2.0,4.7,5.1,2.8,20.7,20.7,ok
20260319,04,9,1.3,18.4,5.1,10.2,6.1,13.1,ok
20260319,04,10,1.7,7.1,3.8,5.1,9.5,14.2,ok
20260319,04,11,2.4,4.6,7.6,2.5,6.9,23.0,ok
20260319,04,12,1.0,64.6,18.4,15.2,129.3,17.2,ok
20260319,08,1,1.0,20.2,15.1,30.3,60.7,30.3,ok
20260319,08,2,3.5,4.1,1.8,9.5,9.5,16.6,ok
20260319,08,3,3.5,8.2,3.5,1.7,24.7,24.7,ok
20260319,08,4,1.0,30.0,22.5,18.0,45.0,4.0,ok
20260319,08,5,1.1,26.2,5.2,26.2,13.1,6.5,ok
20260319,08,6,1.2,29.1,5.8,48.5,5.3,9.7,ok
20260319,08,7,2.5,2.2,11.0,6.6,5.5,16.5,ok
20260319,08,8,2.5,7.2,2.1,8.1,6.5,16.3,ok
20260319,08,10,2.0,20.2,2.6,13.5,3.2,40.5,ok
20260319,08,11,1.4,10.9,27.3,13.6,2.7,13.6,ok
20260319,08,12,1.8,2.7,4.2,8.5,19.3,25.7,ok
20260319,10,1,1.3,3.7,8.2,8.2,18.2,45.5,ok
20260319,10,2,1.0,12.3,36.9,11.5,61.5,36.9,ok
20260319,10,3,1.0,8.0,11.6,8.8,26.5,26.5,ok
20260319,10,4,2.3,4.2,4.7,11.4,19.5,3.0,ok
20260319,10,5,2.8,11.7,5.3,1.7,43.0,8.6,ok
20260319,10,6,1.7,3.4,17.0,10.2,3.4,51.0,ok
20260319,10,7,1.7,3.9,3.4,6.7,16.3,38.2,ok
20260319,10,8,1.5,7.3,3.5,8.1,10.5,24.5,ok
20260319,10,9,1.5,9.2,3.2,4.9,14.8,74.2,ok
20260319,10,10,1.3,5.0,11.4,5.7,9.1,22.8,ok
20260319,10,11,1.2,10.3,18.3,15.0,165.0,3.0,ok
20260319,13,1,1.4,9.5,4.5,7.8,8.2,12.9,ok
20260319,13,2,1.1,7.0,9.6,9.6,26.2,15.3,ok
20260319,13,3,1.1,6.2,14.6,8.8,16.0,16.0,ok
20260319,13,4,1.0,10.5,8.9,18.6,20.1,24.2,ok
20260319,13,5,1.0,15.8,9.0,9.7,12.0,36.2,ok
20260319,13,6,1.2,6.8,19.3,11.2,31.6,5.1,ok
20260319,13,7,1.1,6.5,10.8,11.4,15.7,18.0,ok
20260319,13,8,1.2,9.1,6.0,24.9,5.1,24.9,ok
20260319,13,9,1.1,9.6,6.3,9.6,26.1,13.0,ok
20260319,13,10,1.2,7.0,10.2,8.9,6.4,17.2,ok
20260319,13,11,1.2,8.2,15.2,5.0,13.9,20.0,ok
20260319,13,12,1.2,7.5,5.7,6.9,29.5,25.8,ok
20260319,14,1,1.1,16.9,6.2,5.4,36.3,23.1,ok
20260319,14,3,2.2,3.6,2.1,11.7,37.1,27.8,ok
20260319,14,4,1.2,12.4,8.3,6.8,6.3,30.4,ok
20260319,14,5,2.6,2.6,11.4,6.3,3.9,11.9,ok
20260319,14,6,3.0,4.2,7.5,2.2,6.6,30.0,ok
20260319,14,7,4.6,3.4,3.0,3.1,6.9,23.2,ok
20260319,14,8,1.8,4.2,5.5,8.0,18.0,5.5,ok
20260319,14,9,2.3,6.0,2.8,9.9,6.6,6.9,ok
20260319,14,10,3.8,3.6,2.6,6.1,12.2,5.6,ok
20260319,14,11,1.6,5.4,4.1,14.1,17.6,6.4,ok
20260319,14,12,1.8,7.5,2.1,13.5,11.2,33.7,ok
20260319,15,1,1.3,8.5,8.5,5.6,5.6,51.0,ok
20260319,15,2,1.5,22.5,5.0,7.5,5.6,7.5,ok
20260319,15,3,3.8,22.8,5.0,1.4,11.4,22.8,ok
20260319,15,5,4.2,5.0,1.2,20.2,40.5,27.0,ok
20260319,15,6,2.6,5.5,3.6,10.3,3.3,8.2,ok
20260319,15,7,1.8,6.0,4.6,4.1,22.0,8.6,ok
20260319,15,8,1.3,3.5,13.8,7.0,41.4,18.1,ok
20260319,15,9,1.2,3.6,13.5,18.0,13.5,16.2,ok
20260319,15,10,1.2,12.5,3.2,21.4,13.0,75.0,ok
20260319,15,11,1.0,14.4,13.6,12.3,8.6,51.9,ok
20260319,15,12,1.8,3.5,11.0,3.3,14.4,20.7,ok
20260319,16,1,2.7,1.4,9.0,8.1,40.5,81.0,ok
20260319,16,3,2.7,4.8,7.2,6.8,2.4,16.6,ok
20260319,16,4,1.5,4.7,12.9,51.7,2.7,51.7,ok
20260319,16,5,1.3,9.3,10.5,4.4,21.0,10.5,ok
20260319,16,6,3.7,1.1,9.7,24.3,16.2,48.7,ok
20260319,16,7,2.0,22.2,4.1,3.7,66.7,3.7,ok
20260319,16,8,3.3,2.1,3.5,7.0,70.5,7.8,ok
20260319,16,9,1.3,7.4,6.8,6.8,16.3,10.2,ok
20260319,16,11,1.1,4.1,12.4,7.9,29.0,87.0,ok
20260319,16,12,1.6,3.2,4.2,9.5,17.5,105.0,ok
20260319,17,1,1.2,7.0,6.7,5.5,96.5,41.3,ok
20260319,17,2,1.7,3.0,2.8,23.1,138.7,46.2,ok
20260319,17,3,1.1,13.1,4.9,12.1,17.5,52.7,ok
20260319,17,4,1.3,12.1,14.6,4.1,6.3,48.7,ok
20260319,17,5,13.6,6.1,1.4,6.8,4.0,65.4,ok
20260319,17,6,1.0,10.1,10.6,6.5,40.5,50.6,ok
20260319,17,7,1.7,7.4,4.6,3.0,17.8,29.7,ok
20260319,17,8,1.3,23.3,3.2,6.9,15.5,46.6,ok
20260319,17,9,2.2,2.3,12.7,3.2,17.0,51.0,ok
20260319,17,10,2.7,1.6,6.1,8.6,54.1,13.5,ok
20260319,17,11,1.1,42.1,4.5,12.6,9.7,31.5,ok
20260319,17,12,1.0,12.4,15.9,9.8,26.0,7.7,ok
20260319,19,1,1.1,11.7,4.7,11.7,18.4,43.0,ok
20260319,19,2,1.0,12.5,8.3,12.5,16.7,12.5,ok
20260319,19,4,2.7,4.3,3.1,10.1,3.2,61.1,ok
20260319,19,5,2.0,1.4,39.1,17.2,53.8,19.5,ok
20260319,19,7,1.1,2.8,10.8,71.7,29.8,358.5,ok
20260319,19,8,2.1,13.5,1.5,17.8,12.5,84.9,ok
20260319,19,9,1.4,5.4,7.8,6.8,5.9,43.9,ok
20260319,19,10,1.4,21.4,10.7,2.6,24.0,12.0,ok
20260319,19,11,1.0,19.5,8.0,39.0,16.7,16.7,ok
20260319,19,12,1.1,10.5,22.6,5.6,9.4,73.5,ok
20260319,20,1,1.1,10.2,5.6,12.7,51.0,12.7,ok
20260319,20,2,5.0,5.5,2.7,2.5,6.0,33.0,ok
20260319,20,3,1.3,10.1,5.0,111.7,18.6,3.9,ok
20260319,20,4,2.9,6.1,1.9,9.9,9.9,9.9,ok
20260319,20,5,1.2,21.0,35.3,2.4,32.0,51.6,ok
20260319,20,6,2.6,8.6,13.2,39.7,2.0,4.1,ok
20260319,20,7,1.2,16.7,8.7,3.5,45.9,26.2,ok
20260319,20,9,2.2,2.6,2.9,10.2,35.1,22.3,ok
20260319,20,10,2.1,3.1,11.9,2.6,34.0,14.0,ok
20260319,20,11,1.7,15.1,1.9,6.7,55.3,41.5,ok
20260319,20,12,1.1,9.5,15.7,3.9,44.6,33.4,ok
20260319,23,1,1.3,4.9,4.8,15.5,20.1,12.6,ok
20260319,23,2,1.9,7.6,1.7,10.9,51.2,51.2,ok
20260319,23,4,1.3,7.3,3.6,103.5,14.7,8.6,ok
20260319,23,5,3.4,3.2,2.5,5.6,7.7,20.7,ok
20260319,23,6,1.1,5.8,12.5,9.0,14.8,32.7,ok
20260319,23,7,1.6,7.2,4.7,8.0,4.4,40.1,ok
20260319,23,8,1.8,2.0,6.8,16.5,19.8,22.0,ok
20260319,23,9,2.6,4.1,5.0,2.8,9.4,16.5,ok
20260319,23,10,1.1,14.4,14.4,4.1,28.8,28.8,ok
20260319,23,11,1.2,14.1,7.7,18.1,16.3,4.5,ok
20260319,23,12,1.8,1.7,9.2,37.0,31.7,18.5,ok
20260319,24,1,3.2,3.4,20.9,1.6,29.6,29.6,ok
20260319,24,2,1.5,2.2,7.8,11.7,117.0,117.0,ok
20260319,24,3,1.6,3.1,3.2,33.3,38.8,21.2,ok
20260319,24,4,4.5,4.9,2.2,8.3,36.6,3.0,ok
20260319,24,5,1.0,16.6,27.7,71.2,18.4,498.7,ok
20260319,24,6,1.2,21.6,3.4,20.4,23.0,12.2,ok
20260319,24,7,1.0,4.9,22.6,21.9,41.0,54.7,ok
20260319,24,8,1.7,3.3,5.1,8.1,13.6,18.8,ok
20260319,24,9,1.5,2.2,15.5,12.1,14.3,51.1,ok
20260319,24,10,1.1,8.8,8.0,13.5,12.3,31.0,ok
20260319,24,11,1.2,6.6,11.8,8.0,7.0,29.9,ok
20260319,24,12,1.6,12.1,3.1,4.9,10.8,32.7,ok
20260320,01,1,1.5,17.6,8.1,3.2,13.2,8.1,ok
20260320,01,2,4.3,21.0,1.2,21.0,6.5,26.2,ok
20260320,01,3,1.6,16.1,14.6,17.9,6.2,2.6,ok
20260320,01,4,1.6,5.6,14.5,4.0,5.9,11.8,ok
20260320,01,5,2.0,12.3,10.0,1.9,80.2,8.0,ok
20260320,01,6,1.4,3.0,8.1,7.9,31.0,34.5,ok
20260320,01,7,1.5,4.3,6.1,4.8,11.8,51.2,ok
20260320,01,8,1.5,6.9,7.2,9.5,4.1,17.1,ok
20260320,01,9,1.7,2.7,14.6,5.4,13.2,16.2,ok
20260320,01,10,1.5,6.2,3.0,6.2,30.0,60.0,ok
20260320,01,11,1.3,3.1,12.3,11.5,11.1,47.7,ok
20260320,01,12,1.1,15.1,4.0,11.8,15.1,38.8,ok
20260320,02,1,2.2,5.8,2.6,7.0,5.8,49.5,ok
20260320,02,2,2.2,14.3,2.2,3.5,11.4,153.0,ok
20260320,02,3,3.9,2.0,7.9,67.3,7.9,3.1,ok
20260320,02,4,2.7,5.4,1.6,12.7,59.5,12.7,ok
20260320,02,5,2.6,11.8,17.1,1.3,31.5,37.8,ok
20260320,02,6,3.7,3.5,2.7,3.3,10.0,50.0,ok
20260320,02,7,1.0,13.5,9.0,9.8,16.7,43.5,ok
20260320,02,8,3.0,3.3,15.5,5.8,31.1,2.3,ok
20260320,02,9,4.4,2.1,2.8,5.2,24.0,16.0,ok
20260320,02,10,1.6,4.5,3.7,9.0,10.3,56.8,ok
20260320,02,11,1.4,7.6,5.4,6.1,7.0,30.7,ok
20260320,02,12,1.0,10.3,8.0,18.0,28.9,24.1,ok
20260320,03,1,1.7,5.8,3.0,7.6,13.2,24.3,ok
20260320,03,2,1.2,14.5,3.3,54.3,12.0,24.1,ok
20260320,03,3,1.9,4.9,5.9,3.2,15.7,13.5,ok
20260320,03,4,5.1,7.4,6.6,1.5,19.0,7.4,ok
20260320,03,5,1.2,6.6,26.5,3.7,19.8,39.7,ok
20260320,03,6,1.6,26.2,10.5,7.5,2.9,8.0,ok
20260320,03,7,1.5,5.4,3.0,23.6,10.1,70.8,ok
20260320,03,8,9.5,3.0,2.0,7.9,3.9,31.7,ok
20260320,03,9,1.5,3.2,6.2,8.1,10.5,105.7,ok
20260320,03,10,1.1,7.8,6.6,7.8,28.7,43.1,ok
20260320,03,11,1.6,9.2,2.8,6.5,30.7,10.2,ok
20260320,03,12,1.3,6.5,7.6,8.8,6.5,18.7,ok
20260320,04,1,4.7,2.7,5.0,3.1,5.2,22.5,ok
20260320,04,2,3.2,4.7,8.3,1.8,12.4,16.6,ok
20260320,04,3,4.2,19.7,2.7,29.6,59.2,1.5,ok
20260320,04,4,2.7,3.0,8.1,2.7,9.3,24.3,ok
20260320,04,5,1.0,17.1,22.8,17.1,45.6,21.0,ok
20260320,04,6,3.4,1.8,3.7,5.3,27.4,49.3,ok
20260320,04,7,1.6,2.7,10.1,6.0,30.3,13.5,ok
20260320,04,8,2.1,9.3,13.7,1.7,13.7,26.1,ok
20260320,04,9,2.1,3.6,3.9,5.2,18.4,11.0,ok
20260320,04,10,1.6,5.8,9.3,8.3,6.6,5.1,ok
20260320,04,11,1.8,4.7,4.2,8.7,,4.5,ok
20260320,04,12,1.2,14.4,7.4,6.0,9.0,19.7,ok
20260320,05,1,2.3,15.2,3.8,2.6,15.2,7.6,ok
20260320,05,2,5.6,2.4,1.4,33.3,47.5,66.6,ok
20260320,05,3,3.5,2.1,2.5,16.8,10.5,28.0,ok
20260320,05,4,1.5,14.6,2.4,14.6,8.4,40.3,ok
20260320,05,5,1.7,11.5,3.3,3.2,57.5,19.1,ok
20260320,05,6,1.2,17.2,2.8,28.7,21.5,17.2,ok
20260320,05,7,4.0,2.1,2.9,15.4,61.8,4.9,ok
20260320,05,8,2.2,7.5,13.7,15.0,16.7,1.8,ok
20260320,05,9,1.4,3.7,18.1,18.1,3.8,48.5,ok
20260320,05,10,1.5,2.8,13.0,16.3,14.5,9.3,ok
20260320,05,11,1.2,15.0,2.8,30.0,30.0,22.5,ok
20260320,05,12,1.8,2.1,6.4,21.7,13.3,16.8,ok
20260320,06,1,1.5,2.0,12.4,21.7,24.8,24.8,ok
20260320,06,2,4.1,6.7,1.1,45.2,13.5,135.7,ok
20260320,06,3,1.9,3.9,8.2,14.8,3.0,24.7,ok
20260320,06,4,1.0,13.3,11.7,6.2,93.7,13.3,ok
20260320,06,5,1.9,2.3,5.9,50.1,9.2,10.0,ok
20260320,06,6,14.0,14.9,21.0,30.8,1.0,35.5,ok
20260320,06,7,1.7,6.1,29.0,19.3,29.0,2.1,ok
20260320,06,8,1.0,28.2,7.7,7.7,16.9,28.2,ok
20260320,06,9,1.1,18.0,6.4,7.3,9.5,40.5,ok
20260320,06,10,1.3,6.7,15.3,5.1,15.3,7.1,ok
20260320,06,11,1.4,15.6,2.9,21.9,7.8,21.9,ok
20260320,06,12,1.0,10.2,23.1,11.0,19.7,53.2,ok
20260320,08,1,1.1,6.7,6.1,12.6,18.4,40.5,ok
20260320,08,2,1.2,6.8,13.6,7.5,13.6,11.3,ok
20260320,08,3,4.2,11.6,18.6,1.2,11.6,10.3,ok
20260320,08,4,4.5,1.7,30.4,2.0,121.8,243.7,ok
20260320,08,5,2.8,1.6,14.4,4.8,9.6,57.7,ok
20260320,08,6,4.0,1.0,26.2,28.4,42.6,113.7,ok
20260320,08,7,1.3,3.6,6.3,7.2,60.9,33.8,ok
20260320,08,8,2.3,1.6,22.3,5.5,20.5,35.1,ok
20260320,08,9,4.8,8.5,1.1,20.3,13.8,26.4,ok
20260320,08,10,1.0,21.2,5.3,12.7,31.8,63.7,ok
20260320,08,11,1.8,8.1,8.1,4.0,5.1,9.5,ok
20260320,08,12,1.0,51.7,5.7,8.6,51.7,51.7,ok
20260320,14,1,1.3,17.9,6.4,22.4,8.9,4.2,ok
20260320,14,2,2.6,2.0,7.9,12.1,4.8,15.3,ok
20260320,14,3,1.5,4.5,9.5,4.0,16.9,22.0,ok
20260320,14,4,2.0,7.5,4.3,6.2,3.7,20.1,ok
20260320,14,5,3.6,1.8,10.5,8.1,4.0,17.6,ok
20260320,14,6,2.4,2.4,3.0,8.2,15.1,182.2,ok
20260320,14,7,5.2,1.1,17.0,14.4,18.7,17.0,ok
20260320,14,8,1.1,18.8,26.4,9.4,3.7,66.0,ok
20260320,14,9,3.7,2.0,6.3,7.7,12.6,4.8,ok
20260320,14,10,2.2,4.0,2.3,9.2,25.5,14.5,ok
20260320,14,11,1.3,30.5,7.4,6.1,34.9,4.7,ok
20260320,14,12,1.0,13.4,10.3,28.5,5.8,38.1,ok
20260320,15,1,1.6,3.1,37.0,4.4,8.5,22.2,ok
20260320,15,2,2.3,3.3,3.3,3.9,39.7,39.7,ok
20260320,15,4,6.4,3.5,3.1,3.3,21.0,4.4,ok
20260320,15,5,3.2,1.8,5.7,3.8,52.0,34.6,ok
20260320,15,6,1.7,5.2,4.1,12.3,4.0,70.0,ok
20260320,15,7,1.5,7.9,10.6,3.3,6.5,63.7,ok
20260320,15,8,1.7,20.4,15.1,1.6,52.2,67.1,ok
20260320,15,9,2.0,7.4,2.1,11.2,9.1,20.5,ok
20260320,15,10,1.7,3.6,8.2,5.2,12.7,10.7,ok
20260320,15,11,1.0,11.4,19.3,11.1,9.0,63.6,ok
20260320,15,12,2.0,1.6,6.2,25.7,26.7,33.4,ok
20260320,16,2,2.2,9.6,1.8,19.3,15.4,8.5,ok
20260320,16,3,1.5,9.9,7.0,6.1,4.1,24.7,ok
20260320,16,4,1.5,9.0,4.8,5.2,9.0,15.7,ok
20260320,16,5,1.9,4.6,6.1,4.8,4.8,64.8,ok
20260320,16,9,1.5,2.4,13.9,48.7,6.0,39.0,ok
20260320,16,11,1.0,36.9,4.7,36.9,13.4,73.8,ok
20260320,16,12,1.0,26.5,15.9,7.2,7.2,39.7,ok
20260320,17,1,1.1,18.3,4.5,32.1,25.6,9.6,ok
20260320,17,3,3.3,3.1,17.1,1.7,34.3,21.4,ok
20260320,17,4,3.8,1.2,20.2,8.1,18.9,56.7,ok
20260320,17,5,1.7,3.2,8.0,13.6,4.3,78.3,ok
20260320,17,6,1.2,7.7,8.5,4.0,35.4,31.0,ok
20260320,17,7,8.3,1.8,9.1,1.9,28.9,53.1,ok
20260320,17,8,2.0,5.1,2.1,12.7,20.7,18.4,ok
20260320,17,9,2.7,3.4,2.3,5.4,20.5,34.2,ok
20260320,17,10,1.0,18.4,12.7,47.3,7.5,27.6,ok
20260320,17,11,1.0,6.9,32.0,36.6,9.1,21.3,ok
20260320,17,12,1.0,14.1,6.5,22.7,22.7,37.0,ok
20260320,18,1,1.1,6.7,9.6,6.7,45.0,22.5,ok
20260320,18,2,1.0,7.5,15.0,9.5,19.0,57.1,ok
20260320,18,3,1.2,13.7,8.2,8.6,18.3,6.1,ok
20260320,18,4,1.1,6.5,25.5,5.1,15.0,47.3,ok
20260320,18,5,1.4,2.9,18.9,6.8,27.7,17.1,ok
20260320,18,6,2.3,5.3,3.5,4.0,13.3,8.8,ok
20260320,18,7,1.8,3.0,14.0,2.8,25.7,77.2,ok
20260320,18,8,1.6,2.0,14.4,9.1,24.6,27.3,ok
20260320,18,9,1.7,7.8,2.5,,5.1,23.5,ok
20260320,18,11,1.8,1.8,28.6,6.2,18.2,66.7,ok
20260320,18,12,1.2,5.8,11.2,10.5,12.0,10.5,ok
20260320,19,1,2.7,6.0,4.1,10.8,7.7,3.0,ok
20260320,19,2,1.5,4.1,11.1,6.0,6.0,33.3,ok
20260320,19,3,1.9,3.4,11.8,27.7,83.2,2.4,ok
20260320,19,4,6.2,3.0,19.8,1.5,9.1,39.7,ok
20260320,19,5,1.6,1.7,18.9,14.4,101.2,101.2,ok
20260320,19,6,3.0,1.3,8.0,12.5,45.0,45.0,ok
20260320,19,7,1.7,9.0,11.9,1.9,16.8,370.5,ok
20260320,19,8,2.2,1.7,9.7,16.1,6.9,48.5,ok
20260320,19,9,1.1,6.1,23.1,5.0,15.6,73.2,ok
20260320,19,10,1.3,4.1,8.2,14.3,7.5,34.0,ok
20260320,19,11,1.1,11.3,7.5,11.7,8.9,73.6,ok
20260320,19,12,1.3,6.9,3.8,13.0,33.3,11.4,ok
20260320,20,2,1.5,15.7,7.0,12.6,4.2,6.3,ok
20260320,20,3,1.0,4.9,34.5,34.5,34.5,17.2,ok
20260320,20,4,6.0,8.0,4.2,7.0,2.4,4.0,ok
20260320,20,5,1.0,8.8,33.8,8.8,10.6,33.8,ok
20260320,20,6,1.3,7.6,14.1,3.0,49.5,15.2,ok
20260320,20,7,2.2,21.8,1.4,8.3,49.9,34.9,ok
20260320,20,8,1.2,4.8,6.7,10.9,11.5,69.2,ok
20260320,20,9,1.0,14.4,14.4,34.2,15.6,28.9,ok
20260320,20,10,1.4,4.0,5.4,16.8,13.3,18.7,ok
20260320,20,11,1.3,23.8,21.4,2.7,8.5,42.9,ok
20260320,20,12,1.0,8.3,17.1,32.5,21.7,81.3,ok
20260320,23,1,4.9,7.8,1.2,9.5,14.2,69.4,ok
20260320,23,2,1.9,7.7,1.8,27.4,16.9,29.3,ok
20260320,23,3,1.0,6.9,12.3,12.3,22.2,18.5,ok
20260320,23,4,1.4,14.5,2.3,11.6,32.4,97.2,ok
20260320,23,5,1.0,8.9,15.7,14.5,24.5,17.8,ok
20260320,23,6,1.1,8.2,3.8,23.4,82.1,23.4,ok
20260320,23,7,3.3,4.9,12.2,14.5,1.6,14.5,ok
20260320,23,8,1.2,8.6,7.1,5.4,41.0,20.5,ok
20260320,23,9,1.1,8.2,7.5,22.6,22.6,11.3,ok
20260320,23,10,1.1,5.4,13.1,13.1,10.2,23.0,ok
20260320,23,11,1.1,11.6,4.3,9.8,15.1,197.2,ok
20260320,23,12,1.7,15.5,18.9,1.6,55.3,45.6,ok
20260320,24,1,1.0,8.0,15.3,14.1,11.1,41.0,ok
20260320,24,2,3.3,5.3,2.5,5.1,4.8,21.2,ok
20260320,24,3,1.7,4.6,6.0,6.0,6.5,19.6,ok
20260320,24,4,2.8,18.9,3.0,6.3,2.4,37.8,ok
20260320,24,5,2.5,3.7,3.8,4.0,23.6,7.8,ok
20260320,24,6,1.3,2.8,13.0,13.0,21.3,23.9,ok
20260320,24,7,1.2,2.8,22.8,15.2,10.4,183.0,ok
20260320,24,8,1.3,12.1,5.0,7.1,28.2,8.6,ok
20260320,24,9,1.4,19.8,2.9,9.5,20.8,10.6,ok
20260320,24,10,1.2,10.1,6.5,22.4,19.2,4.8,ok
20260320,24,11,1.3,10.2,2.7,15.9,18.9,29.0,ok
20260320,24,12,1.9,2.0,33.0,22.5,4.0,51.4,ok
20260321,01,1,1.3,7.8,16.5,15.0,4.2,9.7,ok
20260321,01,2,2.0,2.1,9.7,10.4,19.5,7.8,ok
20260321,01,3,1.9,6.8,5.8,2.5,16.6,23.2,ok
20260321,01,4,1.6,14.9,9.5,21.6,2.9,5.8,ok
20260321,01,5,3.5,1.8,8.9,11.4,5.3,8.7,ok
20260321,01,6,1.3,35.2,3.8,25.9,3.7,98.7,ok
20260321,01,7,1.2,4.3,6.2,36.4,14.3,23.6,ok
20260321,01,8,1.0,15.2,6.8,23.7,7.9,26.7,ok
20260321,01,9,1.1,24.8,7.3,7.2,11.9,15.2,ok
20260321,01,10,1.3,7.0,14.9,8.5,7.2,8.2,ok
20260321,01,11,1.2,4.8,16.0,6.0,15.4,43.3,ok
20260321,01,12,2.2,2.5,7.5,5.7,10.7,10.0,ok
20260321,02,1,1.0,39.2,30.5,42.2,68.6,68.6,ok
20260321,02,2,4.1,1.7,2.7,18.9,30.8,15.4,ok
20260321,02,3,1.4,6.2,7.3,8.2,6.2,22.9,ok
20260321,02,4,3.7,1.4,6.3,9.4,13.2,22.1,ok
20260321,02,5,1.9,6.1,7.6,3.0,8.7,12.3,ok
20260321,02,6,4.1,3.4,3.7,6.9,3.4,9.2,ok
20260321,02,7,1.4,9.0,6.2,92.2,4.7,6.8,ok
20260321,02,8,5.6,1.3,22.5,5.8,6.7,27.0,ok
20260321,02,9,1.0,8.0,23.1,9.2,18.5,15.4,ok
20260321,02,10,1.9,13.8,2.1,9.5,7.7,22.6,ok
20260321,02,11,2.8,27.7,4.3,2.0,7.3,11.5,ok
20260321,02,12,1.3,6.0,4.5,13.9,18.1,12.1,ok
20260321,04,1,1.4,9.4,2.5,12.0,22.5,90.0,ok
20260321,04,2,1.5,3.8,4.1,8.3,30.7,30.7,ok
20260321,04,3,1.3,6.0,6.2,6.0,23.5,15.6,ok
20260321,04,4,1.4,10.2,4.0,7.1,6.3,107.6,ok
20260321,04,5,1.1,22.6,12.9,11.3,5.1,20.1,ok
20260321,04,6,1.0,20.2,15.1,15.1,40.5,5.9,ok
20260321,04,7,3.5,6.8,1.8,4.0,13.6,17.0,ok
20260321,04,8,1.8,15.6,6.1,3.6,4.3,17.2,ok
20260321,04,9,1.1,18.4,5.5,12.8,12.8,11.7,ok
20260321,04,10,1.2,3.4,16.2,12.4,14.7,32.4,ok
20260321,04,11,1.3,7.7,9.9,7.7,15.5,5.5,ok
20260321,04,12,1.3,20.2,4.5,7.8,9.4,11.0,ok
20260321,05,1,2.2,3.8,4.6,20.1,3.1,17.2,ok
20260321,05,2,3.4,1.1,17.1,20.6,34.3,30.9,ok
20260321,05,3,3.9,4.6,2.1,23.4,3.1,29.2,ok
20260321,05,4,1.9,3.6,7.5,17.6,12.2,3.7,ok
20260321,05,5,3.5,7.3,11.9,1.9,3.7,21.0,ok
20260321,05,6,1.3,13.2,16.5,2.8,26.4,18.8,ok
20260321,05,7,1.5,3.7,5.1,12.1,13.2,16.1,ok
20260321,05,8,1.0,84.2,42.1,15.7,3.5,84.2,ok
20260321,05,9,1.5,3.7,25.0,9.6,10.4,5.9,ok
20260321,05,10,1.3,4.7,33.3,5.5,13.3,13.3,ok
20260321,05,11,1.0,9.6,11.1,9.4,9.6,122.5,ok
20260321,05,12,1.3,5.9,4.9,9.5,17.8,14.2,ok
20260321,06,1,1.7,8.3,9.1,3.5,8.3,8.3,ok
20260321,06,2,1.7,3.9,3.7,15.7,5.9,47.2,ok
20260321,06,3,3.1,5.6,1.9,6.0,24.7,8.7,ok
20260321,06,4,1.0,5.9,10.5,47.6,13.6,95.2,ok
20260321,06,5,1.2,10.5,6.0,28.2,8.4,10.5,ok
20260321,06,6,1.7,6.0,7.7,3.8,24.0,6.5,ok
20260321,06,7,1.9,4.1,5.2,3.5,13.3,28.8,ok
20260321,06,8,1.3,8.4,11.8,6.1,8.0,9.8,ok
20260321,06,9,1.3,17.7,3.5,8.0,14.7,29.5,ok
20260321,06,10,3.2,1.3,9.1,10.6,14.1,63.7,ok
20260321,06,11,1.3,15.0,3.0,13.6,12.5,25.0,ok
20260321,06,12,1.7,10.6,5.8,19.8,2.3,53.0,ok
20260321,08,1,1.0,5.6,30.0,22.5,15.0,45.0,ok
20260321,08,2,2.8,3.3,2.9,11.2,4.5,33.7,ok
20260321,08,3,1.0,14.0,41.2,41.2,123.6,309.0,ok
20260321,08,4,1.5,7.9,10.2,2.5,20.5,34.2,ok
20260321,08,5,2.5,5.3,2.2,5.0,17.7,17.7,ok
20260321,08,6,2.0,3.4,34.8,15.8,2.5,14.5,ok
20260321,08,7,2.2,6.5,3.0,4.8,6.5,24.3,ok
20260321,08,8,1.1,49.8,3.5,24.9,8.3,49.8,ok
20260321,08,9,3.1,1.3,55.1,66.1,3.9,66.1,ok
20260321,08,10,1.4,3.0,17.2,28.7,28.7,5.3,ok
20260321,08,11,1.4,7.6,9.5,4.2,9.5,12.7,ok
20260321,08,12,1.0,14.6,11.7,10.6,23.4,11.7,ok
20260321,14,1,1.1,15.6,15.6,12.5,3.6,125.2,ok
20260321,14,2,1.7,6.0,3.1,4.3,28.1,169.1,ok
20260321,14,3,1.3,4.3,14.1,4.4,35.2,30.2,ok
20260321,14,4,1.1,21.5,4.6,9.7,14.6,46.1,ok
20260321,14,5,5.3,2.3,2.6,3.8,14.5,53.2,ok
20260321,14,6,2.6,4.5,2.3,10.2,6.0,24.0,ok
20260321,14,8,5.2,4.3,3.1,2.3,7.1,49.8,ok
20260321,14,10,2.0,5.2,3.2,5.9,11.3,10.4,ok
20260321,14,11,1.4,7.6,6.5,14.2,9.1,5.8,ok
20260321,14,12,1.0,11.3,29.9,19.9,29.9,15.9,ok
20260321,15,1,1.7,6.8,5.2,3.3,21.9,15.6,ok
20260321,15,2,1.4,19.2,3.4,8.7,12.0,8.7,ok
20260321,15,3,2.0,7.5,4.2,3.5,5.2,68.2,ok
20260321,15,4,1.5,4.6,4.3,21.7,6.5,32.6,ok
20260321,15,5,1.3,5.1,4.4,8.5,17.1,77.2,ok
20260321,15,6,1.3,21.6,51.9,9.2,2.5,32.4,ok
20260321,15,7,4.9,34.9,1.7,59.8,139.7,1.9,ok
20260321,15,8,1.0,16.6,9.3,12.2,19.3,38.7,ok
20260321,15,9,1.7,11.9,2.2,6.9,21.8,18.7,ok
20260321,15,10,2.5,1.3,17.0,102.0,12.0,15.6,ok
20260321,15,11,1.8,8.9,1.5,57.9,60.1,70.5,ok
20260321,15,12,1.0,7.4,31.5,77.6,33.6,168.2,ok
20260321,16,1,1.6,4.2,7.2,3.6,24.2,24.2,ok
20260321,16,2,2.3,5.7,4.8,2.8,6.2,40.3,ok
20260321,16,3,3.2,2.7,5.8,4.7,5.8,8.7,ok
20260321,16,4,1.4,4.5,49.5,8.2,8.2,7.0,ok
20260321,16,7,3.8,1.1,34.0,7.1,43.7,102.0,ok
20260321,16,8,2.9,13.7,1.4,5.7,24.4,73.2,ok
20260321,16,9,1.2,13.5,13.5,8.1,16.2,5.7,ok
20260321,16,11,1.1,75.7,3.2,25.2,9.4,37.8,ok
20260321,16,12,1.2,18.7,5.1,7.0,14.0,18.7,ok
20260321,17,1,1.1,5.3,17.5,20.5,6.0,102.5,ok
20260321,17,2,1.5,10.7,5.1,4.6,10.7,11.9,ok
20260321,17,3,1.7,2.9,10.4,10.0,4.4,48.1,ok
20260321,17,4,1.6,3.2,11.2,11.9,8.5,9.4,ok
20260321,17,5,1.5,12.5,5.3,6.9,3.5,81.5,ok
20260321,17,6,1.9,11.5,4.7,5.2,3.9,13.0,ok
20260321,17,7,1.1,36.7,5.7,5.5,19.7,21.4,ok
20260321,17,8,1.5,5.5,3.3,10.5,14.5,29.0,ok
20260321,17,9,3.2,7.4,2.6,3.1,6.1,42.2,ok
20260321,17,10,1.4,4.9,4.4,6.6,16.6,42.7,ok
20260321,17,11,1.1,6.4,10.9,9.4,7.4,71.0,ok
20260321,17,12,1.0,4.9,14.7,11.5,28.2,62.1,ok
20260321,18,1,1.0,20.2,10.1,6.4,13.0,36.5,ok
20260321,18,2,1.0,13.8,14.6,23.9,13.8,29.2,ok
20260321,18,3,1.1,8.4,22.2,7.9,9.4,31.1,ok
20260321,18,4,1.0,4.4,16.5,37.7,22.0,66.0,ok
20260321,18,5,2.1,4.4,5.3,2.7,20.9,23.8,ok
20260321,18,7,3.7,22.6,1.1,18.5,17.0,20.4,ok
20260321,18,8,1.3,3.8,27.7,48.5,19.4,4.1,ok
20260321,18,9,2.6,6.8,4.7,2.4,7.3,18.2,ok
20260321,18,10,1.0,6.1,29.0,16.9,18.4,101.6,ok
20260321,18,11,1.0,26.5,7.3,8.8,44.2,33.1,ok
20260321,18,12,1.0,22.7,22.7,16.2,9.8,75.7,ok
20260321,19,1,2.2,6.0,12.0,4.8,2.4,48.0,ok
20260321,19,2,2.7,6.2,4.3,2.4,21.7,8.7,ok
20260321,19,3,1.3,3.3,7.5,30.0,15.0,15.0,ok
20260321,19,4,1.5,15.5,1.9,12.0,36.2,108.7,ok
20260321,19,5,1.7,13.2,3.3,21.1,13.2,3.7,ok
20260321,19,7,2.4,4.6,2.8,5.2,39.3,7.5,ok
20260321,19,8,1.0,16.4,11.9,4.7,26.3,43.8,ok
20260321,19,9,1.4,11.7,23.5,8.1,3.2,15.1,ok
20260321,19,10,1.0,4.5,15.1,105.7,52.8,10.5,ok
20260321,19,11,1.0,46.6,103.7,25.9,77.8,155.6,ok
20260321,19,12,1.9,8.4,6.9,2.0,38.0,30.4,ok
20260321,20,2,4.1,5.1,5.8,2.1,4.5,27.5,ok
20260321,20,4,3.7,6.3,4.5,1.7,13.7,16.5,ok
20260321,20,5,2.0,1.9,30.8,4.1,30.8,37.0,ok
20260321,20,6,2.8,2.2,3.0,44.8,6.1,59.7,ok
20260321,20,7,1.2,5.1,31.0,38.8,5.9,10.3,ok
20260321,20,8,1.3,4.8,4.0,13.1,24.4,28.5,ok
20260321,20,9,1.1,16.6,4.4,28.6,11.1,33.3,ok
20260321,20,10,1.0,5.5,41.5,51.9,38.5,86.6,ok
20260321,20,11,1.2,5.3,16.5,4.7,18.9,22.1,ok
20260321,20,12,1.3,7.8,6.4,3.6,25.0,83.5,ok
20260321,23,1,1.2,2.6,28.2,9.4,84.7,84.7,ok
20260321,23,2,1.4,5.1,34.6,3.4,11.5,27.7,ok
20260321,23,3,1.5,4.7,7.9,14.9,4.7,10.8,ok
20260321,23,4,1.1,5.7,8.0,11.5,15.3,46.1,ok
20260321,23,5,1.3,9.1,6.6,4.0,14.6,73.1,ok
20260321,23,6,1.0,13.6,5.7,12.9,36.9,28.7,ok
20260321,23,7,1.3,7.8,4.9,10.6,5.9,74.6,ok
20260321,23,8,1.2,7.1,8.3,11.0,5.2,99.7,ok
20260321,23,9,1.4,5.3,4.0,8.0,16.0,40.1,ok
20260321,23,10,1.0,8.2,8.4,14.8,24.0,26.0,ok
20260321,23,11,1.0,10.6,18.4,7.1,30.7,30.7,ok
20260321,23,12,1.3,7.0,6.7,5.6,15.2,26.0,ok
20260321,24,1,1.6,3.2,11.6,23.3,31.1,4.0,ok
20260321,24,2,1.5,6.8,4.3,10.3,7.6,12.0,ok
20260321,24,3,1.3,11.7,18.1,3.3,6.8,28.5,ok
20260321,24,4,1.0,10.6,20.3,8.7,44.4,75.2,ok
20260321,24,5,1.0,26.2,12.1,14.8,38.3,90.7,ok
20260321,24,6,1.0,64.8,53.3,53.3,181.5,75.6,ok
20260321,24,7,1.1,19.2,9.0,13.5,5.4,45.0,ok
20260321,24,8,2.1,4.1,2.2,9.7,20.6,29.2,ok
20260321,24,9,1.4,6.9,2.6,16.1,27.5,38.9,ok
20260321,24,10,1.1,8.5,37.2,10.8,5.9,17.3,ok
20260321,24,11,1.0,7.3,15.5,43.3,28.2,41.8,ok
20260321,24,12,1.0,7.7,17.9,24.2,28.1,11.8,ok
20260322,02,1,1.8,9.5,4.3,6.3,3.8,28.5,ok
20260322,02,2,4.6,1.3,11.1,10.4,10.4,8.0,ok
20260322,02,3,5.6,1.0,10.5,73.5,8.6,147.0,ok
20260322,02,4,1.8,2.7,7.7,4.7,21.1,28.2,ok
20260322,02,5,2.1,3.9,8.3,3.0,10.9,12.9,ok
20260322,02,6,3.8,1.8,9.8,8.0,4.1,19.6,ok
20260322,02,7,1.1,7.8,13.5,7.1,14.9,18.6,ok
20260322,02,8,1.3,2.3,9.9,27.8,21.3,90.6,ok
20260322,02,9,1.8,3.3,21.7,3.5,9.8,18.1,ok
20260322,02,10,1.0,19.7,11.3,9.8,22.6,9.8,ok
20260322,02,11,1.7,9.0,6.2,9.8,2.8,29.6,ok
20260322,02,12,1.1,8.6,15.5,10.3,6.7,15.5,ok
20260322,05,1,1.7,5.5,13.3,4.4,26.7,4.0,ok
20260322,05,2,1.1,3.7,10.9,30.1,40.2,30.1,ok
20260322,05,3,1.6,5.8,2.6,18.6,9.3,46.5,ok
20260322,05,4,2.2,4.0,6.5,2.6,9.4,104.2,ok
20260322,05,5,3.9,2.5,1.9,13.5,9.0,189.7,ok
20260322,05,6,3.5,7.0,4.0,2.1,5.9,38.8,ok
20260322,05,8,2.5,18.3,6.1,1.5,30.5,18.3,ok
20260322,05,9,1.2,17.0,5.3,5.1,34.0,34.0,ok
20260322,05,10,1.9,5.5,4.3,4.3,39.0,6.5,ok
20260322,05,11,1.8,2.2,12.6,10.5,11.4,12.6,ok
20260322,05,12,1.3,13.5,9.8,16.2,3.0,36.1,ok
20260322,06,1,1.5,8.2,8.2,4.1,5.3,45.3,ok
20260322,06,2,3.0,7.4,5.0,2.0,15.8,7.9,ok
20260322,06,3,1.5,2.0,17.5,9.1,57.0,114.0,ok
20260322,06,5,4.8,2.1,3.6,3.7,8.2,353.6,ok
20260322,06,6,5.0,6.9,7.9,3.8,7.4,2.1,ok
20260322,06,7,1.6,2.5,26.4,6.3,7.4,185.2,ok
20260322,06,8,1.1,13.2,28.2,3.8,15.0,75.2,ok
20260322,06,9,1.5,5.2,3.0,16.5,16.5,19.8,ok
20260322,06,10,2.9,1.6,23.1,6.0,7.2,38.5,ok
20260322,06,11,1.1,7.3,12.8,9.0,9.6,19.3,ok
20260322,06,12,1.0,10.1,11.8,10.1,11.8,20.2,ok
20260322,08,1,1.1,7.3,14.7,6.9,14.7,20.7,ok
20260322,08,2,2.1,5.1,3.6,36.0,4.5,7.2,ok
20260322,08,3,1.4,11.0,3.7,12.0,13.2,8.8,ok
20260322,08,4,1.6,6.7,4.2,5.9,47.2,6.7,ok
20260322,08,5,1.0,38.6,30.9,22.0,7.0,51.5,ok
20260322,08,6,1.6,9.7,4.4,48.7,9.7,3.4,ok
20260322,08,7,2.7,6.7,3.6,4.2,11.8,4.2,ok
20260322,08,8,2.4,8.8,1.7,6.0,38.2,22.9,ok
20260322,08,10,1.2,6.6,18.9,14.7,5.1,22.1,ok
20260322,08,11,1.5,4.8,11.1,3.0,39.0,78.0,ok
20260322,08,12,1.0,11.9,9.2,15.2,10.4,55.7,ok
20260322,13,1,4.0,21.6,1.2,9.0,9.8,54.0,ok
20260322,13,2,3.0,19.5,2.5,4.3,3.6,19.5,ok
20260322,13,4,1.7,2.2,5.4,60.0,60.0,10.0,ok
20260322,13,5,2.2,2.4,24.5,30.0,135.0,2.4,ok
20260322,13,6,3.1,3.0,10.8,1.7,103.1,68.7,ok
20260322,13,7,1.5,2.1,22.5,11.2,67.5,13.5,ok
20260322,13,9,2.1,7.7,2.2,4.7,41.2,17.6,ok
20260322,13,10,1.3,36.2,9.8,2.7,18.1,27.1,ok
20260322,13,12,1.4,4.9,7.7,9.3,12.3,9.6,ok
20260322,14,1,1.0,11.3,22.7,12.4,34.1,19.5,ok
20260322,14,2,1.2,39.7,2.9,17.6,15.9,22.7,ok
20260322,14,3,1.5,9.7,19.4,4.0,17.9,4.0,ok
20260322,14,4,1.4,6.9,11.0,3.5,9.2,165.7,ok
20260322,14,5,2.3,19.1,5.8,2.7,3.8,19.1,ok
20260322,14,6,1.5,23.2,34.8,2.9,4.6,13.9,ok
20260322,14,7,1.2,16.0,14.2,25.6,7.1,4.9,ok
20260322,14,8,1.0,15.4,23.1,34.6,19.8,138.7,ok
20260322,14,9,1.0,16.5,66.0,16.5,16.5,33.0,ok
20260322,14,10,1.2,3.9,8.7,14.6,8.7,87.7,ok
20260322,14,11,1.1,7.9,8.5,6.5,37.0,55.5,ok
20260322,14,12,1.2,9.2,10.6,9.2,6.6,19.8,ok
20260322,15,1,2.5,5.5,9.0,2.9,4.5,10.3,ok
20260322,15,2,2.0,19.5,4.8,2.6,5.8,19.5,ok
20260322,15,4,2.8,2.0,3.4,10.3,12.4,31.1,ok
20260322,15,5,1.8,6.7,5.7,3.9,4.9,74.6,ok
20260322,15,6,1.8,7.5,2.3,12.5,14.1,14.1,ok
20260322,15,7,2.2,2.0,6.7,5.8,24.9,34.9,ok
20260322,15,8,1.0,6.7,11.6,10.8,12.6,58.3,ok
20260322,15,9,1.1,17.1,5.7,5.4,51.3,25.6,ok
20260322,15,10,1.1,18.8,5.6,56.5,6.7,28.2,ok
20260322,15,11,1.0,8.0,9.0,8.2,29.7,37.2,ok
20260322,15,12,1.1,11.3,16.7,8.7,5.6,20.6,ok
20260322,16,2,2.4,5.8,2.7,4.1,13.7,13.7,ok
20260322,16,3,1.2,6.0,6.0,15.7,9.8,39.3,ok
20260322,16,4,1.1,7.2,14.5,6.2,21.7,21.7,ok
20260322,16,6,1.0,20.2,14.4,20.2,101.2,16.8,ok
20260322,16,7,5.2,10.3,22.3,1.0,47.2,26.5,ok
20260322,17,1,1.0,12.8,7.0,11.8,19.3,22.0,ok
20260322,17,2,1.1,4.1,5.5,56.7,40.5,141.7,ok
20260322,17,3,1.9,3.3,5.8,12.2,17.1,4.7,ok
20260322,17,4,2.0,3.2,9.7,4.0,43.8,6.2,ok
20260322,17,5,1.1,5.6,10.8,8.4,15.4,46.3,ok
20260322,17,6,1.4,4.7,14.7,4.7,14.7,13.0,ok
20260322,17,7,1.3,2.4,30.6,28.1,15.3,33.7,ok
20260322,17,8,1.2,17.9,3.7,4.8,,45.8,ok
20260322,17,9,1.8,6.6,2.6,8.7,8.2,34.8,ok
20260322,17,11,1.0,23.4,7.0,10.5,111.1,11.1,ok
20260322,17,12,1.4,8.3,4.3,4.1,22.4,33.6,ok
20260322,18,1,1.4,16.2,5.9,17.9,3.9,11.9,ok
20260322,18,2,1.3,16.5,27.7,12.8,2.5,58.6,ok
20260322,18,3,1.6,9.0,4.8,3.2,21.3,21.3,ok
20260322,18,4,1.1,5.4,4.5,20.7,38.9,62.2,ok
20260322,18,5,1.4,2.1,16.7,37.6,50.2,11.5,ok
20260322,18,6,1.1,16.5,3.8,21.3,18.6,74.6,ok
20260322,18,7,1.8,14.5,3.1,4.0,8.0,36.3,ok
20260322,18,8,2.9,2.0,5.8,5.3,32.2,8.0,ok
20260322,18,9,1.4,27.0,4.5,4.5,7.7,54.0,ok
20260322,18,10,3.1,6.7,4.6,43.8,29.2,1.6,ok
20260322,18,11,2.8,7.3,2.4,,2.4,34.4,ok
20260322,18,12,1.1,24.7,4.1,19.8,33.0,16.5,ok
20260322,19,1,1.6,3.1,8.4,5.9,8.4,59.2,ok
20260322,19,2,2.2,7.9,2.0,17.1,4.8,102.7,ok
20260322,19,3,1.9,2.8,28.8,5.2,28.8,4.4,ok
20260322,19,5,1.1,6.0,8.5,102.7,6.0,51.3,ok
20260322,19,6,4.4,8.2,1.8,3.5,46.3,6.6,ok
20260322,19,7,1.0,9.4,16.9,9.9,14.1,16.9,ok
20260322,19,8,2.0,15.3,5.8,13.3,3.7,3.6,ok
20260322,19,9,1.2,5.5,12.1,10.8,15.0,10.8,ok
20260322,19,10,1.2,5.8,12.6,6.3,21.0,22.9,ok
20260322,19,11,1.2,7.7,6.8,10.8,8.5,22.5,ok
20260322,19,12,3.0,6.6,1.6,14.0,14.5,8.9,ok
20260322,20,1,2.7,10.5,3.1,5.2,3.6,10.5,ok
20260322,20,2,8.8,4.5,1.2,23.5,28.2,8.2,ok
20260322,20,3,4.1,4.1,4.1,16.5,4.1,3.3,ok
20260322,20,4,3.5,23.5,28.2,1.8,4.4,5.0,ok
20260322,20,5,1.2,6.6,20.7,4.3,34.5,15.9,ok
20260322,20,6,1.2,7.0,6.3,6.3,37.2,43.5,ok
20260322,20,7,1.1,32.6,20.7,14.2,3.3,22.8,ok
20260322,20,8,1.2,3.7,5.4,21.8,43.7,43.7,ok
20260322,20,9,1.0,9.8,12.0,15.3,12.0,27.6,ok
20260322,20,10,1.0,10.8,5.2,28.0,54.2,42.8,ok
20260322,20,11,1.0,54.5,26.4,54.5,58.1,872.2,ok
20260322,20,12,1.3,9.7,2.9,29.3,13.0,50.2,ok
20260322,22,1,1.0,11.6,9.9,11.6,34.8,69.7,ok
20260322,22,3,3.5,6.3,1.2,10.3,82.5,82.5,ok
20260322,22,4,1.6,4.1,2.9,66.7,11.1,33.3,ok
20260322,22,5,1.4,4.1,9.4,3.8,33.0,66.0,ok
20260322,22,6,2.1,2.5,7.3,6.7,8.7,12.5,ok
20260322,22,7,2.2,1.5,4.9,45.1,90.2,135.3,ok
20260322,22,8,1.1,13.6,6.6,19.3,58.1,6.8,ok
20260322,22,9,1.5,33.0,2.8,4.7,22.0,16.5,ok
20260322,22,10,1.2,16.7,10.0,3.8,12.5,16.7,ok
20260322,22,12,1.7,3.5,5.1,7.7,8.2,17.5,ok
20260322,23,1,1.2,6.3,5.4,12.3,30.8,9.7,ok
20260322,23,2,2.1,2.8,9.2,4.2,148.5,6.1,ok
20260322,23,3,1.1,10.9,21.9,4.2,15.6,21.9,ok
20260322,23,4,1.0,12.0,12.0,20.1,24.1,20.1,ok
20260322,23,5,1.1,12.6,8.4,6.6,11.4,63.0,ok
20260322,23,6,1.0,24.4,6.8,31.3,31.3,109.8,ok
20260322,23,7,2.1,3.3,10.9,2.5,38.2,19.1,ok
20260322,23,8,1.5,13.8,2.5,5.9,124.5,15.5,ok
20260322,23,9,1.8,8.0,8.8,2.1,25.1,16.0,ok
20260322,23,10,1.5,6.6,5.0,6.6,10.4,11.1,ok
20260322,23,11,1.0,8.3,10.1,20.2,17.7,20.2,ok
20260322,23,12,1.5,3.9,7.5,10.9,5.9,44.1,ok
20260322,24,1,1.4,3.4,8.4,8.7,13.9,18.2,ok
20260322,24,2,1.3,5.6,8.4,12.2,8.4,8.4,ok
20260322,24,3,1.9,3.8,15.5,4.0,15.5,5.6,ok
20260322,24,4,2.0,2.8,3.3,23.1,9.3,24.1,ok
20260322,24,5,2.2,14.6,16.0,1.7,8.0,18.9,ok
20260322,24,6,1.4,2.5,28.5,9.0,30.6,15.9,ok
20260322,24,7,1.0,6.8,6.1,21.6,52.0,86.7,ok
20260322,24,8,1.2,23.3,4.4,16.4,5.2,29.4,ok
20260322,24,9,1.0,7.4,17.1,20.2,13.9,22.3,ok
20260322,24,10,1.3,4.4,19.9,4.4,13.4,41.1,ok
20260322,24,11,1.4,2.7,8.0,13.6,19.7,28.1,ok
20260322,24,12,1.4,3.9,7.9,13.6,6.0,37.1,ok
20260323,02,1,2.0,6.0,5.6,3.2,6.8,20.4,ok
20260323,02,2,1.4,9.7,4.8,4.8,24.3,10.8,ok
20260323,02,3,2.5,2.7,12.3,2.8,10.7,17.2,ok
20260323,02,4,1.4,10.5,2.7,7.1,68.2,68.2,ok
20260323,02,5,1.5,8.4,6.4,2.9,23.3,93.3,ok
20260323,02,6,1.9,4.3,3.8,11.0,5.2,33.0,ok
20260323,02,7,2.1,6.3,10.6,7.9,2.3,12.7,ok
20260323,02,8,2.1,6.1,3.8,4.4,11.4,8.0,ok
20260323,02,9,1.1,9.0,5.9,9.9,11.6,41.8,ok
20260323,02,10,1.3,4.0,5.7,12.9,14.0,33.6,ok
20260323,02,11,1.7,6.3,12.0,2.7,18.1,9.8,ok
20260323,02,12,1.3,4.3,5.1,6.5,57.1,228.7,ok
20260323,05,1,3.2,30.2,1.2,10.0,30.2,15.1,ok
20260323,05,2,3.3,1.5,7.6,19.6,17.1,5.9,ok
20260323,05,3,1.8,2.4,10.1,4.5,30.3,40.5,ok
20260323,05,4,11.0,1.0,12.1,9.2,77.2,57.9,ok
20260323,05,5,3.0,2.6,13.7,15.7,2.1,55.1,ok
20260323,05,6,1.2,3.5,11.7,13.0,11.7,39.0,ok
20260323,05,7,1.3,3.6,6.4,15.0,45.0,18.0,ok
20260323,05,8,3.9,3.6,1.4,19.8,46.2,34.6,ok
20260323,05,9,1.7,10.5,52.5,3.8,70.0,2.5,ok
20260323,05,10,1.6,3.1,6.8,4.4,25.2,75.7,ok
20260323,05,12,1.1,44.0,13.2,5.7,6.9,29.3,ok
20260323,06,1,3.5,5.2,3.2,2.9,11.7,8.1,ok
20260323,06,2,5.8,2.9,1.6,5.8,25.2,75.7,ok
20260323,06,3,2.9,2.3,6.6,2.9,26.7,26.7,ok
20260323,06,4,10.9,1.6,1.6,46.7,128.6,73.5,ok
20260323,06,5,3.6,3.0,5.2,14.7,3.1,6.1,ok
20260323,06,6,2.1,7.5,3.6,5.6,6.5,7.5,ok
20260323,06,7,1.3,11.2,20.2,4.6,5.3,16.8,ok
20260323,06,8,1.1,14.6,6.3,4.7,27.2,38.1,ok
20260323,06,9,3.6,5.0,5.9,13.5,17.7,1.7,ok
20260323,06,10,3.0,6.2,1.3,24.1,32.2,27.6,ok
20260323,06,11,1.0,31.5,78.7,52.5,78.7,52.5,ok
20260323,06,12,1.0,11.7,18.1,8.8,22.6,17.2,ok
20260323,08,2,1.0,6.7,10.3,12.4,23.7,29.6,ok
20260323,08,3,3.4,12.3,1.7,12.3,3.8,30.7,ok
20260323,08,5,1.5,19.8,4.2,3.2,23.8,14.9,ok
20260323,08,6,1.3,6.3,5.2,6.3,19.0,47.6,ok
20260323,08,7,1.4,1.7,96.3,24.0,48.1,192.7,ok
20260323,08,8,1.0,20.1,50.2,33.5,100.5,16.7,ok
20260323,08,11,3.2,1.4,5.0,9.5,95.2,31.7,ok
20260323,08,12,1.3,8.3,4.0,10.2,27.0,15.4,ok
20260323,12,1,1.8,8.2,7.2,4.8,28.8,3.3,ok
20260323,12,2,1.6,2.7,31.5,6.3,7.8,21.0,ok
20260323,12,4,2.6,17.0,1.4,11.3,17.0,22.7,ok
20260323,12,5,1.7,26.7,4.4,4.7,8.9,5.3,ok
20260323,12,6,3.1,8.0,1.6,4.0,24.2,133.1,ok
20260323,12,7,2.1,6.9,1.7,14.8,23.7,29.6,ok
20260323,12,8,1.4,2.6,21.0,14.0,8.0,84.0,ok
20260323,12,9,1.2,11.1,14.8,5.5,7.7,13.6,ok
20260323,12,10,1.0,6.2,23.8,23.8,57.1,31.7,ok
20260323,12,11,1.4,2.3,9.9,24.5,13.3,63.9,ok
20260323,12,12,1.3,5.5,12.6,5.1,12.6,13.1,ok
20260323,13,1,2.0,6.9,1.9,22.0,8.8,132.0,ok
20260323,13,2,2.2,14.0,2.0,3.3,32.0,56.0,ok
20260323,13,3,4.6,1.6,6.1,3.5,32.2,25.8,ok
20260323,13,4,4.5,1.8,2.2,86.2,9.5,86.2,ok
20260323,13,5,1.3,15.5,4.3,20.0,5.0,14.0,ok
20260323,13,6,1.2,7.9,6.9,4.1,51.7,51.7,ok
20260323,13,7,1.3,3.6,7.8,117.7,14.7,9.0,ok
20260323,13,8,2.5,3.0,3.4,75.0,3.4,75.0,ok
20260323,13,9,1.5,10.3,8.2,20.6,20.6,2.5,ok
20260323,13,10,1.2,3.1,39.3,26.2,39.3,9.8,ok
20260323,13,12,1.7,8.8,6.2,4.3,8.8,6.2,ok
20260323,14,1,1.2,6.4,10.0,5.5,16.1,17.9,ok
20260323,14,2,1.3,19.8,9.9,3.3,39.7,9.9,ok
20260323,14,3,1.0,71.6,11.9,28.6,20.4,47.7,ok
20260323,14,4,2.3,2.0,10.8,5.0,10.8,21.6,ok
20260323,14,5,2.6,1.8,3.4,14.8,26.7,33.3,ok
20260323,14,6,2.1,2.4,9.0,18.0,7.5,6.0,ok
20260323,14,7,2.2,5.7,6.5,2.0,91.5,15.2,ok
20260323,14,8,1.1,14.5,4.2,9.0,24.2,36.3,ok
20260323,14,9,2.7,3.3,3.9,4.8,11.1,7.8,ok
20260323,14,10,1.7,3.9,3.7,9.2,8.5,37.0,ok
20260323,14,11,1.6,3.3,4.8,10.4,11.8,27.7,ok
20260323,14,12,1.0,17.1,6.7,9.4,17.1,23.6,ok
20260323,15,1,3.9,2.0,22.3,12.2,2.2,67.1,ok
20260323,15,3,1.9,12.9,2.1,4.6,32.2,32.2,ok
20260323,15,4,2.4,4.0,4.0,10.7,4.6,8.0,ok
20260323,15,5,1.2,48.0,4.1,9.6,12.0,12.0,ok
20260323,15,6,1.1,5.7,12.5,6.6,37.7,44.0,ok
20260323,15,7,1.2,8.4,10.4,12.8,4.8,18.2,ok
20260323,15,8,1.5,3.5,19.5,3.6,13.0,48.7,ok
20260323,15,9,1.2,6.6,4.3,15.2,34.9,17.4,ok
20260323,15,10,1.2,6.7,10.5,10.8,6.6,20.6,ok
20260323,15,11,1.0,11.8,14.5,10.7,21.4,45.8,ok
20260323,15,12,1.0,8.7,7.9,14.8,21.2,37.8,ok
20260323,16,2,3.0,4.6,6.9,16.6,41.6,1.7,ok
20260323,16,3,1.2,5.6,9.8,5.0,73.5,73.5,ok
20260323,16,8,1.3,10.9,6.7,5.7,9.2,13.4,ok
20260323,16,9,1.2,9.4,7.3,5.0,22.0,22.0,ok
20260323,16,10,1.2,3.3,6.3,57.0,57.0,57.0,ok
20260323,16,11,1.0,7.8,14.7,12.0,44.2,66.3,ok
20260323,16,12,1.3,4.9,3.2,13.6,30.7,,ok
20260323,18,1,2.4,1.7,43.3,16.6,3.6,216.7,ok
20260323,18,2,1.8,4.2,3.4,5.6,30.6,17.0,ok
20260323,18,3,1.1,25.6,25.6,9.1,5.5,8.5,ok
20260323,18,4,1.1,6.9,5.5,21.6,34.6,13.3,ok
20260323,18,5,1.9,4.1,3.0,14.4,7.2,19.8,ok
20260323,18,6,1.7,3.7,18.9,6.5,10.4,5.4,ok
20260323,18,7,3.6,1.1,11.0,62.7,62.7,20.9,ok
20260323,18,9,1.8,36.7,1.8,10.0,55.1,12.2,ok
20260323,18,10,2.0,1.5,10.5,31.7,13.6,47.6,ok
20260323,18,11,2.9,15.7,21.4,1.5,4.8,78.5,ok
20260323,18,12,1.0,18.5,9.2,20.4,34.0,51.0,ok
20260323,19,1,1.1,25.8,3.6,14.1,14.1,38.8,ok
20260323,19,2,1.1,7.6,6.9,17.2,69.0,9.8,ok
20260323,19,4,2.2,2.7,4.1,41.2,4.1,41.2,ok
20260323,19,5,1.3,10.0,15.0,5.7,7.1,10.0,ok
20260323,19,6,3.5,11.1,1.3,27.7,37.0,7.4,ok
20260323,19,7,2.6,4.5,11.3,3.3,4.3,8.7,ok
20260323,19,8,1.4,8.1,6.7,6.7,9.4,9.4,ok
20260323,19,9,1.1,7.2,8.1,10.3,32.6,24.4,ok
20260323,19,10,1.0,6.8,18.7,7.2,18.7,52.4,ok
20260323,19,11,1.0,8.2,26.9,36.7,101.0,80.8,ok
20260323,19,12,1.2,4.2,14.7,7.0,32.2,27.3,ok
20260323,20,1,2.0,3.7,3.1,7.5,12.5,25.0,ok
20260323,20,2,2.0,7.5,3.1,4.6,6.2,37.5,ok
20260323,20,5,1.2,3.1,15.8,9.5,23.8,95.2,ok
20260323,20,6,1.0,20.5,15.3,61.5,5.5,30.7,ok
20260323,20,7,1.6,4.9,5.3,10.2,18.8,5.1,ok
20260323,20,8,1.0,13.8,17.7,22.8,39.9,45.6,ok
20260323,20,9,1.1,9.2,9.2,17.8,11.9,10.0,ok
20260323,20,10,1.4,2.8,24.6,6.5,22.2,22.2,ok
20260323,20,11,1.0,6.1,7.0,42.4,20.2,89.1,ok
20260323,20,12,1.3,7.8,7.1,3.3,29.0,53.5,ok
20260323,22,1,1.0,11.1,12.7,14.8,14.8,89.2,ok
20260323,22,2,2.1,2.0,5.7,6.2,69.0,23.0,ok
20260323,22,3,2.3,7.1,1.9,16.7,12.5,8.3,ok
20260323,22,4,4.2,2.1,10.9,30.0,16.0,2.2,ok
20260323,22,6,4.3,2.7,2.4,5.4,10.8,21.7,ok
20260323,22,8,1.1,9.1,12.5,20.1,16.7,5.2,ok
20260323,22,10,2.8,1.5,6.7,115.5,28.8,7.2,ok
20260323,22,11,1.3,34.8,3.8,5.3,13.9,34.8,ok
20260323,22,12,1.1,4.0,13.7,11.5,37.6,50.2,ok
20260324,02,1,1.4,16.6,10.1,4.2,4.0,45.7,ok
20260324,02,2,3.6,1.7,5.4,7.8,6.3,42.0,ok
20260324,02,3,3.6,1.8,4.9,13.6,4.5,36.5,ok
20260324,02,4,1.6,3.9,10.2,4.0,8.7,,ok
20260324,02,5,1.2,7.1,14.3,6.5,7.1,35.8,ok
20260324,02,6,2.4,4.2,6.3,4.4,4.0,17.7,ok
20260324,02,7,1.2,9.6,13.8,6.4,6.4,32.2,ok
20260324,02,8,3.7,5.7,1.3,10.7,15.0,75.0,ok
20260324,02,9,1.1,10.5,,5.8,15.0,7.5,ok
20260324,02,10,1.6,6.6,3.2,17.7,5.6,53.2,ok
20260324,02,11,1.3,5.8,5.1,8.4,18.6,18.6,ok
20260324,02,12,1.4,7.3,4.3,11.9,11.4,9.5,ok
20260324,05,1,3.1,4.7,2.5,3.1,12.7,38.2,ok
20260324,05,2,1.2,8.0,5.1,18.1,6.6,36.3,ok
20260324,05,3,1.2,8.7,4.1,9.8,78.7,26.2,ok
20260324,05,4,2.3,2.3,5.2,4.6,27.7,27.7,ok
20260324,05,5,1.4,3.9,6.3,5.5,41.2,82.5,ok
20260324,05,6,1.9,2.1,6.4,7.1,37.3,46.6,ok
20260324,05,7,3.8,1.5,5.4,29.8,5.4,44.8,ok
20260324,05,8,1.0,9.6,22.3,72.5,145.1,145.1,ok
20260324,05,11,1.0,8.4,6.9,10.5,380.2,380.2,ok
20260324,05,12,1.0,8.5,14.4,15.2,30.4,27.3,ok
20260324,06,1,1.1,12.1,12.1,48.7,4.4,12.1,ok
20260324,06,2,1.1,11.6,46.5,11.6,5.1,23.2,ok
20260324,06,3,2.1,3.9,5.2,6.3,6.3,9.0,ok
20260324,06,4,1.2,22.5,9.6,3.4,22.5,45.0,ok
20260324,06,6,1.5,9.3,4.6,4.6,15.5,11.6,ok
20260324,06,7,1.6,11.7,14.4,9.9,2.2,43.2,ok
20260324,06,8,1.3,6.3,7.4,3.9,42.2,126.7,ok
20260324,06,9,1.0,12.0,9.2,12.0,17.2,20.1,ok
20260324,06,10,1.0,24.7,7.0,8.2,16.5,49.5,ok
20260324,06,11,1.2,3.9,5.9,19.7,14.8,59.2,ok
20260324,06,12,1.0,8.9,33.5,22.3,19.1,33.5,ok
20260324,07,1,1.2,6.3,10.7,7.0,8.6,31.9,ok
20260324,07,2,1.2,9.3,10.0,10.9,5.1,18.3,ok
20260324,07,3,1.5,3.3,10.6,6.4,17.3,11.4,ok
20260324,07,4,1.3,4.1,22.0,7.1,7.6,22.6,ok
20260324,07,5,1.1,9.4,8.5,9.4,11.0,26.9,ok
20260324,07,6,1.1,7.2,6.3,11.6,29.5,43.0,ok
20260324,07,7,1.6,9.3,11.3,3.7,11.0,6.0,ok
20260324,07,8,1.1,7.0,11.3,8.6,16.4,11.7,ok
20260324,07,9,1.0,9.1,11.4,9.9,18.7,25.2,ok
20260324,07,10,1.4,7.6,4.1,7.5,17.8,14.8,ok
20260324,07,11,1.4,2.4,10.8,10.8,19.5,52.7,ok
20260324,07,12,1.5,3.1,4.5,9.4,26.2,47.8,ok
20260324,09,1,1.0,16.0,10.1,32.1,44.2,44.2,ok
20260324,09,2,1.3,6.0,27.0,9.0,4.1,54.0,ok
20260324,09,3,3.6,2.6,4.9,4.1,4.5,94.5,ok
20260324,09,4,3.2,5.3,3.1,2.7,11.5,13.8,ok
20260324,09,5,1.4,8.9,4.3,8.9,7.8,15.6,ok
20260324,09,6,2.4,13.5,3.6,6.0,13.5,3.0,ok
20260324,09,7,3.0,2.7,6.3,4.5,4.7,18.1,ok
20260324,09,8,2.2,7.0,15.6,1.7,11.1,78.0,ok
20260324,09,9,1.8,8.7,2.5,11.6,6.3,23.2,ok
20260324,09,10,1.3,2.6,15.0,9.3,75.0,75.0,ok
20260324,09,11,1.4,8.2,3.6,7.3,33.0,16.5,ok
20260324,09,12,1.2,10.5,4.4,8.1,21.1,21.1,ok
20260324,10,1,1.0,7.7,11.1,13.8,24.2,25.9,ok
20260324,10,2,2.0,1.2,56.4,45.1,37.6,90.3,ok
20260324,10,3,1.2,6.1,5.4,12.3,15.0,42.1,ok
20260324,10,5,2.2,5.8,2.7,14.5,10.8,5.1,ok
20260324,10,6,1.1,13.0,6.0,47.1,5.7,235.5,ok
20260324,10,7,2.8,1.9,12.6,9.8,3.8,29.6,ok
20260324,10,8,1.8,4.0,9.8,2.9,36.0,12.0,ok
20260324,10,9,2.5,9.1,1.6,10.4,13.5,25.5,ok
20260324,10,10,1.8,3.8,9.0,5.5,5.0,31.6,ok
20260324,10,11,1.6,2.6,7.8,6.3,23.5,165.0,ok
20260324,10,12,1.3,6.4,11.2,4.3,11.2,45.0,ok
20260324,12,1,1.2,12.5,10.2,2.9,163.5,163.5,ok
20260324,12,2,3.4,1.7,6.9,4.3,23.5,15.6,ok
20260324,12,3,1.7,10.9,8.5,2.3,76.5,8.5,ok
20260324,12,4,3.2,2.5,2.0,13.8,16.3,55.5,ok
20260324,12,5,1.4,5.9,5.7,7.9,14.2,10.9,ok
20260324,12,6,1.4,14.1,2.4,18.4,23.0,16.7,ok
20260324,12,7,1.6,16.2,5.3,16.2,2.5,41.7,ok
20260324,12,8,1.3,5.9,10.1,7.3,8.2,18.2,ok
20260324,12,9,1.4,3.0,19.0,30.9,8.2,9.1,ok
20260324,12,10,1.0,24.6,20.5,20.5,36.9,26.3,ok
20260324,12,11,1.2,5.7,9.7,21.3,18.9,5.9,ok
20260324,12,12,1.0,14.7,14.7,20.1,44.2,15.2,ok
20260324,13,1,2.0,7.1,1.5,27.9,50.2,251.2,ok
20260324,13,2,1.5,11.0,3.9,4.9,25.6,8.8,ok
20260324,13,3,1.3,6.9,11.1,4.2,8.6,92.7,ok
20260324,13,4,4.8,16.8,1.8,5.4,4.8,7.9,ok
20260324,13,5,1.9,5.9,2.7,13.5,4.9,49.7,ok
20260324,13,6,1.5,7.3,8.4,2.8,15.6,36.5,ok
20260324,13,7,3.8,4.2,1.8,6.8,12.7,14.8,ok
20260324,13,8,1.3,9.6,4.1,13.3,10.2,14.5,ok
20260324,13,9,1.7,3.3,20.1,12.5,5.9,6.2,ok
20260324,13,10,1.6,5.5,18.5,27.7,2.4,22.2,ok
20260324,13,11,2.0,7.5,5.5,2.2,27.5,27.5,ok
20260324,15,1,1.3,11.7,5.8,5.8,11.7,11.7,ok
20260324,15,2,1.5,7.6,9.0,16.6,3.9,7.6,ok
20260324,15,3,1.0,21.1,6.2,15.1,9.6,35.2,ok
20260324,15,4,1.5,42.5,7.0,2.3,17.0,21.2,ok
20260324,15,5,2.4,19.9,4.8,51.9,23.5,1.6,ok
20260324,15,6,1.5,2.8,13.3,7.6,8.3,307.5,ok
20260324,15,7,1.3,16.6,3.1,27.2,23.0,6.9,ok
20260324,15,8,1.0,4.5,21.3,19.7,32.0,56.9,ok
20260324,15,9,1.8,1.9,7.5,16.2,36.5,16.2,ok
20260324,15,10,1.0,4.7,19.7,9.1,36.4,94.6,ok
20260324,15,11,1.1,14.7,7.0,7.0,24.6,21.1,ok
20260324,15,12,1.1,7.9,10.2,23.9,6.7,35.8,ok
20260324,16,1,1.8,1.8,8.2,17.5,61.5,15.3,ok
20260324,16,2,1.8,13.6,2.8,12.1,36.5,3.7,ok
20260324,16,3,1.6,8.3,2.7,12.7,8.3,38.2,ok
20260324,16,4,2.4,3.1,7.9,4.6,7.9,7.2,ok
20260324,16,6,2.3,2.6,4.1,7.5,8.0,40.0,ok
20260324,16,7,1.7,10.7,4.0,10.7,13.8,4.0,ok
20260324,16,8,1.3,5.1,10.3,4.8,18.1,24.2,ok
20260324,16,9,1.9,7.1,4.7,3.5,14.2,8.1,ok
20260324,16,11,2.1,5.4,5.1,6.3,6.0,6.3,ok
20260324,16,12,1.2,6.6,4.4,7.1,,35.0,ok
20260324,18,1,1.6,6.3,7.6,3.8,7.6,16.3,ok
20260324,18,2,1.3,5.9,5.9,10.7,53.6,7.1,ok
20260324,18,3,1.3,,9.4,2.9,15.5,11.1,ok
20260324,18,4,1.4,8.0,2.3,13.6,34.5,109.2,ok
20260324,18,5,1.3,5.9,9.3,7.0,12.2,12.2,ok
20260324,18,6,3.0,9.0,4.5,1.9,12.6,15.7,ok
20260324,18,7,1.1,4.7,8.1,21.3,21.3,42.6,ok
20260324,18,8,1.5,7.0,,11.3,4.5,4.1,ok
20260324,18,9,1.8,19.5,9.7,5.4,2.9,8.1,ok
20260324,18,10,1.0,7.1,38.4,7.1,24.0,96.0,ok
20260324,18,11,1.5,5.9,5.2,4.3,20.9,18.1,ok
20260324,22,1,2.3,3.9,5.4,5.4,4.0,24.5,ok
20260324,22,2,1.6,4.0,4.4,9.3,8.5,23.4,ok
20260324,22,4,2.0,5.6,4.4,3.1,12.0,42.0,ok
20260324,22,6,3.0,2.5,8.6,4.6,7.6,6.9,ok
20260324,22,7,3.9,3.0,5.4,5.8,2.8,23.5,ok
20260324,22,8,2.1,1.9,6.6,33.3,7.4,33.3,ok
20260324,22,9,1.0,6.9,16.2,16.2,18.2,48.7,ok
20260324,22,10,1.4,7.0,5.1,5.9,11.0,38.6,ok
20260324,22,11,1.0,24.3,10.8,19.5,12.1,97.5,ok
20260324,22,12,1.0,19.8,8.1,15.4,19.8,27.7,ok
20260325,04,1,2.5,4.8,4.2,5.9,4.4,9.6,ok
20260325,04,2,2.6,5.5,6.2,2.0,13.3,23.4,ok
20260325,04,3,1.7,8.3,2.0,17.6,9.2,88.1,ok
20260325,04,4,1.6,3.3,8.5,22.3,4.5,25.5,ok
20260325,04,6,2.8,2.1,4.6,20.2,8.4,7.7,ok
20260325,04,7,4.6,1.2,8.9,13.4,44.7,9.5,ok
20260325,04,8,1.6,11.5,69.3,2.3,8.1,13.8,ok
20260325,04,9,2.2,2.6,5.1,11.9,10.7,7.6,ok
20260325,04,10,1.2,5.2,14.2,10.5,11.7,12.4,ok
20260325,04,11,1.3,16.5,7.6,5.5,7.0,16.5,ok
20260325,04,12,1.4,3.6,4.3,16.0,16.0,48.0,ok
20260325,05,1,1.8,2.1,5.6,17.7,10.9,70.8,ok
20260325,05,2,2.2,15.3,1.4,16.5,14.3,107.6,ok
20260325,05,3,3.0,2.8,2.6,8.4,59.4,7.2,ok
20260325,05,4,1.7,5.6,3.1,7.6,13.9,12.8,ok
20260325,05,5,2.3,12.6,5.4,3.1,4.4,10.0,ok
20260325,05,6,2.4,6.0,8.9,5.5,2.2,68.2,ok
20260325,05,7,1.7,4.2,6.2,3.8,66.5,12.4,ok
20260325,05,8,1.2,9.0,9.0,5.8,14.5,13.2,ok
20260325,05,9,1.6,10.0,7.2,8.0,3.3,16.0,ok
20260325,05,10,1.3,7.2,13.8,4.1,9.8,34.5,ok
20260325,05,11,1.8,8.1,6.2,2.5,10.2,59.6,ok
20260325,05,12,1.2,5.8,13.1,15.3,4.5,50.1,ok
20260325,06,1,1.5,3.1,5.3,11.1,11.1,61.5,ok
20260325,06,2,1.1,11.2,7.7,5.6,50.6,33.7,ok
20260325,06,3,1.0,37.3,21.7,32.6,87.1,20.9,ok
20260325,06,4,1.0,8.1,16.2,10.8,45.4,18.9,ok
20260325,06,6,1.0,17.1,7.7,11.1,13.1,20.3,ok
20260325,06,7,1.4,9.4,6.7,6.4,6.7,12.4,ok
20260325,06,8,1.2,8.5,10.1,5.0,22.3,15.9,ok
20260325,06,9,1.2,3.8,12.5,47.5,7.6,14.8,ok
20260325,06,10,1.1,5.6,5.6,36.7,10.5,73.5,ok
20260325,06,12,1.0,7.0,11.2,13.6,13.6,23.8,ok
20260325,07,1,1.2,4.5,6.0,13.7,18.7,30.8,ok
20260325,07,2,1.2,8.5,6.0,7.1,15.2,14.6,ok
20260325,07,3,1.5,11.4,24.8,2.5,17.1,8.8,ok
20260325,07,4,2.4,3.2,4.5,15.2,3.3,26.3,ok
20260325,07,5,1.0,12.5,9.5,12.2,31.0,18.4,ok
20260325,07,6,1.4,20.0,2.9,9.3,8.9,23.1,ok
20260325,07,7,1.5,12.3,5.6,3.5,27.4,10.0,ok
20260325,07,8,1.5,7.8,7.2,7.3,6.5,7.1,ok
20260325,07,9,1.5,9.8,3.4,5.3,13.4,40.2,ok
20260325,07,10,1.4,3.3,7.1,12.7,12.7,37.0,ok
20260325,07,11,1.6,5.3,9.3,3.0,12.9,38.0,ok
20260325,07,12,1.2,6.1,6.3,6.4,20.1,33.6,ok
20260325,09,1,1.4,3.7,5.0,10.1,22.0,26.4,ok
20260325,09,2,2.1,3.1,4.6,4.3,10.1,60.7,ok
20260325,09,4,2.2,2.5,16.2,4.2,5.7,40.5,ok
20260325,09,5,1.0,26.2,65.6,65.6,65.6,43.7,ok
20260325,09,6,2.7,4.5,2.5,37.8,94.5,3.1,ok
20260325,09,8,1.5,4.0,2.8,19.6,117.7,23.5,ok
20260325,09,9,1.2,6.5,6.5,10.0,22.2,15.8,ok
20260325,09,11,1.6,2.9,12.8,9.3,10.2,11.4,ok
20260325,09,12,1.2,6.8,10.9,8.4,15.6,10.9,ok
20260325,10,1,1.1,5.6,5.6,21.6,39.7,21.6,ok
20260325,10,2,1.2,4.6,8.2,11.9,9.5,47.8,ok
20260325,10,3,1.1,8.8,6.2,17.1,9.8,51.3,ok
20260325,10,4,1.0,17.2,12.7,43.2,86.4,28.8,ok
20260325,10,5,2.6,2.6,8.5,3.5,21.9,7.6,ok
20260325,10,6,1.9,7.8,2.1,22.6,7.1,20.2,ok
20260325,10,7,1.8,2.0,8.3,12.3,21.6,15.3,ok
20260325,10,8,2.7,4.3,2.8,5.2,5.8,27.5,ok
20260325,10,9,5.6,1.3,10.5,9.1,7.8,14.1,ok
20260325,10,10,2.4,2.8,3.3,5.1,21.3,29.5,ok
20260325,10,11,2.8,1.4,16.9,9.8,14.3,20.7,ok
20260325,10,12,1.2,8.1,7.4,6.5,13.8,25.0,ok
20260325,12,1,1.6,18.5,4.1,9.2,3.1,43.2,ok
20260325,12,2,1.4,5.9,4.3,9.3,9.3,18.7,ok
20260325,12,4,1.9,4.3,3.6,7.2,21.7,7.2,ok
20260325,12,5,1.0,13.3,5.9,20.0,80.2,12.3,ok
20260325,12,6,1.1,6.1,4.9,32.7,32.7,24.5,ok
20260325,12,7,3.0,2.3,6.5,35.9,2.6,51.3,ok
20260325,12,8,1.4,8.1,10.0,2.8,36.0,36.0,ok
20260325,12,9,1.4,2.9,8.3,13.3,12.0,40.1,ok
20260325,12,10,2.2,8.2,5.3,2.2,9.4,32.0,ok
20260325,12,11,1.1,10.1,6.8,11.9,7.2,40.4,ok
20260325,12,12,1.9,6.1,16.3,2.4,6.2,35.1,ok
20260325,13,1,2.1,4.0,2.0,11.7,36.9,25.8,ok
20260325,13,2,2.9,3.4,5.5,2.6,10.0,22.7,ok
20260325,13,3,2.8,3.7,4.6,4.2,3.9,73.8,ok
20260325,13,4,2.2,4.4,4.4,4.1,9.0,12.5,ok
20260325,13,5,3.7,1.5,7.3,6.6,6.8,213.7,ok
20260325,13,6,1.1,10.1,17.0,4.7,17.7,60.9,ok
20260325,13,7,1.2,10.4,12.3,6.8,7.3,18.1,ok
20260325,13,8,2.2,3.6,3.3,3.6,46.0,57.5,ok
20260325,13,9,1.4,21.8,6.2,4.2,6.2,26.2,ok
20260325,13,10,1.3,4.6,7.2,9.0,16.0,24.0,ok
20260325,13,11,1.1,6.4,8.0,10.7,16.1,129.0,ok
20260325,13,12,1.2,4.5,10.0,9.1,13.1,23.3,ok
20260325,15,1,1.4,9.7,5.9,6.2,5.6,34.1,ok
20260325,15,2,1.5,19.9,4.2,8.8,13.3,4.9,ok
20260325,15,4,1.4,6.8,6.8,11.4,10.2,5.7,ok
20260325,15,5,2.9,1.2,17.7,24.1,13.2,37.9,ok
20260325,15,6,1.8,6.0,3.5,3.1,82.2,123.3,ok
20260325,15,7,1.4,11.9,2.8,10.9,11.2,41.2,ok
20260325,15,8,1.4,5.5,5.5,7.3,12.5,18.8,ok
20260325,15,9,1.6,,5.5,2.6,16.7,10.5,ok
20260325,15,10,1.1,9.9,5.0,15.2,15.2,25.4,ok
20260325,15,11,1.1,4.0,7.7,29.7,21.8,32.7,ok
20260325,15,12,1.2,12.4,4.1,8.4,19.9,27.4,ok
20260325,18,1,1.1,12.6,20.2,6.6,10.8,17.8,ok
20260325,18,2,1.0,6.6,7.7,18.9,26.4,29.4,ok
20260325,18,4,1.5,6.7,8.2,6.7,19.5,5.0,ok
20260325,18,5,1.3,11.5,6.1,16.9,3.9,19.5,ok
20260325,18,6,1.2,12.6,8.5,4.0,15.6,26.6,ok
20260325,18,7,1.4,6.2,21.3,5.1,7.8,8.2,ok
20260325,18,9,1.7,6.3,7.4,17.0,3.0,13.0,ok
20260325,18,10,1.2,2.9,10.3,25.0,27.2,150.0,ok
20260325,18,11,1.1,3.5,8.6,16.6,108.3,30.9,ok
20260325,18,12,1.3,5.3,5.0,14.7,7.7,34.9,ok
20260325,22,1,1.1,5.7,15.8,7.9,25.6,34.2,ok
20260325,22,2,1.6,6.8,8.2,6.4,3.4,61.5,ok
20260325,22,4,1.5,12.7,2.3,7.1,19.1,114.7,ok
20260325,22,5,1.7,10.3,2.0,10.3,31.1,20.7,ok
20260325,22,6,3.1,1.6,6.9,4.7,103.5,34.5,ok
20260325,22,7,2.3,5.3,10.0,4.4,2.6,53.7,ok
20260325,22,8,2.6,2.3,5.4,4.5,13.5,20.2,ok
20260325,22,9,2.5,3.3,6.6,2.3,20.9,55.7,ok
20260325,22,10,1.2,4.6,8.8,13.9,11.9,27.8,ok
20260325,22,11,1.1,9.5,8.3,9.5,12.6,38.0,ok
20260325,22,12,1.0,11.9,6.7,17.2,77.6,77.6,ok
20260326,04,1,1.7,7.1,5.4,3.4,7.4,156.7,ok
20260326,04,2,2.2,8.7,4.6,9.9,15.5,2.5,ok
20260326,04,3,4.6,5.2,1.3,10.0,21.6,15.4,ok
20260326,04,4,2.0,4.0,5.2,12.9,3.2,49.0,ok
20260326,04,5,1.3,5.5,13.1,5.5,11.1,13.9,ok
20260326,04,6,3.7,2.6,5.0,8.4,5.4,5.2,ok
20260326,04,7,4.3,1.3,18.4,4.2,16.1,28.7,ok
20260326,04,8,2.4,4.6,6.3,2.3,18.1,15.8,ok
20260326,04,9,5.1,1.7,6.7,9.9,21.5,3.7,ok
20260326,04,10,1.8,12.5,4.0,4.9,4.6,16.2,ok
20260326,04,11,1.3,16.4,9.1,4.1,11.7,9.6,ok
20260326,04,12,1.3,28.1,5.6,22.5,3.7,22.5,ok
20260326,07,1,1.1,10.7,5.9,16.6,10.9,26.4,ok
20260326,07,2,2.2,5.4,5.2,4.4,4.5,17.6,ok
20260326,07,3,2.3,7.7,3.3,12.5,3.5,7.7,ok
20260326,07,4,3.5,1.7,6.1,8.2,8.4,14.6,ok
20260326,07,5,1.5,8.0,7.2,4.9,7.1,10.2,ok
20260326,07,6,2.6,14.8,3.7,4.9,2.9,14.1,ok
20260326,07,7,1.2,11.9,6.0,12.2,15.5,7.1,ok
20260326,07,8,2.1,7.7,4.5,3.8,5.5,11.4,ok
20260326,07,9,1.5,15.1,19.4,11.9,2.4,11.7,ok
20260326,07,10,1.2,7.3,8.1,7.0,8.9,21.3,ok
20260326,07,11,1.1,7.7,14.8,9.3,9.2,17.1,ok
20260326,07,12,1.1,7.0,12.8,6.6,23.8,21.1,ok
20260326,09,1,1.0,10.1,13.5,12.1,10.1,24.3,ok
20260326,09,2,1.0,14.7,26.5,22.1,33.1,66.3,ok
20260326,09,3,3.0,10.6,3.2,2.3,7.1,35.5,ok
20260326,09,4,1.0,15.4,8.1,30.9,13.9,9.9,ok
20260326,09,5,2.1,5.4,19.5,2.0,19.5,11.1,ok
20260326,09,6,1.5,8.6,6.0,6.9,4.7,20.7,ok
20260326,09,7,2.4,2.8,4.0,7.3,7.8,14.6,ok
20260326,09,8,2.6,1.3,11.2,11.2,73.3,20.9,ok
20260326,09,9,11.9,115.5,1.0,86.6,115.5,86.6,ok
20260326,09,10,1.0,5.3,37.2,16.9,12.4,37.2,ok
20260326,09,11,2.3,3.9,4.5,12.7,5.6,5.6,ok
20260326,09,12,1.0,7.2,30.1,22.5,36.1,25.8,ok
20260326,10,1,1.1,14.3,18.2,5.5,29.6,11.2,ok
20260326,10,2,1.3,3.2,5.4,13.9,97.8,48.9,ok
20260326,10,3,1.4,4.8,4.4,7.6,13.5,36.6,ok
20260326,10,4,1.8,13.5,2.3,12.7,20.3,6.3,ok
20260326,10,5,1.3,11.3,7.7,3.3,73.8,13.8,ok
20260326,10,6,5.5,6.1,6.3,69.0,19.7,1.3,ok
20260326,10,7,5.6,3.8,5.5,3.2,8.4,3.5,ok
20260326,10,8,2.5,2.3,15.1,6.3,4.4,13.1,ok
20260326,10,9,5.7,7.5,1.2,7.7,15.4,27.0,ok
20260326,10,10,5.2,1.3,13.3,6.1,8.0,34.3,ok
20260326,10,11,5.9,1.2,5.7,15.9,12.7,44.5,ok
20260326,10,12,1.2,5.3,5.4,22.1,66.3,8.0,ok
20260326,12,1,3.5,4.0,3.1,3.3,9.7,12.0,ok
20260326,12,2,3.2,4.0,5.7,2.5,6.1,20.8,ok
20260326,12,3,3.2,2.1,4.5,11.1,4.3,78.0,ok
20260326,12,4,9.0,12.8,6.9,45.0,25.7,1.0,ok
20260326,12,5,1.1,15.2,9.3,7.6,20.6,9.9,ok
20260326,12,6,3.2,7.7,1.3,14.0,11.0,77.2,ok
20260326,12,7,1.8,5.1,16.2,5.9,2.8,27.0,ok
20260326,12,8,2.0,3.7,2.9,23.0,11.5,8.5,ok
20260326,12,9,1.6,3.5,4.8,5.2,27.6,33.7,ok
20260326,12,10,1.0,7.2,14.0,16.3,16.3,24.5,ok
20260326,12,11,1.2,6.2,10.4,8.0,13.9,16.6,ok
20260326,12,12,1.6,9.5,15.5,2.2,13.5,38.1,ok
20260326,17,1,1.1,9.1,6.9,10.7,23.7,9.1,ok
20260326,17,2,2.3,12.9,2.2,7.7,4.6,24.2,ok
20260326,17,3,1.9,2.9,6.7,16.6,7.3,7.0,ok
20260326,17,4,1.6,11.0,3.1,6.3,19.0,9.0,ok
20260326,17,5,4.2,1.2,12.3,7.2,47.9,25.5,ok
20260326,17,6,4.2,1.1,13.3,24.5,12.2,36.7,ok
20260326,17,7,4.9,1.0,35.5,8.8,88.8,88.8,ok
20260326,17,8,7.5,1.3,3.9,6.5,33.6,58.8,ok
20260326,17,9,2.0,14.6,1.7,11.5,21.4,14.6,ok
20260326,17,10,1.7,4.9,2.2,23.8,28.6,35.8,ok
20260326,17,11,1.2,5.5,7.4,11.1,9.9,44.6,ok
20260326,17,12,1.4,12.1,3.3,13.2,18.1,8.0,ok
20260326,19,1,1.5,5.3,8.3,8.3,6.8,7.5,ok
20260326,19,2,2.5,2.9,5.1,3.8,9.7,24.9,ok
20260326,19,3,2.2,3.1,4.5,4.3,13.5,21.7,ok
20260326,19,4,2.0,2.5,6.8,8.3,6.8,21.5,ok
20260326,19,5,1.0,34.8,25.5,14.1,4.9,42.5,ok
20260326,19,6,8.1,16.3,1.0,39.1,8.5,10.3,ok
20260326,19,7,2.3,4.0,8.6,14.6,2.3,22.5,ok
20260326,19,8,1.2,5.2,6.0,9.6,22.9,24.8,ok
20260326,19,9,2.0,20.1,2.0,8.9,6.8,26.8,ok
20260326,19,10,1.1,5.4,19.8,13.7,8.1,44.6,ok
20260326,19,11,1.1,9.1,5.7,27.4,8.5,19.6,ok
20260326,19,12,1.5,10.9,11.8,13.5,2.4,47.2,ok
20260326,21,1,1.2,13.9,8.8,5.6,8.2,29.4,ok
20260326,21,2,1.5,9.2,6.5,3.8,12.3,14.8,ok
20260326,21,3,1.5,6.9,3.1,12.5,8.7,33.3,ok
20260326,21,4,1.1,11.3,7.9,7.2,35.6,20.1,ok
20260326,21,5,1.4,6.8,3.4,11.1,14.3,20.2,ok
20260326,21,6,2.9,1.6,6.1,10.5,21.7,14.5,ok
20260326,21,7,1.1,8.2,5.2,14.7,14.4,31.6,ok
20260326,21,8,2.4,3.8,15.5,2.5,8.7,11.6,ok
20260326,21,9,3.6,30.4,1.0,14.5,66.9,47.7,ok
20260326,21,10,1.0,38.4,5.1,8.0,27.4,32.0,ok
20260326,21,11,1.0,10.6,10.6,5.6,71.2,26.7,ok
20260326,21,12,2.0,8.8,8.0,3.0,5.1,13.2,ok
20260326,22,1,2.0,2.5,7.5,11.2,6.9,10.0,ok
20260326,22,2,2.8,6.3,4.3,11.0,7.5,2.7,ok
20260326,22,3,1.6,9.1,2.2,12.7,15.9,31.8,ok
20260326,22,4,3.3,4.5,9.4,6.1,4.9,2.8,ok
20260326,22,5,5.2,10.8,16.2,20.2,13.5,1.1,ok
20260326,22,6,1.3,7.5,6.7,11.0,8.1,11.0,ok
20260326,22,7,1.4,9.2,8.2,10.5,5.5,7.6,ok
20260326,22,8,1.0,6.9,22.5,20.2,7.5,50.6,ok
20260326,22,9,1.5,10.2,3.6,12.3,10.2,6.8,ok
20260326,22,10,1.1,5.6,7.1,11.8,21.3,35.5,ok
20260326,22,11,1.0,18.6,18.6,14.5,7.6,130.5,ok
20260326,22,12,1.0,7.3,21.4,33.6,9.0,58.8,ok
20260327,04,1,1.6,5.7,3.2,11.2,9.7,26.8,ok
20260327,04,2,2.0,1.5,10.0,16.3,32.7,261.7,ok
20260327,04,3,3.2,4.9,1.6,16.0,7.2,36.0,ok
20260327,04,4,6.2,6.6,1.3,7.5,8.1,26.4,ok
20260327,04,5,1.1,7.7,10.3,30.9,5.2,22.5,ok
20260327,04,6,2.3,7.8,4.2,23.4,9.8,2.5,ok
20260327,04,7,1.6,8.0,2.4,27.0,11.4,17.5,ok
20260327,04,8,1.5,14.1,10.0,3.0,10.0,14.1,ok
20260327,04,9,2.8,2.1,9.5,15.5,13.8,3.5,ok
20260327,04,10,1.8,10.1,7.6,7.0,3.6,7.0,ok
20260327,04,11,1.0,6.6,10.4,18.5,27.7,16.6,ok
20260327,04,12,1.3,17.4,5.4,4.8,12.4,14.5,ok
20260327,07,1,1.2,7.6,5.5,11.9,10.8,19.5,ok
20260327,07,2,1.7,5.1,4.7,9.1,7.9,7.8,ok
20260327,07,3,1.5,3.4,8.9,7.6,14.6,14.6,ok
20260327,07,4,1.5,11.9,2.7,6.6,29.3,20.2,ok
20260327,07,5,1.9,10.6,3.5,3.2,13.6,17.0,ok
20260327,07,6,2.1,6.2,2.4,8.5,12.2,11.3,ok
20260327,07,7,2.1,3.8,17.2,3.9,3.7,23.4,ok
20260327,07,8,1.8,2.2,13.2,14.9,6.7,19.4,ok
20260327,07,9,1.2,7.2,6.0,7.2,15.9,25.8,ok
20260327,07,10,1.6,9.5,2.8,7.8,9.6,29.5,ok
20260327,07,11,1.1,12.0,5.2,8.4,31.0,15.0,ok
20260327,07,12,2.1,6.4,5.9,7.9,9.9,3.0,ok
20260327,09,1,1.0,7.7,25.6,44.8,44.8,44.8,ok
20260327,09,2,2.8,2.3,7.9,4.8,12.8,6.8,ok
20260327,09,3,1.6,4.2,3.3,11.2,10.0,45.0,ok
20260327,09,4,2.0,3.5,3.7,19.6,13.7,5.9,ok
20260327,09,5,1.0,4.5,14.9,14.0,56.0,74.7,ok
20260327,09,6,3.1,4.7,4.0,2.0,28.5,28.5,ok
20260327,09,9,2.1,13.5,8.1,2.0,7.3,20.2,ok
20260327,09,11,1.3,4.9,12.3,5.5,16.5,16.5,ok
20260327,09,12,1.0,25.8,103.5,6.4,11.5,34.5,ok
20260327,10,1,1.1,6.5,8.4,12.6,12.6,19.7,ok
20260327,10,2,1.3,3.3,10.3,12.0,23.1,14.6,ok
20260327,10,3,1.0,20.5,9.8,24.6,9.4,30.7,ok
20260327,10,4,1.8,10.3,18.5,2.4,22.1,5.3,ok
20260327,10,5,1.9,2.3,3.8,21.8,20.0,34.3,ok
20260327,10,6,4.7,2.5,3.2,3.3,13.8,16.6,ok
20260327,10,7,1.7,2.8,15.7,4.2,23.6,11.8,ok
20260327,10,8,1.2,4.2,6.6,26.7,10.9,26.7,ok
20260327,10,9,2.8,5.7,2.4,5.5,21.6,5.4,ok
20260327,10,10,3.4,1.7,5.8,6.4,9.4,24.8,ok
20260327,10,11,1.2,8.3,5.2,13.8,13.4,20.7,ok
20260327,10,12,1.3,3.2,21.9,9.5,23.7,15.0,ok
20260327,12,1,1.0,8.0,8.7,21.5,8.2,80.6,ok
20260327,12,2,3.2,2.5,13.9,3.4,3.9,62.6,ok
20260327,12,3,1.0,15.5,19.4,25.8,8.6,77.6,ok
20260327,12,5,1.2,10.5,10.5,9.4,59.7,5.1,ok
20260327,12,6,1.0,19.6,9.3,5.9,21.8,196.5,ok
20260327,12,7,1.4,4.4,3.6,19.1,42.4,18.5,ok
20260327,12,8,1.3,8.6,9.0,11.9,10.0,5.2,ok
20260327,12,9,1.6,7.0,2.6,20.4,25.0,8.6,ok
20260327,12,10,1.8,3.1,7.8,5.5,6.7,120.2,ok
20260327,12,11,1.8,1.8,14.6,15.0,14.6,26.0,ok
20260327,12,12,1.1,9.6,7.2,17.8,10.5,11.5,ok
20260327,13,1,6.1,4.3,1.4,7.9,11.2,67.5,ok
20260327,13,2,3.2,2.5,2.8,9.8,6.4,42.7,ok
20260327,13,3,1.6,7.3,12.4,5.5,9.0,4.6,ok
20260327,13,4,1.6,3.6,4.5,5.9,19.5,34.1,ok
20260327,13,5,2.4,14.0,5.8,16.4,98.6,1.6,ok
20260327,13,6,1.4,11.5,27.4,2.9,15.6,9.9,ok
20260327,13,7,1.6,6.3,6.3,3.1,25.3,25.3,ok
20260327,13,8,1.7,5.1,6.8,10.9,4.4,10.9,ok
20260327,13,9,1.7,4.1,3.0,9.5,16.5,22.5,ok
20260327,13,10,1.3,13.6,3.7,6.2,20.4,20.4,ok
20260327,13,11,1.3,5.0,22.0,4.4,11.0,22.0,ok
20260327,13,12,1.4,11.8,2.5,13.0,19.5,35.5,ok
20260327,16,1,1.9,18.1,1.7,27.1,6.7,108.7,ok
20260327,16,2,1.7,6.8,6.8,5.5,8.9,5.2,ok
20260327,16,3,1.5,3.2,5.7,23.6,8.5,27.0,ok
20260327,16,4,1.3,4.8,6.0,5.6,159.0,28.9,ok
20260327,16,5,1.5,32.0,5.6,2.5,24.0,32.0,ok
20260327,16,6,1.5,4.1,4.0,45.5,11.3,15.1,ok
20260327,16,7,5.7,9.1,1.3,5.0,11.0,51.7,ok
20260327,16,8,3.8,34.9,1.7,8.2,14.4,3.7,ok
20260327,16,9,1.6,13.1,7.0,4.5,5.5,8.7,ok
20260327,16,10,6.7,1.0,12.7,12.7,18.2,31.8,ok
20260327,16,11,1.0,15.7,7.8,15.7,10.5,31.5,ok
20260327,16,12,1.0,15.0,23.1,10.6,5.5,36.4,ok
20260327,17,1,1.0,18.6,9.8,21.0,9.8,42.0,ok
20260327,17,2,1.0,4.6,39.8,16.7,51.8,86.3,ok
20260327,17,3,4.1,2.1,2.7,7.9,9.6,29.0,ok
20260327,17,4,3.6,2.5,7.4,13.0,3.0,8.6,ok
20260327,17,5,1.5,16.3,12.4,3.8,4.3,17.6,ok
20260327,17,6,11.7,8.5,1.2,4.0,18.5,37.1,ok
20260327,17,7,2.8,2.7,4.2,4.0,19.1,12.7,ok
20260327,17,8,2.0,1.8,6.8,30.7,12.3,20.5,ok
20260327,17,9,1.5,13.6,7.0,2.8,21.1,14.6,ok
20260327,17,10,1.8,3.7,17.3,5.7,4.7,13.8,ok
20260327,17,12,2.1,10.5,19.3,1.7,9.6,23.2,ok
20260327,19,1,1.3,4.3,10.5,5.8,26.2,26.2,ok
20260327,19,2,1.5,5.7,7.1,7.1,5.1,28.5,ok
20260327,19,3,1.2,2.8,31.5,15.7,31.5,15.7,ok
20260327,19,4,3.4,2.4,2.3,30.7,61.5,6.1,ok
20260327,19,5,1.6,28.3,2.9,4.0,13.0,24.3,ok
20260327,19,6,2.2,4.0,2.7,26.5,5.7,18.9,ok
20260327,19,7,2.7,3.4,2.1,8.8,24.2,16.1,ok
20260327,19,8,1.6,11.4,5.9,3.7,18.2,7.3,ok
20260327,19,9,1.9,13.6,3.4,14.9,26.8,2.8,ok
20260327,19,10,1.5,15.8,4.1,11.6,3.7,21.1,ok
20260327,19,11,1.5,11.0,3.0,10.1,20.2,8.1,ok
20260327,19,12,1.3,14.2,3.5,8.3,10.0,26.8,ok
20260327,21,1,1.1,11.4,6.2,15.4,12.5,10.9,ok
20260327,21,2,1.4,8.5,12.5,3.1,23.9,13.2,ok
20260327,21,3,1.2,14.2,7.1,14.9,9.6,6.5,ok
20260327,21,4,1.1,8.9,7.8,15.6,7.2,37.5,ok
20260327,21,5,1.2,13.5,13.0,21.1,7.3,4.7,ok
20260327,21,6,1.5,4.3,5.2,7.7,21.1,9.8,ok
20260327,21,7,4.7,6.1,2.2,2.1,82.5,27.5,ok
20260327,21,8,1.6,3.5,3.1,19.0,44.5,16.6,ok
20260327,21,9,1.5,10.8,3.9,19.8,7.0,7.4,ok
20260327,21,10,1.5,3.1,4.3,15.8,15.8,58.2,ok
20260327,21,11,1.0,5.6,16.2,18.9,22.7,75.7,ok
20260327,21,12,1.3,4.9,13.4,6.4,18.4,10.5,ok
20260327,22,1,1.1,6.0,6.6,20.0,20.0,40.0,ok
20260327,22,2,2.5,10.2,1.4,10.7,43.0,35.8,ok
20260327,22,3,2.9,2.8,2.0,10.8,32.4,32.4,ok
20260327,22,4,1.0,22.7,9.9,8.3,26.5,22.7,ok
20260327,22,5,1.0,10.1,13.5,16.2,27.0,40.5,ok
20260327,22,6,1.0,9.7,7.5,16.2,13.9,19.5,ok
20260327,22,7,1.2,5.8,7.5,8.7,13.1,15.0,ok
20260327,22,8,1.7,10.3,4.1,3.5,10.3,20.6,ok
20260327,22,9,1.0,5.4,19.6,26.2,52.5,78.7,ok
20260327,22,10,5.3,1.0,5.8,74.2,74.2,26.5,ok
20260327,22,11,1.0,13.0,10.1,13.0,13.0,30.5,ok
20260327,22,12,1.0,9.0,11.5,14.2,13.0,19.9,ok
20260328,02,1,1.9,5.4,3.1,6.0,10.8,18.0,ok
20260328,02,2,1.8,3.3,3.2,24.5,8.1,32.7,ok
20260328,02,3,3.6,3.2,2.3,4.3,23.6,19.3,ok
20260328,02,4,3.4,3.2,1.9,24.5,18.3,8.1,ok
20260328,02,5,1.6,5.3,13.8,2.5,46.2,15.4,ok
20260328,02,6,4.5,3.8,18.5,34.3,1.3,48.1,ok
20260328,02,7,1.1,12.0,8.5,10.9,8.5,60.0,ok
20260328,02,8,4.4,2.4,2.0,14.1,15.8,10.7,ok
20260328,02,9,2.1,9.4,5.7,2.9,6.4,11.5,ok
20260328,02,10,1.2,6.7,7.4,148.5,11.4,5.5,ok
20260328,02,11,1.4,7.5,5.8,4.7,17.5,21.0,ok
20260328,02,12,1.3,10.2,5.5,10.2,13.2,8.4,ok
20260328,04,1,3.2,3.2,12.0,1.6,72.0,72.0,ok
20260328,04,2,5.9,1.6,3.7,9.0,31.5,7.5,ok
20260328,04,3,2.8,1.7,9.5,4.9,12.4,31.1,ok
20260328,04,4,3.8,2.3,13.2,1.9,27.7,76.3,ok
20260328,04,5,1.1,9.0,11.3,10.4,6.7,22.6,ok
20260328,04,6,1.9,3.9,13.9,62.6,31.3,2.2,ok
20260328,04,7,1.6,5.3,11.6,12.4,8.8,3.8,ok
20260328,04,8,2.6,4.5,21.4,1.6,21.4,34.3,ok
20260328,04,9,2.5,10.3,2.3,15.0,3.8,12.2,ok
20260328,04,10,1.0,19.7,9.8,15.9,15.9,29.5,ok
20260328,04,11,1.5,6.3,33.7,2.4,14.7,59.0,ok
20260328,04,12,1.3,7.7,5.6,20.3,4.4,26.4,ok
20260328,05,1,2.0,13.7,2.5,5.1,9.9,12.9,ok
20260328,05,2,1.8,13.6,3.2,15.3,5.5,6.4,ok
20260328,05,3,2.9,5.4,2.1,5.9,6.9,41.7,ok
20260328,05,4,1.7,4.8,5.2,6.1,4.7,268.5,ok
20260328,05,6,1.8,36.0,4.2,3.7,6.5,10.2,ok
20260328,05,7,1.5,3.3,18.8,5.3,25.1,10.0,ok
20260328,05,8,2.8,63.7,1.1,11.5,42.5,127.5,ok
20260328,05,9,1.5,3.3,10.7,8.4,9.0,14.7,ok
20260328,05,10,2.6,8.6,3.9,15.6,2.7,6.5,ok
20260328,05,11,1.4,2.6,25.5,13.6,7.5,204.0,ok
20260328,05,12,1.6,11.5,7.1,2.6,9.9,24.9,ok
20260328,07,1,2.7,6.2,3.1,3.0,12.5,11.4,ok
20260328,07,2,1.5,6.0,6.1,5.7,10.6,13.1,ok
20260328,07,3,1.3,6.6,6.7,5.3,19.2,28.1,ok
20260328,07,4,1.7,5.0,4.2,5.4,14.3,13.2,ok
20260328,07,5,1.4,7.0,7.0,14.5,23.5,3.9,ok
20260328,07,6,1.2,6.5,8.0,22.9,5.0,28.3,ok
20260328,07,7,1.4,11.6,4.0,6.4,7.5,29.7,ok
20260328,07,8,1.4,11.0,7.4,4.4,8.9,15.5,ok
20260328,07,9,1.2,9.6,11.0,6.4,10.4,11.3,ok
20260328,07,10,1.3,7.4,3.9,13.8,15.2,17.2,ok
20260328,07,11,1.0,10.2,10.5,10.6,9.4,34.4,ok
20260328,07,12,1.1,5.9,15.7,12.1,10.4,15.4,ok
20260328,08,1,1.0,20.5,12.3,17.5,24.6,41.0,ok
20260328,08,2,2.2,5.4,12.7,2.0,12.7,19.1,ok
20260328,08,3,2.2,2.0,14.7,22.1,3.8,44.2,ok
20260328,08,5,2.4,2.0,6.1,7.7,7.7,42.7,ok
20260328,08,7,3.2,4.1,6.4,5.0,17.8,2.6,ok
20260328,08,9,1.6,4.3,30.3,4.6,4.0,60.7,ok
20260328,08,11,1.0,7.6,28.5,5.7,28.5,28.5,ok
20260328,08,12,1.5,15.7,14.0,2.3,11.4,31.5,ok
20260328,09,1,1.3,6.3,4.6,16.8,25.3,10.1,ok
20260328,09,2,1.4,12.3,3.2,6.7,14.8,24.7,ok
20260328,09,3,2.9,2.5,5.2,6.3,4.6,40.0,ok
20260328,09,4,1.5,2.6,7.2,25.5,8.5,25.5,ok
20260328,09,5,2.0,14.6,6.5,2.9,14.6,4.8,ok
20260328,09,6,1.9,5.3,25.5,4.5,2.7,127.5,ok
20260328,09,8,1.3,6.1,6.6,7.2,7.9,26.5,ok
20260328,09,9,1.8,3.3,5.3,15.2,7.0,9.1,ok
20260328,09,10,1.0,7.5,15.0,9.6,67.8,67.8,ok
20260328,09,11,1.2,2.7,9.2,22.2,55.5,111.0,ok
20260328,09,12,1.2,9.6,6.6,9.6,13.2,15.1,ok
20260328,10,1,1.1,23.6,9.8,5.2,23.6,17.7,ok
20260328,10,2,1.0,15.0,12.3,11.6,14.0,70.0,ok
20260328,10,3,2.4,6.3,1.5,21.6,24.0,19.6,ok
20260328,10,4,1.1,5.2,10.0,68.1,13.9,19.8,ok
20260328,10,5,3.7,2.2,4.3,10.0,28.3,4.0,ok
20260328,10,6,2.1,4.7,15.0,10.3,6.3,2.9,ok
20260328,10,7,1.6,14.9,9.4,3.3,4.2,44.8,ok
20260328,10,8,1.7,5.8,3.1,12.0,8.0,14.4,ok
20260328,10,9,1.3,5.2,11.7,3.6,52.6,210.7,ok
20260328,10,10,1.0,10.5,9.9,34.2,21.9,24.9,ok
20260328,10,11,1.1,5.0,13.0,17.6,15.7,27.2,ok
20260328,10,12,1.0,6.6,8.7,16.1,21.5,27.6,ok
20260328,13,1,3.6,10.1,1.3,,7.2,17.1,ok
20260328,13,3,1.7,4.9,4.0,4.9,11.0,44.2,ok
20260328,13,4,3.2,1.9,21.8,4.8,11.9,5.9,ok
20260328,13,5,1.4,11.0,3.1,9.5,20.4,11.0,ok
20260328,13,6,1.5,8.6,,2.6,9.9,9.2,ok
20260328,13,7,1.8,8.4,12.2,13.7,2.7,6.4,ok
20260328,13,8,1.0,39.8,5.3,18.4,18.4,29.9,ok
20260328,13,9,2.2,5.3,6.2,3.7,10.7,5.3,ok
20260328,13,10,1.0,34.8,8.2,7.3,46.5,13.9,ok
20260328,13,11,1.7,5.8,3.8,17.5,4.2,31.5,ok
20260328,13,12,1.0,18.6,26.6,8.4,7.7,31.1,ok
20260328,16,5,1.7,6.0,3.6,18.0,4.2,72.0,ok
20260328,16,7,2.3,4.5,1.8,11.2,67.5,22.5,ok
20260328,16,11,7.5,1.9,1.7,45.0,18.7,37.5,ok
20260328,16,12,1.9,2.6,9.5,3.8,16.8,109.5,ok
20260328,17,1,2.3,2.9,4.9,3.6,15.9,39.7,ok
20260328,17,2,4.1,3.1,21.3,1.9,6.1,21.3,ok
20260328,17,3,4.2,6.7,25.3,1.3,7.7,50.6,ok
20260328,17,4,3.0,6.2,1.4,20.4,40.8,13.6,ok
20260328,17,5,1.0,30.6,76.5,6.6,15.3,61.2,ok
20260328,17,7,3.5,7.6,1.6,9.0,99.7,5.2,ok
20260328,17,8,1.5,3.7,4.2,7.5,20.0,60.0,ok
20260328,17,11,1.5,6.9,6.0,5.7,7.3,20.7,ok
20260328,17,12,1.4,3.1,8.1,10.6,17.7,26.6,ok
20260328,19,1,4.4,5.3,4.8,6.6,1.8,53.2,ok
20260328,19,3,5.2,3.1,3.5,2.7,14.8,8.1,ok
20260328,19,4,2.2,6.6,1.6,15.6,42.9,19.0,ok
20260328,19,5,1.3,3.6,9.1,8.3,10.9,43.6,ok
20260328,19,6,2.5,1.5,9.9,11.5,16.8,13.6,ok
20260328,19,7,2.2,12.0,6.8,12.6,1.9,14.9,ok
20260328,19,8,1.1,12.6,3.5,15.0,33.8,50.7,ok
20260328,19,9,1.2,4.2,5.9,10.9,19.7,105.5,ok
20260328,19,10,2.5,1.4,13.7,17.6,9.5,92.6,ok
20260328,19,11,1.0,10.3,16.2,12.2,34.2,19.0,ok
20260328,19,12,1.2,23.9,5.2,5.8,26.9,9.3,ok
20260328,21,1,2.1,11.6,3.1,3.2,8.4,23.2,ok
20260328,21,2,2.5,3.6,6.1,2.6,12.3,24.7,ok
20260328,21,3,1.1,7.2,4.6,25.2,28.0,21.0,ok
20260328,21,4,1.3,2.5,16.5,14.8,44.4,48.1,ok
20260328,21,5,1.6,6.6,9.6,4.5,7.1,10.1,ok
20260328,21,6,1.6,17.1,8.5,5.7,3.9,7.9,ok
20260328,21,7,1.2,8.3,6.6,5.9,13.9,55.7,ok
20260328,21,9,1.2,5.3,8.3,37.6,11.5,7.5,ok
20260328,21,10,1.4,11.9,2.8,7.6,59.7,14.2,ok
20260328,21,11,1.5,8.2,5.5,3.7,18.9,12.0,ok
20260328,21,12,1.4,10.6,6.3,9.0,4.1,42.7,ok
20260328,23,1,1.0,12.6,22.5,15.5,33.7,8.1,ok
20260328,23,2,1.9,2.4,4.1,11.5,14.4,173.2,ok
20260328,23,3,1.7,3.7,4.4,7.5,12.8,16.0,ok
20260328,23,4,1.3,38.5,4.0,19.2,5.7,9.0,ok
20260328,23,5,1.3,4.4,12.6,5.3,25.3,20.2,ok
20260328,23,6,1.6,2.4,8.1,11.7,15.1,35.2,ok
20260328,23,7,3.2,5.2,18.6,1.5,9.3,130.5,ok
20260328,23,8,1.2,10.4,10.4,11.3,4.6,35.6,ok
20260328,23,10,1.3,5.7,10.9,5.7,10.9,17.2,ok
20260328,23,11,1.4,8.0,4.0,9.4,8.6,34.7,ok
20260328,23,12,1.4,8.5,11.9,7.1,4.2,22.4,ok
20260328,24,2,1.1,21.8,7.7,13.1,43.7,5.9,ok
20260328,24,5,2.9,4.4,2.9,4.2,19.8,6.8,ok
20260328,24,6,3.6,16.2,8.1,1.3,7.9,35.1,ok
20260328,24,8,1.7,2.3,6.9,19.5,12.1,21.6,ok
20260328,24,9,1.0,9.6,7.4,10.5,74.0,44.4,ok
20260328,24,10,1.2,5.2,27.9,15.5,69.7,5.0,ok
20260328,24,11,1.5,3.5,26.4,4.9,12.0,14.7,ok
20260328,24,12,1.0,15.0,9.7,11.6,16.4,27.8,ok
20260329,02,2,2.8,1.3,11.4,11.4,34.3,21.0,ok
20260329,02,3,1.7,5.0,3.7,29.2,9.1,6.6,ok
20260329,02,4,6.9,13.0,1.3,3.0,44.2,31.6,ok
20260329,02,5,2.0,16.4,3.6,3.0,9.5,13.9,ok
20260329,02,6,4.5,5.1,4.5,2.5,24.2,3.6,ok
20260329,02,7,1.3,10.2,3.8,9.8,28.2,10.2,ok
20260329,02,8,1.7,3.1,19.7,4.9,19.7,6.5,ok
20260329,02,9,1.4,17.8,1.8,22.3,44.6,89.2,ok
20260329,02,10,2.6,1.3,15.6,19.5,15.6,19.5,ok
20260329,02,11,1.9,2.1,20.6,6.5,8.2,30.9,ok
20260329,02,12,1.6,3.4,12.8,6.6,6.4,25.6,ok
20260329,04,1,2.1,6.2,2.7,6.2,17.6,7.5,ok
20260329,04,2,1.5,5.6,3.8,19.1,19.1,6.3,ok
20260329,04,3,4.0,4.5,18.3,18.3,1.7,5.6,ok
20260329,04,4,3.5,8.9,1.8,3.9,8.2,33.7,ok
20260329,04,5,3.1,9.1,2.2,3.4,18.9,8.8,ok
20260329,04,6,3.5,9.3,1.7,17.4,9.6,5.0,ok
20260329,04,7,2.6,4.1,12.5,1.9,8.6,81.7,ok
20260329,04,8,1.5,11.7,6.2,3.7,11.7,11.7,ok
20260329,04,9,1.2,22.0,6.1,6.1,19.3,9.0,ok
20260329,04,10,1.8,3.5,5.4,6.7,10.0,16.2,ok
20260329,04,11,1.5,7.0,3.3,9.0,54.0,10.8,ok
20260329,04,12,1.2,4.5,5.0,11.3,27.0,61.7,ok
20260329,05,1,2.2,27.3,5.7,1.9,13.6,10.9,ok
20260329,05,2,2.4,3.1,10.7,2.8,6.7,35.7,ok
20260329,05,3,1.5,5.8,4.8,5.3,15.0,15.0,ok
20260329,05,4,1.9,4.1,8.0,7.2,3.1,137.2,ok
20260329,05,5,2.4,2.1,6.3,4.5,33.1,22.1,ok
20260329,05,6,3.9,10.5,26.3,9.3,1.2,39.5,ok
20260329,05,8,1.0,12.8,25.7,12.8,11.0,77.2,ok
20260329,05,9,1.0,4.5,77.6,12.4,25.8,38.8,ok
20260329,05,10,1.0,22.8,11.4,10.5,15.2,27.4,ok
20260329,05,11,2.0,1.6,98.2,14.0,32.7,8.9,ok
20260329,05,12,1.0,12.8,32.1,27.5,13.7,64.2,ok
20260329,06,1,1.8,8.2,2.4,74.2,18.5,4.9,ok
20260329,06,2,1.9,2.6,10.8,15.1,3.6,75.7,ok
20260329,06,3,5.2,21.0,3.0,1.4,23.4,52.6,ok
20260329,06,4,1.3,6.6,5.7,10.2,12.3,13.2,ok
20260329,06,5,2.9,4.2,1.5,18.5,27.7,27.7,ok
20260329,06,6,1.4,13.8,9.8,13.8,6.9,4.3,ok
20260329,06,7,1.3,27.0,2.4,36.0,21.6,27.0,ok
20260329,06,8,1.2,18.8,3.2,17.1,19.7,17.1,ok
20260329,06,9,1.9,7.2,2.0,10.4,13.3,23.4,ok
20260329,06,10,6.9,15.3,1.0,13.8,17.2,69.0,ok
20260329,06,12,1.0,20.0,20.0,17.7,29.1,13.9,ok
20260329,07,1,2.6,3.9,3.7,3.0,26.2,14.0,ok
20260329,07,2,1.0,7.4,10.2,10.2,41.5,20.7,ok
20260329,07,3,1.2,7.1,9.6,5.4,14.4,37.0,ok
20260329,07,4,1.2,7.4,6.0,10.3,16.9,20.6,ok
20260329,07,5,1.2,10.7,11.1,3.4,25.9,41.5,ok
20260329,07,6,1.1,9.3,11.6,10.3,18.2,12.2,ok
20260329,07,7,1.4,18.2,11.8,5.6,3.8,20.7,ok
20260329,07,8,1.1,8.5,6.6,15.9,12.9,38.0,ok
20260329,07,9,1.4,9.6,4.4,13.7,11.1,7.7,ok
20260329,07,10,1.4,3.1,12.8,10.1,15.1,15.3,ok
20260329,07,11,1.0,13.0,11.0,9.0,12.3,24.6,ok
20260329,07,12,1.1,6.3,11.2,8.8,11.3,24.1,ok
20260329,08,1,1.2,8.6,9.1,8.6,7.3,12.9,ok
20260329,08,2,1.8,1.7,17.2,13.4,17.2,60.3,ok
20260329,08,3,2.1,3.7,2.2,72.0,12.0,18.0,ok
20260329,08,4,2.0,4.5,6.0,3.6,9.0,18.0,ok
20260329,08,5,2.3,5.6,2.3,8.1,9.6,13.3,ok
20260329,08,6,1.3,78.0,4.5,39.0,39.0,3.0,ok
20260329,08,7,3.6,4.0,2.4,5.2,12.2,7.3,ok
20260329,08,8,5.8,7.5,1.3,10.3,5.8,20.6,ok
20260329,08,9,1.6,4.9,9.8,8.7,15.7,3.9,ok
20260329,08,10,1.9,21.4,6.7,2.8,4.4,21.4,ok
20260329,08,11,1.2,38.2,5.4,8.1,6.7,28.6,ok
20260329,08,12,1.0,12.3,61.6,8.5,49.3,246.7,ok
20260329,09,1,1.0,27.9,20.9,50.2,50.2,41.8,ok
20260329,09,2,1.0,4.8,20.4,34.0,25.5,25.5,ok
20260329,09,3,1.0,7.1,13.8,11.4,16.1,27.7,ok
20260329,09,4,1.0,11.1,66.7,11.1,7.4,33.3,ok
20260329,09,5,1.2,6.1,11.6,21.0,6.5,13.1,ok
20260329,09,7,1.4,6.4,7.3,10.3,7.3,7.3,ok
20260329,09,8,1.0,24.3,32.5,21.6,27.8,32.5,ok
20260329,09,9,1.6,7.8,4.1,8.6,28.7,4.7,ok
20260329,09,10,1.2,5.7,7.0,15.7,12.6,21.0,ok
20260329,09,11,1.0,14.9,7.0,119.2,59.6,39.7,ok
20260329,09,12,1.2,4.9,21.7,12.6,12.6,10.1,ok
20260329,10,1,1.5,5.2,15.3,14.8,5.8,5.3,ok
20260329,10,2,2.2,1.5,12.7,11.6,20.6,33.5,ok
20260329,10,3,1.8,3.8,2.5,11.8,65.2,52.2,ok
20260329,10,4,1.2,3.9,9.9,19.9,10.7,21.5,ok
20260329,10,5,1.6,3.3,9.0,7.1,10.7,11.5,ok
20260329,10,6,1.3,29.5,13.8,3.2,7.6,41.4,ok
20260329,10,7,1.4,6.9,5.1,15.8,4.5,174.0,ok
20260329,10,8,1.9,7.2,8.9,2.3,10.4,28.0,ok
20260329,10,9,1.2,10.2,8.1,10.2,10.2,7.3,ok
20260329,10,10,1.0,8.7,6.3,12.8,19.9,71.8,ok
20260329,10,11,1.1,6.1,12.1,7.4,16.2,22.3,ok
20260329,10,12,1.3,5.0,8.8,5.9,23.8,12.9,ok
20260329,13,1,1.9,10.2,1.7,11.4,48.5,19.4,ok
20260329,13,2,1.0,16.3,11.8,18.6,5.0,130.5,ok
20260329,13,6,1.0,6.3,10.6,8.3,53.0,159.0,ok
20260329,13,7,1.3,4.5,63.0,10.5,5.2,11.4,ok
20260329,13,8,1.3,11.3,7.3,5.0,7.3,49.2,ok
20260329,13,9,2.3,6.3,5.5,24.4,2.3,9.0,ok
20260329,13,10,1.0,5.7,8.9,160.5,20.0,26.7,ok
20260329,13,12,1.3,7.7,8.3,5.5,6.2,50.2,ok
20260329,16,2,1.7,28.7,76.7,9.2,57.5,1.7,ok
20260329,16,3,2.4,4.4,3.0,4.4,13.3,13.3,ok
20260329,16,4,1.4,2.8,9.8,7.6,69.0,17.2,ok
20260329,16,6,1.4,4.2,5.7,32.5,6.5,19.5,ok
20260329,16,7,1.4,37.1,14.8,6.7,4.1,6.7,ok
20260329,16,8,1.3,2.9,12.8,15.4,15.4,38.6,ok
20260329,16,9,1.0,9.6,12.0,10.7,24.1,32.2,ok
20260329,16,10,3.2,1.8,6.9,6.9,5.6,45.3,ok
20260329,16,11,1.1,27.7,9.2,6.5,10.0,27.7,ok
20260329,16,12,1.1,24.2,9.0,4.8,24.2,24.2,ok
20260329,17,1,1.0,14.6,12.1,6.0,18.2,36.5,ok
20260329,17,2,2.6,1.3,42.0,8.4,14.0,105.0,ok
20260329,17,4,2.4,6.8,6.0,3.4,8.0,5.3,ok
20260329,17,5,1.3,71.2,10.1,4.4,8.9,8.3,ok
20260329,17,7,1.1,7.2,7.9,6.1,15.9,,ok
20260329,17,8,5.1,1.6,4.3,8.6,17.2,8.6,ok
20260329,17,9,4.3,1.2,4.9,24.5,18.3,36.7,ok
20260329,17,10,1.0,7.6,36.1,16.0,6.8,28.9,ok
20260329,17,11,2.1,,5.4,3.9,3.0,8.9,ok
20260329,17,12,1.1,8.7,29.2,4.1,29.2,43.8,ok
20260329,19,1,1.3,6.4,4.5,12.9,11.3,12.9,ok
20260329,19,2,2.2,5.5,5.5,9.7,3.2,7.8,ok
20260329,19,3,2.0,6.8,8.3,2.4,9.3,18.7,ok
20260329,19,5,1.8,2.4,18.2,3.7,17.0,51.1,ok
20260329,19,6,1.4,18.9,4.6,4.1,16.0,16.0,ok
20260329,19,7,1.7,12.1,15.6,1.9,14.2,18.2,ok
20260329,19,8,1.4,15.8,22.5,2.1,33.7,24.5,ok
20260329,19,9,1.6,6.6,57.5,2.1,24.6,28.7,ok
20260329,19,10,1.2,20.0,3.4,11.7,25.0,25.0,ok
20260329,19,11,1.0,10.3,14.5,11.3,13.9,13.9,ok
20260329,19,12,1.0,14.8,10.5,23.8,23.8,23.8,ok
20260329,21,1,1.4,6.3,4.4,13.9,9.6,13.3,ok
20260329,21,2,1.0,48.9,53.0,3.6,90.9,37.4,ok
20260329,21,3,1.3,5.0,4.8,8.7,12.8,122.2,ok
20260329,21,4,1.3,9.7,12.1,6.1,5.7,17.4,ok
20260329,21,5,1.2,5.7,7.5,12.2,8.8,23.4,ok
20260329,21,6,7.8,1.5,7.8,12.5,5.9,5.9,ok
20260329,21,7,2.0,12.3,2.6,3.0,15.4,185.2,ok
20260329,21,8,1.4,2.6,67.1,5.1,16.7,44.7,ok
20260329,21,9,1.0,21.8,10.9,9.7,34.9,13.4,ok
20260329,21,10,1.4,6.7,7.3,5.6,9.6,18.4,ok
20260329,21,11,1.1,9.4,6.5,11.5,50.2,10.7,ok
20260329,21,12,1.2,16.2,14.4,12.9,6.8,6.4,ok
20260329,23,1,1.2,20.2,9.8,8.0,4.0,38.4,ok
20260329,23,2,1.0,9.9,9.9,11.7,49.8,19.9,ok
20260329,23,3,1.6,9.1,2.2,28.8,28.8,10.8,ok
20260329,23,4,2.0,12.5,2.5,4.7,6.6,113.2,ok
20260329,23,5,1.9,6.4,10.3,2.2,12.9,25.8,ok
20260329,23,6,2.2,4.8,5.8,3.4,6.8,16.3,ok
20260329,23,8,1.3,8.8,4.9,12.3,5.6,28.4,ok
20260329,23,9,2.0,6.3,4.3,4.3,5.5,27.5,ok
20260329,23,10,3.7,1.8,8.4,6.3,4.4,25.2,ok
20260329,23,12,1.5,14.2,14.2,4.0,5.3,7.7,ok
20260329,24,1,1.9,16.6,2.1,11.1,33.3,6.0,ok
20260329,24,2,2.4,2.7,2.7,8.5,19.1,38.2,ok
20260329,24,4,1.0,12.0,20.0,7.5,7.5,60.0,ok
20260329,24,5,4.5,3.1,2.5,3.0,29.1,29.1,ok
20260329,24,6,1.5,8.2,3.0,18.1,5.6,60.5,ok
20260329,24,7,1.1,7.1,4.7,26.6,33.3,66.6,ok
20260329,24,8,3.0,1.5,28.0,4.4,63.0,11.2,ok
20260329,24,9,1.6,8.7,27.8,8.2,51.0,2.2,ok
20260329,24,10,1.2,3.8,7.5,45.0,9.0,32.1,ok
20260329,24,11,1.7,6.0,7.8,2.9,16.3,12.4,ok
20260329,24,12,1.3,13.6,5.1,4.3,12.9,45.3,ok
20260330,02,1,1.5,4.2,5.3,6.5,55.8,12.4,ok
20260330,02,2,1.0,17.7,8.8,8.0,17.7,88.5,ok
20260330,02,3,1.8,2.5,4.3,11.5,14.7,103.5,ok
20260330,02,5,2.7,4.3,3.4,2.5,22.8,38.0,ok
20260330,02,6,1.3,7.6,3.6,12.0,8.9,68.5,ok
20260330,02,7,1.2,8.8,10.6,5.9,10.6,17.7,ok
20260330,02,8,3.4,1.8,4.0,17.1,42.7,6.1,ok
20260330,02,9,2.0,8.5,3.6,2.9,12.5,27.1,ok
20260330,02,10,1.4,5.6,12.5,8.0,4.8,18.7,ok
20260330,02,11,1.2,8.6,6.7,8.6,7.8,28.6,ok
20260330,02,12,1.2,7.2,17.1,5.1,27.0,11.1,ok
20260330,04,1,2.6,4.0,3.3,4.2,8.8,17.1,ok
20260330,04,3,1.3,10.3,16.2,10.3,5.1,7.1,ok
20260330,04,4,1.4,7.6,6.5,4.0,15.3,15.3,ok
20260330,04,5,2.0,7.5,8.6,2.1,18.4,14.3,ok
20260330,04,6,2.8,5.6,1.5,7.9,50.5,50.5,ok
20260330,04,7,3.2,7.1,11.6,13.2,3.8,2.1,ok
20260330,04,8,1.1,37.3,6.6,7.8,21.0,7.4,ok
20260330,04,9,2.0,6.9,2.4,5.1,14.6,21.9,ok
20260330,04,10,1.6,6.8,2.4,14.1,12.2,26.2,ok
20260330,04,11,1.2,15.6,8.3,4.1,12.5,25.0,ok
20260330,04,12,1.3,13.3,7.3,7.4,12.4,6.7,ok
20260330,05,1,2.3,3.0,2.1,17.8,44.6,22.3,ok
20260330,05,2,2.5,1.4,5.0,32.2,96.7,96.7,ok
20260330,05,3,2.5,14.9,1.2,17.9,59.7,59.7,ok
20260330,05,4,2.0,1.8,70.8,5.6,10.9,35.4,ok
20260330,05,5,1.0,7.9,8.9,17.9,47.7,20.4,ok
20260330,05,6,2.0,1.9,42.4,3.7,48.5,67.9,ok
20260330,05,7,1.8,5.6,3.9,4.0,20.8,17.8,ok
20260330,05,8,1.9,7.1,1.9,23.7,17.8,17.8,ok
20260330,05,9,1.0,32.6,4.0,65.2,32.6,10.8,ok
20260330,05,10,1.6,6.0,2.1,18.1,72.7,24.2,ok
20260330,05,11,1.2,5.3,4.1,11.8,77.2,51.5,ok
20260330,05,12,1.2,7.1,4.5,11.5,16.6,25.0,ok
20260330,06,1,2.0,4.6,8.0,11.1,38.8,2.6,ok
20260330,06,2,2.2,2.5,12.4,12.4,10.3,4.1,ok
20260330,06,3,2.7,1.7,5.1,6.3,38.2,76.5,ok
20260330,06,4,1.2,11.0,5.5,7.7,15.4,19.3,ok
20260330,06,5,2.5,17.3,6.1,17.3,1.5,103.8,ok
20260330,06,6,1.4,8.3,10.0,2.9,12.5,50.2,ok
20260330,06,8,1.0,19.4,10.3,19.4,22.1,51.7,ok
20260330,06,9,2.5,7.7,3.0,6.9,5.3,6.3,ok
20260330,06,10,2.0,3.8,4.7,5.5,5.5,52.5,ok
20260330,06,11,2.4,10.5,7.7,1.7,84.7,9.4,ok
20260330,06,12,1.0,8.8,6.2,23.2,37.2,18.6,ok
20260330,08,2,2.6,1.3,33.5,11.1,20.1,50.2,ok
20260330,08,3,4.0,4.7,2.7,2.4,20.7,17.7,ok
20260330,08,4,13.0,1.3,16.3,21.7,13.9,2.9,ok
20260330,08,5,3.6,1.3,18.8,6.6,16.1,37.7,ok
20260330,08,6,1.1,7.2,16.5,11.0,33.1,7.8,ok
20260330,08,7,4.5,4.5,4.5,4.0,9.0,3.2,ok
20260330,08,8,1.4,2.5,7.4,19.7,29.6,29.6,ok
20260330,08,10,3.8,30.7,30.7,1.6,4.1,6.1,ok
20260330,08,12,1.0,12.5,22.5,7.5,56.2,56.2,ok
20260330,13,1,1.1,15.6,3.1,17.6,141.0,70.5,ok
20260330,13,2,2.0,2.5,71.2,142.5,9.5,3.0,ok
20260330,13,3,1.3,3.6,7.7,15.4,19.3,12.8,ok
20260330,13,5,1.5,3.6,31.2,4.0,15.6,13.3,ok
20260330,13,6,1.0,36.0,72.0,3.6,216.0,72.0,ok
20260330,13,7,1.0,45.0,10.0,12.8,45.0,18.0,ok
20260330,13,8,1.0,6.2,18.0,9.0,24.1,24.1,ok
20260330,13,9,1.0,17.5,50.7,126.9,36.2,6.4,ok
20260330,13,10,1.3,10.5,6.4,4.6,10.5,84.0,ok
20260330,13,11,1.1,6.6,9.0,10.9,11.7,153.0,ok
20260330,13,12,1.0,23.8,7.9,78.3,68.5,137.0,ok
20260330,15,1,2.4,3.2,7.3,7.7,46.2,3.0,ok
20260330,15,2,2.2,11.0,4.3,3.1,5.2,13.5,ok
20260330,15,3,2.3,4.9,2.8,5.3,9.8,14.8,ok
20260330,15,4,2.7,2.4,7.7,7.0,4.0,19.3,ok
20260330,15,5,1.7,8.4,11.0,5.2,3.2,22.0,ok
20260330,15,6,1.8,5.6,3.5,3.4,25.1,,ok
20260330,15,7,4.2,3.0,16.1,1.6,19.2,27.9,ok
20260330,15,8,1.1,11.0,6.0,9.4,12.7,18.1,ok
20260330,15,9,2.2,2.7,6.0,18.5,9.7,5.1,ok
20260330,15,10,1.8,4.3,2.6,11.6,25.3,18.6,ok
20260330,15,11,1.4,6.1,3.1,13.9,17.7,44.2,ok
20260330,15,12,1.4,6.9,2.9,15.6,13.4,35.7,ok
20260330,16,1,1.1,5.0,9.3,9.3,37.5,37.5,ok
20260330,16,2,1.0,7.5,12.1,12.1,60.7,30.3,ok
20260330,16,3,1.5,11.4,7.2,2.6,20.0,40.1,ok
20260330,16,4,3.0,1.6,17.8,4.5,10.9,19.6,ok
20260330,16,5,1.0,10.4,7.5,10.4,83.2,83.2,ok
20260330,16,6,1.2,4.3,6.6,21.7,12.4,17.4,ok
20260330,16,9,1.3,14.8,4.2,5.5,8.9,89.2,ok
20260330,16,10,1.2,5.0,18.7,6.2,12.5,18.7,ok
20260330,16,11,1.0,35.6,31.2,20.8,41.6,62.4,ok
20260330,16,12,1.0,8.1,24.4,8.1,17.4,40.7,ok
20260330,17,1,1.3,10.0,10.0,5.0,8.5,10.0,ok
20260330,17,2,1.4,4.4,23.4,4.0,93.7,7.8,ok
20260330,17,3,1.0,48.7,11.6,12.8,30.4,4.9,ok
20260330,17,4,1.2,32.2,8.7,7.4,8.0,8.7,ok
20260330,17,5,1.0,16.5,9.9,9.9,12.3,49.5,ok
20260330,17,6,3.6,2.7,3.9,4.1,7.3,14.6,ok
20260330,17,7,1.6,8.4,2.4,11.2,16.8,16.8,ok
20260330,17,8,1.6,27.0,1.9,18.0,16.2,32.4,ok
20260330,17,9,1.1,10.9,18.2,3.6,27.3,54.7,ok
20260330,17,10,2.3,1.6,4.3,27.0,47.2,47.2,ok
20260330,17,11,1.0,6.5,10.8,21.7,21.7,16.3,ok
20260330,17,12,1.0,41.5,20.7,4.7,20.7,17.7,ok
20260330,18,1,1.4,13.3,3.3,14.5,5.5,53.2,ok
20260330,18,2,1.0,19.8,4.9,15.9,39.7,13.2,ok
20260330,18,4,1.0,8.1,21.8,21.8,49.1,196.5,ok
20260330,18,5,2.5,5.7,3.4,3.0,20.0,12.0,ok
20260330,18,6,1.8,7.2,1.8,24.0,24.0,18.0,ok
20260330,18,7,1.5,2.5,11.5,7.7,115.5,19.2,ok
20260330,18,9,1.2,5.9,8.1,5.2,29.7,29.7,ok
20260330,18,10,1.3,5.2,4.2,16.3,43.5,16.3,ok
20260330,18,12,1.3,6.6,7.1,19.9,6.6,11.0,ok
20260330,19,2,1.7,4.5,6.3,7.4,8.4,7.4,ok
20260330,19,3,2.0,2.9,6.5,10.1,14.7,5.8,ok
20260330,19,4,1.3,5.5,10.2,12.0,6.5,12.0,ok
20260330,19,5,1.3,2.3,9.8,61.3,61.3,17.5,ok
20260330,19,6,1.5,3.2,9.0,26.1,23.7,4.9,ok
20260330,19,7,1.7,15.7,47.2,8.4,11.4,2.0,ok
20260330,19,8,1.2,6.2,10.7,4.4,19.9,55.9,ok
20260330,21,2,2.0,4.9,15.7,2.4,7.8,23.6,ok
20260330,21,3,1.1,15.5,3.8,15.5,12.2,42.7,ok
20260330,21,4,1.0,23.3,15.5,5.6,14.0,35.0,ok
20260330,21,5,1.3,6.5,2.7,28.5,19.0,85.5,ok
20260330,21,6,3.4,2.0,5.1,5.5,21.7,6.7,ok
20260330,21,7,1.2,2.7,25.5,18.2,21.2,42.5,ok
20260330,21,8,1.1,7.9,6.0,13.1,17.5,52.7,ok
20260330,21,9,2.1,2.7,14.6,6.0,6.8,8.5,ok
20260330,21,10,1.0,8.1,11.5,8.1,40.5,32.4,ok
20260330,21,11,1.3,3.1,10.3,17.7,31.1,11.3,ok
20260330,21,12,1.0,21.3,26.7,31.3,70.1,98.2,ok
20260330,23,2,1.3,3.4,14.7,5.2,265.5,18.9,ok
20260330,23,3,1.5,8.3,3.1,8.3,20.1,14.3,ok
20260330,23,4,2.0,3.5,8.5,7.7,12.8,4.1,ok
20260330,23,5,1.4,7.0,4.0,7.0,14.0,28.1,ok
20260330,23,6,2.4,9.9,8.1,7.4,1.8,29.7,ok
20260330,23,8,1.1,8.1,7.5,9.0,15.0,22.5,ok
20260330,23,9,1.6,3.1,7.2,6.2,14.5,21.7,ok
20260330,23,11,1.0,15.6,8.6,11.1,19.5,19.5,ok
20260330,23,12,1.0,10.5,13.2,35.2,6.6,52.8,ok
20260330,24,2,2.8,1.9,14.8,9.8,59.2,3.4,ok
20260330,24,3,2.4,18.7,8.5,3.7,2.9,7.2,ok
20260330,24,4,1.7,3.6,14.6,3.2,29.2,14.6,ok
20260330,24,5,2.1,4.6,220.5,12.9,1.8,44.1,ok
20260330,24,6,1.3,5.4,11.9,4.7,9.5,40.9,ok
20260330,24,7,1.4,17.1,25.2,2.2,14.5,43.6,ok
20260330,24,8,1.4,4.9,8.1,14.2,5.4,21.0,ok
20260330,24,9,1.7,4.8,12.4,3.5,5.4,65.4,ok
20260330,24,10,1.3,3.4,21.3,42.7,6.8,16.4,ok
20260330,24,11,2.3,3.4,3.3,3.6,50.4,57.6,ok
20260330,24,12,1.0,18.3,70.6,18.1,78.9,51.6,ok
20260331,02,1,1.2,3.9,8.8,7.9,79.5,19.8,ok
20260331,02,3,4.8,1.9,2.6,8.0,12.0,48.3,ok
20260331,02,5,1.6,6.1,5.1,3.6,17.4,48.0,ok
20260331,02,6,3.3,3.7,1.5,159.7,17.7,22.8,ok
20260331,02,7,1.1,11.2,7.7,8.2,20.6,15.4,ok
20260331,02,8,1.8,14.5,2.6,3.7,14.5,43.5,ok
20260331,02,9,1.8,7.9,12.3,4.3,4.3,7.5,ok
20260331,02,10,1.4,6.1,7.9,6.1,5.6,39.7,ok
20260331,02,11,2.0,8.2,3.1,6.3,5.3,17.4,ok
20260331,02,12,1.3,6.8,4.4,9.0,11.6,31.1,ok
20260331,05,1,3.0,3.6,2.8,5.0,25.2,7.5,ok
20260331,05,2,2.1,6.8,2.1,12.0,6.0,48.0,ok
20260331,05,3,2.0,1.7,23.0,5.4,36.8,184.1,ok
20260331,05,4,1.5,6.6,3.9,15.1,5.8,26.4,ok
20260331,05,5,1.0,34.6,41.5,63.9,103.9,118.8,ok
20260331,05,7,2.6,10.8,2.3,3.8,6.8,26.1,ok
20260331,05,8,3.2,3.7,2.0,5.8,14.5,46.5,ok
20260331,05,9,2.3,3.3,2.9,6.2,11.8,43.5,ok
20260331,05,10,1.3,2.9,15.3,11.1,17.5,24.6,ok
20260331,05,11,1.8,4.2,6.8,7.9,3.8,51.3,ok
20260331,05,12,2.3,1.9,3.8,12.4,35.1,57.8,ok
20260331,06,1,1.6,4.2,10.0,13.0,4.2,16.3,ok
20260331,06,2,2.0,10.5,14.0,1.6,42.0,28.0,ok
20260331,06,4,1.0,12.5,,5.3,18.7,18.7,ok
20260331,06,5,2.3,5.8,5.5,13.2,52.8,2.1,ok
20260331,06,6,2.4,15.7,2.1,2.8,31.5,47.2,ok
20260331,06,8,1.6,14.6,4.8,9.7,3.2,29.2,ok
20260331,06,9,1.6,5.6,9.0,2.6,45.0,45.0,ok
20260331,08,1,1.0,12.3,10.4,15.0,45.2,135.7,ok
20260331,08,2,2.8,2.8,2.8,5.2,26.2,26.2,ok
20260331,08,3,3.0,2.9,2.4,18.9,18.9,6.8,ok
20260331,08,6,2.5,6.8,13.0,32.6,32.6,1.5,ok
20260331,08,7,3.2,1.2,12.8,19.3,38.6,11.0,ok
20260331,08,8,6.9,1.5,18.5,13.8,2.9,13.8,ok
20260331,08,9,2.2,5.2,28.8,2.0,19.2,8.2,ok
20260331,08,10,1.9,3.8,4.1,7.3,12.6,9.9,ok
20260331,08,12,1.0,14.6,14.6,9.7,21.9,12.5,ok
20260331,13,1,1.5,18.7,2.0,67.3,11.6,21.0,ok
20260331,13,2,1.0,6.0,26.1,19.5,52.2,156.7,ok
20260331,13,3,1.3,7.2,3.7,12.0,9.8,54.3,ok
20260331,13,4,1.1,14.8,11.4,3.3,74.2,148.5,ok
20260331,13,5,2.8,13.0,1.9,8.5,18.4,4.5,ok
20260331,13,6,1.1,18.0,40.5,3.0,23.1,27.0,ok
20260331,13,7,1.0,16.6,46.5,25.8,8.3,10.1,ok
20260331,13,8,2.8,4.2,3.6,35.7,4.4,4.4,ok
20260331,13,9,1.1,9.2,10.0,8.5,12.3,27.7,ok
20260331,13,10,1.1,15.1,8.7,5.0,20.5,37.7,ok
20260331,13,11,1.2,12.7,5.1,6.6,10.7,102.3,ok
20260331,13,12,1.1,5.8,12.5,9.0,9.5,54.3,ok
20260331,15,4,1.9,13.8,2.7,3.8,15.3,17.1,ok
20260331,15,5,4.1,8.5,1.1,17.9,32.8,21.9,ok
20260331,15,6,1.1,12.4,5.2,17.1,12.4,19.6,ok
20260331,15,7,1.9,11.8,24.5,1.6,16.3,43.0,ok
20260331,15,8,1.6,4.0,6.9,3.4,24.0,52.0,ok
20260331,15,9,2.5,1.7,14.0,6.4,10.5,33.7,ok
20260331,15,10,1.5,5.6,10.5,3.8,11.6,12.9,ok
20260331,15,11,1.7,2.0,10.3,32.2,7.8,36.8,ok
20260331,15,12,1.1,8.6,7.1,9.5,33.3,23.1,ok
20260331,16,3,1.0,72.0,24.0,36.0,48.0,144.0,ok
20260331,16,4,1.1,9.3,5.7,14.7,11.4,68.7,ok
20260331,16,5,1.4,5.4,3.9,11.9,14.5,21.8,ok
20260331,16,6,2.0,2.6,3.0,17.1,14.6,102.7,ok
20260331,16,7,1.9,2.4,3.8,17.1,21.3,21.3,ok
20260331,16,8,1.4,7.1,9.7,3.0,16.1,38.8,ok
20260331,16,9,1.1,15.1,3.5,15.1,30.3,30.3,ok
20260331,16,10,2.1,4.0,2.7,4.7,57.0,28.5,ok
20260331,16,11,1.9,28.0,1.5,11.5,24.5,39.3,ok
20260331,16,12,1.9,2.0,21.5,12.5,6.6,24.2,ok
20260331,17,1,1.5,5.0,4.6,6.7,20.2,15.1,ok
20260331,17,2,1.3,2.3,37.1,24.7,37.1,14.8,ok
20260331,17,3,1.3,3.4,6.0,27.3,13.6,54.7,ok
20260331,17,4,1.4,9.3,14.6,5.7,9.3,6.0,ok
20260331,17,5,1.2,10.2,11.1,3.8,21.4,19.7,ok
20260331,17,6,1.1,6.0,6.9,30.0,45.0,8.1,ok
20260331,17,7,1.0,50.6,12.6,16.8,16.8,25.3,ok
20260331,17,8,1.3,8.5,5.7,7.1,17.1,9.5,ok
20260331,17,9,1.0,8.8,6.9,41.5,20.7,124.5,ok
20260331,17,10,1.5,6.2,3.7,8.3,15.0,10.7,ok
20260331,17,11,1.7,4.3,5.1,4.0,17.0,25.6,ok
20260331,17,12,1.1,5.8,5.6,26.3,17.5,23.9,ok
20260331,18,1,1.0,16.7,15.3,7.9,7.3,36.7,ok
20260331,18,2,1.1,7.2,12.7,8.5,29.1,15.6,ok
20260331,18,3,2.2,25.2,1.9,59.0,3.6,19.6,ok
20260331,18,4,1.3,3.2,6.1,24.9,18.0,36.0,ok
20260331,18,5,1.3,19.8,9.9,19.8,3.0,13.2,ok
20260331,18,7,3.2,4.4,11.7,1.7,8.6,25.8,ok
20260331,18,8,3.0,3.4,3.0,3.3,67.8,11.3,ok
20260331,18,9,1.8,17.1,5.4,3.0,17.1,6.0,ok
20260331,18,10,2.2,5.3,2.7,6.9,6.9,23.0,ok
20260331,18,11,1.6,4.3,5.8,32.2,3.5,32.2,ok
20260331,18,12,2.4,9.7,5.1,8.7,23.6,2.1,ok
20260331,19,1,1.1,19.1,17.5,8.4,5.1,70.2,ok
20260331,19,2,1.1,6.6,5.6,25.6,38.4,21.9,ok
20260331,19,3,1.3,8.3,7.3,6.2,6.5,41.7,ok
20260331,19,4,1.3,36.5,6.0,2.8,54.7,21.9,ok
20260331,19,5,1.6,10.3,8.5,9.6,3.0,16.0,ok
20260331,19,6,2.3,39.1,1.5,32.6,5.4,39.1,ok
20260331,19,7,1.2,12.0,7.1,4.8,14.8,96.7,ok
20260331,19,8,1.3,6.0,7.0,5.0,12.3,54.6,ok
20260331,19,9,1.9,6.9,2.4,9.6,14.2,12.1,ok
20260331,19,10,1.2,4.1,10.2,18.4,8.3,36.8,ok
20260331,19,11,1.4,5.2,5.4,6.0,21.9,16.6,ok
20260331,19,12,1.1,4.9,9.3,13.2,27.2,18.9,ok
20260331,21,1,1.0,9.3,14.9,9.9,14.2,149.6,ok
20260331,21,2,1.5,8.0,13.7,2.4,16.3,114.7,ok
20260331,21,3,1.2,6.9,5.1,8.1,22.9,38.2,ok
20260331,21,4,1.2,5.0,16.5,4.0,44.0,44.0,ok
20260331,21,5,1.3,9.3,8.5,6.0,10.2,12.0,ok
20260331,21,6,2.6,8.2,1.8,6.3,,7.6,ok
20260331,21,7,1.6,2.7,4.4,28.6,14.3,23.8,ok
20260331,21,8,2.9,1.5,5.6,10.2,20.4,112.5,ok
20260331,21,9,1.2,5.0,9.7,9.7,15.8,15.8,ok
20260331,21,10,1.2,5.7,7.5,9.3,15.0,18.7,ok
20260331,21,11,1.3,8.0,9.1,15.1,6.5,6.2,ok
20260331,21,12,1.1,7.9,10.4,10.1,13.2,18.9,ok
20260331,23,1,1.0,11.5,9.5,11.5,13.5,81.0,ok
20260331,23,2,1.5,3.0,10.2,5.2,29.7,81.9,ok
20260331,23,3,1.0,15.0,6.0,11.7,42.1,15.0,ok
20260331,23,4,3.3,10.0,3.2,4.8,2.7,20.0,ok
20260331,23,5,1.0,13.0,13.0,19.5,5.2,78.0,ok
20260331,23,6,1.1,14.4,3.8,28.8,11.5,28.8,ok
20260331,23,7,3.2,6.3,2.6,5.0,23.9,3.9,ok
20260331,23,8,3.5,4.1,8.0,1.6,22.7,68.2,ok
20260331,23,9,1.5,3.9,3.4,7.8,34.1,273.0,ok
20260331,23,10,1.5,4.5,10.7,4.5,8.4,39.5,ok
20260331,23,11,1.4,5.3,2.9,22.1,22.1,33.1,ok
20260331,23,12,1.0,5.9,9.4,32.1,9.4,80.2,ok
20260331,24,1,1.6,3.4,3.4,10.2,40.8,81.7,ok
20260331,24,2,2.5,4.4,3.5,21.1,105.7,2.6,ok
20260331,24,4,3.2,11.5,4.4,2.1,6.5,10.0,ok
20260331,24,5,4.9,3.1,4.0,2.3,10.8,21.0,ok
20260331,24,6,8.3,1.0,41.0,14.6,16.4,37.2,ok
20260331,24,7,1.9,5.3,4.2,3.5,9.7,34.1,ok
20260331,24,8,2.6,4.5,13.9,2.1,6.4,21.5,ok
20260331,24,9,1.5,5.1,10.2,7.9,4.2,27.5,ok
20260331,24,10,2.2,5.2,19.3,4.3,2.8,14.5,ok
20260331,24,11,1.2,3.9,9.9,20.5,13.3,19.2,ok
20260331,24,12,1.1,15.7,3.4,22.5,21.8,43.7,ok
20260401,01,1,4.0,3.0,2.5,4.5,15.3,12.7,ok
20260401,01,3,1.2,19.3,14.5,24.8,19.3,2.9,ok
20260401,01,4,3.6,4.9,5.6,2.5,3.9,28.3,ok
20260401,01,5,1.8,5.9,5.3,5.3,10.3,6.4,ok
20260401,01,6,1.1,7.1,15.6,7.4,8.5,51.3,ok
20260401,01,7,1.7,8.9,2.3,32.8,10.3,10.3,ok
20260401,01,8,1.2,24.4,6.1,13.2,4.1,38.2,ok
20260401,01,9,1.7,2.4,7.0,11.5,12.7,21.0,ok
20260401,01,10,2.0,5.9,5.5,5.0,6.2,7.1,ok
20260401,01,11,1.0,7.1,38.0,53.9,19.0,26.9,ok
20260401,01,12,1.3,4.2,19.2,7.4,7.2,23.7,ok
20260401,02,1,1.2,9.3,8.2,6.3,11.6,32.8,ok
20260401,02,2,2.5,11.3,11.3,3.0,5.1,4.0,ok
20260401,02,3,2.1,10.6,12.0,2.2,13.7,5.6,ok
20260401,02,5,2.0,4.9,7.2,8.6,6.8,4.1,ok
20260401,02,6,1.9,4.7,10.2,2.5,13.3,26.7,ok
20260401,02,7,1.9,7.9,3.5,4.6,6.1,45.0,ok
20260401,02,8,2.6,16.5,3.1,6.4,3.3,8.4,ok
20260401,02,9,2.6,4.8,6.3,2.6,9.1,9.1,ok
20260401,02,10,1.2,14.1,6.6,14.1,5.8,11.6,ok
20260401,02,11,1.0,14.3,9.9,20.5,18.7,22.5,ok
20260401,02,12,1.2,9.9,4.5,9.0,12.8,23.7,ok
20260401,06,2,4.7,2.8,3.2,10.6,42.7,2.8,ok
20260401,06,3,1.8,10.5,10.3,2.4,22.3,6.4,ok
20260401,06,4,3.2,1.7,5.4,11.4,6.0,43.5,ok
20260401,06,5,3.2,1.3,8.3,8.3,22.7,49.9,ok
20260401,06,6,1.3,2.4,11.6,12.6,46.5,69.7,ok
20260401,06,7,2.8,9.4,1.3,13.4,24.9,43.5,ok
20260401,06,8,8.0,6.7,6.9,1.3,7.2,27.0,ok
20260401,06,10,2.3,1.4,14.0,18.2,13.0,60.7,ok
20260401,06,11,3.0,4.8,13.1,6.0,1.8,48.2,ok
20260401,06,12,1.2,2.5,31.1,20.7,23.9,25.9,ok
20260401,08,1,1.1,7.1,6.7,7.1,38.0,28.5,ok
20260401,08,2,1.2,9.6,6.8,9.0,12.0,10.3,ok
20260401,08,3,2.1,11.2,9.3,2.3,5.4,12.4,ok
20260401,08,4,1.4,6.7,9.5,3.1,14.7,54.0,ok
20260401,08,5,1.8,5.8,3.3,13.2,18.6,5.4,ok
20260401,08,6,1.4,9.1,24.0,32.0,2.2,64.0,ok
20260401,08,7,1.1,18.3,4.3,14.6,18.3,31.3,ok
20260401,08,8,1.8,15.4,27.0,54.1,1.5,72.2,ok
20260401,08,9,1.6,12.3,2.5,12.3,15.3,11.1,ok
20260401,08,10,1.2,4.5,4.9,22.1,12.5,144.0,ok
20260401,08,11,1.3,3.3,8.4,9.0,19.6,39.2,ok
20260401,08,12,1.3,3.1,26.4,10.3,11.3,16.9,ok
20260401,15,1,1.3,3.6,6.5,6.3,76.0,76.0,ok
20260401,15,5,2.3,6.8,4.6,3.8,3.5,54.4,ok
20260401,15,6,1.0,10.5,5.6,9.6,105.7,39.6,ok
20260401,15,7,1.7,10.2,28.5,1.9,10.2,128.6,ok
20260401,15,8,1.0,6.0,16.7,16.7,28.7,25.1,ok
20260401,15,9,1.5,7.3,6.9,7.5,4.1,52.9,ok
20260401,15,10,1.3,4.4,4.3,32.3,30.7,12.0,ok
20260401,15,11,1.1,11.3,13.3,8.4,7.3,12.8,ok
20260401,15,12,1.1,5.9,15.2,8.7,22.1,20.4,ok
20260401,18,1,1.1,24.1,12.0,7.6,10.3,9.6,ok
20260401,18,2,1.7,3.5,6.6,16.1,9.7,6.1,ok
20260401,18,3,1.1,5.1,16.2,12.9,64.8,7.2,ok
20260401,18,4,1.7,2.5,6.3,14.0,8.4,25.3,ok
20260401,18,5,1.1,37.7,4.6,9.0,22.6,16.1,ok
20260401,18,6,1.9,7.7,6.1,24.6,2.4,12.3,ok
20260401,18,7,6.0,1.2,12.0,9.2,6.8,31.3,ok
20260401,18,8,2.6,3.3,3.0,5.1,9.5,34.0,ok
20260401,18,9,1.5,11.8,2.3,9.0,13.2,225.0,ok
20260401,18,10,2.0,2.2,3.7,11.2,135.0,33.7,ok
20260401,18,12,2.5,5.2,6.1,2.3,12.7,11.7,ok
20260401,22,1,1.0,5.7,8.7,21.0,22.9,63.1,ok
20260401,22,2,2.5,1.9,7.6,6.0,36.3,9.7,ok
20260401,22,3,2.0,5.8,1.8,16.1,13.7,91.7,ok
20260401,22,4,2.2,5.0,4.8,3.4,5.7,36.2,ok
20260401,22,5,3.1,18.1,1.4,28.3,5.3,34.8,ok
20260401,22,6,1.8,2.0,18.5,43.2,4.3,43.2,ok
20260401,22,7,9.9,1.0,6.4,20.7,14.9,20.7,ok
20260401,22,8,2.0,2.2,7.5,9.0,9.6,18.0,ok
20260401,22,10,1.2,5.9,13.8,11.9,9.6,11.5,ok
20260401,22,11,1.4,12.4,3.8,8.4,17.6,6.9,ok
20260401,22,12,1.3,7.5,3.4,11.1,12.5,58.4,ok
20260401,23,1,1.3,11.4,17.1,8.5,5.7,7.1,ok
20260401,23,2,1.7,3.1,12.9,6.8,13.7,7.0,ok
20260401,23,3,1.2,6.1,7.8,7.2,24.5,21.8,ok
20260401,23,4,3.2,6.5,10.0,1.4,11.8,87.0,ok
20260401,23,5,2.1,12.3,6.1,21.4,80.2,1.7,ok
20260401,23,6,1.6,40.6,30.5,1.5,91.5,73.2,ok
20260401,23,7,1.4,6.9,3.8,7.7,19.9,23.2,ok
20260401,23,8,1.8,4.9,4.9,5.0,29.5,7.0,ok
20260401,23,9,2.0,3.4,3.5,6.8,12.3,24.6,ok
20260401,23,10,1.1,6.0,5.8,15.8,31.6,31.6,ok
20260401,23,11,1.1,11.2,13.8,6.3,11.2,36.4,ok
20260401,23,12,1.0,7.7,10.7,10.1,16.1,27.6,ok
20260401,24,1,1.1,30.5,6.5,5.3,22.8,13.0,ok
20260401,24,2,2.1,3.2,3.5,5.4,19.5,22.7,ok
20260401,24,3,1.8,6.8,1.7,82.5,41.2,16.5,ok
20260401,24,4,1.0,11.8,17.5,17.5,7.1,14.3,ok
20260401,24,5,1.3,11.1,5.4,4.1,17.1,55.6,ok
20260401,24,6,1.5,9.0,5.7,4.0,25.4,8.7,ok
20260401,24,7,1.0,12.3,6.1,19.5,84.6,63.4,ok
20260401,24,8,1.1,7.2,7.4,19.3,9.3,79.2,ok
20260401,24,9,1.2,4.0,14.7,11.8,19.2,10.3,ok
20260401,24,10,1.2,6.6,7.1,12.2,13.1,17.2,ok
20260401,24,11,1.4,9.4,7.2,4.5,5.8,59.2,ok
20260401,24,12,1.2,13.5,3.5,9.6,20.7,19.2,ok
20260402,01,1,2.8,2.7,3.6,5.0,13.0,13.0,ok
20260402,01,2,2.1,7.0,2.5,9.4,9.4,7.7,ok
20260402,01,3,2.9,7.6,1.6,5.9,26.6,17.7,ok
20260402,01,4,5.1,5.1,2.6,5.1,3.0,25.5,ok
20260402,01,5,4.3,2.3,12.5,2.7,5.9,16.7,ok
20260402,01,6,1.0,10.4,9.9,11.3,8.6,,ok
20260402,01,7,1.0,25.3,5.0,7.9,38.0,54.3,ok
20260402,01,8,1.5,12.7,24.5,3.0,4.8,19.9,ok
20260402,01,9,2.1,2.2,8.3,10.3,10.3,10.7,ok
20260402,01,10,1.8,9.5,14.9,2.0,11.3,19.6,ok
20260402,01,11,2.0,2.6,24.0,4.0,13.2,10.4,ok
20260402,01,12,1.3,9.4,5.1,13.0,6.5,28.4,ok
20260402,02,1,1.7,7.0,5.4,3.8,7.0,34.0,ok
20260402,02,2,1.4,4.2,4.6,6.9,25.5,51.0,ok
20260402,02,3,2.3,2.1,10.0,7.1,5.5,55.1,ok
20260402,02,4,1.5,5.7,3.7,7.0,16.2,16.2,ok
20260402,02,5,1.9,11.4,8.7,1.8,24.4,24.4,ok
20260402,02,6,4.1,3.6,1.7,6.5,10.8,54.2,ok
20260402,02,7,1.2,5.7,19.0,6.3,11.4,19.0,ok
20260402,02,8,1.4,8.3,6.2,4.1,11.1,20.1,ok
20260402,02,9,2.0,7.2,7.7,2.1,14.5,26.2,ok
20260402,02,10,1.8,2.0,14.0,6.4,42.0,16.8,ok
20260402,02,11,1.3,13.1,10.8,4.0,6.8,30.6,ok
20260402,02,12,1.4,3.0,10.6,11.1,22.2,16.6,ok
20260402,06,1,1.4,8.8,4.5,7.7,26.5,6.2,ok
20260402,06,3,2.8,3.8,2.8,21.0,9.1,4.4,ok
20260402,06,4,1.4,7.4,7.8,10.1,14.1,4.2,ok
20260402,06,5,1.9,11.0,2.5,12.8,19.3,4.6,ok
20260402,06,6,1.5,3.0,6.6,9.6,17.4,43.5,ok
20260402,06,7,1.3,7.2,4.4,5.3,80.2,80.2,ok
20260402,06,8,1.1,5.0,6.2,13.5,175.5,43.8,ok
20260402,06,9,2.0,2.3,5.1,9.8,9.8,29.6,ok
20260402,06,10,1.3,1.9,177.7,16.1,59.2,177.7,ok
20260402,06,11,1.1,13.4,6.0,5.0,30.1,120.7,ok
20260402,06,12,1.3,6.5,3.4,9.3,21.4,150.0,ok
20260402,09,1,1.4,5.9,5.8,7.0,6.9,23.9,ok
20260402,09,2,1.5,3.2,19.7,6.5,12.8,11.9,ok
20260402,09,3,2.1,2.0,7.9,7.0,14.0,23.1,ok
20260402,09,4,1.4,6.7,9.0,4.6,7.2,32.2,ok
20260402,09,5,1.5,2.7,10.2,7.7,13.0,67.9,ok
20260402,09,6,1.4,9.4,11.8,3.7,8.3,19.3,ok
20260402,09,7,1.2,7.5,12.7,7.2,8.6,25.4,ok
20260402,09,8,2.1,2.1,8.6,10.1,10.1,14.3,ok
20260402,09,9,1.5,7.3,5.5,6.9,8.3,10.6,ok
20260402,09,10,1.1,10.9,7.1,14.7,27.9,6.7,ok
20260402,09,11,1.3,8.3,8.5,8.1,6.4,12.3,ok
20260402,09,12,1.1,10.2,5.6,10.6,14.7,27.2,ok
20260402,15,1,1.4,3.2,11.1,12.5,100.5,6.7,ok
20260402,15,2,1.2,7.3,6.2,7.3,10.1,81.0,ok
20260402,15,3,3.3,5.6,1.9,5.6,14.4,10.1,ok
20260402,15,4,3.1,4.0,1.9,4.6,31.0,93.0,ok
20260402,15,5,4.1,5.4,4.6,1.7,20.8,11.8,ok
20260402,15,6,2.4,4.5,8.3,14.1,2.0,28.2,ok
20260402,15,7,2.0,29.1,1.9,4.8,12.3,160.1,ok
20260402,15,8,1.0,7.4,20.1,6.9,33.0,19.1,ok
20260402,15,9,1.4,4.0,4.6,35.7,9.1,39.3,ok
20260402,15,10,1.1,7.6,19.0,12.1,16.0,8.1,ok
20260402,15,11,1.3,15.7,5.1,9.4,7.4,10.9,ok
20260402,15,12,1.0,29.2,47.7,8.9,68.1,62.2,ok
20260402,18,1,1.7,1.9,14.4,7.8,43.3,37.1,ok
20260402,18,2,1.0,10.9,8.3,18.9,9.1,20.3,ok
20260402,18,3,1.1,11.1,5.9,29.6,8.3,20.5,ok
20260402,18,4,1.1,5.4,7.2,19.0,21.7,30.4,ok
20260402,18,5,1.7,14.2,1.7,18.3,14.2,256.5,ok
20260402,18,6,2.4,1.8,28.0,4.9,7.8,39.3,ok
20260402,18,8,9.6,6.5,2.3,2.1,6.0,164.2,ok
20260402,18,9,1.5,7.2,6.4,9.4,3.6,94.1,ok
20260402,18,10,2.2,6.2,3.5,2.7,13.2,119.2,ok
20260402,18,11,3.1,5.0,2.1,30.0,3.4,45.0,ok
20260402,22,1,1.1,16.8,7.2,7.5,16.8,21.6,ok
20260402,22,2,1.9,1.4,15.5,24.9,93.5,46.7,ok
20260402,22,3,2.3,9.4,1.4,18.8,18.8,45.1,ok
20260402,22,4,2.9,1.8,10.9,3.3,45.5,30.3,ok
20260402,22,5,2.4,2.7,3.0,28.1,28.1,6.4,ok
20260402,22,6,2.1,2.8,5.6,18.6,26.1,3.9,ok
20260402,22,7,3.7,13.3,7.9,1.5,11.6,7.5,ok
20260402,22,8,1.5,39.1,9.7,2.3,52.2,9.2,ok
20260402,22,9,1.1,14.4,28.9,4.4,7.2,43.3,ok
20260402,22,10,1.4,5.1,11.8,4.7,7.3,49.6,ok
20260402,22,11,1.1,7.2,6.0,8.2,22.7,36.4,ok
20260402,22,12,1.0,9.6,6.4,11.3,37.1,21.4,ok
20260402,23,1,1.5,8.3,2.7,13.8,23.0,12.2,ok
20260402,23,2,1.7,5.5,2.9,8.4,14.5,21.7,ok
20260402,23,3,1.5,4.2,3.1,49.5,13.2,24.7,ok
20260402,23,4,1.9,19.3,11.7,1.8,9.9,25.7,ok
20260402,23,5,1.0,18.5,16.6,22.2,29.0,22.2,ok
20260402,23,6,1.7,5.6,5.2,3.5,10.5,84.0,ok
20260402,23,7,1.2,27.2,6.1,10.0,4.5,190.5,ok
20260402,23,8,2.5,12.7,2.1,4.8,13.9,9.5,ok
20260402,23,9,1.8,2.6,10.8,4.2,18.0,32.4,ok
20260402,23,10,1.6,5.7,6.1,3.8,10.4,26.0,ok
20260402,23,11,5.4,5.7,1.4,7.8,6.7,33.6,ok
20260402,23,12,1.1,6.5,10.5,15.7,15.7,14.3,ok
20260402,24,1,1.4,4.8,6.2,8.2,10.1,22.0,ok
20260402,24,2,1.6,15.8,1.6,47.6,95.2,31.7,ok
20260402,24,3,2.5,2.3,54.7,16.4,18.2,2.6,ok
20260402,24,4,1.2,8.5,14.4,10.3,6.2,16.0,ok
20260402,24,5,1.2,8.8,13.7,7.9,35.2,4.9,ok
20260402,24,6,1.3,8.1,3.4,9.9,46.2,12.6,ok
20260402,24,7,1.0,14.6,6.4,13.0,45.7,73.2,ok
20260402,24,8,1.4,5.2,13.5,9.6,9.6,6.5,ok
20260402,24,9,1.3,9.6,5.9,4.7,32.2,15.2,ok
20260402,24,10,1.2,3.4,15.7,11.4,14.8,37.0,ok
20260402,24,11,1.2,11.6,5.5,12.5,12.3,10.9,ok
20260402,24,12,1.9,3.4,2.4,18.5,17.4,47.3,ok
20260403,01,1,2.4,5.2,6.5,1.8,35.0,52.5,ok
20260403,01,2,2.3,1.8,7.2,15.2,11.4,13.7,ok
20260403,01,3,8.9,12.6,3.8,15.2,19.0,1.3,ok
20260403,01,4,1.7,10.2,6.1,3.4,15.3,6.7,ok
20260403,01,5,5.0,1.9,3.1,9.7,6.5,22.2,ok
20260403,01,6,1.4,6.9,5.2,5.0,9.4,44.0,ok
20260403,01,7,7.9,18.9,1.0,26.5,24.8,56.8,ok
20260403,01,8,1.1,11.8,11.2,10.2,5.9,75.0,ok
20260403,01,9,1.6,4.8,9.0,3.1,20.0,20.0,ok
20260403,01,10,1.3,27.3,3.2,7.0,20.5,22.3,ok
20260403,01,11,1.6,5.5,8.9,27.1,3.1,12.2,ok
20260403,01,12,1.1,8.7,7.9,14.5,7.6,19.0,ok
20260403,04,1,1.5,3.9,21.0,7.2,30.0,4.2,ok
20260403,04,2,2.3,2.3,19.0,3.2,12.2,28.5,ok
20260403,04,3,2.3,1.9,5.7,17.2,12.5,12.5,ok
20260403,04,4,1.0,27.9,17.3,35.9,503.2,33.5,ok
20260403,04,5,1.0,37.5,25.0,16.0,28.1,75.0,ok
20260403,04,6,2.4,3.8,4.4,11.9,2.9,39.7,ok
20260403,04,7,3.8,2.8,2.3,6.7,11.1,15.2,ok
20260403,04,8,1.1,12.7,23.6,3.8,23.6,20.7,ok
20260403,04,9,1.4,4.0,13.8,8.3,9.4,9.4,ok
20260403,04,10,1.5,10.5,7.0,3.8,16.9,8.4,ok
20260403,04,11,1.0,33.1,11.0,23.6,23.6,5.1,ok
20260403,04,12,1.0,14.4,22.2,10.2,13.6,12.2,ok
20260403,06,1,1.1,9.5,9.1,12.8,5.9,31.2,ok
20260403,06,2,1.6,1.6,15.6,29.0,29.0,67.7,ok
20260403,06,3,1.4,3.1,6.4,19.2,20.3,18.2,ok
20260403,06,4,2.2,10.0,3.5,9.1,3.0,12.5,ok
20260403,06,5,1.1,13.1,13.1,9.1,4.7,59.2,ok
20260403,06,6,1.1,12.5,11.6,8.1,54.5,7.7,ok
20260403,06,8,1.5,2.8,8.7,16.1,10.7,12.9,ok
20260403,06,9,1.0,12.1,8.1,9.7,24.3,24.3,ok
20260403,06,10,1.0,6.1,24.7,16.5,16.5,49.5,ok
20260403,06,12,1.5,4.6,8.1,3.7,15.2,36.0,ok
20260403,08,1,1.3,4.6,9.5,9.5,8.9,35.8,ok
20260403,08,2,1.1,6.7,12.3,6.7,14.8,37.1,ok
20260403,08,3,2.4,10.1,1.8,9.0,12.1,10.1,ok
20260403,08,4,1.3,7.2,8.2,5.7,9.6,14.4,ok
20260403,08,5,1.4,25.7,6.0,25.7,10.0,3.3,ok
20260403,08,7,3.4,2.6,10.2,12.7,34.0,2.1,ok
20260403,08,8,1.7,2.0,17.6,7.7,15.4,24.7,ok
20260403,08,9,1.4,7.3,4.0,7.3,12.2,18.3,ok
20260403,08,10,1.0,13.8,9.2,13.8,55.5,55.5,ok
20260403,08,11,1.2,4.8,13.7,10.7,37.6,8.3,ok
20260403,08,12,1.2,9.5,6.9,5.0,13.4,28.5,ok
20260403,09,1,1.4,4.3,4.4,10.7,23.0,29.7,ok
20260403,09,2,1.6,3.5,3.5,17.5,11.4,28.5,ok
20260403,09,3,1.6,12.1,2.6,10.0,18.9,9.4,ok
20260403,09,4,1.0,20.2,14.5,26.5,51.3,85.5,ok
20260403,09,5,1.4,5.6,9.8,6.3,12.2,9.1,ok
20260403,09,6,1.0,11.4,8.7,36.8,22.1,55.2,ok
20260403,09,7,1.6,8.4,3.0,36.1,5.6,18.0,ok
20260403,09,8,1.4,3.2,8.8,11.9,18.1,11.5,ok
20260403,09,9,1.0,16.7,11.8,7.3,17.8,17.8,ok
20260403,09,10,1.0,21.3,26.6,6.6,42.6,426.7,ok
20260403,09,11,1.2,11.2,8.4,5.2,8.8,20.3,ok
20260403,09,12,1.1,11.1,11.1,5.8,9.1,34.6,ok
20260403,12,1,1.2,2.8,18.2,21.1,17.6,25.2,ok
20260403,12,2,1.3,5.0,13.3,17.5,4.2,50.5,ok
20260403,12,3,1.3,7.3,9.3,8.4,9.3,9.5,ok
20260403,12,4,1.3,6.3,3.6,27.1,10.8,23.7,ok
20260403,12,5,1.5,5.4,4.3,5.8,16.0,32.1,ok
20260403,12,6,1.2,8.4,14.1,5.9,9.9,13.7,ok
20260403,12,7,1.2,11.9,3.3,15.1,13.7,30.3,ok
20260403,12,8,1.1,6.5,9.7,9.9,11.5,37.9,ok
20260403,12,9,1.7,11.1,11.7,3.1,4.8,20.7,ok
20260403,12,10,1.2,11.3,6.5,4.5,18.4,35.2,ok
20260403,12,11,1.1,8.3,7.0,12.4,16.6,16.2,ok
20260403,12,12,2.2,1.4,18.1,13.8,20.4,44.2,ok
20260403,15,1,1.4,4.8,52.8,3.5,105.7,7.5,ok
20260403,15,3,1.2,11.6,8.7,6.3,11.6,8.7,ok
20260403,15,4,1.1,7.8,11.8,15.7,23.6,8.8,ok
20260403,15,6,1.0,55.1,12.9,9.1,36.7,11.6,ok
20260403,15,7,1.4,12.3,13.3,8.6,53.5,2.6,ok
20260403,15,8,1.4,5.7,4.4,6.7,17.1,17.1,ok
20260403,15,9,1.3,5.8,4.6,12.3,18.4,13.5,ok
20260403,15,10,1.2,3.5,7.9,17.3,55.4,14.2,ok
20260403,15,11,1.0,5.8,10.6,46.7,27.6,57.5,ok
20260403,15,12,1.2,,8.1,3.7,9.8,14.8,ok
20260403,17,1,1.0,18.9,8.8,10.2,18.9,33.1,ok
20260403,17,2,2.7,26.7,9.2,30.5,1.3,12.5,ok
20260403,17,3,1.8,2.7,7.1,37.3,16.5,4.8,ok
20260403,17,4,1.0,7.9,16.7,11.9,18.5,16.7,ok
20260403,17,5,1.6,21.6,2.1,20.0,7.4,43.3,ok
20260403,17,6,1.7,10.5,2.0,17.2,11.8,23.7,ok
20260403,17,7,1.3,4.4,17.8,6.8,7.4,29.7,ok
20260403,17,8,1.5,4.8,3.7,11.5,12.8,19.2,ok
20260403,17,9,2.9,7.1,2.0,3.9,21.4,15.3,ok
20260403,17,10,2.1,2.7,3.1,25.0,12.5,15.0,ok
20260403,17,11,1.2,18.1,8.0,10.3,6.0,12.1,ok
20260403,17,12,1.8,1.7,16.3,16.3,24.4,18.8,ok
20260403,18,1,1.1,4.8,14.1,9.6,18.3,61.2,ok
20260403,18,2,1.9,8.7,10.8,1.9,17.0,38.8,ok
20260403,18,3,1.5,2.7,12.1,6.5,18.7,17.4,ok
20260403,18,4,1.3,13.0,5.3,6.8,21.2,8.1,ok
20260403,18,5,1.8,4.4,18.3,3.6,21.3,5.3,ok
20260403,18,6,2.4,11.3,125.2,1.5,13.9,10.4,ok
20260403,18,7,2.0,2.3,23.2,4.3,16.6,12.9,ok
20260403,18,8,1.1,13.5,10.1,4.7,27.0,81.0,ok
20260403,18,9,1.8,15.8,35.6,2.1,6.4,10.1,ok
20260403,18,10,1.0,7.8,12.0,13.0,31.2,31.2,ok
20260403,18,11,1.2,4.6,7.9,12.8,17.1,17.1,ok
20260403,18,12,1.2,11.2,5.8,5.4,12.9,33.7,ok
20260403,21,1,1.1,8.5,5.8,9.0,21.3,34.2,ok
20260403,21,2,1.2,28.5,24.1,2.7,44.7,19.5,ok
20260403,21,3,2.1,11.8,2.4,5.1,7.3,19.5,ok
20260403,21,4,1.4,7.9,6.5,5.7,12.3,10.8,ok
20260403,21,5,1.5,4.8,11.9,5.3,8.2,11.9,ok
20260403,21,6,1.5,3.5,4.9,246.0,24.6,7.4,ok
20260403,21,7,2.0,7.3,3.1,18.3,3.0,73.5,ok
20260403,21,8,1.8,7.8,2.5,10.2,27.3,6.5,ok
20260403,21,9,1.0,14.0,30.3,11.3,36.4,20.2,ok
20260403,21,10,1.3,18.8,13.7,5.3,,3.5,ok
20260403,21,11,1.0,15.6,15.6,12.5,125.2,10.4,ok
20260403,21,12,1.4,4.9,8.1,7.8,6.9,19.0,ok
20260403,22,1,1.3,3.7,23.1,12.5,33.4,6.8,ok
20260403,22,2,1.0,7.4,13.0,10.9,29.7,16.0,ok
20260403,22,4,3.1,11.8,1.2,8.4,54.3,135.7,ok
20260403,22,6,2.7,3.0,12.3,5.0,2.9,35.5,ok
20260403,22,7,2.6,4.6,2.2,32.5,48.7,4.2,ok
20260403,22,8,3.4,4.4,4.0,8.6,2.4,27.0,ok
20260403,22,9,1.5,8.5,5.9,4.1,14.1,15.0,ok
20260403,22,10,1.4,17.3,3.7,17.3,6.1,10.1,ok
20260403,22,11,1.2,8.0,6.5,6.1,22.2,13.1,ok
20260403,22,12,1.0,6.9,11.7,8.9,45.7,31.4,ok
20260404,01,1,4.5,2.5,3.5,3.8,21.3,7.1,ok
20260404,01,2,3.2,2.0,4.1,8.3,18.5,7.9,ok
20260404,01,3,5.8,1.2,4.6,19.9,19.9,13.9,ok
20260404,01,4,4.3,4.5,2.8,4.0,4.8,11.5,ok
20260404,01,5,1.7,3.6,4.5,4.4,49.1,28.1,ok
20260404,01,6,1.1,11.8,8.5,7.5,94.5,10.5,ok
20260404,01,7,1.5,22.9,8.4,2.4,42.1,9.5,ok
20260404,01,8,1.5,10.7,17.4,3.4,4.1,113.2,ok
20260404,01,9,1.5,4.5,14.0,3.5,20.5,16.6,ok
20260404,01,10,1.0,11.4,10.7,23.7,15.1,9.5,ok
20260404,01,11,2.1,2.7,8.4,4.5,15.7,10.7,ok
20260404,01,12,2.1,5.0,4.8,3.7,6.9,25.7,ok
20260404,04,1,3.1,1.8,11.4,4.5,27.8,7.2,ok
20260404,04,2,2.8,2.4,6.0,9.6,4.9,9.6,ok
20260404,04,3,4.2,3.9,1.6,15.2,30.5,7.0,ok
20260404,04,4,2.1,4.0,3.7,8.3,26.0,5.2,ok
20260404,04,5,1.0,11.1,20.7,9.7,13.2,16.1,ok
20260404,04,6,2.1,3.5,8.7,4.0,7.0,12.5,ok
20260404,04,7,3.3,2.7,4.3,6.2,5.1,11.3,ok
20260404,04,8,1.9,4.4,4.5,5.1,7.7,27.0,ok
20260404,04,9,1.7,5.7,4.9,5.9,5.4,29.8,ok
20260404,04,10,1.6,8.1,4.6,4.9,6.4,20.1,ok
20260404,04,11,1.1,11.2,13.7,8.0,8.9,23.1,ok
20260404,04,12,1.2,10.9,4.2,10.6,12.7,20.1,ok
20260404,09,1,2.7,1.7,3.6,16.8,20.8,52.1,ok
20260404,09,2,1.4,4.2,14.0,4.7,11.5,17.9,ok
20260404,09,3,1.8,3.0,9.9,4.8,7.7,21.8,ok
20260404,09,4,1.7,3.1,6.5,7.7,11.5,11.5,ok
20260404,09,5,2.2,4.2,5.4,7.7,3.7,14.1,ok
20260404,09,6,2.7,3.4,11.1,4.6,4.8,5.9,ok
20260404,09,7,1.3,4.6,5.6,14.1,9.1,22.9,ok
20260404,09,8,1.6,3.7,12.8,6.4,5.4,26.9,ok
20260404,09,9,1.1,8.0,10.7,5.9,14.2,37.2,ok
20260404,09,10,1.1,14.2,5.8,11.6,15.3,18.2,ok
20260404,09,11,1.8,10.4,2.3,9.5,14.6,11.9,ok
20260404,09,12,1.6,4.2,6.2,7.7,7.2,20.1,ok
20260404,12,1,1.1,6.3,11.1,9.3,15.4,26.3,ok
20260404,12,2,1.3,7.4,7.7,10.3,4.6,53.2,ok
20260404,12,3,2.0,3.4,6.0,6.6,18.7,5.4,ok
20260404,12,4,2.1,3.4,3.0,11.6,11.0,13.7,ok
20260404,12,5,1.2,4.7,6.6,12.2,21.2,28.9,ok
20260404,12,6,1.7,19.2,24.2,2.0,11.7,10.7,ok
20260404,12,7,1.8,2.1,9.8,7.4,24.9,26.0,ok
20260404,12,8,1.2,7.9,7.2,6.0,18.0,18.0,ok
20260404,12,9,1.1,8.7,9.1,8.7,14.9,10.6,ok
20260404,12,10,1.6,5.4,14.2,5.2,4.0,42.0,ok
20260404,12,11,1.1,12.0,6.7,12.8,23.5,6.9,ok
20260404,12,12,1.2,8.8,6.6,8.0,15.9,13.6,ok
20260404,15,1,1.7,10.5,2.1,18.0,7.8,42.0,ok
20260404,15,2,1.6,3.0,11.2,7.1,27.0,7.5,ok
20260404,15,3,1.0,13.6,8.8,14.8,12.6,29.6,ok
20260404,15,4,1.2,9.9,4.6,11.4,8.7,49.5,ok
20260404,15,5,1.9,6.1,11.0,4.5,30.5,3.1,ok
20260404,15,6,1.2,4.3,15.9,13.5,12.5,14.6,ok
20260404,15,7,1.1,6.2,16.6,18.7,11.5,10.0,ok
20260404,15,8,1.0,11.4,11.0,8.8,39.3,68.8,ok
20260404,15,9,1.2,6.6,9.8,19.1,4.9,26.4,ok
20260404,15,10,1.6,3.0,7.6,11.9,11.6,11.6,ok
20260404,15,11,1.2,4.2,8.2,12.5,42.4,19.0,ok
20260404,15,12,1.0,12.6,7.0,16.9,32.7,13.9,ok
20260404,16,1,1.2,6.0,16.2,4.2,16.2,32.5,ok
20260404,16,2,1.9,8.3,3.5,8.3,3.7,39.7,ok
20260404,16,3,1.8,5.0,3.4,9.2,6.3,25.3,ok
20260404,16,4,1.4,3.4,8.2,5.3,33.1,132.7,ok
20260404,16,5,2.1,10.2,4.4,5.7,3.0,20.5,ok
20260404,16,6,1.9,7.1,3.1,7.1,5.9,15.3,ok
20260404,16,7,1.8,1.9,14.1,8.1,19.1,21.6,ok
20260404,16,8,2.5,1.7,23.7,7.9,6.7,17.8,ok
20260404,16,9,1.2,6.5,5.3,8.6,16.5,182.2,ok
20260404,16,10,2.1,2.1,10.2,5.1,22.5,16.0,ok
20260404,16,11,1.1,7.0,15.1,52.8,9.6,7.0,ok
20260404,16,12,1.2,3.8,,10.6,12.6,15.5,ok
20260404,17,1,1.0,9.6,11.6,11.1,27.7,24.6,ok
20260404,17,2,1.6,9.3,4.2,7.1,23.2,5.4,ok
20260404,17,3,2.1,6.6,3.6,21.1,3.0,13.7,ok
20260404,17,4,1.3,9.6,3.6,10.3,11.1,20.6,ok
20260404,17,5,1.1,23.1,6.6,9.6,19.3,11.5,ok
20260404,17,6,2.8,1.7,7.2,5.3,16.8,50.6,ok
20260404,17,7,1.5,10.2,6.0,4.5,9.0,12.0,ok
20260404,17,8,1.4,20.2,3.9,8.6,4.8,121.5,ok
20260404,17,9,10.0,1.1,3.8,31.7,19.0,63.5,ok
20260404,17,10,3.5,4.6,3.2,6.6,21.0,3.0,ok
20260404,17,11,1.0,7.1,29.4,29.4,14.7,13.7,ok
20260404,21,1,1.7,6.7,5.7,6.0,6.5,9.0,ok
20260404,21,2,1.7,3.8,5.3,3.9,34.0,20.4,ok
20260404,21,3,1.5,12.3,2.4,18.2,9.3,18.2,ok
20260404,21,4,1.0,12.3,7.8,20.7,7.7,50.6,ok
20260404,21,5,1.5,8.2,2.6,8.1,21.3,25.3,ok
20260404,21,6,1.6,10.1,2.2,16.2,10.1,60.7,ok
20260404,21,7,1.7,2.0,14.5,8.8,20.3,20.3,ok
20260404,21,8,1.7,2.6,4.3,26.1,10.8,43.5,ok
20260404,21,9,1.1,21.5,5.7,93.5,4.5,25.5,ok
20260404,21,10,1.1,6.7,16.8,5.3,50.6,50.6,ok
20260404,21,11,1.5,6.4,6.2,16.1,3.7,32.3,ok
20260404,21,12,1.2,7.5,6.7,11.0,12.1,12.1,ok
20260404,22,1,1.0,8.2,11.0,19.9,18.1,30.6,ok
20260404,22,2,5.1,9.1,6.0,1.3,13.5,32.7,ok
20260404,22,3,7.1,1.9,1.8,11.5,25.0,37.5,ok
20260404,22,4,5.8,1.3,9.6,8.4,5.0,43.6,ok
20260404,22,5,1.4,3.8,20.2,25.3,3.8,33.7,ok
20260404,22,6,4.1,2.2,4.6,2.8,27.3,21.9,ok
20260404,22,8,1.0,11.1,16.4,24.6,13.8,49.2,ok
20260404,22,9,1.2,2.8,29.1,20.1,29.1,20.1,ok
20260404,22,10,1.0,15.5,32.3,17.3,37.6,113.0,ok
20260404,22,11,1.5,3.0,6.7,11.8,10.2,31.6,ok
20260404,22,12,1.9,9.8,1.8,29.5,8.7,38.4,ok
20260405,01,1,2.5,4.2,7.5,7.5,4.8,4.5,ok
20260405,01,2,1.8,7.8,12.5,3.2,5.0,13.9,ok
20260405,01,3,1.6,8.0,6.5,5.7,8.5,6.5,ok
20260405,01,4,4.3,6.9,6.2,2.1,18.7,3.6,ok
20260405,01,5,1.5,19.9,11.9,2.3,9.9,29.9,ok
20260405,01,6,1.0,12.2,18.3,8.7,8.3,22.8,ok
20260405,01,7,1.6,20.5,3.1,5.5,27.3,6.4,ok
20260405,01,8,1.4,3.6,10.9,10.1,6.7,20.3,ok
20260405,01,9,1.1,10.0,8.7,10.9,30.2,6.5,ok
20260405,01,10,1.6,3.8,5.0,14.3,13.9,7.0,ok
20260405,01,11,1.2,11.0,8.8,5.4,8.8,29.1,ok
20260405,01,12,1.1,8.9,9.7,8.9,8.7,21.5,ok
20260405,02,1,3.2,7.0,1.9,3.5,11.4,91.5,ok
20260405,02,2,3.9,3.9,2.5,4.4,9.3,8.9,ok
20260405,02,3,2.4,10.3,9.0,2.0,6.1,15.0,ok
20260405,02,4,6.2,1.3,3.4,28.3,17.4,14.1,ok
20260405,02,5,1.0,32.2,21.5,4.1,12.9,96.7,ok
20260405,02,6,3.4,4.3,5.7,2.8,7.5,6.0,ok
20260405,02,7,1.1,6.5,13.1,9.1,14.8,23.7,ok
20260405,02,8,3.0,6.3,1.7,5.2,36.5,20.8,ok
20260405,02,9,1.3,8.1,9.0,9.0,6.0,12.8,ok
20260405,02,10,1.8,3.9,3.7,14.6,14.6,8.3,ok
20260405,02,11,1.4,6.9,9.7,4.4,6.9,24.3,ok
20260405,02,12,1.9,5.1,4.4,6.8,11.5,5.9,ok
20260405,04,1,4.4,3.2,2.1,3.3,33.5,67.1,ok
20260405,04,2,2.8,4.7,3.2,4.6,4.9,21.6,ok
20260405,04,3,3.0,2.0,3.4,19.2,8.5,19.2,ok
20260405,04,4,3.4,1.4,5.2,21.8,17.0,17.0,ok
20260405,04,5,1.0,10.2,19.1,10.9,19.1,21.8,ok
20260405,04,6,6.0,2.1,2.9,16.6,5.3,8.3,ok
20260405,04,7,1.6,5.9,3.9,5.4,9.6,51.2,ok
20260405,04,8,1.5,9.6,8.0,4.3,19.2,6.0,ok
20260405,04,9,1.5,3.6,4.9,15.7,42.0,9.3,ok
20260405,04,10,1.5,5.2,8.0,5.2,8.0,17.7,ok
20260405,04,11,2.4,1.7,5.5,10.2,25.0,25.0,ok
20260405,04,12,1.3,10.5,45.0,4.0,9.0,10.5,ok
20260405,07,1,1.5,7.2,4.6,12.7,5.6,17.0,ok
20260405,07,2,2.7,2.0,3.2,7.3,43.8,87.7,ok
20260405,07,3,1.1,7.0,11.8,5.9,13.6,59.0,ok
20260405,07,4,1.3,3.1,32.6,8.8,16.3,13.9,ok
20260405,07,5,1.5,10.9,5.3,17.0,9.0,4.5,ok
20260405,07,6,1.2,4.7,7.9,10.5,46.2,12.1,ok
20260405,07,7,3.2,8.9,2.1,2.4,38.4,67.3,ok
20260405,07,8,1.1,5.3,11.7,18.5,7.0,32.0,ok
20260405,07,9,1.5,14.3,14.8,2.2,13.8,44.5,ok
20260405,07,10,1.0,11.0,18.1,5.2,15.1,90.7,ok
20260405,07,11,1.1,12.1,11.9,7.1,10.4,35.0,ok
20260405,07,12,1.0,8.3,8.4,13.3,22.1,24.9,ok
20260405,09,1,1.3,3.9,10.7,8.9,8.4,29.9,ok
20260405,09,2,1.1,9.2,8.0,11.2,17.4,8.2,ok
20260405,09,3,1.4,17.1,13.7,3.4,6.8,12.0,ok
20260405,09,4,1.7,2.4,11.5,6.1,15.3,26.3,ok
20260405,09,5,1.2,10.3,8.0,11.6,4.8,20.6,ok
20260405,09,6,1.0,7.7,10.1,10.5,29.2,32.9,ok
20260405,09,7,1.1,4.0,14.6,18.8,65.8,18.8,ok
20260405,09,8,2.2,2.7,5.1,18.5,6.1,8.9,ok
20260405,09,9,1.3,7.4,4.5,8.5,17.0,21.7,ok
20260405,09,10,1.3,9.8,4.6,5.4,13.5,24.0,ok
20260405,09,11,1.5,13.2,2.8,6.0,10.0,84.0,ok
20260405,09,12,1.2,20.5,6.5,5.7,15.2,16.4,ok
20260405,10,1,1.4,9.8,2.5,23.5,15.7,39.2,ok
20260405,10,2,2.9,1.3,7.2,16.3,90.0,18.0,ok
20260405,10,3,1.0,14.7,14.7,17.1,10.3,25.7,ok
20260405,10,4,1.1,9.6,8.0,19.3,7.4,64.5,ok
20260405,10,5,1.4,15.2,5.9,4.0,27.4,6.8,ok
20260405,10,6,2.7,6.1,4.2,3.2,4.3,35.0,ok
20260405,10,9,1.6,4.4,9.5,3.9,7.2,50.7,ok
20260405,10,10,2.5,2.4,7.4,4.2,15.8,10.5,ok
20260405,10,11,1.3,19.8,6.1,16.5,19.8,3.4,ok
20260405,10,12,1.9,4.2,4.2,8.5,10.8,6.5,ok
20260405,12,1,1.2,8.1,19.7,4.6,14.3,21.1,ok
20260405,12,2,1.3,7.2,9.5,5.6,15.1,11.3,ok
20260405,12,3,2.3,1.6,12.7,7.5,19.3,23.4,ok
20260405,12,4,1.3,6.8,9.6,12.1,5.5,17.2,ok
20260405,12,5,2.1,8.5,1.7,26.7,43.2,8.7,ok
20260405,12,6,1.1,10.6,8.6,5.4,22.6,20.8,ok
20260405,12,7,1.3,6.3,3.3,13.3,39.1,30.8,ok
20260405,12,8,1.4,9.3,3.9,5.3,20.2,27.0,ok
20260405,12,9,1.2,6.7,6.5,10.6,9.4,29.4,ok
20260405,12,10,1.1,10.0,4.2,13.2,21.3,33.1,ok
20260405,12,11,1.2,9.9,4.4,8.8,21.9,21.9,ok
20260405,12,12,1.0,9.0,14.0,13.2,13.3,20.7,ok
20260405,16,1,1.0,33.5,8.3,20.1,16.7,10.0,ok
20260405,16,2,1.5,8.3,3.9,8.3,58.5,5.8,ok
20260405,16,4,2.7,3.6,4.7,2.4,47.2,23.6,ok
20260405,16,6,2.0,10.0,2.5,14.6,4.0,31.7,ok
20260405,16,8,2.3,3.8,2.6,20.1,5.2,31.7,ok
20260405,16,9,2.3,4.7,3.0,11.7,4.5,20.1,ok
20260405,16,10,1.0,25.0,36.2,19.1,27.1,25.0,ok
20260405,16,11,1.3,7.9,42.5,4.1,8.5,10.6,ok
20260405,16,12,1.3,5.4,6.1,5.6,23.6,47.2,ok
20260405,17,1,2.3,12.3,2.1,4.9,9.9,16.5,ok
20260405,17,2,4.8,3.2,1.8,22.5,11.2,7.5,ok
20260405,17,3,1.8,2.5,3.3,87.7,14.6,43.8,ok
20260405,17,4,1.5,25.5,2.4,15.3,76.5,5.4,ok
20260405,17,6,2.4,5.0,6.6,1.9,22.0,66.0,ok
20260405,17,8,2.0,207.0,1.4,9.4,41.4,41.4,ok
20260405,17,9,1.5,5.4,21.7,2.6,32.6,32.6,ok
20260405,17,10,1.9,4.3,2.6,7.6,11.0,99.7,ok
20260405,17,11,2.2,6.5,3.3,32.7,19.6,2.8,ok
20260405,17,12,1.1,10.3,6.9,7.6,8.3,207.7,ok
20260405,18,1,1.2,11.5,8.6,28.8,5.0,13.3,ok
20260405,18,2,1.1,10.9,38.2,21.8,3.4,25.5,ok
20260405,18,3,1.3,6.1,6.1,6.4,21.3,16.0,ok
20260405,18,4,1.4,4.8,6.5,10.0,22.2,8.5,ok
20260405,18,5,2.0,5.3,2.4,10.3,8.5,48.2,ok
20260405,18,6,1.6,2.8,19.7,4.3,14.8,19.7,ok
20260405,18,7,2.0,6.7,26.8,5.6,2.1,53.6,ok
20260405,18,8,1.0,7.3,6.2,17.7,17.7,124.5,ok
20260405,18,9,1.3,7.6,3.2,10.6,53.2,21.3,ok
20260405,18,10,2.4,11.0,6.4,4.5,27.0,2.3,ok
20260405,18,11,1.2,5.0,5.4,15.6,12.5,31.3,ok
20260405,18,12,1.5,4.8,5.7,5.2,8.8,47.6,ok
20260405,21,1,1.2,10.0,11.3,5.0,8.6,125.2,ok
20260405,21,2,1.8,7.5,10.1,1.9,33.4,46.8,ok
20260405,21,3,1.4,20.7,2.5,13.4,10.8,20.7,ok
20260405,21,4,1.0,6.5,25.0,19.5,9.2,21.9,ok
20260405,21,5,1.1,9.1,6.8,13.0,9.9,31.0,ok
20260405,21,6,4.0,1.6,11.2,6.9,4.8,21.4,ok
20260405,21,7,2.2,11.8,7.2,2.4,5.2,12.6,ok
20260405,21,8,1.1,11.6,3.6,69.7,9.9,139.5,ok
20260405,21,9,1.1,6.5,10.2,18.0,24.0,7.2,ok
20260405,21,10,1.8,3.7,4.5,5.1,10.8,108.7,ok
20260405,21,11,1.2,11.7,5.4,9.1,13.6,14.9,ok
20260405,21,12,1.1,12.9,3.7,17.5,21.5,38.7,ok
20260405,22,1,1.1,5.5,11.4,12.2,15.6,34.3,ok
20260405,22,2,1.1,8.1,7.1,9.0,15.7,117.7,ok
20260405,22,3,3.4,5.5,1.3,16.5,40.0,35.0,ok
20260405,22,4,3.1,11.1,4.4,3.9,2.3,40.0,ok
20260405,22,5,1.0,20.6,22.7,8.4,16.2,22.7,ok
20260405,22,6,1.4,16.6,15.5,3.1,5.1,46.6,ok
20260405,22,7,2.1,2.6,55.6,2.3,55.6,83.4,ok
20260405,22,8,1.0,7.6,11.9,21.4,10.7,21.4,ok
20260405,22,9,1.2,8.3,8.8,6.3,17.6,17.6,ok
20260405,22,10,1.6,2.1,11.3,16.0,10.8,24.7,ok
20260405,22,11,1.1,5.9,7.6,7.3,27.8,51.9,ok
20260405,22,12,1.0,5.1,27.1,16.2,31.8,28.8,ok
20260406,01,1,2.4,5.1,1.9,11.2,10.3,29.6,ok
20260406,01,2,4.4,2.8,3.3,5.3,8.8,6.1,ok
20260406,01,3,1.8,2.6,18.6,23.2,23.2,3.4,ok
20260406,01,4,1.7,12.0,12.0,3.0,9.6,6.0,ok
20260406,01,5,2.1,10.4,5.2,9.7,6.6,2.9,ok
20260406,01,6,1.5,12.6,25.3,2.6,5.3,101.2,ok
20260406,01,7,1.9,6.5,2.8,4.6,18.4,23.0,ok
20260406,01,8,1.7,15.9,18.6,2.8,3.9,20.3,ok
20260406,01,9,1.7,5.3,4.4,4.2,15.3,18.9,ok
20260406,01,10,1.5,3.1,7.4,6.9,19.6,27.3,ok
20260406,01,11,1.1,8.8,5.1,17.1,20.2,21.4,ok
20260406,01,12,1.7,5.7,5.0,6.0,12.2,7.7,ok
20260406,02,1,3.8,5.1,2.3,3.3,10.9,19.1,ok
20260406,02,2,2.5,5.7,3.5,3.7,12.3,7.4,ok
20260406,02,3,4.9,1.8,9.0,6.8,3.5,24.5,ok
20260406,02,4,3.4,3.2,3.4,15.0,5.0,5.6,ok
20260406,02,5,2.6,5.2,3.9,3.1,15.8,7.4,ok
20260406,02,6,8.1,1.3,9.9,19.8,13.7,4.4,ok
20260406,02,7,1.0,10.0,7.7,21.0,21.0,38.5,ok
20260406,02,8,1.7,2.2,7.2,14.5,12.1,36.3,ok
20260406,02,10,3.1,10.8,2.5,9.0,2.4,54.0,ok
20260406,02,11,1.5,3.5,8.6,7.5,10.1,20.2,ok
20260406,02,12,1.3,9.0,7.2,3.6,36.0,36.0,ok
20260406,04,1,3.3,4.8,1.9,10.3,5.1,82.5,ok
20260406,04,2,3.6,1.5,6.3,76.5,9.5,8.5,ok
20260406,04,3,5.0,2.5,1.9,14.0,8.4,26.2,ok
20260406,04,6,2.1,16.0,2.0,6.1,7.2,80.2,ok
20260406,04,7,3.5,2.3,2.3,16.5,9.9,33.0,ok
20260406,04,8,2.6,9.0,12.6,1.3,47.4,94.8,ok
20260406,04,9,1.3,4.0,5.9,7.9,41.6,83.2,ok
20260406,04,10,1.6,9.9,6.0,3.0,13.5,17.1,ok
20260406,04,11,2.0,5.5,2.4,8.2,14.2,15.6,ok
20260406,04,12,1.4,9.6,8.0,9.6,4.1,13.9,ok
20260406,07,1,1.5,9.8,4.9,19.7,3.2,29.6,ok
20260406,07,3,1.5,4.0,32.2,4.0,8.0,32.2,ok
20260406,07,4,1.6,3.3,7.8,5.2,15.7,23.6,ok
20260406,07,5,1.7,1.9,9.2,14.3,25.8,21.5,ok
20260406,07,7,1.0,14.3,5.7,11.9,23.8,143.2,ok
20260406,07,8,1.8,5.1,2.9,6.7,15.5,22.1,ok
20260406,07,9,1.3,6.1,18.4,6.7,,4.9,ok
20260406,07,10,1.1,12.4,16.6,6.2,6.0,83.0,ok
20260406,07,11,1.7,14.2,2.3,10.0,14.2,11.5,ok
20260406,07,12,1.2,3.6,23.5,6.1,23.5,27.6,ok
20260406,08,1,1.0,10.9,6.3,14.0,21.9,19.7,ok
20260406,08,2,1.5,4.3,9.4,51.7,4.9,8.6,ok
20260406,08,3,3.0,4.5,2.7,4.7,28.5,5.7,ok
20260406,08,4,1.4,13.5,4.5,5.7,40.5,6.7,ok
20260406,08,5,1.4,7.0,35.2,3.5,17.6,7.0,ok
20260406,08,7,5.1,1.2,6.3,17.0,17.0,17.0,ok
20260406,08,8,1.6,3.1,6.4,7.4,13.8,32.2,ok
20260406,08,9,1.0,13.2,7.9,13.2,39.7,39.7,ok
20260406,08,10,1.3,42.7,3.8,5.0,14.2,21.3,ok
20260406,08,11,1.0,18.1,90.7,9.0,30.2,30.2,ok
20260406,08,12,1.0,14.3,7.9,12.7,16.3,45.9,ok
20260406,09,1,1.5,3.8,4.1,12.0,9.7,52.2,ok
20260406,09,2,1.5,4.9,9.1,5.7,5.7,63.7,ok
20260406,09,3,1.4,4.7,5.3,8.7,11.1,30.5,ok
20260406,09,4,2.0,3.7,7.0,3.2,10.9,23.6,ok
20260406,09,5,1.7,5.3,17.1,3.1,7.0,21.8,ok
20260406,09,6,1.1,9.4,8.0,9.4,16.1,12.5,ok
20260406,09,7,,1.9,2.1,9.0,9.0,7.6,ok
20260406,09,8,1.4,8.7,3.7,6.1,24.4,20.3,ok
20260406,09,9,1.1,14.1,5.3,17.6,13.2,11.1,ok
20260406,09,10,1.1,12.2,7.5,8.3,8.8,22.7,ok
20260406,09,11,1.0,8.1,14.1,17.0,37.2,37.2,ok
20260406,09,12,1.1,7.2,13.0,6.5,24.6,24.6,ok
20260406,10,1,1.3,8.5,7.0,7.9,8.5,10.6,ok
20260406,10,2,3.0,1.8,20.6,13.7,5.1,6.5,ok
20260406,10,3,1.0,147.7,7.3,12.3,21.1,73.8,ok
20260406,10,4,1.4,5.8,26.2,26.2,2.7,70.0,ok
20260406,10,5,1.2,8.9,5.7,6.1,13.3,26.7,ok
20260406,10,6,6.7,5.0,6.2,3.8,25.1,1.8,ok
20260406,10,7,2.6,5.7,2.1,27.1,7.7,6.7,ok
20260406,10,8,1.1,24.7,37.1,3.5,18.5,12.3,ok
20260406,10,9,3.5,5.4,28.1,1.9,3.6,28.1,ok
20260406,10,10,2.8,2.4,3.9,9.4,8.4,10.8,ok
20260406,12,1,1.5,5.5,6.1,8.6,4.3,66.0,ok
20260406,12,2,1.4,3.5,11.4,21.6,5.1,65.0,ok
20260406,12,3,1.0,8.8,12.4,18.6,12.4,12.4,ok
20260406,12,4,1.4,15.2,6.9,9.9,3.8,17.5,ok
20260406,12,5,1.3,5.4,13.4,16.0,4.6,19.7,ok
20260406,12,6,1.1,14.0,5.7,12.3,16.3,17.7,ok
20260406,12,7,1.4,10.0,2.3,38.5,23.1,24.3,ok
20260406,12,8,1.5,4.2,4.2,8.7,14.0,22.3,ok
20260406,12,9,1.5,2.5,8.9,8.5,27.3,74.2,ok
20260406,12,10,1.1,17.1,3.5,16.6,31.3,22.3,ok
20260406,12,11,1.2,7.9,15.2,9.9,14.2,6.9,ok
20260406,12,12,1.5,10.5,3.9,6.0,11.7,11.4,ok
20260406,16,1,1.2,10.9,3.4,19.1,15.3,38.2,ok
20260406,16,2,2.1,6.3,4.6,2.7,15.3,13.4,ok
20260406,16,4,2.1,7.2,10.2,3.2,3.2,38.2,ok
20260406,16,7,4.0,4.0,5.3,2.2,6.0,24.0,ok
20260406,16,8,1.2,13.2,4.6,79.5,6.1,19.8,ok
20260406,16,9,2.0,6.3,7.5,2.9,4.8,82.8,ok
20260406,16,10,1.4,3.0,7.9,7.9,26.1,45.7,ok
20260406,16,11,1.4,3.4,12.7,9.5,9.5,19.1,ok
20260406,17,1,1.9,2.8,5.1,4.7,31.1,31.1,ok
20260406,17,3,1.6,4.3,7.5,5.0,20.2,7.5,ok
20260406,17,4,1.4,39.7,2.5,6.6,23.8,59.6,ok
20260406,17,6,1.6,42.3,12.1,4.4,2.8,28.2,ok
20260406,17,7,1.4,6.4,5.0,92.0,3.6,46.0,ok
20260406,17,8,1.0,5.0,28.7,8.6,17.2,86.2,ok
20260406,17,9,2.0,3.6,7.7,2.9,15.5,31.1,ok
20260406,17,10,1.5,5.4,4.1,9.7,7.3,43.8,ok
20260406,21,1,1.5,3.2,7.6,6.1,17.0,153.0,ok
20260406,21,2,1.1,12.9,19.4,5.9,12.9,9.7,ok
20260406,21,3,1.3,16.6,2.6,15.4,11.4,72.2,ok
20260406,21,4,1.3,8.1,3.4,12.5,9.2,213.0,ok
20260406,21,6,3.6,1.3,8.6,9.8,9.2,147.7,ok
20260406,21,7,1.1,5.4,7.4,9.4,17.3,52.1,ok
20260406,21,9,1.3,2.7,15.2,15.2,20.3,24.4,ok
20260406,21,10,1.0,5.4,18.0,12.0,54.0,108.0,ok
20260406,21,11,1.1,12.0,5.6,8.7,16.1,32.2,ok
20260406,21,12,1.2,11.0,9.0,11.0,4.7,49.5,ok
20260406,22,1,1.1,3.6,7.2,33.6,67.2,40.3,ok
20260406,22,2,1.3,2.8,6.4,21.6,43.2,32.4,ok
20260406,22,3,1.2,5.6,4.6,25.5,9.0,153.0,ok
20260406,22,4,1.3,3.2,10.8,21.7,29.0,10.8,ok
20260406,22,5,1.5,4.1,12.0,3.4,18.9,44.2,ok
20260406,22,6,1.0,7.8,5.2,35.0,63.0,63.0,ok
20260406,22,7,1.0,10.5,9.3,16.8,12.0,16.8,ok
20260406,22,8,1.5,5.7,4.7,8.8,9.3,15.0,ok
20260406,22,9,1.5,4.7,9.0,3.9,14.1,39.6,ok
20260406,22,10,1.2,10.8,5.4,18.5,8.6,9.2,ok
20260406,22,11,1.0,25.0,39.1,65.2,75.2,163.1,ok
20260406,22,12,1.2,8.0,7.0,10.3,10.4,11.5,ok
20260407,02,1,6.8,1.3,7.3,11.4,6.8,17.1,ok
20260407,02,2,3.8,4.1,3.8,3.0,5.5,16.5,ok
20260407,02,3,5.7,5.9,19.9,7.9,17.7,1.3,ok
20260407,02,4,3.6,2.8,2.5,7.0,10.5,14.0,ok
20260407,02,5,3.7,7.0,6.0,1.5,26.0,11.1,ok
20260407,02,6,5.2,3.6,2.4,5.2,4.0,30.3,ok
20260407,02,7,1.1,6.2,9.6,5.8,43.5,87.0,ok
20260407,02,8,1.8,6.4,2.6,16.1,9.4,10.0,ok
20260407,02,9,1.0,13.1,15.5,34.2,19.0,10.0,ok
20260407,02,10,1.3,2.8,11.8,23.7,17.8,14.2,ok
20260407,02,11,2.3,21.1,11.3,1.5,16.4,16.4,ok
20260407,02,12,1.6,16.6,4.4,6.5,7.1,6.8,ok
20260407,04,2,2.3,1.7,13.8,6.9,11.5,69.0,ok
20260407,04,3,2.3,4.9,8.6,3.7,6.6,5.8,ok
20260407,04,4,3.4,19.1,1.7,10.4,6.7,6.0,ok
20260407,04,5,2.0,4.9,4.1,6.4,6.1,10.1,ok
20260407,04,6,1.6,3.0,6.1,9.9,11.3,26.5,ok
20260407,04,7,1.3,3.2,8.4,14.0,12.6,63.0,ok
20260407,04,8,1.3,5.5,4.5,6.7,49.5,37.1,ok
20260407,04,9,1.5,9.3,3.4,6.2,25.0,15.0,ok
20260407,04,10,1.1,5.3,6.5,10.8,38.0,38.0,ok
20260407,04,11,1.1,6.1,18.4,14.7,14.7,9.2,ok
20260407,04,12,1.2,5.8,4.6,,13.3,12.4,ok
20260407,07,1,5.4,1.7,2.2,13.3,17.1,60.0,ok
20260407,07,2,5.1,6.3,1.7,4.5,12.0,9.0,ok
20260407,07,3,1.4,7.8,3.5,63.0,63.0,5.7,ok
20260407,07,4,1.8,5.7,5.7,5.7,8.5,6.8,ok
20260407,07,5,4.8,19.5,6.2,4.7,1.5,21.9,ok
20260407,07,6,2.0,3.7,3.6,7.6,42.1,6.4,ok
20260407,07,7,1.5,14.5,4.0,3.0,33.2,33.2,ok
20260407,07,8,1.1,6.0,27.8,15.3,17.0,10.2,ok
20260407,07,9,1.0,34.2,102.8,51.4,240.0,51.4,ok
20260407,07,10,1.3,7.2,6.7,8.6,14.4,8.3,ok
20260407,07,11,2.4,7.5,1.8,9.9,18.1,9.9,ok
20260407,07,12,1.0,10.6,15.5,11.6,34.0,24.9,ok
20260407,08,1,1.1,11.0,39.5,46.1,6.0,7.9,ok
20260407,08,2,4.8,2.2,4.5,4.2,6.1,16.8,ok
20260407,08,3,2.1,8.1,3.0,14.0,4.9,7.0,ok
20260407,08,4,3.4,4.1,7.3,2.0,9.7,14.6,ok
20260407,08,6,1.9,1.9,14.8,7.1,12.5,163.5,ok
20260407,08,7,1.3,6.0,5.4,9.3,8.5,34.2,ok
20260407,08,8,3.0,4.7,15.7,1.6,8.5,47.2,ok
20260407,08,9,2.5,6.8,1.6,15.1,18.9,18.9,ok
20260407,08,10,1.4,4.6,4.6,13.0,21.7,10.8,ok
20260407,08,11,1.0,20.7,8.8,5.6,20.7,62.2,ok
20260407,08,12,1.0,9.1,13.7,11.7,11.7,20.6,ok
20260407,09,1,1.3,8.9,6.2,4.9,20.1,24.8,ok
20260407,09,2,1.2,5.8,6.2,12.5,10.8,162.7,ok
20260407,09,3,1.2,10.5,3.7,21.0,11.4,18.0,ok
20260407,09,4,1.1,9.5,6.7,19.8,8.0,14.3,ok
20260407,09,5,1.1,9.2,17.2,16.6,4.8,16.6,ok
20260407,09,6,1.2,8.7,4.5,14.6,8.2,27.0,ok
20260407,09,7,1.1,8.7,7.8,14.2,17.5,16.2,ok
20260407,09,8,1.2,4.1,8.4,14.7,17.7,29.5,ok
20260407,09,9,2.2,3.7,4.9,3.7,9.1,19.2,ok
20260407,09,10,1.6,4.6,5.0,6.5,7.8,23.4,ok
20260407,09,11,1.1,9.1,16.2,4.9,25.3,15.2,ok
20260407,09,12,1.2,11.6,6.8,5.8,17.4,17.8,ok
20260407,10,1,1.0,9.6,14.0,13.0,27.0,25.2,ok
20260407,10,2,1.6,3.6,7.1,7.4,6.1,107.6,ok
20260407,10,3,2.0,4.7,2.1,15.2,28.7,17.2,ok
20260407,10,4,1.1,8.8,12.5,7.3,9.1,37.6,ok
20260407,10,5,1.8,5.5,5.5,11.3,6.2,5.5,ok
20260407,10,6,3.1,4.0,3.7,34.1,3.2,6.2,ok
20260407,10,7,3.4,9.9,4.9,1.7,33.2,6.6,ok
20260407,10,8,3.7,1.8,6.5,3.4,78.7,15.7,ok
20260407,10,9,3.3,4.6,3.2,2.8,7.7,38.5,ok
20260407,10,10,2.8,3.6,7.8,13.9,2.4,10.2,ok
20260407,10,11,1.2,4.1,14.2,7.9,10.1,35.6,ok
20260407,10,12,1.2,5.3,4.3,18.2,31.8,63.7,ok
20260407,12,1,1.4,6.3,3.4,10.7,12.2,28.6,ok
20260407,12,2,1.4,22.5,8.5,7.2,3.7,16.5,ok
20260407,12,3,1.5,5.1,6.1,8.2,8.2,12.5,ok
20260407,12,4,1.1,7.0,5.8,26.7,9.6,120.3,ok
20260407,12,5,1.2,7.1,13.7,4.0,14.9,89.6,ok
20260407,12,6,1.5,4.4,3.0,9.9,35.8,38.8,ok
20260407,12,7,1.1,8.7,9.9,7.0,25.2,22.6,ok
20260407,12,8,1.1,10.9,4.7,18.8,13.3,45.5,ok
20260407,12,9,1.0,8.7,8.5,14.5,13.8,26.5,ok
20260407,12,10,1.2,3.6,8.8,22.5,11.4,32.2,ok
20260407,12,11,1.1,9.5,3.9,13.1,42.5,30.2,ok
20260407,12,12,1.1,11.3,4.1,19.0,18.6,24.5,ok
20260407,16,1,1.4,10.8,37.8,4.4,8.4,5.8,ok
20260407,16,2,3.5,2.9,3.4,4.6,5.3,44.7,ok
20260407,16,3,3.8,3.3,3.2,3.4,9.1,17.0,ok
20260407,16,5,7.8,1.1,4.9,14.8,13.3,66.7,ok
20260407,16,6,1.6,4.6,4.2,9.7,10.9,11.7,ok
20260407,16,7,2.9,3.8,2.7,4.1,13.4,17.8,ok
20260407,16,9,1.4,9.3,6.9,3.6,8.5,55.8,ok
20260407,16,10,1.8,4.9,2.6,9.3,10.1,243.7,ok
20260407,16,11,1.5,7.2,5.1,4.5,18.0,18.0,ok
20260407,16,12,1.0,11.5,34.6,40.3,17.3,12.1,ok
20260407,17,1,2.4,5.5,4.2,3.8,7.4,8.1,ok
20260407,17,2,7.7,4.2,1.5,5.4,13.5,11.6,ok
20260407,17,4,1.1,4.4,17.7,14.7,12.6,88.5,ok
20260407,17,5,1.2,14.5,5.9,5.4,31.6,17.2,ok
20260407,17,6,1.3,17.7,4.4,3.8,31.1,124.5,ok
20260407,17,7,2.0,5.9,7.4,2.1,13.2,119.2,ok
20260407,17,8,1.1,14.3,6.8,7.1,15.9,28.6,ok
20260407,17,9,2.7,4.2,3.0,3.1,61.1,13.5,ok
20260407,17,10,2.5,11.6,4.2,2.0,23.2,13.2,ok
20260407,17,12,1.2,12.1,3.6,8.2,15.1,60.5,ok
20260407,21,1,1.0,7.1,14.2,7.5,42.6,255.7,ok
20260407,21,2,1.4,13.5,11.2,2.3,16.8,101.2,ok
20260407,21,3,1.5,11.1,4.2,17.1,3.9,31.8,ok
20260407,21,4,1.0,13.2,7.4,8.9,13.6,43.2,ok
20260407,21,5,1.3,7.3,10.1,9.4,52.8,3.9,ok
20260407,21,6,2.9,4.7,3.0,26.2,4.3,5.2,ok
20260407,21,7,1.6,6.2,4.0,4.8,13.4,18.8,ok
20260407,21,8,1.1,5.2,14.5,6.2,26.1,43.5,ok
20260407,21,9,1.2,6.6,5.4,15.9,12.3,13.6,ok
20260407,21,10,1.2,13.2,8.5,9.1,5.6,23.8,ok
20260407,21,11,1.1,5.4,7.7,11.9,26.2,32.8,ok
20260407,21,12,1.5,7.5,3.7,6.0,12.5,27.6,ok
20260407,24,1,2.4,6.8,2.6,4.2,9.8,15.8,ok
20260407,24,2,3.1,7.0,14.7,1.4,14.7,29.4,ok
20260407,24,3,4.1,9.4,9.1,1.4,30.8,6.8,ok
20260407,24,4,1.6,2.6,6.0,17.2,8.6,51.7,ok
20260407,24,5,5.2,4.0,7.5,23.4,1.8,5.3,ok
20260407,24,6,6.9,5.8,1.8,4.6,5.6,11.7,ok
20260407,24,7,1.0,17.5,7.4,11.3,19.3,27.6,ok
20260407,24,8,1.8,8.6,2.0,49.8,21.3,8.7,ok
20260407,24,9,1.1,7.4,16.2,8.1,11.1,11.1,ok
20260407,24,10,1.1,4.7,16.9,31.1,6.6,37.3,ok
20260407,24,11,1.0,10.4,13.6,24.0,20.4,29.1,ok
20260407,24,12,1.3,3.8,10.2,10.7,12.4,19.9,ok
20260408,02,2,5.2,3.0,3.0,5.2,11.0,4.9,ok
20260408,02,3,2.5,3.2,15.4,3.3,3.8,108.0,ok
20260408,02,4,3.2,6.3,3.7,5.4,3.0,10.8,ok
20260408,02,5,2.4,7.8,4.5,2.0,17.0,29.2,ok
20260408,02,6,3.0,1.6,11.0,5.0,66.0,11.0,ok
20260408,02,7,1.1,8.3,8.3,7.1,12.4,33.2,ok
20260408,02,8,1.6,10.7,8.4,19.7,5.3,3.3,ok
20260408,02,9,1.6,2.3,23.8,8.4,35.8,8.9,ok
20260408,02,10,1.3,6.0,12.1,4.2,31.6,14.3,ok
20260408,02,11,1.8,4.5,25.8,4.1,4.9,12.9,ok
20260408,02,12,1.0,11.7,13.9,11.7,38.2,38.2,ok
20260408,04,1,1.0,19.0,7.8,19.0,33.2,7.3,ok
20260408,04,2,2.1,7.7,2.1,4.7,62.2,20.7,ok
20260408,04,3,3.5,11.6,7.7,2.3,3.7,7.2,ok
20260408,04,4,3.3,5.1,5.7,3.4,4.6,6.0,ok
20260408,04,5,1.5,9.3,7.1,3.7,11.0,13.5,ok
20260408,04,6,2.2,9.8,4.9,2.0,23.3,16.0,ok
20260408,04,7,1.8,1.6,17.7,17.0,18.4,42.5,ok
20260408,04,8,2.0,,1.6,10.2,9.7,25.6,ok
20260408,04,9,1.7,7.6,6.3,4.9,5.1,11.4,ok
20260408,04,10,2.4,2.0,6.2,9.5,11.5,10.4,ok
20260408,04,11,1.2,5.2,10.2,10.8,11.5,16.7,ok
20260408,04,12,1.4,3.9,6.0,10.5,14.5,17.0,ok
20260408,07,1,3.9,6.2,1.6,10.2,7.0,12.5,ok
20260408,07,2,5.1,1.9,1.8,43.8,43.8,29.2,ok
20260408,07,3,4.7,1.6,3.0,8.7,20.5,24.6,ok
20260408,07,4,4.0,17.6,1.2,7.1,21.5,38.8,ok
20260408,07,5,13.1,1.1,3.3,39.3,63.9,85.2,ok
20260408,07,6,1.6,15.1,6.4,3.8,4.8,23.4,ok
20260408,07,7,2.6,3.4,2.8,4.5,27.7,17.0,ok
20260408,07,8,1.9,11.6,2.8,16.7,46.5,3.4,ok
20260408,07,9,1.4,5.0,4.3,16.2,26.3,9.5,ok
20260408,07,10,1.2,13.4,25.6,15.6,2.7,40.2,ok
20260408,07,11,1.4,30.9,4.3,3.0,19.8,35.4,ok
20260408,07,12,2.3,3.7,5.2,31.1,3.4,7.0,ok
20260408,08,1,1.5,9.8,7.7,5.2,16.3,5.2,ok
20260408,08,2,7.3,1.0,9.6,30.5,45.7,45.7,ok
20260408,08,3,1.3,3.7,7.5,25.0,12.5,18.7,ok
20260408,08,4,1.3,22.3,4.6,15.9,22.3,4.1,ok
20260408,08,5,4.3,6.6,3.6,2.0,11.5,9.9,ok
20260408,08,6,1.9,7.8,13.0,19.6,2.1,10.7,ok
20260408,08,7,1.3,10.3,3.4,9.0,24.2,12.1,ok
20260408,08,8,3.6,3.7,1.6,8.4,19.2,106.1,ok
20260408,08,10,1.2,3.4,7.4,13.8,22.2,111.0,ok
20260408,08,11,1.3,12.2,17.1,2.8,15.6,19.0,ok
20260408,08,12,1.4,11.2,8.1,7.3,3.4,36.5,ok
20260408,10,1,1.1,19.0,15.2,4.7,16.3,15.2,ok
20260408,10,2,1.7,1.6,19.6,34.9,17.4,22.4,ok
20260408,10,3,2.3,3.5,2.2,8.2,99.0,24.7,ok
20260408,10,4,2.1,2.9,3.6,7.3,18.6,15.7,ok
20260408,10,5,1.6,2.1,12.5,16.7,16.7,16.7,ok
20260408,10,6,5.0,2.2,4.4,3.3,8.8,23.5,ok
20260408,10,7,2.2,3.8,5.7,19.2,2.7,28.8,ok
20260408,10,8,1.5,10.9,16.3,9.8,8.1,3.2,ok
20260408,10,9,7.6,3.7,6.1,17.5,1.4,40.3,ok
20260408,10,10,3.3,15.0,1.2,10.9,18.5,60.1,ok
20260408,10,11,1.6,6.5,5.4,4.9,16.3,8.1,ok
20260408,10,12,1.0,9.8,19.7,13.6,10.4,44.4,ok
20260408,11,1,3.8,7.5,10.1,5.7,17.2,1.6,ok
20260408,11,2,1.2,10.4,3.4,11.8,22.2,88.8,ok
20260408,11,4,2.0,10.6,3.0,14.8,3.2,18.5,ok
20260408,11,5,3.6,15.3,15.3,1.1,32.7,43.6,ok
20260408,11,6,7.3,1.1,15.5,8.2,12.6,34.8,ok
20260408,11,7,1.6,4.1,28.8,8.2,28.8,3.2,ok
20260408,11,8,1.9,8.3,3.1,19.0,3.3,26.7,ok
20260408,11,9,1.4,19.7,2.0,13.5,42.7,42.7,ok
20260408,11,10,1.3,13.2,4.4,5.2,17.6,17.6,ok
20260408,11,11,2.3,2.7,7.2,3.3,54.3,9.8,ok
20260408,11,12,1.5,3.3,8.1,11.1,8.1,16.2,ok
20260408,12,1,1.0,19.1,35.8,20.4,20.4,23.8,ok
20260408,12,2,1.3,4.2,18.5,4.5,21.5,67.2,ok
20260408,12,3,1.2,12.2,10.1,6.1,6.8,46.6,ok
20260408,12,4,1.6,5.4,4.2,4.6,16.6,40.0,ok
20260408,12,5,1.1,7.1,12.4,9.0,12.4,24.9,ok
20260408,12,6,1.2,8.7,6.3,6.3,22.5,18.0,ok
20260408,12,7,1.3,3.6,7.2,24.0,12.0,30.7,ok
20260408,12,8,1.2,7.1,7.2,7.1,25.5,13.8,ok
20260408,12,9,1.0,6.1,10.9,19.2,22.3,22.3,ok
20260408,12,10,1.1,6.9,8.0,12.6,15.3,22.2,ok
20260408,12,11,1.7,2.3,5.6,16.8,15.0,35.2,ok
20260408,12,12,1.4,3.8,6.4,7.1,25.7,27.1,ok
20260408,16,1,1.6,17.7,2.9,11.0,7.3,9.8,ok
20260408,16,2,1.9,6.8,8.7,5.0,3.3,15.1,ok
20260408,16,3,1.6,14.4,5.0,3.2,101.2,7.2,ok
20260408,16,4,2.5,5.2,5.5,5.5,3.3,12.4,ok
20260408,16,5,1.4,20.8,5.4,5.9,22.3,5.2,ok
20260408,16,6,2.2,2.2,15.1,3.2,27.3,34.1,ok
20260408,16,7,1.2,8.5,11.0,9.6,38.6,4.5,ok
20260408,16,8,1.6,6.5,5.4,5.9,16.3,5.9,ok
20260408,16,9,1.1,12.4,6.2,12.4,12.4,11.4,ok
20260408,16,10,1.0,10.7,15.0,37.5,6.8,18.7,ok
20260408,16,11,1.3,11.6,4.8,5.1,15.5,31.0,ok
20260408,16,12,1.1,4.6,7.9,10.7,31.1,57.1,ok
20260408,23,1,1.1,6.0,9.2,9.5,11.5,32.8,ok
20260408,23,2,1.1,12.3,4.2,11.2,30.4,30.4,ok
20260408,23,3,2.4,9.5,4.7,2.9,7.5,7.1,ok
20260408,23,4,2.7,3.7,2.7,8.8,5.3,32.0,ok
20260408,23,5,1.9,18.6,4.7,9.4,2.5,15.6,ok
20260408,23,6,3.3,2.4,26.4,1.8,25.2,88.2,ok
20260408,23,7,2.2,3.6,1.9,35.7,15.8,47.6,ok
20260408,23,8,2.3,5.5,6.0,2.0,17.7,29.5,ok
20260408,23,9,2.3,3.0,4.6,6.8,5.7,20.0,ok
20260408,23,10,2.4,2.4,4.2,12.1,6.8,16.4,ok
20260408,23,11,1.4,9.4,3.8,6.2,13.4,32.2,ok
20260408,23,12,1.3,7.2,4.5,13.6,16.4,9.5,ok
20260408,24,2,2.1,2.1,10.2,6.6,33.1,8.8,ok
20260408,24,3,3.8,61.5,1.3,7.6,10.2,15.3,ok
20260408,24,4,2.3,2.8,4.6,9.2,8.5,8.5,ok
20260408,24,5,1.4,5.9,6.5,4.7,13.7,19.6,ok
20260408,24,6,1.5,21.4,2.4,26.7,5.6,24.6,ok
20260408,24,7,1.4,7.6,28.1,12.9,2.7,28.1,ok
20260408,24,8,1.6,2.7,4.1,43.3,13.8,75.9,ok
20260408,24,9,1.4,2.3,11.9,18.8,37.6,26.3,ok
20260408,24,10,1.5,15.5,17.2,2.6,11.7,11.7,ok
20260408,24,11,1.1,8.0,13.8,8.5,10.2,16.0,ok
20260408,24,12,1.3,2.6,16.8,13.0,18.8,23.7,ok
20260409,02,2,6.7,14.6,5.6,2.3,2.1,19.8,ok
20260409,02,3,1.8,10.3,6.0,14.7,4.5,3.9,ok
20260409,02,4,1.5,16.0,5.4,24.0,3.0,17.4,ok
20260409,02,5,2.0,4.6,9.4,5.0,15.9,3.7,ok
20260409,02,6,6.3,3.8,2.6,3.2,10.5,6.7,ok
20260409,02,7,1.0,16.6,27.8,9.9,18.1,18.9,ok
20260409,02,8,2.4,7.2,2.5,13.1,16.4,3.8,ok
20260409,02,9,1.3,10.2,6.5,4.9,20.4,15.9,ok
20260409,02,10,1.6,3.4,6.6,7.1,10.3,15.5,ok
20260409,02,11,1.7,3.1,5.6,10.3,11.7,12.5,ok
20260409,02,12,1.1,8.0,7.8,7.8,17.3,26.0,ok
20260409,06,1,1.5,3.0,16.5,9.4,9.4,13.2,ok
20260409,06,2,1.4,12.1,4.7,18.9,4.0,17.0,ok
20260409,06,3,1.4,4.0,12.8,13.4,24.6,5.0,ok
20260409,06,4,1.1,7.5,8.0,8.6,22.5,22.5,ok
20260409,06,5,3.6,4.2,1.9,11.1,9.4,8.7,ok
20260409,06,6,3.6,1.9,12.7,5.4,16.6,4.8,ok
20260409,06,8,3.8,11.4,11.4,1.3,7.9,45.7,ok
20260409,06,9,3.7,2.9,11.3,3.7,2.8,41.7,ok
20260409,06,10,1.4,5.4,12.9,3.8,14.2,15.8,ok
20260409,06,11,1.1,4.6,24.2,29.1,16.1,7.6,ok
20260409,06,12,1.3,6.7,9.3,5.5,13.3,10.6,ok
20260409,07,1,1.5,14.8,6.4,2.9,14.8,24.7,ok
20260409,07,3,2.7,3.9,6.4,3.1,16.8,5.6,ok
20260409,07,4,2.2,6.2,2.7,29.8,3.4,39.7,ok
20260409,07,5,1.5,33.5,7.1,2.4,9.5,335.2,ok
20260409,07,6,1.1,10.8,26.3,11.8,15.3,6.4,ok
20260409,07,7,1.3,25.0,17.1,2.4,18.7,27.3,ok
20260409,07,8,1.0,9.5,12.0,10.0,23.4,42.2,ok
20260409,07,9,1.0,4.4,11.6,17.4,32.0,42.7,ok
20260409,07,10,1.1,10.3,9.5,17.4,9.9,13.2,ok
20260409,07,11,1.0,15.0,9.9,11.6,50.7,62.0,ok
20260409,07,12,2.3,11.4,6.6,6.1,7.3,2.7,ok
20260409,08,1,1.0,12.9,6.1,8.9,29.0,38.7,ok
20260409,08,2,1.5,4.2,6.7,11.5,16.5,6.7,ok
20260409,08,4,1.6,3.9,21.9,3.1,12.1,54.7,ok
20260409,08,5,1.5,7.8,8.7,8.7,3.7,15.7,ok
20260409,08,6,1.1,8.8,11.9,18.3,5.8,17.2,ok
20260409,08,7,1.1,10.0,6.4,32.1,8.0,22.9,ok
20260409,08,8,2.7,1.4,23.7,5.9,27.1,31.6,ok
20260409,08,9,1.3,2.8,21.5,7.8,28.7,86.2,ok
20260409,08,10,2.0,3.5,5.5,2.8,183.7,45.9,ok
20260409,08,11,1.8,2.2,6.2,10.3,13.1,28.9,ok
20260409,08,12,1.0,7.8,7.8,15.6,47.0,70.5,ok
20260409,10,1,1.0,23.3,10.1,6.8,33.6,30.3,ok
20260409,10,2,1.1,4.0,18.2,34.2,12.4,39.1,ok
20260409,10,3,1.2,9.9,5.4,14.9,19.8,9.9,ok
20260409,10,5,2.7,2.2,36.7,9.8,4.9,4.9,ok
20260409,10,6,1.9,7.7,13.5,27.0,8.3,2.2,ok
20260409,10,7,1.5,7.7,21.8,6.2,18.7,3.3,ok
20260409,10,8,1.3,5.8,3.7,16.1,21.5,21.5,ok
20260409,10,9,1.3,8.4,4.3,21.6,6.5,16.2,ok
20260409,10,11,1.0,8.8,13.9,10.2,26.5,88.5,ok
20260409,10,12,1.0,10.6,11.5,42.5,25.5,63.7,ok
20260409,11,1,1.8,15.0,2.0,6.0,22.5,45.0,ok
20260409,11,2,1.0,22.2,12.0,19.5,14.1,22.2,ok
20260409,11,3,6.1,15.4,1.1,10.3,38.6,11.8,ok
20260409,11,4,3.1,2.7,2.4,13.8,12.0,12.0,ok
20260409,11,5,1.6,5.3,4.4,12.3,17.6,5.6,ok
20260409,11,6,2.6,11.6,1.3,15.0,30.0,21.0,ok
20260409,11,7,3.6,4.9,2.8,5.3,3.5,27.5,ok
20260409,11,8,1.2,15.6,7.8,3.7,43.1,24.6,ok
20260409,11,9,1.0,6.4,11.5,13.3,43.3,43.3,ok
20260409,11,10,1.4,4.3,3.2,21.9,36.5,54.7,ok
20260409,11,12,1.1,4.2,13.6,12.7,34.1,17.0,ok
20260409,15,2,3.6,4.2,4.9,5.7,2.3,86.7,ok
20260409,15,3,2.9,5.8,2.7,5.2,4.7,19.8,ok
20260409,15,4,2.9,19.8,2.1,2.8,17.3,13.8,ok
20260409,15,5,2.0,4.8,2.1,20.8,18.2,16.2,ok
20260409,15,6,1.2,13.4,12.9,6.8,17.2,6.3,ok
20260409,15,7,2.6,7.1,7.9,1.8,18.1,10.8,ok
20260409,15,8,2.0,2.2,5.1,7.9,25.3,25.3,ok
20260409,15,9,1.5,5.9,11.5,9.7,3.0,62.3,ok
20260409,15,10,1.5,2.5,8.3,10.6,17.6,149.6,ok
20260409,15,11,1.2,7.0,7.6,8.1,13.6,32.4,ok
20260409,15,12,1.5,8.0,7.7,3.1,24.9,18.2,ok
20260409,16,1,1.1,6.4,7.7,12.8,16.5,38.5,ok
20260409,16,2,1.6,5.1,3.6,6.8,32.4,12.6,ok
20260409,16,3,1.6,8.9,17.8,2.5,10.1,14.2,ok
20260409,16,4,2.7,5.6,3.7,2.2,17.3,29.7,ok
20260409,16,5,1.2,10.7,5.6,10.7,29.2,8.9,ok
20260409,16,6,1.5,10.3,2.0,19.4,155.2,38.8,ok
20260409,16,7,1.4,12.9,6.2,4.0,9.7,19.4,ok
20260409,16,8,1.1,7.3,20.7,5.1,24.9,17.7,ok
20260409,16,9,1.2,11.3,18.1,3.6,15.1,15.1,ok
20260409,16,11,1.0,11.5,12.8,11.5,16.5,57.7,ok
20260409,16,12,1.2,2.8,25.3,14.3,37.4,37.4,ok
20260409,23,1,1.2,8.1,6.3,5.8,36.7,44.1,ok
20260409,23,2,1.3,3.0,14.6,9.1,30.6,24.1,ok
20260409,23,3,2.0,5.4,5.1,7.6,4.3,10.5,ok
20260409,23,4,2.8,4.2,6.0,2.3,10.8,18.3,ok
20260409,23,5,1.7,3.5,6.3,3.6,26.3,42.1,ok
20260409,23,6,2.9,1.4,12.3,7.1,23.7,21.9,ok
20260409,24,1,1.6,5.3,37.1,2.6,24.7,12.3,ok
20260409,24,2,2.3,3.3,3.3,5.5,11.0,33.0,ok
20260409,24,3,2.6,2.0,18.3,12.2,3.2,55.1,ok
20260409,24,4,2.3,10.0,2.3,7.1,5.0,30.1,ok
20260409,24,5,2.1,9.1,1.9,9.1,9.8,82.0,ok
20260409,24,6,3.8,1.5,6.3,4.7,28.9,28.9,ok
20260409,24,7,1.6,44.0,2.6,3.3,33.0,79.2,ok
20260409,24,8,1.8,2.3,21.9,16.3,14.9,5.1,ok
20260409,24,9,1.6,2.1,11.9,13.4,13.4,43.8,ok
20260409,24,10,1.7,15.2,9.8,10.4,9.3,2.6,ok
20260409,24,11,1.3,4.4,7.3,15.2,13.6,12.4,ok
20260409,24,12,1.6,5.4,3.0,11.4,13.9,19.2,ok
20260410,02,1,2.2,5.2,2.9,6.2,7.2,15.6,ok
20260410,02,2,1.5,10.0,20.0,4.0,5.0,15.0,ok
20260410,02,4,1.5,4.9,9.0,5.9,5.3,51.5,ok
20260410,02,5,1.6,9.0,13.0,2.6,16.8,11.7,ok
20260410,02,6,2.7,7.2,4.6,2.6,5.6,16.9,ok
20260410,02,7,1.2,8.5,11.1,10.3,7.6,12.0,ok
20260410,02,8,2.5,7.2,2.8,6.5,11.2,4.7,ok
20260410,02,9,2.4,8.5,1.7,20.2,6.2,54.0,ok
20260410,02,10,1.6,3.0,6.3,9.8,17.5,12.1,ok
20260410,02,11,4.1,11.3,1.3,8.8,17.7,12.7,ok
20260410,02,12,1.1,27.0,9.3,6.5,23.0,7.8,ok
20260410,06,1,1.5,11.9,3.4,25.8,7.0,7.3,ok
20260410,06,2,1.7,2.7,10.0,23.5,4.7,23.5,ok
20260410,06,3,3.7,1.9,2.7,11.1,22.3,15.9,ok
20260410,06,4,1.3,3.9,8.5,17.1,6.8,51.3,ok
20260410,06,5,6.5,4.5,2.0,4.9,39.5,3.9,ok
20260410,06,6,2.5,2.8,16.8,6.9,16.8,3.1,ok
20260410,06,7,1.3,4.6,4.6,13.4,26.8,16.7,ok
20260410,06,8,1.3,8.9,6.5,4.3,17.9,28.6,ok
20260410,06,9,2.1,15.0,1.6,32.6,7.5,39.1,ok
20260410,06,10,5.2,37.7,1.0,15.1,15.1,16.1,ok
20260410,06,11,1.1,29.6,16.1,22.2,6.8,7.1,ok
20260410,06,12,1.2,8.1,12.8,15.1,4.7,22.4,ok
20260410,07,1,3.1,1.3,5.6,24.9,24.9,124.5,ok
20260410,07,2,1.4,7.3,8.4,3.4,16.8,19.6,ok
20260410,07,3,1.9,2.7,6.9,4.0,38.2,30.6,ok
20260410,07,4,2.8,36.0,12.0,1.3,7.2,90.0,ok
20260410,07,5,1.6,7.9,2.2,25.8,9.4,103.5,ok
20260410,07,6,1.6,12.0,8.4,2.8,15.5,10.0,ok
20260410,07,7,1.6,3.9,3.0,16.0,15.2,38.0,ok
20260410,07,8,2.7,11.2,17.1,1.5,13.0,9.9,ok
20260410,07,9,1.1,6.2,5.5,13.2,17.5,42.8,ok
20260410,07,10,1.0,11.3,8.2,13.3,32.2,21.5,ok
20260410,07,11,1.1,11.0,5.8,12.8,16.2,15.2,ok
20260410,07,12,2.0,13.2,1.9,8.7,12.8,20.1,ok
20260410,08,1,1.0,20.9,19.4,20.9,18.1,24.7,ok
20260410,08,2,1.6,5.5,4.0,4.4,88.5,14.7,ok
20260410,08,3,1.6,4.0,12.9,4.0,9.2,16.1,ok
20260410,08,4,4.4,2.1,3.0,26.7,3.6,80.2,ok
20260410,08,5,1.2,10.0,10.0,5.4,7.0,70.5,ok
20260410,08,6,1.3,7.6,4.7,40.1,46.8,5.4,ok
20260410,08,7,1.9,5.6,3.8,4.8,5.9,112.5,ok
20260410,08,8,2.9,2.8,6.2,5.7,4.1,14.4,ok
20260410,08,9,1.4,8.7,19.6,4.6,4.3,39.3,ok
20260410,08,10,1.0,5.9,10.3,16.5,20.7,20.7,ok
20260410,08,11,3.2,4.7,24.0,1.4,24.0,34.2,ok
20260410,08,12,1.2,14.6,13.5,4.2,10.3,12.5,ok
20260410,10,1,1.0,24.7,11.7,45.9,58.5,80.4,ok
20260410,10,2,1.1,3.6,18.3,11.8,50.4,22.4,ok
20260410,10,3,1.1,14.5,6.2,18.7,14.5,8.7,ok
20260410,10,4,1.1,14.8,14.8,32.4,5.4,9.3,ok
20260410,10,5,4.2,4.4,6.5,5.2,2.1,17.1,ok
20260410,10,6,1.0,52.9,27.6,11.7,23.5,317.6,ok
20260410,10,7,2.5,1.6,7.7,10.5,21.1,14.1,ok
20260410,10,8,1.4,4.2,6.4,5.7,22.8,41.1,ok
20260410,10,9,6.1,1.2,5.4,8.3,27.3,17.3,ok
20260410,10,10,1.0,7.4,37.0,10.8,15.4,61.7,ok
20260410,10,11,1.1,10.4,8.6,13.0,26.0,6.9,ok
20260410,10,12,1.0,19.2,38.5,12.1,9.0,41.1,ok
20260410,11,1,1.4,6.9,6.0,4.8,66.0,8.2,ok
20260410,11,2,5.5,6.0,6.0,1.4,7.0,126.7,ok
20260410,11,3,4.1,2.0,11.3,3.9,125.2,3.7,ok
20260410,11,4,4.0,1.2,11.6,18.9,14.4,10.1,ok
20260410,11,5,1.8,3.2,5.4,5.1,27.2,13.6,ok
20260410,11,6,1.9,4.7,12.9,2.3,15.1,22.6,ok
20260410,11,7,3.3,2.0,41.1,2.0,41.1,96.0,ok
20260410,11,8,1.1,8.2,41.2,4.8,27.5,10.3,ok
20260410,11,9,1.7,2.9,4.9,23.0,8.1,27.6,ok
20260410,11,10,2.9,2.1,2.8,13.5,9.7,175.5,ok
20260410,11,11,1.3,7.6,27.4,9.8,4.1,11.4,ok
20260410,11,12,1.1,3.9,9.5,38.0,28.5,38.0,ok
20260410,15,1,1.3,12.0,5.3,4.0,13.7,48.0,ok
20260410,15,2,2.8,2.4,7.3,5.1,8.4,7.8,ok
20260410,15,3,1.9,2.8,5.9,8.7,21.7,7.6,ok
20260410,15,4,1.7,7.8,2.3,14.8,11.4,16.5,ok
20260410,15,5,2.3,2.3,6.3,7.0,26.1,6.7,ok
20260410,15,6,1.0,27.9,10.0,12.6,10.3,16.0,ok
20260410,15,7,2.3,4.8,7.5,2.1,36.5,15.6,ok
20260410,15,8,1.2,6.2,11.1,9.0,10.4,9.8,ok
20260410,15,9,1.2,18.0,6.4,12.0,6.4,16.5,ok
20260410,15,10,2.2,2.3,3.9,6.4,34.2,85.6,ok
20260410,15,11,1.2,12.0,7.9,4.7,12.5,21.7,ok
20260410,15,12,1.2,6.4,6.0,16.2,12.8,21.2,ok
20260410,17,1,1.2,11.0,12.1,3.5,13.5,30.3,ok
20260410,17,2,3.2,1.9,5.0,5.8,13.4,14.4,ok
20260410,17,3,2.7,3.7,2.8,23.6,3.8,16.6,ok
20260410,17,4,3.1,1.7,9.5,5.3,8.7,22.8,ok
20260410,17,5,1.4,4.4,21.0,5.1,7.6,24.1,ok
20260410,17,6,4.3,6.5,2.3,3.8,4.3,23.0,ok
20260410,17,7,1.5,4.7,5.8,11.6,27.1,6.0,ok
20260410,17,8,2.1,1.9,16.5,7.3,18.9,8.8,ok
20260410,17,9,1.2,7.1,9.9,11.4,5.9,24.8,ok
20260410,17,10,1.8,8.4,3.0,9.8,4.4,88.8,ok
20260410,17,11,1.7,3.3,5.2,6.0,13.3,60.0,ok
20260410,17,12,1.1,6.4,10.6,11.0,27.9,15.1,ok
20260410,23,1,1.1,5.9,13.1,7.7,22.4,56.0,ok
20260410,23,2,1.4,10.1,2.4,19.5,15.1,68.2,ok
20260410,23,3,1.9,3.3,11.2,4.8,6.2,16.8,ok
20260410,23,4,5.0,2.2,2.3,10.7,7.0,36.6,ok
20260410,23,5,1.3,4.9,17.8,7.7,6.6,25.5,ok
20260410,23,6,5.7,2.4,5.5,12.0,72.3,2.1,ok
20260410,23,7,8.5,1.1,23.5,3.5,47.0,40.2,ok
20260410,23,8,3.1,2.9,1.8,17.0,17.0,68.2,ok
20260410,23,9,1.7,5.3,2.7,7.6,14.0,53.7,ok
20260410,23,10,5.8,3.2,3.1,3.5,5.2,15.4,ok
20260410,23,11,1.5,2.4,10.7,14.6,14.6,20.1,ok
20260410,23,12,1.4,8.3,9.2,3.3,,7.8,ok
20260410,24,1,1.7,3.5,5.3,6.2,53.2,8.8,ok
20260410,24,4,2.1,14.3,1.8,17.9,8.4,14.3,ok
20260410,24,5,1.9,7.3,2.5,4.2,36.9,29.5,ok
20260410,24,6,7.7,1.7,11.6,2.5,6.9,90.5,ok
20260410,24,7,2.7,6.0,1.5,14.5,19.6,39.3,ok
20260410,24,8,1.6,18.8,3.0,9.1,4.8,40.1,ok
20260410,24,9,2.0,1.7,6.8,20.2,15.0,135.0,ok
20260410,24,10,1.2,14.1,7.2,6.7,6.9,16.3,ok
20260410,24,11,1.0,13.2,11.1,19.6,9.8,17.5,ok
20260410,24,12,1.1,6.2,8.5,9.0,20.3,54.2,ok
20260411,04,1,4.2,10.6,6.7,1.5,7.9,14.1,ok
20260411,04,2,4.5,1.6,9.1,5.6,5.6,29.8,ok
20260411,04,3,1.7,8.5,5.9,7.1,4.4,8.5,ok
20260411,04,4,7.7,4.7,1.6,3.5,16.7,24.1,ok
20260411,04,5,1.2,13.8,9.2,5.5,7.2,27.7,ok
20260411,04,6,3.0,4.0,6.2,2.8,8.8,8.4,ok
20260411,04,7,1.9,4.8,6.3,14.4,9.2,3.6,ok
20260411,04,8,2.2,4.4,17.9,2.4,7.9,13.0,ok
20260411,04,9,1.9,8.7,5.0,5.7,3.9,13.5,ok
20260411,04,10,1.6,7.3,4.3,4.5,19.1,11.0,ok
20260411,04,11,1.2,5.7,6.5,9.1,22.9,12.8,ok
20260411,04,12,1.2,5.6,12.9,14.6,14.6,8.2,ok
20260411,06,1,1.8,7.7,3.3,17.3,7.5,5.7,ok
20260411,06,2,2.3,10.1,2.1,7.7,18.0,7.0,ok
20260411,06,3,3.8,1.3,6.4,64.1,8.0,85.5,ok
20260411,06,4,1.0,14.1,14.1,11.4,8.1,21.6,ok
20260411,06,5,3.0,2.6,2.9,10.3,6.0,34.5,ok
20260411,06,6,1.4,25.3,7.6,3.4,8.9,19.0,ok
20260411,06,7,1.2,9.9,6.0,6.0,18.2,54.7,ok
20260411,06,8,1.2,5.0,27.8,4.5,32.8,32.8,ok
20260411,06,9,1.5,21.8,2.6,4.6,32.8,87.5,ok
20260411,06,10,1.3,4.3,4.3,39.0,19.5,19.5,ok
20260411,06,11,1.0,8.5,25.6,17.9,11.2,44.8,ok
20260411,06,12,1.4,5.2,6.5,15.7,5.3,30.2,ok
20260411,07,1,1.2,7.1,8.9,5.9,8.9,71.2,ok
20260411,07,2,1.5,3.6,7.3,9.0,6.2,40.5,ok
20260411,07,4,1.8,3.9,10.2,5.6,4.1,76.8,ok
20260411,07,5,1.6,10.0,4.2,19.2,3.6,19.2,ok
20260411,07,6,2.0,4.8,5.0,19.4,58.3,2.6,ok
20260411,07,7,1.0,29.0,7.9,13.0,32.6,37.3,ok
20260411,07,8,2.5,8.8,1.7,11.7,8.8,14.8,ok
20260411,07,9,1.2,8.0,11.2,7.2,11.5,13.0,ok
20260411,07,10,1.2,5.7,7.0,13.8,11.6,19.4,ok
20260411,07,11,1.0,5.3,11.8,22.5,17.8,42.8,ok
20260411,07,12,1.2,5.4,7.4,7.5,19.3,26.8,ok
20260411,11,1,3.2,1.5,7.1,6.6,46.5,12.4,ok
20260411,11,2,8.2,1.5,2.7,6.6,55.0,55.0,ok
20260411,11,3,1.5,7.3,3.1,7.7,13.8,23.1,ok
20260411,11,4,7.1,4.5,1.9,5.8,6.1,8.5,ok
20260411,11,5,1.9,2.3,17.7,4.9,8.0,88.5,ok
20260411,11,6,1.2,9.9,23.4,19.9,3.2,19.9,ok
20260411,11,7,1.0,7.2,33.5,67.1,38.3,9.2,ok
20260411,11,8,2.3,3.8,22.2,1.8,33.3,133.5,ok
20260411,11,9,2.9,1.4,8.8,11.1,18.5,23.8,ok
20260411,11,10,1.0,8.5,13.4,15.9,17.0,28.3,ok
20260411,11,11,1.1,5.7,12.7,9.5,10.4,28.6,ok
20260411,11,12,1.2,4.6,9.6,11.4,14.0,33.2,ok
20260411,14,1,1.3,10.6,7.3,7.0,10.6,10.0,ok
20260411,14,2,1.8,3.5,4.6,4.4,24.5,57.2,ok
20260411,14,3,,1.1,3.6,22.4,14.6,9.3,ok
20260411,14,4,2.4,9.2,10.0,1.5,28.2,32.2,ok
20260411,14,5,1.5,3.1,5.1,9.0,21.0,31.5,ok
20260411,14,6,1.5,3.9,4.2,10.6,15.4,27.7,ok
20260411,14,7,1.3,3.7,8.2,24.6,6.9,34.5,ok
20260411,14,8,4.5,1.9,6.0,3.9,11.5,9.7,ok
20260411,14,9,2.2,11.0,2.6,4.0,12.8,9.6,ok
20260411,14,10,1.2,2.5,18.1,29.1,36.3,72.7,ok
20260411,14,11,2.2,3.1,5.1,4.7,6.9,41.5,ok
20260411,14,12,1.0,17.5,16.2,13.7,,31.3,ok
20260411,15,1,1.2,9.5,7.0,7.5,9.5,21.0,ok
20260411,15,2,1.1,8.2,17.5,7.7,10.7,23.3,ok
20260411,15,3,2.7,5.8,15.8,7.9,22.2,1.7,ok
20260411,15,4,2.7,3.0,3.3,4.5,8.5,128.2,ok
20260411,15,5,2.6,4.1,3.4,12.8,5.0,6.4,ok
20260411,15,6,1.3,11.5,5.5,4.9,28.3,14.1,ok
20260411,15,7,1.6,4.5,5.4,4.7,12.4,42.5,ok
20260411,15,9,1.9,3.3,2.9,9.9,15.4,56.5,ok
20260411,15,10,2.5,2.7,3.1,22.0,8.1,10.5,ok
20260411,15,11,1.2,5.9,11.6,11.1,7.4,19.9,ok
20260411,15,12,1.3,9.3,4.8,8.5,8.5,14.5,ok
20260411,17,1,1.1,16.1,5.2,11.4,16.1,21.5,ok
20260411,17,2,1.5,2.1,13.1,16.4,15.4,29.2,ok
20260411,17,3,3.9,2.0,3.5,5.5,9.1,82.0,ok
20260411,17,4,1.0,87.6,48.0,129.6,96.1,496.8,ok
20260411,17,5,1.7,6.7,7.2,2.8,14.1,26.9,ok
20260411,17,6,7.8,6.5,7.1,29.0,1.1,25.5,ok
20260411,17,7,1.3,11.4,3.0,29.1,10.9,43.7,ok
20260411,17,8,1.8,7.5,12.6,2.6,7.7,15.0,ok
20260411,17,9,1.4,7.8,10.9,9.5,43.8,3.4,ok
20260411,17,10,1.5,5.0,9.3,3.4,11.5,75.0,ok
20260411,17,11,1.6,5.8,4.3,9.0,7.3,14.6,ok
20260411,17,12,1.5,8.7,6.2,29.0,6.6,4.1,ok
20260411,22,1,2.1,4.7,2.6,12.9,11.0,9.1,ok
20260411,22,2,2.0,8.4,1.9,10.9,15.7,25.8,ok
20260411,22,3,1.2,8.1,6.3,4.3,28.6,80.2,ok
20260411,22,4,1.2,5.9,7.0,11.1,17.2,15.8,ok
20260411,22,5,1.3,7.9,4.8,8.9,6.7,151.5,ok
20260411,22,6,1.1,11.3,5.9,17.2,8.2,23.8,ok
20260411,22,7,1.0,7.7,21.8,11.4,10.9,15.0,ok
20260411,22,8,1.4,8.0,19.9,7.3,18.4,3.6,ok
20260411,22,9,1.3,5.0,5.5,16.3,12.2,12.2,ok
20260411,22,10,1.0,10.4,7.5,15.8,17.5,30.2,ok
20260411,22,11,1.6,3.6,5.5,10.1,6.2,29.6,ok
20260411,22,12,1.0,8.4,7.1,14.2,17.0,34.5,ok
20260411,23,1,1.6,6.9,11.4,2.5,14.9,43.0,ok
20260411,23,2,1.3,8.4,5.2,6.3,18.3,14.1,ok
20260411,23,3,1.3,6.7,3.5,38.9,31.6,11.5,ok
20260411,23,4,1.8,1.8,10.8,15.9,12.6,43.2,ok
20260411,23,5,1.0,14.0,5.1,12.1,40.0,28.0,ok
20260411,23,6,8.5,1.8,2.7,11.6,5.2,28.5,ok
20260411,23,7,6.5,2.0,11.7,2.4,11.1,8.9,ok
20260411,23,8,3.9,3.5,1.5,21.1,15.8,19.5,ok
20260411,23,9,2.0,4.0,7.4,3.3,8.3,25.7,ok
20260411,23,10,2.6,1.9,3.7,14.9,10.9,27.4,ok
20260411,23,11,1.1,21.4,12.8,6.5,5.9,21.4,ok
20260411,23,12,1.2,6.9,12.7,7.9,9.3,19.9,ok
20260411,24,2,1.1,7.1,7.1,12.6,27.5,13.7,ok
20260411,24,3,1.2,10.9,4.5,38.2,25.5,5.8,ok
20260411,24,4,1.3,22.5,30.0,9.0,2.7,22.5,ok
20260411,24,5,1.1,7.5,7.8,33.0,20.6,7.8,ok
20260411,24,7,1.2,4.2,7.1,27.7,16.3,23.1,ok
20260411,24,8,1.4,4.2,4.4,8.1,19.1,43.9,ok
20260411,24,9,1.2,3.7,11.5,10.6,24.6,17.8,ok
20260411,24,10,1.5,5.4,3.1,16.3,12.3,19.9,ok
20260411,24,11,1.2,3.7,9.9,25.8,10.5,23.2,ok
20260411,24,12,1.3,14.8,10.5,3.2,19.7,16.9,ok
20260412,01,1,1.5,4.4,3.9,11.3,18.7,15.5,ok
20260412,01,2,1.7,5.3,5.6,6.0,5.5,16.6,ok
20260412,01,3,2.0,5.1,3.1,11.2,7.5,10.5,ok
20260412,01,4,3.4,5.6,1.9,5.4,10.1,13.1,ok
20260412,01,5,1.6,5.3,6.4,10.3,5.7,9.0,ok
20260412,01,6,1.4,5.7,6.1,11.2,8.8,10.0,ok
20260412,01,7,1.5,3.5,6.8,10.8,11.4,11.7,ok
20260412,01,8,1.9,3.4,7.1,4.0,9.0,30.1,ok
20260412,01,9,1.4,4.0,8.2,11.8,7.4,24.8,ok
20260412,01,10,1.2,8.8,9.7,4.4,11.6,35.5,ok
20260412,01,11,1.3,8.0,3.7,7.6,24.5,25.5,ok
20260412,01,12,1.7,1.9,9.9,27.0,16.3,29.6,ok
20260412,04,1,1.5,7.0,7.3,6.0,6.3,11.6,ok
20260412,04,3,1.2,4.7,10.1,13.5,13.5,10.1,ok
20260412,04,4,4.6,4.1,4.3,10.0,2.3,7.7,ok
20260412,04,5,1.1,7.9,10.6,6.3,22.8,22.8,ok
20260412,04,6,2.6,2.9,21.8,8.7,2.6,13.1,ok
20260412,04,7,2.4,2.9,3.7,5.2,8.5,45.7,ok
20260412,04,8,1.5,5.1,5.4,3.5,55.5,74.0,ok
20260412,04,9,2.6,13.8,3.9,15.0,6.9,2.4,ok
20260412,04,10,1.9,3.1,8.0,18.8,3.8,15.0,ok
20260412,04,11,3.6,1.5,6.1,4.6,37.6,87.7,ok
20260412,04,12,1.4,5.6,6.2,4.9,10.1,81.2,ok
20260412,06,1,1.4,5.2,7.8,11.1,5.2,26.0,ok
20260412,06,2,1.0,41.0,36.1,903.0,301.0,225.7,ok
20260412,06,3,1.1,26.2,5.0,32.8,5.4,32.8,ok
20260412,06,4,1.1,18.7,4.3,18.7,16.8,14.0,ok
20260412,06,5,2.9,2.1,5.1,11.3,13.0,5.4,ok
20260412,06,6,3.7,10.7,2.4,4.2,39.5,3.2,ok
20260412,06,7,1.0,5.1,9.8,36.2,27.1,21.7,ok
20260412,06,8,1.7,15.4,18.0,1.8,13.5,108.0,ok
20260412,06,9,1.5,5.3,20.2,2.8,25.3,16.8,ok
20260412,06,10,1.7,12.7,2.0,9.2,40.2,24.1,ok
20260412,06,11,1.1,5.7,7.8,14.3,17.2,17.2,ok
20260412,06,12,1.1,9.7,16.2,15.4,6.8,14.6,ok
20260412,11,1,1.2,14.2,4.9,28.5,4.7,71.2,ok
20260412,11,3,1.9,7.3,2.8,5.8,21.9,7.9,ok
20260412,11,5,2.6,2.4,3.6,9.6,7.2,28.8,ok
20260412,11,6,1.3,3.9,3.4,54.0,216.0,72.0,ok
20260412,11,7,1.3,7.5,10.0,4.2,22.5,18.0,ok
20260412,11,8,1.4,6.9,7.4,6.5,9.8,7.9,ok
20260412,11,9,1.0,7.3,13.5,7.3,32.1,85.7,ok
20260412,11,10,1.0,12.9,28.1,5.6,28.1,42.1,ok
20260412,11,11,1.0,28.9,15.5,57.8,202.5,50.6,ok
20260412,11,12,1.2,4.9,6.8,32.1,13.7,10.7,ok
20260412,14,1,1.2,8.0,7.5,8.9,13.5,16.9,ok
20260412,14,2,2.3,5.4,4.0,7.6,10.0,4.0,ok
20260412,14,3,2.1,15.0,1.5,9.7,25.7,30.0,ok
20260412,14,4,1.8,9.8,5.6,6.2,3.6,14.1,ok
20260412,14,5,1.3,5.7,7.2,10.2,8.4,23.1,ok
20260412,14,6,2.5,19.6,1.5,13.7,9.1,17.1,ok
20260412,14,7,2.5,6.2,2.7,4.8,15.6,6.4,ok
20260412,14,8,3.1,8.4,4.7,9.6,16.3,1.9,ok
20260412,14,9,6.8,1.0,18.6,18.6,123.3,6.1,ok
20260412,14,10,3.0,2.6,3.4,5.7,23.0,8.1,ok
20260412,14,11,1.6,6.9,3.4,6.9,6.9,,ok
20260412,14,12,1.1,7.5,12.2,10.9,10.9,19.6,ok
20260412,15,1,1.3,9.2,8.3,4.3,16.6,20.8,ok
20260412,15,2,1.8,3.2,7.6,9.3,6.4,12.0,ok
20260412,15,3,2.6,3.7,2.7,5.5,8.6,30.3,ok
20260412,15,4,1.4,2.5,9.2,25.1,9.7,58.7,ok
20260412,15,5,1.4,2.6,18.0,10.8,15.4,14.4,ok
20260412,15,6,1.9,4.0,5.9,3.9,11.4,13.9,ok
20260412,15,7,2.2,12.2,27.9,6.3,1.9,9.7,ok
20260412,15,8,1.5,2.6,22.5,20.0,15.0,7.2,ok
20260412,15,9,1.4,15.7,2.1,12.7,47.1,42.8,ok
20260412,15,10,1.0,11.3,7.9,20.0,7.9,37.2,ok
20260412,15,11,1.0,11.0,19.6,29.1,43.0,226.1,ok
20260412,15,12,1.0,15.9,18.1,6.4,11.3,33.9,ok
20260412,16,1,1.5,7.9,12.5,2.3,87.7,21.9,ok
20260412,16,3,1.5,9.4,5.3,11.1,3.6,61.5,ok
20260412,16,4,1.2,7.3,4.8,6.8,46.1,61.5,ok
20260412,16,5,1.6,11.4,29.7,3.4,3.5,37.1,ok
20260412,16,6,2.6,5.7,2.2,3.5,20.8,104.2,ok
20260412,16,7,1.1,13.5,21.7,4.3,10.8,108.7,ok
20260412,16,8,1.0,32.0,20.3,14.9,5.6,18.6,ok
20260412,16,9,1.2,3.6,32.7,98.2,16.3,6.1,ok
20260412,16,10,1.7,10.1,10.1,6.0,3.1,12.1,ok
20260412,16,12,1.6,5.1,3.2,6.2,29.6,29.6,ok
20260412,17,1,1.3,4.2,6.4,7.7,12.8,57.7,ok
20260412,17,2,3.9,1.4,6.2,10.0,8.7,131.2,ok
20260412,17,4,1.0,6.0,38.5,57.7,11.0,57.7,ok
20260412,17,6,10.2,11.3,1.1,17.0,20.4,7.2,ok
20260412,17,7,1.0,33.9,22.6,36.5,25.0,237.7,ok
20260412,17,8,1.1,7.9,4.9,23.7,9.8,39.5,ok
20260412,17,9,1.2,5.8,19.5,9.7,9.7,11.7,ok
20260412,17,10,1.2,6.9,4.9,5.6,214.5,42.9,ok
20260412,17,11,1.3,4.3,16.3,20.4,5.1,27.2,ok
20260412,17,12,1.4,35.8,5.5,7.5,5.5,7.5,ok
20260412,22,1,1.0,10.2,17.6,30.4,25.2,22.6,ok
20260412,22,2,1.4,5.0,7.4,5.0,15.2,22.9,ok
20260412,22,3,1.4,6.5,4.7,10.4,17.3,7.2,ok
20260412,22,4,1.6,3.2,6.7,9.6,7.2,49.6,ok
20260412,22,5,1.5,7.3,3.0,15.6,9.3,15.6,ok
20260412,22,6,1.1,4.9,14.9,15.4,10.9,23.5,ok
20260412,22,7,1.3,3.2,8.8,10.6,22.5,29.0,ok
20260412,22,8,1.2,4.5,6.0,10.8,43.2,18.2,ok
20260412,22,9,1.4,4.7,3.7,11.9,15.1,28.7,ok
20260412,22,10,1.0,11.2,25.0,15.9,35.5,10.3,ok
20260412,22,11,1.2,5.9,7.0,7.0,17.8,43.1,ok
20260412,22,12,1.0,18.2,11.6,50.6,35.9,29.9,ok
20260412,23,1,1.0,11.4,15.4,18.1,20.2,35.0,ok
20260412,23,2,1.2,4.2,32.3,7.4,8.7,68.7,ok
20260412,23,3,2.0,21.0,1.6,9.9,25.9,16.0,ok
20260412,23,4,2.4,4.1,5.8,2.6,16.8,12.4,ok
20260412,23,5,1.1,11.3,7.3,15.2,31.9,6.3,ok
20260412,23,6,6.4,2.2,4.2,6.2,27.0,3.3,ok
20260412,23,7,1.6,13.6,10.7,12.7,4.7,3.4,ok
20260412,23,8,2.9,7.3,2.6,3.7,5.9,22.6,ok
20260412,23,9,2.6,18.1,2.2,3.2,13.6,16.7,ok
20260412,23,10,1.2,4.0,16.1,9.9,9.5,43.1,ok
20260412,23,11,1.1,8.6,8.2,11.3,13.0,16.9,ok
20260412,23,12,1.2,3.7,10.6,13.5,19.9,18.6,ok
20260412,24,1,1.3,7.5,3.2,15.0,12.5,37.5,ok
20260412,24,3,1.2,87.0,12.4,6.2,3.9,87.0,ok
20260412,24,4,1.1,10.7,6.0,19.9,139.5,7.3,ok
20260412,24,5,1.0,7.3,44.0,22.0,58.7,17.6,ok
20260412,24,6,2.1,1.8,12.1,17.5,6.2,31.1,ok
20260412,24,7,1.3,13.2,21.8,3.1,7.3,41.8,ok
20260412,24,8,2.3,7.9,2.2,9.0,19.1,6.0,ok
20260412,24,9,2.8,1.4,6.9,11.3,34.9,32.6,ok
20260412,24,10,1.2,5.5,14.3,5.5,17.5,38.7,ok
20260412,24,11,1.0,10.5,7.1,14.2,25.8,35.5,ok
20260412,24,12,1.3,22.8,77.5,50.5,1.9,72.7,ok
20260413,01,1,1.3,6.5,7.2,7.4,11.6,13.9,ok
20260413,01,2,2.1,4.2,6.6,3.6,14.6,7.5,ok
20260413,01,3,1.6,10.4,2.8,13.4,6.7,21.6,ok
20260413,01,4,1.9,7.0,5.2,5.0,16.6,4.3,ok
20260413,01,5,1.2,4.7,7.2,10.7,18.8,34.7,ok
20260413,01,6,2.0,9.7,10.1,3.5,7.4,4.6,ok
20260413,01,7,1.9,11.2,2.0,8.5,18.7,12.7,ok
20260413,01,8,1.7,8.4,5.0,5.4,5.9,12.1,ok
20260413,01,9,2.5,8.6,4.8,9.2,21.5,2.1,ok
20260413,01,10,1.4,6.9,9.1,3.2,18.0,28.8,ok
20260413,01,11,1.5,,2.9,16.5,4.8,12.0,ok
20260413,01,12,1.0,11.1,9.8,8.6,15.8,29.6,ok
20260413,03,1,1.3,5.3,8.1,6.7,12.3,29.4,ok
20260413,03,3,2.6,,1.4,8.2,11.5,14.4,ok
20260413,03,4,3.4,5.0,1.8,8.2,6.2,90.3,ok
20260413,03,5,2.7,2.2,18.5,2.9,13.8,18.5,ok
20260413,03,6,3.8,4.9,5.4,2.0,12.6,8.7,ok
20260413,03,7,,2.9,2.6,4.9,9.8,3.2,ok
20260413,03,8,1.6,8.9,2.4,26.7,10.0,16.0,ok
20260413,03,9,1.7,8.5,5.4,6.4,3.9,20.5,ok
20260413,03,10,1.4,9.3,6.0,4.9,7.6,84.0,ok
20260413,03,11,2.1,4.6,8.4,3.0,21.0,7.0,ok
20260413,03,12,1.3,4.9,8.7,11.1,9.4,13.6,ok
20260413,04,1,1.5,9.7,5.6,12.4,4.2,12.4,ok
20260413,04,2,4.1,5.4,1.2,42.6,23.3,65.1,ok
20260413,04,3,2.9,2.3,11.2,6.3,3.4,33.7,ok
20260413,04,4,2.1,5.3,2.3,23.3,10.7,8.7,ok
20260413,04,5,1.3,20.4,15.6,7.6,3.0,22.1,ok
20260413,04,6,2.9,5.7,1.7,6.4,13.3,80.2,ok
20260413,04,7,4.8,2.6,11.3,2.7,19.5,4.1,ok
20260413,04,8,1.5,6.9,4.9,3.8,17.2,34.5,ok
20260413,04,9,2.3,10.3,19.1,1.5,67.1,9.5,ok
20260413,04,10,2.4,6.1,4.4,2.4,12.9,21.5,ok
20260413,04,11,2.1,4.7,2.7,10.5,7.9,15.8,ok
20260413,04,12,2.6,4.1,14.2,8.2,2.2,14.2,ok
20260413,06,1,2.4,8.5,12.2,2.1,5.7,10.6,ok
20260413,06,2,3.3,3.5,1.7,23.7,7.9,35.6,ok
20260413,06,3,1.5,4.5,4.7,22.6,4.5,90.7,ok
20260413,06,4,1.0,13.5,16.8,15.0,6.7,45.0,ok
20260413,06,5,1.3,3.1,42.9,57.2,5.3,24.5,ok
20260413,06,6,1.4,18.0,3.6,81.0,3.6,54.0,ok
20260413,06,7,1.4,2.6,20.9,23.5,13.4,8.5,ok
20260413,06,8,2.8,6.5,8.5,2.1,5.9,13.4,ok
20260413,06,9,1.1,3.8,21.7,27.1,12.0,18.1,ok
20260413,06,10,1.4,3.0,6.9,13.1,19.7,19.7,ok
20260413,06,11,1.3,7.0,5.1,14.0,16.3,9.8,ok
20260413,06,12,1.1,5.9,15.8,23.7,23.7,8.6,ok
20260413,14,1,1.2,10.8,18.3,5.2,7.2,29.8,ok
20260413,14,2,1.6,4.2,8.4,6.0,4.9,50.7,ok
20260413,14,3,1.1,10.5,9.1,8.8,9.6,18.2,ok
20260413,14,4,1.7,2.6,6.6,6.0,14.1,211.5,ok
20260413,14,5,2.2,4.9,2.0,10.8,17.0,23.8,ok
20260413,14,6,2.1,16.7,4.7,2.6,4.9,45.9,ok
20260413,14,7,6.4,4.1,8.8,1.3,29.0,44.4,ok
20260413,14,9,2.4,9.6,5.1,5.8,2.9,8.7,ok
20260413,14,10,2.0,7.2,9.4,10.0,2.6,8.4,ok
20260413,14,11,2.7,6.0,2.5,3.1,17.0,34.0,ok
20260413,14,12,1.9,13.1,2.5,5.6,6.5,39.5,ok
20260413,15,1,1.6,3.4,21.4,5.9,5.6,21.4,ok
20260413,15,3,4.1,37.1,5.3,14.8,9.2,1.4,ok
20260413,15,4,1.5,2.7,25.5,51.0,5.3,11.3,ok
20260413,15,5,1.1,55.5,18.5,3.2,55.5,27.7,ok
20260413,15,6,1.0,10.9,15.0,10.2,16.8,9.2,ok
20260413,15,7,1.0,51.3,9.3,20.5,34.2,4.5,ok
20260413,15,8,1.4,3.7,6.7,8.8,9.4,35.4,ok
20260413,15,9,1.3,10.2,14.5,4.8,6.2,29.0,ok
20260413,15,10,1.6,3.8,6.4,4.4,15.9,30.4,ok
20260413,15,11,1.1,5.0,9.5,10.0,19.0,47.6,ok
20260413,15,12,1.3,8.1,5.8,6.0,15.3,20.1,ok
20260413,16,1,3.5,4.5,1.9,5.6,73.5,7.3,ok
20260413,16,2,1.0,20.5,26.3,5.7,61.5,184.5,ok
20260413,16,3,2.7,2.1,3.4,13.6,34.1,9.7,ok
20260413,16,4,2.1,2.1,7.8,5.9,23.6,13.5,ok
20260413,16,5,1.8,2.8,2.8,25.0,32.2,32.2,ok
20260413,16,7,2.0,13.5,4.8,2.4,9.6,22.5,ok
20260413,16,8,1.1,18.7,26.2,14.5,5.2,10.0,ok
20260413,16,9,1.3,4.3,4.0,20.8,13.9,62.6,ok
20260413,16,11,1.5,31.2,2.2,5.8,46.8,46.8,ok
20260413,16,12,1.5,13.1,20.1,2.0,38.3,38.3,ok
20260413,17,1,1.4,3.9,6.6,8.6,8.6,86.2,ok
20260413,17,2,4.9,3.9,1.2,54.1,20.8,135.3,ok
20260413,17,4,1.4,5.1,13.1,4.1,18.0,16.0,ok
20260413,17,5,1.5,4.2,4.2,16.8,7.5,67.5,ok
20260413,17,6,1.6,21.0,3.5,4.8,7.0,31.5,ok
20260413,17,8,1.4,6.0,16.5,16.5,3.1,33.0,ok
20260413,17,9,1.4,3.2,5.5,11.8,82.8,23.6,ok
20260413,17,10,4.9,1.5,3.4,49.5,7.6,49.5,ok
20260413,17,11,1.3,8.4,4.4,12.2,6.1,39.9,ok
20260413,17,12,1.5,15.5,12.7,2.4,8.2,140.2,ok
20260413,22,1,1.8,14.2,5.9,2.1,48.4,15.1,ok
20260413,22,2,2.1,4.3,3.7,10.6,5.3,11.3,ok
20260413,22,3,3.5,1.2,7.7,12.7,19.7,54.3,ok
20260413,22,4,1.2,6.9,11.1,5.0,9.7,41.6,ok
20260413,22,5,1.5,4.8,4.2,7.5,15.0,22.6,ok
20260413,22,6,1.4,17.6,9.4,2.7,12.9,61.6,ok
20260413,22,7,1.3,12.6,7.3,4.2,13.6,12.6,ok
20260413,22,8,1.0,10.9,11.0,6.8,18.5,23.6,ok
20260413,22,9,1.3,7.2,3.8,8.9,29.7,19.1,ok
20260413,22,10,1.5,5.9,7.1,6.3,16.2,5.5,ok
20260413,22,11,1.5,5.8,5.3,8.2,9.3,8.4,ok
20260413,22,12,1.2,10.0,7.8,6.9,10.2,25.1,ok
20260413,23,1,1.5,5.2,8.2,20.3,3.4,18.1,ok
20260413,23,2,1.3,3.1,6.7,10.8,31.3,50.1,ok
20260413,23,3,1.0,8.9,15.4,8.2,16.5,57.9,ok
20260413,23,4,1.8,5.0,4.3,30.2,3.9,12.9,ok
20260413,23,5,2.0,5.0,1.9,54.9,19.6,16.1,ok
20260413,23,6,1.5,28.6,3.1,7.7,13.2,6.6,ok
20260413,23,7,1.2,4.8,12.1,16.5,9.6,9.6,ok
20260413,23,8,4.3,1.3,18.4,4.2,30.0,34.2,ok
20260413,23,9,1.3,8.5,4.3,10.7,7.8,34.1,ok
20260413,23,10,1.7,3.5,3.7,7.3,17.5,43.8,ok
20260413,23,11,2.0,5.0,2.8,5.3,10.3,51.9,ok
20260413,23,12,1.3,5.8,5.5,8.9,15.0,19.6,ok
20260413,24,1,1.5,8.7,3.6,69.7,3.8,69.7,ok
20260413,24,2,1.0,7.6,39.7,33.1,24.8,66.2,ok
20260413,24,3,1.0,8.1,43.2,10.8,64.8,129.7,ok
20260413,24,4,2.0,2.0,11.6,13.2,14.3,7.4,ok
20260413,24,5,1.0,11.5,42.2,9.0,63.3,63.3,ok
20260413,24,6,1.0,15.1,45.3,4.7,75.5,113.2,ok
20260413,24,7,1.0,14.7,14.7,16.2,27.0,5.4,ok
20260413,24,8,1.6,9.9,8.3,3.3,6.1,31.8,ok
20260413,24,9,1.6,10.8,6.7,3.6,6.9,11.8,ok
20260413,24,10,1.5,4.3,8.6,7.0,8.0,18.6,ok
20260413,24,11,1.1,8.4,5.4,16.2,19.1,16.2,ok
20260413,24,12,1.0,14.1,13.9,6.7,13.6,24.8,ok
20260413,03,2,1.7,3.3,14.4,2.8,20.2,,part
20260413,14,8,1.7,4.2,7.5,4.8,5.4,,part
20260413,15,2,1.4,13.5,2.1,27.1,15.5,,part
20260413,16,6,3.7,1.2,31.5,4.7,31.5,,part
20260413,16,10,1.9,2.0,7.1,8.1,11.4,,part
20260413,17,3,1.5,3.0,4.5,13.5,18.9,,part
20260413,17,7,1.0,5.1,16.3,27.2,13.6,,part
20260414,01,1,1.5,3.9,7.9,4.9,13.0,47.7,ok
20260414,01,2,1.8,8.3,2.9,6.0,11.5,11.5,ok
20260414,01,3,1.3,3.5,7.9,10.3,11.5,92.7,ok
20260414,01,4,1.0,10.2,26.6,9.8,23.8,56.5,ok
20260414,01,5,1.4,14.1,6.6,9.2,4.4,12.7,ok
20260414,01,6,2.1,2.2,7.5,6.3,15.8,13.4,ok
20260414,01,7,1.2,14.0,3.7,18.5,11.6,21.1,ok
20260414,01,8,1.3,11.9,6.1,7.0,8.7,12.9,ok
20260414,01,9,1.5,4.7,17.6,6.0,4.8,18.3,ok
20260414,01,10,1.6,3.5,3.9,20.6,23.4,9.1,ok
20260414,01,11,1.3,7.0,4.3,13.7,9.8,15.6,ok
20260414,01,12,1.1,6.9,7.6,8.3,18.3,44.8,ok
20260414,02,1,3.8,2.7,6.8,5.0,3.3,15.7,ok
20260414,02,2,1.8,3.4,9.5,3.6,12.7,25.5,ok
20260414,02,3,1.6,9.0,3.0,16.7,7.3,9.0,ok
20260414,02,4,3.2,13.6,2.3,3.5,6.8,9.9,ok
20260414,02,5,3.0,10.0,11.3,1.4,15.1,18.1,ok
20260414,02,6,2.7,3.0,13.3,3.3,7.0,7.5,ok
20260414,02,7,1.0,8.9,13.4,7.6,21.4,35.7,ok
20260414,02,8,2.2,3.0,2.4,12.6,33.7,25.3,ok
20260414,02,9,2.1,4.4,4.9,3.2,17.4,14.2,ok
20260414,02,10,1.7,5.7,3.1,7.5,12.5,25.0,ok
20260414,02,11,1.3,9.0,6.6,11.0,6.1,19.8,ok
20260414,02,12,1.2,6.9,6.0,7.3,20.7,25.8,ok
20260414,03,1,2.5,3.1,3.4,5.1,7.7,123.7,ok
20260414,03,2,3.8,5.3,3.4,4.6,3.2,13.8,ok
20260414,03,3,2.1,3.9,2.3,19.5,9.7,39.0,ok
20260414,03,4,2.3,3.2,101.2,1.9,50.6,20.2,ok
20260414,03,5,1.6,14.4,4.1,6.4,4.1,28.8,ok
20260414,03,7,3.1,4.9,3.4,2.1,19.7,59.2,ok
20260414,03,8,2.7,1.6,5.0,30.0,10.0,60.0,ok
20260414,03,9,2.5,6.1,4.4,13.3,8.9,2.7,ok
20260414,03,10,2.2,22.1,1.7,29.5,11.0,6.3,ok
20260414,03,11,2.2,1.7,5.6,13.7,16.0,48.0,ok
20260414,03,12,1.4,7.6,11.0,3.9,9.0,12.4,ok
20260414,04,1,1.3,19.5,4.8,4.5,19.5,15.6,ok
20260414,04,2,3.2,2.6,3.5,13.4,5.9,8.2,ok
20260414,04,3,1.6,10.1,5.2,4.5,14.2,7.5,ok
20260414,04,4,3.7,9.0,2.4,5.5,3.2,21.2,ok
20260414,04,5,1.5,7.8,2.4,11.1,57.7,36.0,ok
20260414,04,6,1.5,7.0,3.6,16.9,5.2,21.1,ok
20260414,04,7,1.0,14.7,18.0,40.6,32.5,4.7,ok
20260414,04,8,3.5,6.1,8.0,2.5,5.8,5.2,ok
20260414,04,9,2.3,6.9,8.1,1.8,17.7,17.7,ok
20260414,04,10,2.3,2.8,7.1,4.6,22.5,6.5,ok
20260414,04,11,1.3,4.9,7.9,18.9,37.9,5.4,ok
20260414,04,12,1.5,8.4,3.5,13.3,5.7,16.1,ok
20260414,06,1,2.6,2.0,7.4,11.4,9.6,6.6,ok
20260414,06,2,4.3,14.2,1.4,9.5,8.1,9.5,ok
20260414,06,3,1.2,5.6,10.2,51.0,5.6,25.5,ok
20260414,06,4,1.0,16.3,34.9,10.1,16.3,81.5,ok
20260414,06,6,1.2,9.7,97.5,24.3,4.2,8.8,ok
20260414,06,7,1.5,4.5,4.5,19.1,6.9,38.2,ok
20260414,06,8,1.2,5.7,14.0,7.4,14.0,14.0,ok
20260414,06,9,1.1,7.8,27.3,6.8,21.9,9.1,ok
20260414,06,10,1.1,16.7,10.0,5.5,8.3,50.2,ok
20260414,06,11,1.2,3.3,15.5,15.5,11.6,23.2,ok
20260414,06,12,1.4,5.6,4.6,10.8,9.1,29.7,ok
20260414,10,1,1.1,8.5,8.2,9.9,9.4,21.0,ok
20260414,10,2,1.0,13.4,18.3,15.5,11.2,40.3,ok
20260414,10,3,1.8,8.2,2.4,13.5,11.5,9.5,ok
20260414,10,4,1.5,14.1,5.3,11.0,3.8,14.1,ok
20260414,10,5,5.1,2.5,2.6,7.8,19.8,5.2,ok
20260414,10,6,2.6,2.3,5.9,8.3,6.4,10.4,ok
20260414,10,7,2.7,10.1,4.2,2.7,4.2,24.6,ok
20260414,10,8,2.0,3.9,5.9,4.5,10.5,8.6,ok
20260414,10,9,1.7,3.4,5.9,6.2,12.5,16.7,ok
20260414,10,10,3.9,3.3,8.6,1.9,11.1,19.5,ok
20260414,10,11,1.5,2.8,7.1,6.3,40.2,60.3,ok
20260414,10,12,1.4,7.3,5.3,6.7,11.0,17.1,ok
20260414,14,1,1.0,8.0,9.4,18.3,15.2,27.4,ok
20260414,14,2,2.1,4.0,6.0,8.0,4.0,11.2,ok
20260414,14,3,1.7,5.5,9.9,7.0,3.2,37.1,ok
20260414,14,4,1.3,9.1,4.0,11.2,12.4,15.8,ok
20260414,14,5,9.3,8.5,1.0,13.3,13.3,37.4,ok
20260414,14,6,5.5,1.2,4.7,16.5,10.7,182.2,ok
20260414,14,7,1.1,9.9,6.6,6.3,12.6,139.5,ok
20260414,14,8,1.1,9.0,5.4,7.2,108.0,108.0,ok
20260414,14,9,1.6,9.2,5.5,4.2,55.5,5.0,ok
20260414,14,10,3.7,3.9,9.5,8.6,2.1,8.6,ok
20260414,14,11,1.0,10.5,9.4,23.6,23.6,18.9,ok
20260414,14,12,1.3,4.7,5.5,9.9,24.7,14.1,ok
20260414,15,2,3.4,4.0,5.2,4.5,5.6,4.8,ok
20260414,15,3,3.1,1.9,4.8,27.2,27.2,4.3,ok
20260414,15,5,1.1,6.6,8.0,13.3,26.7,16.0,ok
20260414,15,6,1.6,4.8,12.5,7.9,175.5,3.2,ok
20260414,15,7,1.1,27.5,14.3,8.1,23.8,4.5,ok
20260414,15,8,1.2,4.4,11.8,8.0,17.7,88.8,ok
20260414,15,9,1.2,10.6,5.8,7.5,12.2,46.6,ok
20260414,15,10,1.2,3.5,8.4,16.4,23.0,49.2,ok
20260414,15,11,1.2,7.8,4.6,13.0,15.0,39.1,ok
20260414,15,12,1.2,7.3,4.6,11.7,22.3,31.2,ok
20260414,16,1,1.7,6.1,2.5,13.3,14.5,15.9,ok
20260414,16,3,1.7,12.1,4.8,2.7,13.9,32.5,ok
20260414,16,4,4.7,2.1,27.4,8.5,2.3,12.4,ok
20260414,16,5,3.5,4.7,2.3,2.5,100.5,50.2,ok
20260414,16,6,1.5,4.6,7.5,4.6,9.3,37.5,ok
20260414,16,7,2.5,3.6,3.3,6.1,4.9,98.2,ok
20260414,16,8,1.9,4.0,4.0,9.0,5.4,27.0,ok
20260414,16,9,4.1,6.3,2.5,5.4,5.8,5.4,ok
20260414,16,10,1.0,7.6,12.3,20.5,61.5,30.7,ok
20260414,16,11,1.0,4.8,29.2,39.0,117.0,39.0,ok
20260414,16,12,1.0,39.7,5.6,9.9,119.2,29.8,ok
20260414,17,1,1.4,29.4,5.0,11.4,5.4,7.6,ok
20260414,17,2,1.2,7.6,4.1,30.7,153.7,8.0,ok
20260414,17,3,1.2,7.1,14.2,5.4,26.4,8.0,ok
20260414,17,4,1.1,6.4,7.9,20.7,10.9,103.8,ok
20260414,17,5,1.4,8.4,4.4,10.1,14.4,7.7,ok
20260414,17,6,1.2,7.7,6.5,8.8,7.2,123.7,ok
20260414,17,7,1.6,3.7,6.2,12.5,8.3,10.7,ok
20260414,17,9,1.2,4.9,5.7,12.9,25.8,34.5,ok
20260414,17,10,1.0,6.7,12.1,9.7,39.0,27.8,ok
20260414,17,11,1.0,8.7,7.3,16.8,36.5,54.7,ok
20260414,17,12,1.0,17.4,22.3,17.4,17.4,12.0,ok
20260414,20,1,1.2,6.1,5.7,10.6,12.3,37.1,ok
20260414,20,3,3.3,4.4,2.4,5.9,5.9,17.7,ok
20260414,20,4,3.5,1.6,5.2,8.6,8.6,26.0,ok
20260414,20,5,1.0,20.9,80.1,19.2,120.1,160.2,ok
20260414,20,6,2.0,2.2,4.9,10.2,37.7,12.5,ok
20260414,20,7,1.0,28.6,25.5,28.6,8.1,38.2,ok
20260414,20,8,1.0,3.8,21.3,18.3,32.0,32.0,ok
20260414,20,9,1.1,9.6,5.4,17.4,14.5,17.4,ok
20260414,20,10,1.0,11.3,10.4,10.4,17.4,18.6,ok
20260414,20,11,1.4,4.4,4.9,16.8,9.9,21.0,ok
20260414,20,12,1.1,8.2,7.7,10.7,14.8,12.2,ok
20260414,22,1,1.1,5.0,8.3,34.3,11.4,16.1,ok
20260414,22,2,1.5,3.0,10.3,5.3,19.3,22.0,ok
20260414,22,3,1.5,4.0,8.2,20.7,5.1,16.5,ok
20260414,22,4,2.0,1.7,22.8,16.6,5.7,91.5,ok
20260414,22,5,1.0,18.9,6.7,8.3,47.3,31.5,ok
20260414,22,6,1.0,22.7,15.8,15.3,12.7,74.7,ok
20260414,22,7,1.6,4.1,3.9,9.6,10.5,28.8,ok
20260414,22,8,1.1,4.6,34.0,5.1,61.3,27.8,ok
20260414,22,9,1.3,6.8,5.3,7.4,7.9,82.2,ok
20260414,22,10,1.0,8.1,5.9,31.9,16.7,117.0,ok
20260414,22,11,1.0,5.8,11.6,13.5,16.2,54.2,ok
20260414,22,12,1.2,5.1,11.8,10.7,10.4,15.2,ok
20260414,03,6,1.5,2.5,23.2,7.7,9.3,,part
20260414,06,5,1.0,3.8,,32.0,12.8,,part
20260414,15,1,4.3,9.4,1.1,9.4,25.1,,part
20260414,15,4,1.1,9.0,5.1,9.0,,16.3,part
20260414,16,2,6.3,1.1,5.5,9.1,82.5,,part
20260414,17,8,1.3,,2.7,6.5,19.5,,part
20260414,20,2,1.6,6.0,2.5,6.0,48.7,,part
20260415,01,1,3.4,3.7,2.5,9.1,5.2,12.0,ok
20260415,01,2,1.4,14.4,4.4,4.7,16.5,17.8,ok
20260415,01,3,1.9,5.9,8.6,5.5,4.1,9.1,ok
20260415,01,4,2.5,12.2,4.0,1.9,22.5,22.5,ok
20260415,01,5,1.3,9.6,5.2,6.2,12.8,15.2,ok
20260415,01,6,1.8,3.3,6.1,6.2,10.6,13.1,ok
20260415,01,7,1.1,8.4,14.2,13.8,5.7,36.6,ok
20260415,01,8,1.4,3.3,13.3,8.6,11.2,17.0,ok
20260415,01,9,1.3,5.3,4.4,8.6,15.1,35.2,ok
20260415,01,10,1.3,8.3,9.8,9.4,13.4,5.8,ok
20260415,01,11,1.7,3.8,3.3,35.0,6.5,44.4,ok
20260415,01,12,1.3,4.3,8.7,8.8,15.1,17.2,ok
20260415,02,1,1.9,6.8,9.5,2.7,9.0,12.2,ok
20260415,02,2,4.9,2.6,4.0,7.4,16.9,3.2,ok
20260415,02,3,2.2,6.0,3.0,6.7,9.1,7.4,ok
20260415,02,4,3.9,3.8,2.7,7.9,3.6,18.1,ok
20260415,02,5,1.7,10.2,5.6,2.5,17.8,26.8,ok
20260415,02,6,3.8,3.2,4.2,2.4,9.9,44.6,ok
20260415,02,7,1.2,10.5,10.5,7.9,13.5,8.2,ok
20260415,02,8,3.9,2.2,3.2,8.5,8.5,10.3,ok
20260415,02,9,3.8,2.9,3.3,10.1,4.4,8.9,ok
20260415,02,10,2.8,2.4,3.6,8.9,6.1,32.7,ok
20260415,02,12,1.1,8.4,10.6,10.6,10.1,40.7,ok
20260415,03,1,1.6,3.2,6.1,16.8,6.1,22.5,ok
20260415,03,2,3.7,1.7,3.8,7.2,15.4,24.7,ok
20260415,03,3,4.1,2.6,2.7,7.3,4.8,58.5,ok
20260415,03,4,4.5,1.5,5.4,8.4,63.0,7.4,ok
20260415,03,5,2.1,1.7,6.4,22.6,22.6,22.6,ok
20260415,03,7,2.0,10.1,15.2,3.1,2.9,30.5,ok
20260415,03,8,1.7,4.5,8.4,2.7,67.5,33.7,ok
20260415,03,9,2.2,4.5,4.6,11.2,2.9,56.2,ok
20260415,03,10,1.1,5.6,11.3,102.0,7.8,25.5,ok
20260415,03,11,1.4,59.6,5.1,7.9,4.1,17.0,ok
20260415,03,12,1.3,6.7,2.7,15.3,107.2,53.6,ok
20260415,09,1,1.0,6.3,11.1,12.2,24.4,53.7,ok
20260415,09,2,5.8,1.2,15.7,4.3,25.1,62.8,ok
20260415,09,3,2.2,3.4,5.2,10.2,87.3,3.3,ok
20260415,09,4,2.0,3.5,4.1,113.2,4.5,10.2,ok
20260415,09,5,1.2,8.0,4.7,13.5,15.1,36.8,ok
20260415,09,6,2.1,2.8,3.2,5.8,48.0,64.0,ok
20260415,09,7,1.6,14.4,2.3,9.6,41.2,12.0,ok
20260415,09,8,2.5,26.7,1.4,6.8,21.0,49.1,ok
20260415,09,9,1.8,13.0,2.3,5.2,16.7,33.5,ok
20260415,09,10,1.4,9.4,3.5,6.7,27.4,11.1,ok
20260415,09,11,1.3,6.5,4.4,12.6,20.2,14.4,ok
20260415,09,12,1.1,7.4,6.7,16.0,16.7,43.4,ok
20260415,10,1,1.1,9.6,9.3,7.9,10.0,30.0,ok
20260415,10,2,1.1,4.8,22.7,14.1,25.5,10.2,ok
20260415,10,3,1.4,8.8,2.9,11.9,11.9,34.4,ok
20260415,10,4,2.1,9.2,31.1,2.8,3.3,14.6,ok
20260415,10,5,1.4,5.1,16.6,8.3,7.7,7.2,ok
20260415,10,6,2.6,3.9,4.5,5.9,6.9,5.7,ok
20260415,10,7,6.3,5.3,4.9,11.1,33.3,1.5,ok
20260415,10,8,3.0,4.3,2.7,3.8,9.4,20.7,ok
20260415,10,9,2.4,3.5,4.7,11.2,6.6,5.0,ok
20260415,10,10,2.3,2.4,3.7,18.8,14.1,8.5,ok
20260415,10,11,2.2,3.5,4.8,3.7,9.6,32.2,ok
20260415,10,12,2.2,10.2,1.5,36.0,37.7,10.5,ok
20260415,14,1,1.3,16.3,8.6,3.4,14.7,21.0,ok
20260415,14,2,2.5,3.1,4.1,17.4,4.8,8.7,ok
20260415,14,3,2.5,5.0,4.2,20.0,25.3,2.4,ok
20260415,14,4,2.0,3.7,4.0,6.6,9.2,12.0,ok
20260415,14,5,2.6,7.6,14.5,1.8,14.5,6.1,ok
20260415,14,6,2.7,5.4,2.7,10.8,5.7,6.5,ok
20260415,14,7,4.5,4.5,5.3,7.5,2.4,6.1,ok
20260415,14,8,3.4,3.9,5.4,2.8,6.5,10.1,ok
20260415,14,9,1.7,5.4,4.9,4.5,12.6,14.2,ok
20260415,14,10,1.5,3.4,5.2,11.3,47.8,10.4,ok
20260415,14,11,1.4,3.3,9.0,10.5,8.0,38.2,ok
20260415,14,12,1.3,4.6,5.7,8.6,20.1,30.1,ok
20260415,15,1,1.6,4.0,7.8,5.6,6.3,51.0,ok
20260415,15,2,4.4,5.5,3.0,2.0,14.7,29.5,ok
20260415,15,3,2.3,2.6,5.3,17.2,3.8,31.0,ok
20260415,15,4,1.4,20.6,4.1,4.7,14.7,17.1,ok
20260415,15,5,2.2,2.5,6.1,8.2,6.9,17.2,ok
20260415,15,6,1.7,5.0,2.6,12.1,12.1,39.3,ok
20260415,15,7,1.1,9.0,10.5,21.0,6.7,23.6,ok
20260415,15,8,1.2,6.4,16.8,4.9,15.3,28.1,ok
20260415,15,9,1.4,6.9,3.6,9.6,19.7,18.9,ok
20260415,15,10,1.3,6.3,8.4,7.7,7.3,26.9,ok
20260415,15,11,1.2,3.2,8.0,25.1,26.5,34.0,ok
20260415,15,12,1.1,7.4,15.6,11.3,13.7,12.3,ok
20260415,16,1,2.2,4.8,5.7,5.7,4.4,9.6,ok
20260415,16,2,1.5,11.1,6.1,2.7,23.7,47.4,ok
20260415,16,3,5.7,1.4,7.1,4.9,42.8,10.2,ok
20260415,16,4,2.2,7.8,6.3,3.1,3.7,63.0,ok
20260415,16,5,2.7,2.1,6.2,3.5,41.6,35.6,ok
20260415,16,6,1.0,7.3,42.6,28.4,12.1,127.8,ok
20260415,16,8,3.7,1.3,7.4,21.0,25.2,10.5,ok
20260415,16,9,1.0,16.1,21.0,17.5,10.5,30.0,ok
20260415,16,10,1.6,6.2,3.6,14.8,96.7,4.3,ok
20260415,16,11,1.3,5.2,6.1,9.1,12.2,18.3,ok
20260415,16,12,1.0,9.1,6.0,109.5,9.1,109.5,ok
20260415,17,1,1.1,10.6,26.6,9.6,5.9,15.2,ok
20260415,17,2,1.0,5.1,16.7,19.1,134.2,16.7,ok
20260415,17,3,1.0,84.8,7.9,29.9,63.6,101.8,ok
20260415,17,4,1.5,8.3,2.7,9.5,9.5,66.7,ok
20260415,17,5,1.3,43.0,2.4,14.3,18.4,32.2,ok
20260415,17,7,2.2,3.2,6.1,3.0,18.5,27.7,ok
20260415,17,8,1.3,5.6,12.4,5.0,12.4,15.1,ok
20260415,17,9,1.8,18.6,3.0,5.3,7.4,12.4,ok
20260415,17,10,1.6,2.6,9.2,11.3,10.7,20.4,ok
20260415,17,11,1.1,3.2,19.6,11.8,88.5,177.0,ok
20260415,17,12,1.1,6.0,10.0,10.0,15.0,20.1,ok
20260415,20,1,1.0,8.1,12.9,14.7,220.5,13.7,ok
20260415,20,2,1.7,6.1,3.9,39.7,4.6,8.8,ok
20260415,20,3,7.0,3.6,6.2,35.2,105.7,1.3,ok
20260415,20,4,1.6,4.1,6.3,8.2,10.3,10.3,ok
20260415,20,5,1.0,13.5,14.2,5.9,10.7,128.6,ok
20260415,20,6,2.0,5.3,2.0,13.1,28.1,15.1,ok
20260415,20,7,1.2,9.4,8.6,8.6,7.3,14.7,ok
20260415,20,8,1.6,6.3,2.2,25.4,14.7,25.4,ok
20260415,20,9,1.7,14.6,2.7,6.2,6.5,32.9,ok
20260415,20,10,1.7,2.3,12.6,7.0,18.7,19.5,ok
20260415,20,11,1.1,5.1,9.4,19.4,14.7,33.5,ok
20260415,20,12,1.2,7.8,4.0,9.4,24.7,34.2,ok
20260415,22,1,1.5,9.7,5.1,4.2,9.0,27.0,ok
20260415,22,2,1.4,4.9,4.9,14.5,7.2,18.4,ok
20260415,22,3,1.4,8.1,8.3,3.7,22.5,9.7,ok
20260415,22,4,2.1,7.8,6.4,2.2,17.4,13.5,ok
20260415,22,5,1.5,9.3,5.1,8.7,13.1,5.6,ok
20260415,22,6,1.4,5.8,5.0,7.6,25.6,8.8,ok
20260415,22,7,1.0,13.3,8.7,18.0,25.2,14.8,ok
20260415,22,8,1.3,5.2,5.9,8.6,25.0,13.2,ok
20260415,22,9,1.0,9.7,9.7,8.4,17.4,30.4,ok
20260415,22,10,1.1,5.4,6.0,10.4,27.9,47.8,ok
20260415,22,11,1.2,6.7,5.2,7.2,22.2,38.9,ok
20260415,22,12,1.2,4.9,6.0,20.6,10.1,27.9,ok
20260415,02,11,2.3,7.4,1.5,7.4,,63.0,part
20260415,03,6,1.1,4.8,13.9,5.4,,,part
20260415,16,7,1.3,4.2,4.5,14.6,12.5,,part
20260415,17,6,1.0,27.0,5.4,8.3,,36.0,part
20260416,01,1,3.6,2.2,4.1,5.8,8.5,12.4,ok
20260416,01,2,1.6,3.3,6.7,9.7,17.8,7.6,ok
20260416,01,3,1.2,11.6,14.5,9.6,4.4,19.3,ok
20260416,01,4,1.6,8.5,14.3,9.0,2.8,12.2,ok
20260416,01,5,1.2,11.2,12.1,4.6,10.8,17.9,ok
20260416,01,6,1.2,10.3,10.3,4.3,11.7,22.5,ok
20260416,01,7,1.4,6.6,3.8,15.5,23.2,8.6,ok
20260416,01,8,1.3,10.9,3.2,8.3,37.6,37.6,ok
20260416,01,9,1.1,8.3,9.1,7.4,14.5,49.4,ok
20260416,01,10,1.4,2.8,13.2,8.4,14.7,49.6,ok
20260416,01,11,1.3,7.8,5.7,13.6,7.0,10.7,ok
20260416,01,12,1.5,6.1,4.2,8.2,13.8,9.4,ok
20260416,02,1,2.2,4.8,5.0,,2.8,7.4,ok
20260416,02,2,3.9,3.7,5.8,5.8,5.8,3.2,ok
20260416,02,3,5.8,1.2,9.9,6.5,21.1,16.9,ok
20260416,02,4,3.9,6.9,1.8,5.1,19.6,6.9,ok
20260416,02,5,5.2,8.5,4.0,1.9,4.9,20.2,ok
20260416,02,6,3.2,3.8,4.7,15.7,3.3,5.1,ok
20260416,02,7,1.4,5.9,5.9,13.3,6.6,17.7,ok
20260416,02,8,4.6,2.4,3.9,4.7,4.3,90.7,ok
20260416,02,9,1.5,7.7,9.4,4.2,4.9,42.3,ok
20260416,02,10,2.9,3.7,1.8,8.2,20.6,41.2,ok
20260416,02,11,1.4,8.7,12.4,3.9,6.2,43.5,ok
20260416,02,12,1.3,14.1,7.2,5.7,6.5,14.8,ok
20260416,03,1,3.6,8.8,4.1,2.2,4.8,23.1,ok
20260416,03,2,2.1,5.4,2.0,62.2,20.7,7.7,ok
20260416,03,3,6.7,1.1,7.5,5.8,58.8,117.7,ok
20260416,03,4,2.5,1.3,8.8,23.5,35.2,35.2,ok
20260416,03,5,3.6,4.2,1.8,4.6,34.0,25.5,ok
20260416,03,6,2.2,2.2,4.6,7.5,27.7,16.6,ok
20260416,03,7,2.4,2.9,2.6,27.5,9.1,15.7,ok
20260416,03,8,3.5,8.7,4.5,2.3,3.8,32.0,ok
20260416,03,9,1.2,10.2,4.8,6.8,34.0,20.4,ok
20260416,03,10,1.2,11.9,4.3,7.9,14.3,143.2,ok
20260416,03,11,1.2,14.7,4.9,9.1,36.7,10.5,ok
20260416,03,12,1.2,5.0,10.6,7.6,13.3,15.2,ok
20260416,08,1,1.4,7.0,6.5,9.8,7.3,8.5,ok
20260416,08,2,1.7,3.2,8.8,7.7,8.3,9.5,ok
20260416,08,3,2.4,7.2,6.3,7.2,3.0,6.3,ok
20260416,08,5,1.6,4.9,8.2,4.8,9.7,8.9,ok
20260416,08,6,1.3,3.0,18.0,10.5,15.7,31.5,ok
20260416,08,7,2.5,2.7,8.7,10.8,3.1,21.7,ok
20260416,08,8,1.7,10.7,2.4,25.0,75.0,4.6,ok
20260416,08,9,4.4,2.4,2.7,3.6,26.5,79.5,ok
20260416,08,10,1.0,22.7,12.2,6.6,17.6,39.7,ok
20260416,08,11,1.0,20.1,10.6,9.6,33.6,22.4,ok
20260416,08,12,1.0,10.3,24.2,6.6,18.1,29.1,ok
20260416,09,1,1.5,10.6,3.9,4.3,9.9,37.3,ok
20260416,09,2,2.1,1.6,17.8,11.8,10.9,71.2,ok
20260416,09,3,7.4,1.8,3.4,6.4,28.6,5.4,ok
20260416,09,4,4.1,3.5,3.0,6.0,35.0,3.5,ok
20260416,09,5,1.6,4.9,4.9,8.3,7.6,14.4,ok
20260416,09,7,2.7,2.7,30.9,35.3,2.0,18.3,ok
20260416,09,8,5.1,1.0,19.5,130.5,13.0,11.1,ok
20260416,09,9,2.8,3.7,2.5,17.7,4.0,75.3,ok
20260416,09,10,1.1,10.7,10.3,6.3,31.0,16.4,ok
20260416,09,11,1.0,14.6,19.5,11.1,23.4,23.4,ok
20260416,09,12,1.3,8.4,4.1,9.2,13.2,17.9,ok
20260416,10,1,1.6,3.0,5.6,10.1,17.7,14.1,ok
20260416,10,2,1.3,5.7,6.5,8.6,13.6,12.7,ok
20260416,10,3,2.0,4.3,2.4,14.9,10.6,21.3,ok
20260416,10,4,1.3,7.1,6.7,28.1,7.4,7.6,ok
20260416,10,5,2.5,8.5,7.5,2.9,17.1,3.4,ok
20260416,10,6,2.9,4.5,2.0,6.9,10.0,32.8,ok
20260416,10,7,3.6,2.7,9.3,5.6,2.8,21.0,ok
20260416,12,1,1.6,4.3,6.4,16.1,6.4,8.0,ok
20260416,12,2,3.1,6.4,8.6,9.9,1.7,16.5,ok
20260416,12,3,1.1,7.4,96.7,7.1,24.1,8.4,ok
20260416,12,4,1.7,2.9,6.8,17.0,27.3,6.2,ok
20260416,12,5,1.4,3.7,8.7,11.7,15.3,9.1,ok
20260416,12,6,1.3,3.3,16.2,13.4,10.3,22.0,ok
20260416,12,7,3.0,20.1,4.6,18.2,1.4,67.0,ok
20260416,12,8,1.5,10.0,13.3,2.3,16.2,28.9,ok
20260416,12,9,1.3,5.7,8.2,7.1,14.9,13.2,ok
20260416,12,10,1.1,5.4,18.1,11.0,13.3,16.9,ok
20260416,12,11,1.3,4.8,7.0,9.5,24.3,9.3,ok
20260416,12,12,1.3,7.3,4.9,11.7,9.2,24.8,ok
20260416,14,1,2.0,7.0,5.0,5.7,5.3,6.6,ok
20260416,14,2,4.1,2.9,3.4,2.8,13.8,28.7,ok
20260416,14,3,1.4,8.0,5.7,5.4,10.9,13.4,ok
20260416,14,4,1.1,12.6,9.1,8.6,6.5,27.3,ok
20260416,14,5,4.6,2.2,3.1,5.0,21.7,9.3,ok
20260416,14,6,1.4,12.6,3.2,21.1,6.3,25.3,ok
20260416,14,7,1.2,13.2,7.6,18.2,16.2,5.2,ok
20260416,14,8,1.3,18.5,2.9,13.8,11.1,55.5,ok
20260416,14,9,9.2,3.8,5.5,10.2,18.4,1.5,ok
20260416,14,10,2.5,8.0,1.6,6.2,34.3,68.6,ok
20260416,14,11,1.1,3.0,14.9,20.0,51.0,58.2,ok
20260416,14,12,1.5,5.0,3.3,11.4,15.0,47.7,ok
20260416,16,1,1.7,5.5,4.7,8.0,5.5,18.3,ok
20260416,16,2,1.8,17.3,4.0,5.3,3.4,69.3,ok
20260416,16,3,1.8,11.8,5.7,6.4,5.3,5.3,ok
20260416,16,4,6.6,3.2,1.5,7.8,46.8,13.0,ok
20260416,16,5,1.6,13.5,4.7,9.4,6.1,5.3,ok
20260416,16,6,1.1,9.4,13.2,3.6,56.4,56.4,ok
20260416,16,7,1.4,3.8,5.1,12.4,15.5,20.7,ok
20260416,16,8,1.2,6.6,10.5,6.1,9.1,24.5,ok
20260416,16,9,1.1,7.5,13.7,5.8,18.9,15.1,ok
20260416,16,10,1.4,5.2,5.7,6.0,9.8,41.1,ok
20260416,16,11,1.5,5.3,4.2,6.2,18.6,22.3,ok
20260416,16,12,1.0,17.1,8.5,10.1,17.1,37.2,ok
20260416,20,1,1.4,3.9,15.9,3.3,63.7,63.7,ok
20260416,20,3,3.7,3.2,3.9,4.2,45.0,4.0,ok
20260416,20,4,2.9,3.1,2.6,75.7,5.8,9.4,ok
20260416,20,5,1.4,5.1,16.4,3.0,13.8,131.6,ok
20260416,20,6,2.3,1.8,13.5,5.5,15.2,15.2,ok
20260416,20,7,2.2,16.0,1.7,13.7,24.0,7.4,ok
20260416,20,8,1.3,7.2,4.0,10.7,17.8,32.1,ok
20260416,20,9,1.5,9.2,16.1,15.0,4.7,3.9,ok
20260416,20,10,1.5,2.3,7.2,12.1,32.7,81.7,ok
20260416,20,11,1.4,11.8,3.3,9.3,16.2,9.6,ok
20260416,20,12,1.2,8.5,5.6,7.9,29.0,12.4,ok
20260416,21,1,2.1,4.6,4.1,4.2,11.2,11.2,ok
20260416,21,2,1.7,31.5,15.7,1.9,7.5,26.2,ok
20260416,21,3,2.2,17.8,2.5,13.7,3.2,22.3,ok
20260416,21,4,1.0,5.2,13.1,26.3,11.3,52.7,ok
20260416,21,5,1.3,7.1,9.5,5.7,12.1,8.5,ok
20260416,21,6,2.5,5.1,17.1,25.6,8.5,1.9,ok
20260416,21,8,2.2,11.8,1.7,15.2,9.6,17.7,ok
20260416,21,9,1.4,21.7,16.3,2.1,21.7,26.1,ok
20260416,21,10,1.2,71.2,3.3,8.9,23.7,11.8,ok
20260416,21,12,1.0,10.7,17.5,15.5,10.7,35.0,ok
20260416,22,1,1.1,9.8,7.2,15.6,7.6,31.2,ok
20260416,22,2,1.3,5.0,8.1,8.2,14.1,11.4,ok
20260416,22,3,1.3,7.8,8.6,12.0,4.7,18.4,ok
20260416,22,4,1.3,6.4,4.9,26.4,6.4,30.2,ok
20260416,22,5,1.2,13.0,20.4,2.7,22.7,38.3,ok
20260416,22,6,1.1,5.6,14.9,6.8,22.4,67.2,ok
20260416,22,7,1.0,7.2,26.6,10.2,24.9,199.8,ok
20260416,22,8,1.4,7.5,8.6,5.9,12.3,8.1,ok
20260416,22,9,1.4,5.8,6.5,8.2,5.1,41.0,ok
20260416,22,10,1.0,9.8,7.7,14.8,37.1,74.2,ok
20260416,22,11,1.0,6.5,12.0,16.9,14.2,41.7,ok
20260416,22,12,1.1,6.4,6.8,11.2,12.5,40.7,ok
20260416,08,4,1.4,5.0,11.4,,5.7,5.7,part
20260416,09,6,1.0,12.0,19.2,4.3,,32.0,part
20260416,20,2,1.5,2.1,19.5,9.7,19.5,,part
20260416,21,7,1.3,8.3,9.1,3.9,10.1,,part
20260416,21,11,1.0,12.0,7.7,18.1,108.7,,part
20260417,01,1,1.1,13.2,11.7,5.4,16.3,21.2,ok
20260417,01,2,1.3,5.4,5.8,9.7,15.6,22.3,ok
20260417,01,3,1.9,7.8,2.7,6.1,7.4,32.0,ok
20260417,01,4,1.1,25.9,7.9,6.2,11.1,15.9,ok
20260417,01,5,1.3,7.5,10.0,3.9,14.4,20.7,ok
20260417,01,6,2.6,2.0,28.9,19.9,2.8,37.9,ok
20260417,01,7,1.6,18.2,3.0,15.1,10.1,5.4,ok
20260417,01,8,1.0,14.5,10.0,12.4,20.9,22.7,ok
20260417,01,9,1.3,6.1,8.9,8.9,6.8,20.8,ok
20260417,01,10,1.3,4.5,4.8,11.5,13.4,38.9,ok
20260417,01,11,1.2,7.8,8.5,6.7,13.9,22.5,ok
20260417,01,12,1.5,8.1,10.7,4.0,6.3,17.1,ok
20260417,02,1,3.8,3.1,3.3,3.2,12.0,12.0,ok
20260417,02,2,2.7,2.6,4.7,3.9,9.1,39.5,ok
20260417,02,3,2.2,3.2,2.9,13.8,11.1,13.8,ok
20260417,02,4,2.1,3.9,5.1,3.3,10.3,46.6,ok
20260417,02,5,1.5,79.5,9.9,2.0,26.5,39.7,ok
20260417,02,6,3.5,3.3,2.7,4.6,6.5,58.5,ok
20260417,02,7,1.0,16.3,10.4,10.4,14.3,19.1,ok
20260417,02,8,1.7,2.1,5.3,48.0,32.0,19.2,ok
20260417,02,10,2.6,8.2,27.5,41.2,1.4,10.3,ok
20260417,02,11,3.0,1.3,10.3,25.7,9.3,34.3,ok
20260417,02,12,1.4,3.3,7.2,12.6,13.4,22.4,ok
20260417,03,1,1.3,10.5,5.7,6.3,7.8,63.0,ok
20260417,03,2,2.9,6.7,15.8,20.3,23.7,1.4,ok
20260417,03,4,2.0,14.2,5.3,17.1,7.7,2.5,ok
20260417,03,5,2.3,13.8,18.5,1.9,4.6,27.7,ok
20260417,03,6,1.4,5.9,3.1,33.5,20.1,14.3,ok
20260417,03,7,1.6,20.6,2.5,4.1,27.5,82.5,ok
20260417,03,8,1.5,2.0,9.3,51.3,14.6,102.7,ok
20260417,03,9,1.5,3.9,7.3,8.7,17.5,8.7,ok
20260417,03,10,1.0,36.0,7.2,12.0,9.0,36.0,ok
20260417,03,11,1.1,8.8,6.2,13.2,9.6,26.4,ok
20260417,03,12,1.3,3.3,11.0,12.3,12.3,41.8,ok
20260417,08,1,1.3,9.2,5.7,5.5,19.8,11.5,ok
20260417,08,2,4.1,3.0,1.7,11.0,22.0,16.5,ok
20260417,08,3,2.1,6.1,4.6,5.5,11.1,4.6,ok
20260417,08,4,2.1,2.4,2.9,44.2,14.7,29.5,ok
20260417,08,5,1.4,13.7,7.3,55.1,2.6,36.7,ok
20260417,08,6,1.3,7.8,3.9,19.0,28.6,8.1,ok
20260417,08,7,1.9,3.2,7.9,10.8,10.2,5.1,ok
20260417,08,8,1.8,7.3,6.1,6.1,6.1,6.1,ok
20260417,08,10,1.0,40.5,5.0,20.2,40.5,40.5,ok
20260417,08,11,1.6,25.3,2.9,7.0,31.6,6.3,ok
20260417,08,12,1.1,16.8,11.2,3.7,67.5,22.5,ok
20260417,09,1,1.2,4.4,4.6,44.1,16.9,31.5,ok
20260417,09,2,2.8,2.3,24.5,9.0,3.1,11.8,ok
20260417,09,3,2.7,6.8,1.9,4.2,16.5,198.0,ok
20260417,09,4,3.3,4.2,3.5,2.2,19.0,29.1,ok
20260417,09,5,1.3,11.9,2.7,20.9,21.8,33.4,ok
20260417,09,6,3.0,4.0,3.1,3.8,13.0,9.0,ok
20260417,09,7,2.7,1.7,7.3,15.5,65.1,5.9,ok
20260417,09,8,1.0,85.5,12.2,5.4,85.5,8.8,ok
20260417,09,9,1.3,4.0,5.4,15.8,11.4,47.5,ok
20260417,09,10,1.6,22.5,2.3,10.1,6.7,101.2,ok
20260417,09,11,1.4,4.0,17.0,3.8,15.0,85.2,ok
20260417,09,12,1.5,13.6,2.5,45.1,5.3,64.4,ok
20260417,10,1,1.5,7.6,3.0,14.8,10.3,11.8,ok
20260417,10,2,1.2,8.1,6.9,9.9,12.5,14.4,ok
20260417,10,3,1.0,84.3,9.3,16.8,14.0,7.0,ok
20260417,10,4,1.6,10.0,5.3,11.8,3.3,15.3,ok
20260417,10,5,2.0,5.8,5.0,5.0,5.8,9.6,ok
20260417,10,6,2.8,7.3,4.3,4.5,2.7,36.7,ok
20260417,10,7,3.5,57.0,1.5,3.1,28.5,19.0,ok
20260417,10,8,4.1,2.9,6.7,2.3,12.4,10.2,ok
20260417,10,9,3.5,2.2,6.2,4.6,106.5,4.4,ok
20260417,10,10,1.8,4.9,7.1,3.9,10.2,9.5,ok
20260417,10,11,1.4,5.0,7.5,4.9,15.0,17.1,ok
20260417,10,12,1.5,20.2,3.4,4.2,8.5,55.6,ok
20260417,12,2,1.1,4.9,28.2,21.1,12.1,12.1,ok
20260417,12,3,1.7,2.0,8.5,24.2,16.1,18.1,ok
20260417,12,4,1.3,26.8,5.9,7.9,4.2,26.8,ok
20260417,12,5,1.3,10.3,18.3,26.1,3.5,8.2,ok
20260417,12,6,1.7,2.0,6.5,16.1,58.0,29.0,ok
20260417,12,7,1.6,13.6,2.2,10.6,12.9,23.3,ok
20260417,12,8,2.3,5.8,5.4,2.6,5.8,77.5,ok
20260417,12,9,2.5,1.7,5.5,12.1,23.2,15.3,ok
20260417,12,10,2.1,4.5,21.8,30.0,3.1,4.1,ok
20260417,12,11,1.1,12.8,13.8,9.7,33.3,4.7,ok
20260417,12,12,1.1,25.8,22.4,9.5,16.6,4.7,ok
20260417,13,1,1.8,17.4,2.0,5.1,28.4,56.8,ok
20260417,13,2,2.0,4.8,5.8,2.1,239.2,59.8,ok
20260417,13,3,4.7,1.5,6.6,3.8,33.0,22.0,ok
20260417,13,4,2.3,1.5,16.9,20.0,7.8,44.1,ok
20260417,13,5,4.5,2.0,11.8,14.4,100.8,2.1,ok
20260417,13,6,1.7,9.5,11.2,1.7,63.8,191.6,ok
20260417,13,7,1.1,13.4,53.6,13.4,4.4,15.3,ok
20260417,13,8,1.0,38.2,12.7,8.5,76.5,10.9,ok
20260417,13,9,1.0,32.0,6.8,24.0,32.0,96.0,ok
20260417,13,11,1.1,15.0,9.0,5.0,22.6,27.1,ok
20260417,13,12,1.3,11.5,3.8,9.2,19.3,12.1,ok
20260417,16,1,1.1,7.1,6.0,7.8,52.2,156.7,ok
20260417,16,2,1.1,7.3,9.2,7.3,19.2,26.5,ok
20260417,16,3,1.2,22.7,5.9,12.4,6.5,17.0,ok
20260417,16,4,1.0,38.1,107.4,118.2,168.8,147.7,ok
20260417,16,5,1.0,75.0,15.0,11.5,37.5,75.0,ok
20260417,16,7,1.1,4.9,14.2,13.3,12.4,18.1,ok
20260417,16,8,1.2,5.0,7.0,6.5,105.0,35.0,ok
20260417,16,9,1.1,11.9,7.3,7.3,10.5,47.6,ok
20260417,16,10,1.6,4.0,4.5,19.9,6.1,19.9,ok
20260417,16,11,1.1,6.6,10.7,12.6,13.2,18.6,ok
20260417,16,12,1.2,10.5,5.6,6.7,18.3,21.1,ok
20260417,20,3,3.3,1.9,3.1,8.8,26.6,26.6,ok
20260417,20,5,1.2,4.9,16.1,5.0,13.5,56.5,ok
20260417,20,6,1.0,6.2,11.0,15.3,28.5,39.9,ok
20260417,20,7,1.6,18.5,1.9,25.2,11.3,44.1,ok
20260417,20,8,1.2,5.8,4.5,17.4,49.8,29.0,ok
20260417,20,9,1.0,5.7,24.2,21.5,16.8,129.2,ok
20260417,20,10,1.2,4.3,21.4,9.8,7.6,19.6,ok
20260417,20,11,1.1,4.0,19.4,9.9,38.9,19.4,ok
20260417,20,12,1.5,6.4,3.7,4.5,38.1,35.4,ok
20260417,21,1,1.0,13.5,12.5,8.7,35.1,10.3,ok
20260417,21,2,2.2,10.6,23.4,1.8,6.8,13.0,ok
20260417,21,3,2.0,16.0,1.6,27.4,8.7,96.0,ok
20260417,21,4,1.0,5.2,42.0,14.0,13.1,21.0,ok
20260417,21,5,1.0,93.2,34.9,19.9,31.0,11.1,ok
20260417,21,6,1.9,3.2,7.6,3.1,30.7,23.0,ok
20260417,21,7,2.2,5.2,2.3,5.2,17.2,40.2,ok
20260417,21,8,6.9,3.1,5.9,4.2,8.0,2.9,ok
20260417,21,9,2.0,31.8,2.4,15.9,18.2,3.5,ok
20260417,21,10,1.9,1.8,8.3,19.5,16.7,23.4,ok
20260417,21,11,1.1,16.3,6.0,12.8,36.8,10.1,ok
20260417,21,12,1.1,20.9,6.7,13.9,6.1,104.6,ok
20260417,23,1,1.1,7.3,15.1,6.1,21.9,14.0,ok
20260417,23,2,1.1,8.0,20.6,9.3,8.0,26.5,ok
20260417,23,3,1.6,21.1,5.2,21.1,2.8,10.5,ok
20260417,23,4,1.2,12.3,3.4,13.8,11.8,66.4,ok
20260417,23,5,1.0,17.3,13.6,15.8,9.5,23.8,ok
20260417,23,6,1.2,3.9,7.2,12.2,31.9,53.2,ok
20260417,23,7,1.6,5.2,3.1,7.3,22.0,22.0,ok
20260417,23,8,1.9,2.0,4.6,13.8,48.3,32.2,ok
20260417,23,9,1.8,22.8,2.0,6.5,22.8,18.3,ok
20260417,23,10,1.6,2.7,8.4,9.8,9.8,19.6,ok
20260417,23,11,1.1,7.6,19.1,7.6,12.7,19.1,ok
20260417,23,12,1.1,7.2,10.6,12.0,25.8,8.2,ok
20260417,02,9,2.7,13.0,1.8,3.3,18.3,,part
20260417,03,3,1.2,2.4,20.7,20.7,31.1,,part
20260417,08,9,1.0,8.6,34.5,8.6,11.5,,part
20260417,12,1,1.1,24.7,2.9,24.7,21.2,,part
20260417,13,10,1.1,7.0,8.0,9.7,12.6,,part
20260417,16,6,1.0,11.6,13.6,9.0,,6.8,part
20260417,20,1,1.8,3.9,3.1,4.6,79.5,,part
20260417,20,2,3.2,4.4,14.1,2.0,4.1,,part
20260417,20,4,2.8,7.3,2.6,5.2,,3.5,part
20260501,01,1,2.8,18.8,4.7,3.3,2.4,75.3,ok
20260501,01,2,2.8,2.8,5.8,2.3,30.9,123.7,ok
20260501,01,3,4.1,2.9,2.2,10.4,8.1,11.7,ok
20260501,01,4,1.6,14.1,2.2,6.4,35.2,35.2,ok
20260501,01,5,4.8,1.2,5.3,13.6,50.0,30.0,ok
20260501,01,6,1.3,7.2,6.4,10.1,8.4,12.3,ok
20260501,01,7,1.8,7.5,2.8,10.3,9.3,10.3,ok
20260501,01,8,1.7,10.5,29.0,6.8,2.1,21.7,ok
20260501,01,9,1.6,2.6,13.6,14.3,6.8,13.6,ok
20260501,01,10,1.6,3.1,17.8,10.8,10.0,5.5,ok
20260501,01,11,1.6,3.3,6.6,12.0,9.1,16.0,ok
20260501,01,12,2.5,3.8,5.4,10.9,21.8,2.7,ok
20260501,02,1,7.8,5.8,1.8,23.5,3.3,7.0,ok
20260501,02,2,2.1,46.8,4.0,3.3,5.8,8.3,ok
20260501,02,3,5.8,1.8,3.9,6.3,36.7,5.2,ok
20260501,02,4,4.1,1.5,11.0,5.5,8.1,24.3,ok
20260501,02,5,2.7,18.4,12.3,1.4,7.0,73.8,ok
20260501,02,6,8.6,2.6,3.6,11.4,10.6,2.5,ok
20260501,02,7,1.6,13.6,7.7,2.7,8.0,22.2,ok
20260501,02,8,3.6,2.8,3.6,13.3,6.6,4.6,ok
20260501,02,9,1.4,11.9,2.7,12.8,23.8,12.8,ok
20260501,02,10,1.8,12.2,3.8,6.1,7.9,6.1,ok
20260501,02,11,1.3,11.8,3.4,9.2,13.8,20.8,ok
20260501,02,12,1.3,5.8,10.3,10.9,5.5,19.0,ok
20260501,03,1,2.3,2.9,6.5,3.9,11.7,14.6,ok
20260501,03,2,3.0,13.5,6.7,1.6,6.1,67.5,ok
20260501,03,3,1.7,16.6,16.6,30.0,4.0,2.6,ok
20260501,03,4,8.7,1.3,26.7,2.5,50.1,133.7,ok
20260501,03,6,4.5,2.7,2.8,3.4,18.5,14.8,ok
20260501,03,7,3.0,1.7,7.0,6.6,24.7,9.9,ok
20260501,03,9,3.3,7.6,1.7,8.5,4.7,115.1,ok
20260501,03,10,1.6,2.3,10.9,11.7,9.7,37.7,ok
20260501,03,11,1.5,11.6,2.4,8.6,16.7,29.8,ok
20260501,03,12,2.0,5.9,5.6,11.0,2.8,17.1,ok
20260501,05,1,1.9,4.6,7.3,3.9,14.6,6.8,ok
20260501,05,2,3.0,2.0,3.4,6.9,15.3,38.2,ok
20260501,05,3,3.5,30.9,2.1,7.5,2.9,13.7,ok
20260501,05,4,2.4,7.9,1.9,20.1,4.4,73.7,ok
20260501,05,6,2.7,5.4,4.7,10.5,3.1,6.2,ok
20260501,05,7,1.0,22.0,11.6,10.5,7.1,220.5,ok
20260501,05,8,1.6,6.9,8.6,10.4,2.9,20.8,ok
20260501,05,9,1.1,16.8,8.4,8.4,13.5,16.8,ok
20260501,05,10,1.3,2.0,22.0,24.1,101.5,84.6,ok
20260501,05,11,1.0,14.8,34.3,6.2,37.1,49.5,ok
20260501,05,12,1.3,6.1,5.6,4.7,35.6,71.2,ok
20260501,07,1,2.5,15.6,2.1,14.3,4.2,11.5,ok
20260501,07,2,2.9,2.7,7.4,10.1,6.9,3.9,ok
20260501,07,3,2.8,7.8,5.0,7.1,16.6,2.2,ok
20260501,07,4,3.1,1.6,9.1,6.2,9.1,31.0,ok
20260501,07,5,7.3,6.6,1.5,66.0,44.0,2.6,ok
20260501,07,6,2.2,3.1,12.5,2.5,16.6,37.5,ok
20260501,07,7,1.2,27.8,3.5,8.1,17.7,39.0,ok
20260501,07,8,1.5,2.0,24.7,43.3,9.9,24.7,ok
20260501,07,9,1.6,4.8,36.3,3.0,7.2,29.1,ok
20260501,07,10,1.1,52.5,7.5,16.1,4.7,16.1,ok
20260501,07,11,1.3,6.5,5.6,8.7,12.3,23.4,ok
20260501,07,12,1.3,20.6,11.3,2.8,12.6,36.6,ok
20260501,09,1,1.0,8.5,30.0,24.0,20.0,20.0,ok
20260501,09,2,2.6,3.6,13.7,1.9,17.6,24.7,ok
20260501,09,3,2.4,1.7,5.6,54.0,10.8,15.4,ok
20260501,09,4,2.7,2.2,16.7,2.7,16.7,29.2,ok
20260501,09,5,1.0,70.5,6.4,11.7,7.8,35.2,ok
20260501,09,6,10.8,15.6,6.6,1.7,2.3,104.5,ok
20260501,11,1,2.9,7.1,1.7,5.0,17.7,59.2,ok
20260501,11,2,2.5,7.2,4.4,7.8,3.4,6.3,ok
20260501,11,3,1.9,4.2,20.0,3.5,4.2,60.0,ok
20260501,11,4,2.9,12.2,17.7,53.2,1.2,159.7,ok
20260501,11,5,1.4,1.9,12.2,147.3,36.8,29.4,ok
20260501,11,6,2.9,4.9,9.5,1.5,31.1,31.1,ok
20260501,11,7,1.2,4.2,6.4,15.4,19.3,38.6,ok
20260501,11,8,2.4,1.5,8.1,16.3,13.6,40.8,ok
20260501,11,9,1.9,2.9,5.6,15.0,5.8,15.0,ok
20260501,14,1,4.0,1.8,2.9,7.1,27.4,43.1,ok
20260501,14,2,1.2,6.3,11.1,25.3,6.9,9.3,ok
20260501,14,3,3.4,9.3,1.4,6.2,18.3,40.6,ok
20260501,14,4,1.3,5.7,7.1,6.5,13.6,35.5,ok
20260501,14,5,1.0,32.3,10.7,24.2,48.5,9.0,ok
20260501,14,6,1.6,11.1,4.0,4.5,5.9,53.5,ok
20260501,14,7,4.1,2.8,1.9,9.5,49.5,10.1,ok
20260501,14,8,1.7,6.3,4.7,5.0,6.3,23.1,ok
20260501,14,9,2.3,2.7,10.8,9.0,3.6,16.8,ok
20260501,14,10,3.0,14.5,3.6,1.7,22.7,18.1,ok
20260501,14,11,1.8,6.3,3.6,5.9,8.1,13.4,ok
20260501,14,12,1.3,3.6,5.9,12.2,24.5,18.9,ok
20260501,17,1,1.3,15.3,3.6,25.5,5.8,25.5,ok
20260501,17,2,1.2,7.1,13.3,5.0,8.1,35.5,ok
20260501,17,3,2.7,2.2,2.3,18.1,36.3,36.3,ok
20260501,17,4,4.9,2.0,1.8,25.2,16.8,252.7,ok
20260501,17,5,1.9,2.3,7.7,10.6,6.6,69.3,ok
20260501,17,6,7.6,1.2,2.9,55.3,27.6,77.5,ok
20260501,17,7,1.4,7.2,5.1,4.0,27.1,21.7,ok
20260501,17,8,1.7,7.5,17.6,2.2,23.5,12.4,ok
20260501,17,9,3.6,1.2,11.8,18.5,11.1,27.7,ok
20260501,17,10,2.1,9.1,5.8,27.5,1.8,82.5,ok
20260501,17,11,1.8,1.7,7.1,24.6,28.7,30.4,ok
20260501,17,12,1.4,,6.0,4.6,5.2,15.8,ok
20260501,18,1,1.1,8.5,14.8,7.1,11.9,44.6,ok
20260501,18,2,1.3,6.9,9.2,19.8,34.6,3.7,ok
20260501,18,3,1.0,22.5,11.2,11.2,12.5,112.5,ok
20260501,18,4,1.5,3.9,8.4,16.1,4.4,30.0,ok
20260501,18,5,1.1,10.2,9.0,20.4,6.2,81.7,ok
20260501,18,6,2.1,4.5,1.7,22.9,114.7,28.6,ok
20260501,18,7,1.7,4.8,4.1,5.8,16.5,11.7,ok
20260501,18,8,2.7,11.7,2.3,12.9,43.0,2.8,ok
20260501,18,9,1.5,7.7,6.2,3.9,26.2,10.0,ok
20260501,18,10,1.0,7.7,19.1,9.8,81.1,8.5,ok
20260501,18,11,1.0,8.9,11.1,13.1,11.8,92.0,ok
20260501,18,12,1.0,10.6,21.3,15.2,15.2,9.6,ok
20260501,19,1,1.6,6.1,11.5,20.8,20.8,2.6,ok
20260501,19,2,1.4,11.6,4.6,7.7,5.8,23.2,ok
20260501,19,3,3.2,1.8,5.2,6.1,39.3,8.8,ok
20260501,19,4,1.5,3.8,6.1,10.2,12.3,10.2,ok
20260501,19,5,1.8,2.1,8.8,11.7,12.4,17.6,ok
20260501,19,6,2.9,8.1,2.8,2.3,17.7,26.6,ok
20260501,19,7,1.2,37.2,5.0,4.2,18.6,55.8,ok
20260501,19,9,1.3,8.8,9.3,4.1,11.0,35.4,ok
20260501,19,10,1.3,6.2,3.4,12.5,47.0,23.5,ok
20260501,19,11,1.5,2.2,13.2,11.8,15.1,60.7,ok
20260501,19,12,1.5,7.4,4.5,6.3,8.6,15.7,ok
20260501,20,1,1.8,4.9,8.6,6.9,4.3,11.5,ok
20260501,20,2,1.2,19.5,24.3,3.4,12.1,12.1,ok
20260501,20,3,3.0,8.9,3.0,33.9,2.0,18.8,ok
20260501,20,4,2.6,1.7,10.6,8.6,6.0,46.2,ok
20260501,20,5,1.1,10.5,15.7,4.5,14.0,25.2,ok
20260501,20,6,2.7,27.8,1.4,16.7,27.8,6.9,ok
20260501,20,7,6.2,42.3,1.0,37.3,45.3,57.7,ok
20260501,20,8,1.4,4.3,4.8,18.8,7.5,30.1,ok
20260501,20,9,1.8,6.7,9.4,2.8,7.9,19.6,ok
20260501,20,10,1.2,5.0,11.3,5.8,13.6,42.6,ok
20260501,20,11,2.0,3.8,7.4,7.8,3.0,141.7,ok
20260501,20,12,1.5,13.0,6.8,4.4,11.6,6.1,ok
20260501,22,1,2.0,3.8,3.8,19.3,38.6,3.8,ok
20260501,22,2,2.4,3.9,4.4,3.3,8.5,27.7,ok
20260501,22,4,4.1,3.8,6.5,3.0,3.8,11.7,ok
20260501,22,8,1.8,2.6,4.7,5.9,36.9,147.7,ok
20260501,22,9,1.2,5.4,5.0,6.6,62.2,93.3,ok
20260501,22,10,1.7,2.6,4.6,9.9,34.8,34.8,ok
20260501,22,11,1.1,6.0,7.1,28.7,12.5,40.2,ok
20260501,22,12,1.3,5.2,5.1,15.0,13.8,11.2,ok
20260501,23,1,1.0,7.4,9.2,16.5,24.7,18.5,ok
20260501,23,2,1.6,1.6,22.5,30.1,36.1,45.1,ok
20260501,23,3,1.0,19.6,34.9,5.6,34.9,157.1,ok
20260501,23,4,2.4,2.3,9.2,36.8,2.9,36.8,ok
20260501,23,5,2.9,5.6,1.7,6.5,33.6,14.4,ok
20260501,23,6,1.7,14.4,8.8,1.9,19.8,53.0,ok
20260501,23,7,5.5,27.2,22.9,1.5,4.6,4.5,ok
20260501,23,8,5.4,11.0,24.7,1.1,60.1,10.3,ok
20260501,23,9,2.1,5.4,3.1,4.2,8.7,114.0,ok
20260501,23,10,4.0,13.6,14.6,2.1,2.8,7.5,ok
20260501,23,11,9.0,18.1,81.8,44.6,1.0,81.8,ok
20260501,23,12,1.0,14.0,15.4,4.4,29.1,39.9,ok
20260501,24,1,2.1,6.6,4.0,2.9,8.5,120.0,ok
20260501,24,2,1.7,6.6,3.5,17.7,16.9,4.5,ok
20260501,24,3,1.5,5.6,8.4,26.0,13.0,3.4,ok
20260501,24,4,2.2,3.9,2.6,6.6,59.7,9.9,ok
20260501,24,5,1.4,3.7,7.8,6.8,11.3,29.1,ok
20260501,24,6,2.0,4.9,9.0,3.6,8.1,7.9,ok
20260501,24,7,1.8,14.5,11.4,17.3,20.3,1.9,ok
20260501,24,8,2.1,15.6,5.5,8.7,2.3,11.3,ok
20260501,24,9,1.5,3.2,10.5,8.6,9.7,17.5,ok
20260501,24,10,1.4,4.2,6.0,6.3,21.2,58.9,ok
20260501,24,11,1.2,9.9,9.5,8.7,4.6,35.9,ok
20260501,24,12,1.6,2.7,7.1,11.7,12.8,22.9,ok
20260501,03,5,3.0,2.3,3.7,16.6,3.8,,part
20260501,03,8,1.5,5.2,6.5,3.5,17.5,,part
20260501,05,5,2.2,8.0,8.0,8.6,1.8,,part
20260501,09,7,3.4,3.9,3.4,10.8,2.4,,part
20260501,19,8,1.3,12.8,14.9,2.4,35.8,,part
20260501,22,3,1.1,5.2,7.7,6.6,48.1,,part
20260501,22,5,3.0,1.5,10.0,4.7,,30.2,part
20260501,22,6,1.5,5.2,6.5,5.4,5.9,,part
20260501,22,7,1.5,7.2,2.3,25.5,17.0,,part
20260502,01,1,2.4,11.5,2.7,4.1,46.1,4.3,ok
20260502,01,2,1.9,6.5,4.3,4.7,26.2,5.2,ok
20260502,01,3,6.7,3.0,2.9,2.3,18.0,27.0,ok
20260502,01,4,4.0,1.4,6.6,18.3,165.0,5.5,ok
20260502,01,5,6.1,4.0,3.0,8.8,64.3,2.1,ok
20260502,01,6,1.2,4.8,10.0,13.0,14.5,14.5,ok
20260502,01,7,2.6,5.5,3.2,4.5,10.0,6.2,ok
20260502,01,8,2.0,4.9,12.2,10.3,2.2,54.0,ok
20260502,01,9,2.5,2.1,7.1,30.4,7.3,6.4,ok
20260502,01,10,2.8,1.4,26.1,4.5,26.1,113.2,ok
20260502,01,11,1.2,5.0,5.5,13.6,22.2,27.2,ok
20260502,01,12,1.0,7.7,10.8,25.5,14.5,13.9,ok
20260502,02,1,1.5,9.0,5.4,4.1,15.5,12.0,ok
20260502,02,2,5.8,2.0,14.7,2.6,4.3,117.7,ok
20260502,02,3,4.0,2.8,9.4,2.1,5.8,122.6,ok
20260502,02,4,17.6,1.2,6.5,5.7,9.5,24.7,ok
20260502,02,5,1.2,16.0,14.5,2.9,32.0,24.6,ok
20260502,02,6,3.2,2.4,3.9,3.1,28.2,75.2,ok
20260502,02,7,1.0,9.2,18.5,48.3,8.9,14.2,ok
20260502,02,8,4.4,2.2,5.4,7.1,3.8,12.0,ok
20260502,02,9,2.4,18.1,2.7,12.1,2.5,45.3,ok
20260502,02,10,2.6,4.7,3.3,3.8,6.1,42.0,ok
20260502,02,11,1.0,15.4,18.7,8.2,14.5,87.5,ok
20260502,02,12,1.0,12.5,8.5,14.8,40.7,36.2,ok
20260502,05,1,3.3,9.1,1.5,8.2,6.3,82.5,ok
20260502,05,2,1.9,13.0,7.0,5.3,3.1,9.1,ok
20260502,05,3,1.9,5.8,16.5,6.1,9.0,3.1,ok
20260502,05,4,1.4,7.6,10.2,7.6,15.3,4.3,ok
20260502,05,5,7.5,2.6,1.9,5.7,9.1,86.6,ok
20260502,05,6,2.7,3.0,2.9,4.2,49.3,21.9,ok
20260502,05,7,1.6,3.2,9.3,10.0,7.2,14.5,ok
20260502,05,8,2.4,8.8,3.4,4.1,62.2,3.6,ok
20260502,05,9,1.6,10.3,6.0,2.4,29.3,58.7,ok
20260502,05,10,1.2,11.5,4.5,15.8,14.0,12.6,ok
20260502,05,11,1.1,20.7,11.3,6.9,7.7,13.8,ok
20260502,05,12,1.8,7.1,7.8,3.7,5.2,15.7,ok
20260502,07,1,2.1,5.7,1.9,16.0,18.0,13.0,ok
20260502,07,2,6.2,1.4,3.3,9.0,24.9,19.9,ok
20260502,07,3,7.2,1.0,22.4,14.3,24.5,85.8,ok
20260502,07,4,3.3,8.1,5.6,8.6,11.6,1.8,ok
20260502,07,5,1.3,3.6,8.8,42.6,35.5,6.0,ok
20260502,07,6,3.5,3.2,159.3,14.4,318.7,1.5,ok
20260502,07,7,1.9,72.5,1.6,7.2,26.3,48.3,ok
20260502,07,8,1.3,28.8,3.7,16.8,5.3,25.2,ok
20260502,07,9,1.1,15.7,13.5,39.3,3.6,35.7,ok
20260502,07,10,1.6,11.9,2.2,14.2,11.9,40.8,ok
20260502,07,11,1.6,41.1,1.8,23.2,21.3,14.8,ok
20260502,07,12,1.3,10.0,11.2,3.9,20.1,12.0,ok
20260502,09,3,1.9,2.9,3.8,5.5,50.2,50.2,ok
20260502,09,4,2.6,25.0,1.5,6.2,25.0,12.5,ok
20260502,09,7,2.1,5.8,2.5,6.6,9.3,18.7,ok
20260502,09,8,2.9,2.7,35.5,2.2,9.6,21.3,ok
20260502,09,9,1.9,24.0,1.8,38.5,27.5,6.0,ok
20260502,09,10,2.3,47.2,47.2,1.2,15.7,47.2,ok
20260502,09,11,1.1,12.1,7.6,9.0,14.5,20.7,ok
20260502,09,12,1.0,54.2,14.7,7.3,23.2,162.7,ok
20260502,10,1,1.1,23.7,9.8,59.2,59.2,3.8,ok
20260502,10,2,1.2,3.4,47.6,23.8,11.2,11.9,ok
20260502,10,4,1.7,11.6,18.0,1.7,27.1,40.6,ok
20260502,10,7,2.0,2.1,4.8,7.0,92.2,92.2,ok
20260502,10,9,5.5,7.3,4.8,17.0,44.2,1.3,ok
20260502,10,11,2.2,2.2,5.5,14.1,24.7,6.6,ok
20260502,10,12,1.0,23.1,10.5,31.5,43.4,57.8,ok
20260502,11,1,2.4,1.6,5.9,23.6,18.1,15.7,ok
20260502,11,2,2.1,5.3,16.5,11.4,2.4,7.8,ok
20260502,11,3,1.9,6.6,13.3,2.8,5.4,20.0,ok
20260502,11,4,2.7,9.4,42.5,3.5,2.7,4.8,ok
20260502,11,5,4.1,3.2,5.6,4.4,15.6,3.1,ok
20260502,11,6,1.2,13.2,10.2,8.8,61.7,4.1,ok
20260502,11,9,1.4,2.0,26.2,13.1,26.2,105.0,ok
20260502,11,10,1.1,19.6,8.1,3.7,32.7,49.1,ok
20260502,11,11,1.3,6.2,10.8,7.2,8.7,14.5,ok
20260502,11,12,1.0,14.3,9.7,45.3,34.0,136.1,ok
20260502,14,1,1.3,12.2,4.4,4.4,31.8,26.5,ok
20260502,14,2,2.1,18.5,5.1,2.0,15.8,18.5,ok
20260502,14,3,2.7,2.2,4.8,4.6,13.4,30.0,ok
20260502,14,4,3.2,2.2,7.7,2.7,17.3,76.3,ok
20260502,14,5,2.5,4.8,1.9,9.4,10.1,70.8,ok
20260502,14,7,3.6,4.2,1.8,4.4,39.1,52.2,ok
20260502,14,8,2.2,5.1,2.6,18.5,31.8,4.2,ok
20260502,14,9,3.5,1.8,5.9,4.3,21.2,14.8,ok
20260502,14,10,1.5,6.6,3.3,5.5,53.5,33.4,ok
20260502,14,11,1.6,2.6,8.5,9.4,47.2,10.5,ok
20260502,14,12,1.5,8.6,4.1,3.8,71.0,15.7,ok
20260502,16,1,3.9,8.7,3.5,3.5,2.6,39.3,ok
20260502,16,2,2.5,10.1,5.6,2.3,4.3,151.5,ok
20260502,16,3,2.5,13.2,1.7,12.0,16.5,6.9,ok
20260502,16,4,2.1,2.1,7.3,8.7,7.3,35.1,ok
20260502,16,5,1.1,74.6,29.8,4.6,21.3,7.4,ok
20260502,16,6,2.0,7.5,2.0,18.9,9.4,15.1,ok
20260502,16,7,2.7,1.9,118.5,4.0,6.5,19.7,ok
20260502,16,8,1.4,3.0,11.7,7.8,23.4,18.2,ok
20260502,16,9,1.4,9.0,6.5,3.2,16.2,40.5,ok
20260502,16,10,1.0,9.5,7.4,66.7,66.7,66.7,ok
20260502,16,11,1.1,18.0,24.0,4.8,12.0,24.0,ok
20260502,16,12,1.4,18.3,13.2,7.8,3.1,16.0,ok
20260502,17,1,1.2,6.8,7.5,6.2,13.6,34.1,ok
20260502,17,3,1.9,5.7,22.8,2.0,16.2,38.0,ok
20260502,17,4,4.0,1.6,5.1,8.5,7.7,38.6,ok
20260502,17,5,1.5,33.0,8.2,2.2,16.5,33.0,ok
20260502,17,7,2.0,3.6,3.6,3.9,214.5,42.9,ok
20260502,17,9,2.1,9.7,7.8,1.7,41.2,41.2,ok
20260502,17,10,1.0,13.9,15.9,20.2,11.1,44.5,ok
20260502,17,11,1.7,2.5,11.7,9.3,10.4,13.3,ok
20260502,17,12,1.2,8.1,9.8,9.8,16.3,7.5,ok
20260502,18,1,,1.9,6.5,12.6,1.7,28.8,ok
20260502,18,2,1.0,18.3,18.3,18.3,13.7,7.3,ok
20260502,18,3,2.3,7.0,2.3,6.3,9.5,13.6,ok
20260502,18,4,1.1,9.8,17.7,8.4,5.7,177.7,ok
20260502,18,5,1.1,123.7,3.6,10.3,12.3,123.7,ok
20260502,18,7,1.8,4.1,2.3,11.0,77.6,51.7,ok
20260502,18,8,1.1,10.0,6.1,8.0,16.0,20.0,ok
20260502,18,9,2.5,1.5,9.2,7.4,37.1,24.7,ok
20260502,18,10,2.9,3.7,10.3,4.8,2.4,82.5,ok
20260502,18,11,1.5,5.4,10.9,4.5,4.7,,ok
20260502,18,12,1.0,9.3,16.3,24.4,48.9,17.7,ok
20260502,19,1,2.6,9.5,1.6,9.5,17.1,12.2,ok
20260502,19,2,1.2,22.9,3.1,16.3,10.4,28.6,ok
20260502,19,3,3.3,1.6,3.6,12.9,38.7,16.6,ok
20260502,19,4,1.1,11.5,5.7,57.7,6.4,28.8,ok
20260502,19,5,1.2,8.4,4.5,10.9,9.3,438.0,ok
20260502,19,6,1.1,3.2,35.4,9.3,59.0,29.5,ok
20260502,19,7,2.1,21.0,1.6,24.0,7.0,33.6,ok
20260502,19,8,1.2,14.9,2.7,17.1,44.7,44.7,ok
20260502,19,9,1.8,2.6,3.9,28.0,308.2,8.8,ok
20260502,19,10,1.4,4.9,17.4,3.9,7.1,113.6,ok
20260502,19,11,1.0,30.8,18.5,5.9,8.0,185.2,ok
20260502,19,12,1.0,6.6,18.7,15.6,23.4,14.8,ok
20260502,20,1,3.9,3.5,3.0,5.1,17.8,4.4,ok
20260502,20,2,1.3,10.3,8.8,5.6,4.7,62.2,ok
20260502,20,3,1.6,2.8,33.7,10.1,7.2,8.4,ok
20260502,20,4,2.2,6.5,2.6,13.9,5.0,10.4,ok
20260502,20,5,1.0,20.3,24.4,8.1,30.5,15.2,ok
20260502,20,6,1.5,55.2,20.7,11.8,41.4,1.9,ok
20260502,20,7,1.8,2.8,13.6,2.7,61.3,368.2,ok
20260502,20,9,1.2,12.9,15.1,4.1,36.3,7.8,ok
20260502,20,10,1.7,11.0,2.1,9.1,12.6,66.3,ok
20260502,20,12,1.7,2.2,4.7,35.4,21.6,48.7,ok
20260502,22,1,2.1,1.3,16.9,33.9,33.9,33.9,ok
20260502,22,2,1.6,3.0,6.0,6.0,22.2,33.3,ok
20260502,22,3,2.5,4.5,4.4,3.1,10.0,12.5,ok
20260502,22,4,2.4,2.0,2.7,67.8,19.3,45.2,ok
20260502,22,5,1.0,9.1,21.0,5.8,70.2,13.1,ok
20260502,22,6,1.6,5.4,3.8,20.8,4.7,52.1,ok
20260502,22,7,1.7,111.7,6.2,1.9,13.9,111.7,ok
20260502,22,8,1.3,9.3,4.0,9.3,16.3,21.7,ok
20260502,22,9,3.1,8.2,1.6,8.2,14.2,12.4,ok
20260502,22,10,1.1,6.4,10.3,17.2,14.7,20.7,ok
20260502,22,11,1.3,10.4,3.2,10.0,13.6,86.7,ok
20260502,22,12,1.4,3.0,6.1,29.5,13.7,38.4,ok
20260502,23,1,1.0,10.2,11.7,38.2,19.1,9.0,ok
20260502,23,2,1.2,10.0,3.2,35.0,30.0,26.2,ok
20260502,23,3,1.1,17.5,3.5,17.5,17.5,41.0,ok
20260502,23,4,5.1,1.0,19.1,9.5,76.5,32.7,ok
20260502,23,5,2.2,16.4,3.3,2.7,10.9,13.1,ok
20260502,23,6,1.0,20.9,7.2,94.1,17.1,14.4,ok
20260502,23,7,1.4,9.3,111.7,2.0,37.2,55.8,ok
20260502,23,8,4.8,2.5,6.6,1.9,15.7,126.0,ok
20260502,23,9,3.0,18.5,11.2,45.1,1.2,16.6,ok
20260502,23,10,5.5,1.4,18.8,8.5,3.9,37.6,ok
20260502,23,12,1.3,16.6,4.8,3.2,55.5,83.2,ok
20260502,09,1,1.3,3.8,8.8,8.8,8.8,,part
20260502,09,2,2.6,12.5,7.0,1.7,6.2,,part
20260502,09,5,1.0,,15.3,5.5,,30.7,part
20260502,09,6,6.0,2.8,17.0,56.7,,1.3,part
20260502,10,3,1.0,18.4,8.6,18.4,12.9,,part
20260502,10,5,1.0,,5.6,,44.3,53.2,part
20260502,10,6,1.3,6.6,13.3,8.8,3.8,,part
20260502,10,8,2.5,4.5,1.7,9.7,,19.5,part
20260502,10,10,3.4,1.5,8.9,5.5,9.7,,part
20260502,11,7,2.5,7.2,3.6,2.0,38.7,,part
20260502,11,8,1.9,3.8,3.9,7.7,5.5,,part
20260502,14,6,1.6,9.4,5.0,4.2,5.0,,part
20260502,17,2,2.3,6.3,3.4,3.5,5.6,,part
20260502,17,6,8.7,1.0,28.3,11.3,12.5,,part
20260502,17,8,1.8,17.8,6.3,2.1,8.9,,part
20260502,18,6,1.0,21.9,18.2,27.3,,54.7,part
20260502,20,8,1.6,1.6,12.8,40.0,120.0,,part
20260502,20,11,1.6,2.7,4.5,20.8,12.5,,part
20260502,23,11,1.0,10.1,25.0,5.9,22.9,,part
20260503,01,1,7.0,8.8,3.8,2.1,3.8,11.8,ok
20260503,01,2,1.5,9.7,10.2,10.2,6.9,3.8,ok
20260503,01,3,8.2,2.5,8.2,6.1,6.6,2.6,ok
20260503,01,4,3.3,6.6,9.0,3.4,8.2,2.7,ok
20260503,01,5,2.5,6.7,14.1,1.9,5.9,25.8,ok
20260503,01,6,1.1,15.0,9.0,6.6,14.2,15.7,ok
20260503,01,7,2.8,8.1,1.5,8.3,16.6,21.7,ok
20260503,01,8,1.4,4.1,9.6,51.6,3.8,29.5,ok
20260503,01,9,2.5,5.2,6.1,2.0,15.7,24.5,ok
20260503,01,10,2.4,2.1,12.4,6.2,5.6,24.9,ok
20260503,01,11,1.8,7.3,10.9,1.8,42.4,56.6,ok
20260503,01,12,1.2,9.9,3.8,11.1,21.7,26.8,ok
20260503,02,1,3.6,2.2,2.0,33.0,18.0,28.2,ok
20260503,02,2,3.6,1.8,6.3,4.1,24.3,12.1,ok
20260503,02,3,4.6,6.9,1.7,7.3,6.2,10.4,ok
20260503,02,4,8.8,7.7,1.1,14.7,14.7,17.1,ok
20260503,02,5,1.1,13.8,7.8,5.2,38.3,18.1,ok
20260503,02,6,13.9,1.2,9.0,4.7,33.0,7.7,ok
20260503,02,7,1.2,6.1,4.6,9.8,33.5,50.2,ok
20260503,02,8,14.1,1.6,2.3,9.9,9.9,22.0,ok
20260503,02,9,1.9,5.4,3.9,3.1,21.9,52.1,ok
20260503,02,10,2.1,17.1,2.2,5.7,11.7,8.9,ok
20260503,02,11,1.8,9.5,5.0,3.3,6.0,32.5,ok
20260503,02,12,1.7,2.7,5.3,10.5,13.8,29.1,ok
20260503,04,1,4.6,2.1,4.9,4.2,6.3,16.1,ok
20260503,04,2,1.2,5.7,15.3,4.3,27.6,19.7,ok
20260503,04,3,1.7,4.1,5.9,8.9,8.9,7.5,ok
20260503,04,4,4.7,1.9,3.3,5.9,12.8,13.5,ok
20260503,04,5,6.4,1.1,39.7,8.1,18.9,10.7,ok
20260503,04,6,1.5,4.5,13.1,20.3,4.0,11.2,ok
20260503,04,7,2.1,4.8,4.1,11.9,3.3,32.3,ok
20260503,04,8,3.0,8.3,7.1,1.7,31.1,7.1,ok
20260503,04,9,2.2,4.1,2.8,6.7,9.9,18.9,ok
20260503,04,10,1.1,5.6,7.9,10.1,44.7,44.7,ok
20260503,04,11,1.5,6.1,4.8,9.4,10.0,9.4,ok
20260503,04,12,1.3,9.2,3.9,11.2,18.4,10.0,ok
20260503,06,1,1.6,2.6,5.5,17.9,8.4,53.7,ok
20260503,06,2,1.3,5.2,17.0,4.6,10.4,93.7,ok
20260503,06,3,1.3,13.8,4.6,5.9,16.6,16.6,ok
20260503,06,4,1.1,8.4,15.5,18.6,10.3,10.3,ok
20260503,06,5,1.6,2.9,7.4,14.8,7.4,14.8,ok
20260503,06,6,2.5,11.7,1.5,27.5,20.6,8.2,ok
20260503,06,7,5.8,1.8,2.5,14.5,6.0,123.3,ok
20260503,06,8,2.7,26.2,26.2,1.2,26.2,31.5,ok
20260503,06,9,1.1,31.8,6.3,4.7,21.2,42.5,ok
20260503,06,10,1.3,9.3,4.6,12.5,18.7,6.2,ok
20260503,06,11,1.0,33.7,16.8,33.7,4.5,22.5,ok
20260503,06,12,1.4,5.3,4.8,7.7,11.3,34.0,ok
20260503,07,1,4.7,1.8,2.3,12.6,22.8,28.5,ok
20260503,07,2,3.5,1.4,5.5,12.6,15.4,23.1,ok
20260503,07,3,7.8,8.0,22.1,1.1,39.4,7.8,ok
20260503,07,4,5.5,1.5,6.2,6.4,6.1,24.6,ok
20260503,07,5,5.7,4.8,12.4,5.6,1.5,29.3,ok
20260503,07,6,9.0,2.6,2.0,16.0,6.5,8.0,ok
20260503,07,7,3.0,26.2,1.2,8.2,34.2,37.1,ok
20260503,07,8,1.0,27.6,23.0,4.9,34.5,21.2,ok
20260503,07,9,2.9,7.3,29.3,1.3,29.3,16.7,ok
20260503,07,10,1.0,6.0,20.9,31.4,13.6,44.8,ok
20260503,07,11,1.0,8.5,19.5,24.8,8.5,18.2,ok
20260503,07,12,1.1,7.6,31.5,7.6,15.7,12.9,ok
20260503,08,1,1.0,21.5,17.2,14.3,172.5,86.2,ok
20260503,08,2,1.2,10.0,21.2,5.8,7.7,8.9,ok
20260503,08,3,3.2,1.5,7.3,10.9,7.9,29.2,ok
20260503,08,4,3.4,3.1,5.2,16.7,2.2,33.5,ok
20260503,08,5,2.9,5.3,13.9,4.6,8.7,2.4,ok
20260503,08,6,1.0,8.3,16.6,22.2,16.6,13.3,ok
20260503,08,7,4.9,1.8,4.9,19.9,11.0,3.8,ok
20260503,08,8,1.9,26.7,2.0,26.7,4.7,26.7,ok
20260503,08,9,3.6,3.2,12.8,1.7,17.6,28.2,ok
20260503,08,10,1.6,6.7,7.7,4.5,33.5,4.7,ok
20260503,08,11,2.0,5.7,16.3,1.9,17.7,26.6,ok
20260503,08,12,1.3,15.0,15.0,2.9,21.8,16.6,ok
20260503,09,1,1.0,34.5,11.5,17.2,17.2,17.2,ok
20260503,09,3,8.2,1.8,8.9,2.9,6.7,11.9,ok
20260503,09,4,2.8,6.4,2.7,2.9,13.8,16.6,ok
20260503,09,5,1.0,12.5,22.5,22.5,28.1,37.5,ok
20260503,09,6,3.6,3.9,2.7,14.6,4.8,5.8,ok
20260503,09,7,4.8,3.4,5.1,5.1,2.6,14.5,ok
20260503,09,8,3.1,7.6,2.4,2.7,10.2,46.1,ok
20260503,09,9,2.5,2.2,3.5,10.9,32.7,10.9,ok
20260503,09,12,1.0,6.5,18.4,24.6,22.7,26.8,ok
20260503,10,1,1.0,14.2,5.4,14.2,33.9,30.1,ok
20260503,10,2,1.7,2.1,13.5,36.0,10.8,9.0,ok
20260503,10,3,1.1,56.8,8.4,13.3,10.3,5.9,ok
20260503,10,4,1.3,3.3,9.5,6.8,38.1,95.2,ok
20260503,10,5,1.9,33.2,2.4,24.9,7.1,4.5,ok
20260503,10,6,8.7,7.6,1.1,57.0,14.2,6.7,ok
20260503,10,8,11.3,1.3,21.1,5.9,3.7,26.9,ok
20260503,10,9,3.9,1.5,35.8,3.4,14.3,20.4,ok
20260503,10,10,5.4,6.0,60.0,1.6,30.0,3.1,ok
20260503,10,11,2.7,4.2,3.2,4.0,10.5,12.1,ok
20260503,10,12,1.7,7.2,4.5,5.1,10.8,8.3,ok
20260503,11,1,2.6,1.3,11.8,27.7,83.2,14.6,ok
20260503,11,2,1.2,7.0,3.3,25.5,42.5,31.8,ok
20260503,11,3,3.2,21.8,1.1,48.1,48.1,11.4,ok
20260503,11,4,1.3,21.5,3.9,86.2,3.9,43.1,ok
20260503,11,5,1.3,6.7,2.7,32.2,161.2,53.7,ok
20260503,11,6,9.0,13.6,1.0,34.0,90.7,54.4,ok
20260503,11,7,2.3,8.1,4.4,3.8,4.6,13.3,ok
20260503,11,8,1.0,9.2,5.7,60.0,15.0,30.0,ok
20260503,11,9,1.8,4.1,11.1,19.5,3.9,6.5,ok
20260503,11,10,5.1,1.4,16.2,3.0,97.5,32.5,ok
20260503,11,12,1.1,2.7,20.7,93.3,93.3,16.9,ok
20260503,12,1,2.6,3.7,9.9,7.6,4.4,4.3,ok
20260503,12,2,1.7,24.0,3.4,20.0,2.8,24.0,ok
20260503,12,3,2.5,8.4,2.7,13.0,2.8,39.2,ok
20260503,12,4,3.1,2.2,5.5,3.0,22.1,66.3,ok
20260503,12,5,1.6,7.3,5.6,18.2,5.4,5.4,ok
20260503,12,6,1.6,5.5,5.7,4.1,16.3,17.6,ok
20260503,12,7,3.4,2.5,3.0,6.4,7.9,27.8,ok
20260503,12,8,1.1,9.5,19.1,4.7,29.5,16.2,ok
20260503,12,9,1.1,3.9,9.4,24.6,20.2,70.7,ok
20260503,12,10,1.1,13.7,8.1,6.2,11.1,19.9,ok
20260503,12,11,1.2,4.1,8.7,10.1,10.5,305.2,ok
20260503,12,12,1.1,8.8,6.5,20.6,9.8,17.6,ok
20260503,14,1,1.5,18.1,2.7,15.2,10.3,10.0,ok
20260503,14,2,2.0,3.0,12.0,13.8,5.1,6.0,ok
20260503,14,3,1.4,3.3,15.1,8.2,16.5,9.5,ok
20260503,14,4,1.1,13.0,7.5,16.7,8.3,13.0,ok
20260503,14,5,1.6,12.4,12.4,3.2,31.1,4.2,ok
20260503,14,6,3.0,11.3,3.2,2.2,8.0,27.3,ok
20260503,14,7,1.5,15.7,3.3,9.6,27.9,5.5,ok
20260503,14,8,1.8,10.1,6.5,5.4,5.5,5.5,ok
20260503,14,9,4.3,1.9,2.7,14.5,11.4,12.2,ok
20260503,14,10,1.4,4.1,7.3,7.1,12.9,18.8,ok
20260503,14,11,1.7,6.7,3.0,7.5,8.5,23.1,ok
20260503,14,12,1.0,10.7,7.3,10.2,16.3,44.1,ok
20260503,16,1,2.7,2.6,3.8,7.0,6.1,49.5,ok
20260503,16,2,4.6,1.2,5.3,16.1,32.2,16.1,ok
20260503,16,3,2.7,2.1,5.4,13.5,5.4,13.5,ok
20260503,16,4,1.5,14.5,2.5,18.5,51.0,6.5,ok
20260503,16,5,2.5,12.6,1.7,9.0,8.4,18.1,ok
20260503,16,6,2.0,2.6,12.1,4.0,16.9,14.1,ok
20260503,16,7,1.8,1.8,16.7,11.1,10.0,100.5,ok
20260503,16,8,1.0,67.8,67.8,45.2,7.5,27.1,ok
20260503,16,9,1.0,7.5,32.2,32.2,28.2,28.2,ok
20260503,16,11,1.4,4.9,5.7,5.3,23.0,34.5,ok
20260503,16,12,1.5,3.5,20.1,3.5,35.2,47.0,ok
20260503,17,1,1.0,30.8,27.0,27.0,54.0,72.0,ok
20260503,17,2,1.3,4.7,18.2,4.0,21.9,36.5,ok
20260503,17,3,2.2,2.0,5.1,7.7,15.4,54.0,ok
20260503,17,4,2.5,7.0,2.1,10.5,5.7,21.0,ok
20260503,17,5,1.2,3.9,11.7,14.6,19.5,19.5,ok
20260503,17,6,2.5,17.7,1.8,7.9,11.4,7.6,ok
20260503,17,7,5.8,5.4,1.5,3.4,46.5,31.0,ok
20260503,17,8,1.6,17.7,2.3,5.6,17.7,47.2,ok
20260503,17,9,2.0,22.8,7.6,5.7,5.7,3.0,ok
20260503,17,10,2.7,2.6,2.1,9.8,46.0,69.0,ok
20260503,17,11,1.2,21.7,6.5,4.0,65.2,21.7,ok
20260503,17,12,1.1,14.9,8.3,4.4,33.5,134.2,ok
20260503,19,1,2.1,2.9,5.3,4.0,32.2,16.1,ok
20260503,19,2,2.8,1.6,8.4,11.2,11.2,16.8,ok
20260503,19,4,1.4,5.2,6.0,4.6,26.2,26.2,ok
20260503,19,6,1.2,6.2,7.2,5.6,58.0,87.0,ok
20260503,19,7,1.4,17.4,14.5,9.1,58.0,2.6,ok
20260503,19,8,1.7,3.9,8.4,3.1,16.0,80.2,ok
20260503,19,9,1.3,10.0,8.3,3.5,15.1,80.7,ok
20260503,19,10,1.4,7.8,3.7,12.1,30.2,8.6,ok
20260503,19,11,1.2,6.3,6.7,11.6,19.0,14.2,ok
20260503,19,12,1.9,3.8,5.8,4.3,11.3,12.9,ok
20260503,20,1,2.3,3.9,6.9,3.9,9.2,6.9,ok
20260503,20,2,4.7,8.4,6.1,4.2,11.0,1.9,ok
20260503,20,3,1.5,4.9,7.7,23.2,3.9,19.9,ok
20260503,20,4,1.7,2.7,3.5,24.2,16.6,89.0,ok
20260503,20,5,1.2,3.3,9.6,11.8,25.6,30.7,ok
20260503,20,6,1.1,7.1,13.7,25.7,29.4,6.2,ok
20260503,20,7,1.0,23.6,4.8,55.2,82.8,20.7,ok
20260503,20,8,1.0,6.1,7.9,45.0,24.5,270.0,ok
20260503,22,1,1.0,19.2,10.9,6.6,21.9,12.8,ok
20260503,22,2,1.0,8.7,12.5,37.7,28.3,56.6,ok
20260503,22,3,3.2,16.9,4.6,3.3,17.9,2.4,ok
20260503,22,4,1.1,11.5,11.5,4.7,16.2,27.0,ok
20260503,22,5,1.4,6.7,20.2,3.6,20.2,8.1,ok
20260503,22,6,1.1,16.6,33.2,4.5,99.7,9.0,ok
20260503,22,7,1.2,11.2,10.0,9.0,4.7,90.0,ok
20260503,22,9,1.2,4.2,5.8,13.3,18.7,93.7,ok
20260503,22,10,1.0,21.8,7.2,21.8,51.0,153.0,ok
20260503,22,11,1.4,2.5,12.0,12.0,48.0,24.0,ok
20260503,22,12,1.0,4.7,14.0,45.5,45.5,60.7,ok
20260503,23,1,1.1,7.5,8.9,8.0,34.5,30.1,ok
20260503,23,2,1.4,2.7,11.6,21.3,10.3,20.1,ok
20260503,23,3,1.3,22.5,33.7,2.2,25.3,25.3,ok
20260503,23,4,4.3,1.1,36.9,6.1,32.3,258.7,ok
20260503,23,5,3.0,5.1,13.7,19.9,1.6,11.9,ok
20260503,23,6,3.0,5.3,16.8,1.4,20.2,101.2,ok
20260503,23,7,5.6,7.9,16.5,1.2,26.9,8.9,ok
20260503,23,8,4.8,1.2,9.7,22.7,9.7,11.3,ok
20260503,23,9,9.9,5.0,1.2,4.9,55.5,30.8,ok
20260503,23,10,3.1,14.8,2.2,16.9,59.2,2.3,ok
20260503,23,12,1.1,17.5,17.5,7.2,21.0,6.7,ok
20260503,09,2,1.9,1.9,29.7,12.7,4.9,,part
20260503,09,10,1.8,15.8,2.6,10.8,3.6,,part
20260503,09,11,1.0,4.3,,8.7,43.5,21.7,part
20260503,10,7,2.2,4.8,1.8,11.7,16.5,,part
20260503,11,11,1.0,24.5,8.1,9.1,36.7,,part
20260503,16,10,1.7,2.1,,9.2,27.7,6.9,part
20260503,19,3,3.3,4.0,1.4,,28.6,12.7,part
20260503,19,5,1.9,2.7,10.5,4.1,,7.7,part
20260503,22,8,1.3,28.5,5.1,4.3,7.1,,part
20260503,23,11,2.7,2.9,2.1,16.0,8.9,,part
20260504,01,1,3.9,3.6,2.3,6.7,4.3,67.8,ok
20260504,01,2,3.3,2.2,4.5,5.3,9.0,13.0,ok
20260504,01,3,7.9,4.0,1.3,18.5,8.9,27.8,ok
20260504,01,4,5.8,1.4,6.9,6.0,7.2,25.3,ok
20260504,01,5,3.6,6.2,8.7,8.9,1.6,14.7,ok
20260504,01,6,1.1,12.1,6.2,7.2,18.1,15.8,ok
20260504,02,1,3.4,3.3,2.1,7.0,68.2,8.9,ok
20260504,02,2,4.8,2.8,7.3,2.2,8.8,11.2,ok
20260504,02,3,2.7,20.4,1.7,6.8,71.6,5.7,ok
20260504,02,4,4.3,6.8,2.5,2.3,8.8,31.5,ok
20260504,02,5,2.1,8.1,5.5,2.5,7.8,30.3,ok
20260504,02,6,7.5,5.5,1.4,9.9,5.6,20.5,ok
20260504,02,8,2.4,5.1,3.5,5.2,4.3,36.7,ok
20260504,02,9,2.0,4.6,3.5,6.1,46.2,6.2,ok
20260504,02,10,1.8,2.1,7.3,8.8,17.2,56.6,ok
20260504,02,11,1.4,5.6,6.4,7.9,365.2,5.7,ok
20260504,02,12,1.1,5.4,10.1,6.2,54.0,38.5,ok
20260504,04,1,3.7,10.7,2.7,2.3,6.3,28.7,ok
20260504,04,2,1.5,5.4,5.3,6.8,15.5,10.3,ok
20260504,04,3,3.6,2.0,10.0,3.1,38.1,8.2,ok
20260504,04,4,1.9,5.5,6.9,5.4,3.3,79.2,ok
20260504,04,5,2.7,3.6,9.0,4.7,15.2,3.2,ok
20260504,04,6,1.6,5.5,3.3,29.7,6.2,18.3,ok
20260504,04,7,2.9,2.5,5.7,6.7,8.8,6.1,ok
20260504,04,8,1.8,10.3,9.7,2.4,15.9,8.2,ok
20260504,04,9,1.4,7.3,3.5,8.3,10.0,54.2,ok
20260504,04,10,2.4,8.7,1.8,5.4,24.4,28.1,ok
20260504,04,11,1.9,4.4,2.0,18.0,33.2,72.1,ok
20260504,04,12,1.0,13.9,11.6,12.5,12.9,49.3,ok
20260504,06,1,3.5,4.0,3.5,2.0,114.7,25.5,ok
20260504,06,2,1.6,7.5,4.1,5.5,7.2,36.0,ok
20260504,06,3,2.0,3.1,14.0,4.8,21.0,4.8,ok
20260504,06,4,1.0,20.4,11.6,8.6,8.1,20.4,ok
20260504,06,5,2.9,6.2,7.7,32.8,18.7,1.6,ok
20260504,06,6,2.1,27.7,1.7,11.8,11.8,11.8,ok
20260504,06,7,2.2,8.0,2.8,4.6,19.5,6.5,ok
20260504,06,8,2.0,8.3,9.2,2.4,5.5,32.0,ok
20260504,06,9,1.4,4.1,9.0,43.2,4.5,18.0,ok
20260504,06,10,1.4,18.6,3.4,6.7,11.4,16.5,ok
20260504,06,11,1.4,7.4,3.4,24.7,5.8,74.2,ok
20260504,06,12,1.3,5.9,5.7,11.2,14.8,9.5,ok
20260504,07,1,2.8,1.7,19.8,3.6,26.5,26.5,ok
20260504,07,2,3.2,6.5,14.4,2.7,2.3,144.0,ok
20260504,07,4,2.0,2.8,6.0,18.1,4.1,30.2,ok
20260504,07,6,1.3,7.3,20.2,4.5,162.0,5.5,ok
20260504,07,7,3.0,25.3,1.4,5.0,18.1,31.6,ok
20260504,07,8,3.2,5.4,3.0,25.8,2.2,41.4,ok
20260504,07,9,1.0,15.9,23.6,11.2,20.6,99.1,ok
20260504,07,10,1.2,9.0,34.1,7.6,3.9,34.1,ok
20260504,07,11,1.2,17.2,6.8,16.5,4.3,17.9,ok
20260504,07,12,1.1,8.0,15.1,10.8,9.6,22.2,ok
20260504,08,2,3.7,2.3,13.6,2.3,10.6,27.2,ok
20260504,08,3,12.6,1.0,21.9,13.1,109.5,32.8,ok
20260504,08,4,2.4,3.2,5.0,3.2,10.7,75.0,ok
20260504,08,5,2.2,2.4,18.2,4.5,5.5,42.5,ok
20260504,08,7,2.3,12.6,15.7,7.8,9.0,1.9,ok
20260504,08,8,4.5,2.9,1.6,13.5,13.5,67.5,ok
20260504,08,9,6.9,10.7,6.0,1.5,48.3,3.5,ok
20260504,08,10,1.5,18.4,25.8,4.3,6.4,4.9,ok
20260504,08,11,1.3,5.6,7.2,5.8,9.4,141.3,ok
20260504,08,12,1.0,23.5,25.5,10.9,51.1,20.4,ok
20260504,10,2,2.6,2.2,4.1,5.8,10.4,188.2,ok
20260504,10,4,1.0,13.8,23.4,18.7,75.0,187.5,ok
20260504,10,5,1.0,16.8,12.0,8.4,9.0,22.9,ok
20260504,10,6,1.8,4.7,3.6,7.0,6.5,183.7,ok
20260504,10,7,2.0,4.1,2.9,6.3,18.9,23.6,ok
20260504,10,8,5.9,1.5,7.1,9.9,178.5,3.9,ok
20260504,10,9,2.8,17.3,2.0,5.6,13.6,5.4,ok
20260504,10,10,1.0,5.8,31.9,13.1,111.7,37.2,ok
20260504,10,11,2.0,3.7,5.8,3.2,14.5,38.7,ok
20260504,10,12,1.4,16.8,7.5,3.5,11.2,16.8,ok
20260504,12,1,2.2,10.8,7.6,5.0,3.1,6.5,ok
20260504,12,2,3.5,3.0,2.1,10.2,13.8,12.4,ok
20260504,12,3,1.8,12.5,2.6,3.9,52.1,13.5,ok
20260504,12,4,2.1,3.3,2.8,17.1,8.5,37.6,ok
20260504,12,5,1.4,5.9,12.1,6.9,6.7,11.0,ok
20260504,12,6,1.8,7.2,84.5,1.7,31.6,25.3,ok
20260504,12,7,1.4,12.2,8.6,3.7,8.6,23.3,ok
20260504,12,8,1.0,27.6,9.4,7.6,129.2,21.5,ok
20260504,12,9,1.1,17.9,6.7,10.1,8.7,21.7,ok
20260504,12,10,1.3,9.3,4.4,5.4,17.2,86.4,ok
20260504,12,11,1.1,5.3,5.1,32.7,23.3,45.4,ok
20260504,12,12,1.4,4.9,7.3,9.4,7.0,15.4,ok
20260504,13,1,2.2,12.9,1.8,17.7,36.8,5.5,ok
20260504,13,2,3.3,2.4,5.1,11.3,7.0,5.2,ok
20260504,13,3,2.7,2.2,3.3,37.2,5.4,83.8,ok
20260504,13,4,1.5,4.1,9.3,7.4,22.3,6.1,ok
20260504,13,5,1.5,4.9,4.0,31.0,36.2,5.4,ok
20260504,13,7,1.0,44.2,15.6,8.5,8.2,33.1,ok
20260504,13,8,1.3,7.9,11.8,4.0,14.5,10.9,ok
20260504,13,9,1.0,10.2,21.9,23.6,38.4,11.3,ok
20260504,13,10,1.0,16.0,12.2,13.0,14.8,17.3,ok
20260504,13,11,1.2,43.1,4.5,10.7,12.3,10.7,ok
20260504,13,12,1.9,19.4,10.6,14.2,1.8,17.8,ok
20260504,14,1,1.0,6.6,11.0,29.0,9.1,31.9,ok
20260504,14,2,3.0,4.0,2.4,11.0,4.6,22.0,ok
20260504,14,3,2.4,2.6,2.7,13.9,11.9,24.6,ok
20260504,14,4,1.7,7.5,4.4,4.7,5.8,33.9,ok
20260504,14,5,3.3,2.5,7.0,3.0,6.6,46.2,ok
20260504,14,6,1.9,4.8,11.5,3.8,4.5,18.8,ok
20260504,14,7,3.9,3.3,4.2,2.3,12.9,23.1,ok
20260504,14,8,1.4,5.5,14.1,10.6,4.8,14.1,ok
20260504,14,9,1.4,7.0,5.3,7.0,16.2,7.9,ok
20260504,14,10,2.2,3.5,12.9,2.4,11.5,25.8,ok
20260504,14,11,1.0,7.4,13.1,11.0,12.0,55.2,ok
20260504,14,12,1.4,5.9,8.9,5.5,7.3,22.0,ok
20260504,16,1,7.2,3.6,1.6,4.1,19.2,57.7,ok
20260504,16,2,3.1,5.2,5.9,3.0,8.3,4.8,ok
20260504,16,3,2.8,7.6,1.5,10.8,38.0,13.8,ok
20260504,16,4,1.8,3.4,12.4,5.8,87.0,4.3,ok
20260504,16,6,2.9,3.8,5.3,22.3,3.8,4.1,ok
20260504,16,7,1.8,10.9,2.4,14.0,6.1,16.3,ok
20260504,16,8,1.2,4.5,11.1,26.0,13.0,11.1,ok
20260504,16,9,1.2,10.5,5.7,15.7,7.0,15.7,ok
20260504,16,10,5.0,3.6,13.2,1.7,4.7,66.0,ok
20260504,16,11,1.3,3.5,12.8,8.3,10.5,23.6,ok
20260504,16,12,1.2,9.0,10.0,5.8,5.5,,ok
20260504,17,1,1.0,11.4,8.9,22.9,22.9,43.6,ok
20260504,17,2,2.0,20.4,2.9,15.7,2.5,68.2,ok
20260504,17,3,1.8,21.4,12.2,13.2,3.5,3.1,ok
20260504,17,4,4.9,7.2,5.1,11.5,1.4,46.0,ok
20260504,17,5,1.1,25.9,25.9,43.2,16.2,3.6,ok
20260504,17,6,1.2,7.6,23.0,46.0,27.6,3.4,ok
20260504,17,8,1.0,9.2,7.4,15.8,13.8,55.5,ok
20260504,17,9,1.5,9.9,5.8,4.3,9.9,13.9,ok
20260504,17,10,1.0,7.2,8.3,9.1,68.8,42.3,ok
20260504,17,12,1.0,23.2,13.9,19.9,23.2,19.9,ok
20260504,19,1,3.7,1.2,33.7,13.5,13.5,13.5,ok
20260504,19,2,1.7,32.2,2.6,3.1,32.2,48.3,ok
20260504,19,3,1.2,16.5,2.6,26.5,33.1,33.1,ok
20260504,19,4,1.0,25.3,8.0,25.3,7.0,66.0,ok
20260504,19,5,1.1,10.6,18.5,12.3,5.3,24.7,ok
20260504,19,6,1.2,6.9,11.4,10.2,5.7,19.4,ok
20260504,19,7,1.1,26.8,11.2,3.8,53.6,53.6,ok
20260504,19,8,1.1,7.2,16.3,4.4,26.2,28.0,ok
20260504,19,9,1.0,16.9,10.5,6.3,14.1,42.3,ok
20260504,19,10,1.3,4.6,5.3,6.7,27.8,65.0,ok
20260504,19,11,1.0,9.3,8.4,15.3,22.5,12.0,ok
20260504,19,12,1.6,4.2,15.8,3.2,17.8,14.5,ok
20260504,20,1,1.0,17.2,11.5,8.6,34.5,11.5,ok
20260504,20,2,3.8,3.3,2.1,13.9,5.0,22.3,ok
20260504,20,3,3.6,13.9,2.5,2.6,7.7,9.9,ok
20260504,20,4,6.3,1.1,8.1,73.5,10.0,15.7,ok
20260504,20,5,1.0,4.4,17.5,11.6,30.6,122.6,ok
20260504,20,7,2.6,7.7,2.6,5.3,6.5,8.5,ok
20260504,20,8,1.8,12.4,1.8,18.6,37.2,12.4,ok
20260504,20,10,1.0,15.4,7.1,10.5,22.3,18.2,ok
20260504,20,11,1.0,5.2,16.9,39.6,10.8,118.8,ok
20260504,20,12,1.4,2.7,17.9,17.9,10.7,14.6,ok
20260504,22,1,8.5,9.7,19.5,1.0,136.5,136.5,ok
20260504,22,2,1.3,3.0,12.8,19.3,9.6,38.6,ok
20260504,22,3,1.7,3.6,7.0,7.9,10.8,7.9,ok
20260504,22,4,1.0,15.0,12.6,10.4,60.1,40.1,ok
20260504,22,6,1.2,7.8,3.6,18.7,18.7,23.4,ok
20260504,22,7,1.4,3.6,8.3,5.8,29.2,29.2,ok
20260504,22,8,1.6,18.1,3.3,4.3,25.3,9.0,ok
20260504,22,9,1.0,12.4,21.3,7.4,37.3,21.3,ok
20260504,22,10,1.1,6.5,9.0,11.1,37.9,13.5,ok
20260504,22,11,1.5,3.9,4.8,12.5,9.6,27.2,ok
20260504,22,12,1.3,3.6,6.0,16.9,13.4,26.9,ok
20260504,23,1,1.0,26.3,6.1,26.3,10.2,23.0,ok
20260504,23,2,1.0,8.3,14.6,13.3,19.6,21.5,ok
20260504,23,3,1.0,21.0,10.5,4.1,51.1,89.4,ok
20260504,23,4,3.3,18.4,1.5,11.9,5.6,13.5,ok
20260504,23,5,1.3,6.5,10.1,4.1,22.8,22.8,ok
20260504,23,6,2.8,2.4,12.2,2.2,34.2,85.5,ok
20260504,23,7,5.8,2.1,34.8,1.6,34.8,34.8,ok
20260504,23,8,1.9,4.4,2.5,10.7,24.5,19.0,ok
20260504,23,9,1.0,36.2,36.2,7.4,42.2,126.7,ok
20260504,23,10,3.8,1.6,18.1,2.7,27.2,54.5,ok
20260504,23,11,1.0,5.0,12.3,23.6,52.0,86.7,ok
20260504,23,12,1.3,53.7,13.2,2.0,53.7,94.1,ok
20260504,07,3,10.6,1.8,1.8,138.7,7.7,,part
20260504,07,5,1.4,18.0,21.6,2.0,16.6,,part
20260504,08,1,1.1,12.0,24.0,8.0,4.8,,part
20260504,08,6,1.2,12.0,12.0,7.2,,4.0,part
20260504,10,1,1.0,11.4,28.5,,57.0,11.4,part
20260504,10,3,2.0,28.9,1.6,6.3,40.5,,part
20260504,13,6,1.0,,7.0,7.0,35.2,35.2,part
20260504,16,5,3.0,20.5,1.4,9.4,6.8,,part
20260504,17,7,1.9,2.2,5.0,7.6,30.5,,part
20260504,17,11,1.0,14.4,57.7,,,57.7,part
20260504,20,6,1.5,14.3,2.7,50.2,4.5,,part
20260504,20,9,2.6,2.2,32.7,2.1,,49.1,part
20260504,22,5,1.4,5.4,6.2,18.6,3.8,,part
20260505,01,1,2.7,7.9,2.5,4.2,7.9,11.1,ok
20260505,01,2,5.4,5.2,23.6,7.4,23.6,1.3,ok
20260505,01,3,1.4,13.0,3.9,11.1,6.0,26.0,ok
20260505,01,4,2.3,2.7,3.0,17.4,15.2,12.2,ok
20260505,01,5,1.1,15.9,39.9,5.7,4.9,31.9,ok
20260505,01,6,1.3,14.5,9.0,11.1,6.5,5.4,ok
20260505,01,7,1.0,26.5,6.0,30.3,30.3,23.5,ok
20260505,01,8,1.2,22.7,11.3,10.7,3.2,34.1,ok
20260505,01,9,1.3,3.4,17.5,5.9,26.9,20.6,ok
20260505,01,10,1.6,2.1,7.6,13.1,27.2,35.4,ok
20260505,01,11,1.1,16.1,7.1,13.8,9.4,8.4,ok
20260505,01,12,1.6,4.8,6.3,8.2,10.8,6.7,ok
20260505,02,1,1.9,3.7,4.9,8.8,4.2,57.3,ok
20260505,02,2,2.2,17.9,5.2,2.7,16.1,4.4,ok
20260505,02,3,2.2,4.4,31.8,6.9,5.9,3.0,ok
20260505,02,4,1.7,2.1,10.3,7.2,17.0,47.7,ok
20260505,02,5,1.1,8.5,7.9,5.8,34.2,29.3,ok
20260505,02,6,3.1,10.7,1.7,12.9,12.9,4.7,ok
20260505,02,7,1.5,11.6,3.0,5.5,116.2,12.9,ok
20260505,02,8,2.5,7.9,6.2,2.9,11.0,4.3,ok
20260505,02,9,1.8,2.0,7.6,12.0,17.1,34.2,ok
20260505,02,10,1.8,7.7,3.9,5.1,8.8,9.5,ok
20260505,02,11,1.5,6.5,3.2,9.6,10.3,46.0,ok
20260505,02,12,3.2,1.2,9.3,19.7,14.2,50.8,ok
20260505,04,1,3.2,3.8,10.6,2.4,6.5,10.1,ok
20260505,04,2,1.4,2.8,19.3,8.9,10.8,28.2,ok
20260505,04,3,6.0,5.1,1.4,9.5,13.4,10.8,ok
20260505,04,4,5.4,5.8,2.1,4.2,5.0,12.9,ok
20260505,04,5,8.5,1.3,5.7,8.6,30.0,5.8,ok
20260505,04,6,3.6,2.4,5.0,8.1,7.0,5.1,ok
20260505,04,7,2.7,4.8,1.8,18.3,9.4,14.3,ok
20260505,04,8,1.6,10.9,8.5,3.0,10.9,10.5,ok
20260505,04,9,1.7,4.8,8.2,8.0,4.5,11.0,ok
20260505,04,10,2.2,3.2,7.5,4.8,6.1,13.1,ok
20260505,04,11,1.0,37.6,78.2,18.1,72.6,59.8,ok
20260505,04,12,1.3,5.9,5.4,10.7,11.5,23.0,ok
20260505,06,1,1.4,3.4,5.5,20.1,10.0,33.5,ok
20260505,06,3,3.9,1.5,6.5,9.6,12.7,12.7,ok
20260505,06,4,1.1,9.7,4.9,16.7,20.5,30.7,ok
20260505,06,5,2.0,1.7,11.1,78.0,39.0,7.0,ok
20260505,06,6,4.6,5.5,1.3,13.7,24.5,9.1,ok
20260505,06,7,1.9,123.3,1.7,6.0,30.8,41.1,ok
20260505,06,8,1.4,9.9,4.9,3.9,33.2,24.9,ok
20260505,06,9,2.0,2.0,4.9,11.6,23.3,38.9,ok
20260505,06,10,1.5,30.7,2.3,15.3,6.8,30.7,ok
20260505,06,11,1.3,13.0,3.5,9.7,11.1,26.0,ok
20260505,06,12,1.4,9.0,3.4,16.0,12.9,10.4,ok
20260505,07,1,1.6,9.5,3.1,28.5,5.1,11.4,ok
20260505,07,2,1.5,6.3,12.6,3.1,15.1,18.9,ok
20260505,07,3,1.0,5.0,37.6,13.8,21.9,14.6,ok
20260505,07,5,1.1,8.4,17.1,13.1,5.9,30.4,ok
20260505,07,6,1.2,7.0,3.6,18.7,28.1,28.1,ok
20260505,07,7,2.0,15.7,1.8,5.4,60.3,60.3,ok
20260505,07,8,1.3,20.9,3.3,29.8,7.7,16.0,ok
20260505,07,9,1.0,6.4,13.2,21.8,26.4,25.1,ok
20260505,07,10,1.0,6.8,15.9,26.6,37.2,21.4,ok
20260505,07,11,1.0,9.6,14.7,20.0,46.8,25.5,ok
20260505,07,12,1.2,15.2,11.0,5.8,5.4,23.1,ok
20260505,08,2,3.8,3.0,3.4,10.7,3.6,11.4,ok
20260505,08,3,2.8,4.2,3.6,11.7,4.1,6.7,ok
20260505,08,4,4.3,7.2,1.9,5.8,6.6,7.2,ok
20260505,08,5,1.4,7.6,9.1,22.8,3.0,27.4,ok
20260505,08,6,1.6,9.0,8.0,9.6,2.8,36.1,ok
20260505,08,8,2.9,20.4,2.9,16.3,4.5,3.1,ok
20260505,08,9,2.9,1.4,18.5,9.6,13.0,12.3,ok
20260505,08,10,1.2,6.2,4.6,19.2,12.4,26.5,ok
20260505,08,11,3.0,1.7,19.8,2.9,79.5,26.5,ok
20260505,08,12,2.7,7.2,4.2,2.6,9.1,9.1,ok
20260505,09,1,1.0,18.3,8.1,6.6,36.7,36.7,ok
20260505,09,3,1.9,5.5,5.8,2.3,35.0,35.0,ok
20260505,09,5,2.7,16.5,16.5,11.0,1.5,11.0,ok
20260505,09,9,1.2,7.2,5.4,21.7,7.2,21.7,ok
20260505,09,10,1.7,4.0,3.4,10.6,19.2,13.7,ok
20260505,09,11,1.4,3.7,5.6,11.7,14.0,42.1,ok
20260505,09,12,1.4,7.1,8.0,6.5,7.6,8.6,ok
20260505,10,1,1.0,16.0,20.0,7.0,48.0,24.0,ok
20260505,10,2,1.3,2.2,14.8,14.8,39.5,118.5,ok
20260505,10,3,1.3,13.7,3.9,6.4,16.0,16.0,ok
20260505,10,4,3.2,15.4,7.0,9.1,7.0,1.7,ok
20260505,10,5,1.4,4.0,4.8,8.7,32.0,24.0,ok
20260505,10,6,5.7,2.6,21.8,3.4,3.2,7.2,ok
20260505,10,8,3.8,2.9,3.2,30.1,3.2,10.6,ok
20260505,10,10,1.7,3.8,5.3,28.5,3.8,42.7,ok
20260505,10,12,1.1,2.6,48.7,27.8,195.0,65.0,ok
20260505,11,4,4.2,10.6,6.3,5.3,1.6,15.9,ok
20260505,11,5,1.5,9.8,5.5,15.9,15.9,3.6,ok
20260505,11,6,2.0,5.9,5.9,5.3,3.8,16.0,ok
20260505,11,8,2.5,9.1,4.9,2.6,5.7,12.7,ok
20260505,11,9,1.0,33.3,11.1,16.6,16.6,22.2,ok
20260505,11,10,1.8,5.1,3.7,5.9,16.0,11.2,ok
20260505,11,11,1.2,6.0,6.3,12.1,8.9,33.3,ok
20260505,11,12,1.1,7.0,7.7,17.0,8.5,24.3,ok
20260505,12,1,1.5,3.2,7.8,8.5,29.2,8.5,ok
20260505,12,2,2.8,2.7,3.7,8.2,4.8,49.6,ok
20260505,12,3,3.2,3.1,3.1,11.8,18.5,3.9,ok
20260505,12,4,1.6,6.8,13.6,5.7,10.3,4.1,ok
20260505,12,5,1.5,7.4,10.4,5.0,23.4,4.6,ok
20260505,12,6,1.1,13.7,7.9,10.9,10.0,14.3,ok
20260505,12,7,1.5,4.7,3.0,25.5,18.0,27.8,ok
20260505,12,8,1.5,3.2,6.0,31.3,16.3,8.3,ok
20260505,12,9,1.8,3.3,4.0,9.1,17.4,11.3,ok
20260505,12,10,2.5,6.8,2.1,5.0,10.6,21.3,ok
20260505,12,11,1.2,9.1,16.1,6.0,9.1,13.9,ok
20260505,12,12,1.4,6.0,11.5,3.9,23.5,13.3,ok
20260505,13,1,3.8,98.4,1.0,61.5,49.2,492.0,ok
20260505,13,3,2.0,4.1,6.8,2.6,82.5,16.5,ok
20260505,13,4,1.1,6.0,20.0,20.0,5.6,140.2,ok
20260505,13,5,1.4,5.3,15.9,79.5,5.6,4.9,ok
20260505,13,6,1.3,17.0,12.1,3.2,15.4,13.0,ok
20260505,13,8,1.1,3.8,34.5,34.5,13.8,13.8,ok
20260505,13,9,1.8,2.2,15.1,7.3,11.9,25.2,ok
20260505,13,10,1.5,6.8,2.9,40.8,27.2,7.4,ok
20260505,13,12,1.2,15.0,6.7,6.3,10.0,17.2,ok
20260505,15,1,1.5,7.1,6.6,5.2,6.2,15.6,ok
20260505,15,2,3.7,2.2,3.5,6.4,7.4,18.9,ok
20260505,15,3,5.6,4.4,3.1,1.9,15.1,23.8,ok
20260505,15,4,1.4,9.2,3.9,4.8,16.4,33.9,ok
20260505,15,5,1.6,7.2,3.8,5.4,10.9,22.5,ok
20260505,15,6,1.9,2.4,8.9,7.0,14.6,10.9,ok
20260505,15,7,1.4,8.4,3.2,7.7,18.9,21.8,ok
20260505,15,8,1.3,8.9,6.6,11.8,5.5,24.2,ok
20260505,15,9,1.0,11.0,13.3,13.0,14.5,39.9,ok
20260505,15,10,1.3,3.3,8.1,14.3,17.8,23.6,ok
20260505,15,11,1.2,5.2,7.7,16.5,7.5,18.9,ok
20260505,15,12,1.4,5.9,6.5,5.8,13.6,15.1,ok
20260505,16,1,1.0,34.1,37.0,20.6,22.2,88.8,ok
20260505,16,2,5.2,1.1,10.1,12.1,12.1,24.3,ok
20260505,16,3,2.6,3.4,2.7,8.9,6.8,23.8,ok
20260505,16,4,2.9,6.0,1.8,8.7,16.1,8.7,ok
20260505,16,5,1.2,4.4,13.3,7.4,16.6,66.7,ok
20260505,16,6,7.9,1.3,3.5,34.2,9.3,51.3,ok
20260505,16,7,1.4,16.9,5.6,6.0,5.8,12.6,ok
20260505,16,8,1.3,8.0,9.0,6.0,14.4,9.0,ok
20260505,16,10,2.2,3.0,3.5,16.2,11.5,8.1,ok
20260505,17,2,4.3,1.0,28.0,20.0,15.5,46.7,ok
20260505,17,3,1.2,12.9,12.9,3.4,12.9,25.8,ok
20260505,17,4,1.2,5.8,20.6,15.4,5.3,30.9,ok
20260505,17,5,1.3,78.0,5.5,3.2,26.0,26.0,ok
20260505,17,6,1.0,13.5,54.0,18.0,6.3,10.8,ok
20260505,17,7,1.4,72.0,2.5,24.0,36.0,6.5,ok
20260505,17,8,1.2,7.7,6.3,15.4,13.5,9.8,ok
20260505,17,9,1.0,68.2,21.0,16.0,68.2,18.2,ok
20260505,17,11,2.0,15.1,4.2,3.7,11.3,5.4,ok
20260505,17,12,1.1,5.7,12.8,15.3,28.3,10.5,ok
20260505,18,1,1.3,18.2,8.4,3.0,21.9,43.8,ok
20260505,18,3,1.0,18.1,29.5,11.2,59.0,5.1,ok
20260505,18,4,1.0,6.4,11.3,24.1,96.7,96.7,ok
20260505,18,5,2.7,3.6,5.2,2.9,10.5,13.1,ok
20260505,18,6,8.7,1.0,10.5,33.5,28.7,15.4,ok
20260505,18,7,2.5,48.0,2.5,10.6,2.5,19.2,ok
20260505,18,9,1.6,24.0,2.0,12.0,48.0,12.0,ok
20260505,18,10,1.7,1.9,13.3,33.3,9.5,26.7,ok
20260505,18,12,1.2,7.1,6.1,5.3,42.7,42.7,ok
20260505,20,1,2.6,18.4,4.1,2.6,4.3,21.8,ok
20260505,20,2,2.2,3.8,9.6,19.2,3.2,6.4,ok
20260505,20,3,1.5,4.2,5.7,10.5,63.0,6.3,ok
20260505,20,4,1.6,4.6,3.8,9.3,7.7,46.5,ok
20260505,20,5,1.1,5.5,16.6,6.0,22.2,33.3,ok
20260505,20,6,1.0,20.1,24.1,30.1,20.1,5.2,ok
20260505,20,7,1.2,10.8,7.6,6.5,10.0,14.5,ok
20260505,20,8,2.2,3.3,3.7,6.9,11.1,11.1,ok
20260505,20,9,1.1,5.3,11.9,9.4,11.4,91.7,ok
20260505,20,10,1.4,3.5,5.7,14.3,14.3,17.2,ok
20260505,20,12,1.2,8.3,6.5,21.5,5.3,25.1,ok
20260505,23,1,1.0,20.1,6.9,7.7,25.1,25.1,ok
20260505,23,2,1.0,14.5,13.4,29.1,19.4,34.9,ok
20260505,23,3,1.3,13.8,8.0,2.8,62.4,83.2,ok
20260505,23,4,2.3,3.0,7.7,7.9,10.2,4.4,ok
20260505,23,5,2.6,6.1,5.0,11.3,12.7,2.3,ok
20260505,23,6,1.9,14.0,8.1,8.4,18.1,2.2,ok
20260505,23,7,4.0,62.3,18.1,19.8,8.9,1.1,ok
20260505,23,8,4.9,2.9,34.6,34.6,69.3,1.3,ok
20260505,23,9,2.1,3.9,5.6,4.1,7.9,13.2,ok
20260505,23,11,1.3,10.9,5.9,4.3,19.2,38.4,ok
20260505,23,12,1.1,7.0,6.6,9.0,33.0,41.2,ok
20260505,06,2,2.3,2.3,11.7,4.3,6.1,,part
20260505,07,4,1.0,7.7,14.4,5.3,33.7,,part
20260505,08,1,1.0,52.5,17.5,105.0,52.5,,part
20260505,08,7,3.1,38.0,2.5,4.7,2.5,,part
20260505,09,2,2.6,5.5,14.1,1.4,49.5,,part
20260505,09,4,3.3,22.2,133.5,1.3,4.6,,part
20260505,09,6,1.3,4.4,9.7,4.4,,53.6,part
20260505,09,7,1.2,8.9,9.4,3.0,,,part
20260505,09,8,1.3,13.5,20.2,2.2,40.5,,part
20260505,10,7,1.1,,6.9,5.3,32.2,9.6,part
20260505,10,9,6.3,2.5,1.8,7.5,8.4,,part
20260505,10,11,3.5,4.6,3.2,2.3,9.7,,part
20260505,11,1,1.0,38.2,5.4,19.1,,19.1,part
20260505,11,2,1.0,13.3,49.0,10.5,147.0,,part
20260505,11,3,1.4,4.9,3.8,,6.1,49.5,part
20260505,11,7,3.7,67.8,19.3,22.6,,1.0,part
20260505,13,2,4.3,3.0,1.7,5.2,,52.5,part
20260505,13,7,2.0,12.4,2.7,4.7,5.1,,part
20260505,13,11,1.1,18.8,4.5,24.0,8.2,,part
20260505,16,9,2.6,1.3,,,5.9,21.7,part
20260505,16,11,1.0,,3.6,7.3,,,part
20260505,16,12,1.0,20.5,12.5,24.0,24.0,,part
20260505,17,1,1.2,10.7,4.1,6.6,14.3,,part
20260505,17,10,1.7,3.7,2.3,,30.0,22.5,part
20260505,18,2,1.3,5.5,10.6,3.6,16.0,,part
20260505,18,8,1.4,4.3,5.8,6.3,,11.6,part
20260505,18,11,3.2,4.1,2.8,2.8,10.7,,part
20260505,20,11,1.0,8.3,14.5,6.2,24.9,,part
20260505,23,10,1.1,6.0,4.0,36.2,,253.5,part
20260506,01,1,1.9,4.7,5.3,5.3,7.5,10.0,ok
20260506,01,3,1.6,6.7,3.5,5.5,15.1,20.2,ok
20260506,01,4,1.5,5.6,7.0,12.0,16.8,4.2,ok
20260506,01,5,1.0,31.7,29.7,15.8,20.7,18.3,ok
20260506,01,6,2.0,8.9,5.5,8.5,13.7,2.7,ok
20260506,01,7,1.0,15.2,17.2,18.9,30.5,26.5,ok
20260506,01,8,1.2,12.4,13.6,20.1,3.6,26.3,ok
20260506,01,9,1.3,8.4,7.3,4.0,15.4,19.9,ok
20260506,01,10,1.3,8.8,22.8,2.9,22.8,27.4,ok
20260506,01,11,1.8,2.2,8.4,10.5,12.9,14.9,ok
20260506,01,12,1.2,6.7,14.4,12.1,6.8,17.0,ok
20260506,02,1,2.0,25.0,1.6,17.8,8.3,125.2,ok
20260506,02,2,6.3,1.4,5.1,9.3,6.6,69.7,ok
20260506,02,3,1.2,4.6,5.8,20.4,19.0,25.9,ok
20260506,02,4,1.0,4.7,19.5,18.2,30.3,39.0,ok
20260506,02,5,1.1,7.2,9.0,6.8,48.2,48.2,ok
20260506,02,6,6.4,2.8,1.9,4.0,37.3,23.3,ok
20260506,02,7,1.3,5.6,3.1,23.3,27.1,54.3,ok
20260506,02,8,5.8,15.8,9.2,4.3,39.6,1.3,ok
20260506,02,9,1.6,5.6,10.6,9.6,10.6,3.7,ok
20260506,02,10,2.3,2.5,5.9,4.8,11.1,23.1,ok
20260506,02,11,1.8,6.6,2.4,10.5,11.3,31.5,ok
20260506,02,12,2.5,14.8,7.9,3.5,2.3,22.5,ok
20260506,04,1,1.9,10.8,2.6,8.0,8.3,10.2,ok
20260506,04,2,1.0,21.2,4.6,28.3,15.4,18.9,ok
20260506,04,3,3.0,1.4,8.7,12.4,11.2,59.2,ok
20260506,04,4,1.9,2.5,5.7,11.5,30.1,7.9,ok
20260506,04,5,8.9,2.8,3.1,35.6,2.4,9.7,ok
20260506,04,6,3.5,2.2,4.9,20.3,9.6,3.9,ok
20260506,04,7,1.7,2.0,23.8,6.3,15.3,214.5,ok
20260506,04,8,2.2,2.1,9.1,4.5,16.0,34.1,ok
20260506,04,9,1.1,5.6,13.1,30.5,10.5,10.5,ok
20260506,04,10,1.7,4.5,3.6,7.1,19.6,13.1,ok
20260506,04,11,1.6,7.1,5.2,5.5,8.6,12.2,ok
20260506,04,12,2.1,4.7,2.5,16.1,11.2,9.9,ok
20260506,05,1,2.0,9.0,8.6,2.2,6.4,69.0,ok
20260506,05,2,2.7,3.1,9.9,2.3,12.9,25.9,ok
20260506,05,3,1.3,8.1,7.1,4.7,10.3,38.0,ok
20260506,05,4,2.6,1.4,49.8,12.4,7.1,99.7,ok
20260506,05,5,1.9,2.9,14.2,3.3,20.5,18.5,ok
20260506,05,6,4.9,1.7,5.4,11.5,52.1,3.4,ok
20260506,05,7,3.2,1.7,10.7,3.1,27.9,69.7,ok
20260506,05,8,1.4,13.0,2.8,10.4,26.0,13.0,ok
20260506,05,9,2.9,14.2,10.6,3.2,3.7,3.8,ok
20260506,05,10,2.4,53.8,8.6,10.7,1.6,12.8,ok
20260506,05,11,1.5,8.4,7.7,5.7,6.5,8.0,ok
20260506,05,12,1.4,7.5,6.8,8.1,8.3,9.2,ok
20260506,06,1,11.7,1.1,6.0,7.3,25.1,25.1,ok
20260506,06,2,2.2,4.0,4.7,4.0,7.1,19.0,ok
20260506,06,3,1.7,3.1,17.0,22.7,3.5,27.3,ok
20260506,06,4,1.0,11.1,10.0,15.4,20.1,13.4,ok
20260506,06,5,11.0,1.6,5.8,3.7,26.8,6.2,ok
20260506,06,6,2.9,1.3,26.0,8.6,19.5,17.3,ok
20260506,06,7,1.8,7.9,3.5,16.8,4.7,8.9,ok
20260506,06,8,1.1,12.9,11.9,4.5,31.0,19.4,ok
20260506,06,9,1.6,6.4,5.5,7.7,14.4,4.8,ok
20260506,06,10,1.9,2.8,5.6,10.7,9.6,10.7,ok
20260506,06,11,1.1,14.3,14.3,12.7,5.7,16.3,ok
20260506,06,12,1.0,7.7,11.4,12.8,31.1,13.6,ok
20260506,07,1,1.9,7.1,2.3,7.1,23.7,14.2,ok
20260506,07,2,2.2,1.7,14.1,19.8,11.0,12.3,ok
20260506,07,3,1.3,13.6,13.6,18.2,3.2,18.2,ok
20260506,07,4,1.9,16.9,1.7,10.7,23.7,16.9,ok
20260506,07,5,1.5,7.2,9.6,57.7,2.5,57.7,ok
20260506,07,6,1.2,24.5,6.1,7.3,73.5,5.6,ok
20260506,07,7,1.2,24.7,7.4,4.9,24.7,7.4,ok
20260506,07,8,1.0,20.7,20.0,38.8,16.6,26.4,ok
20260506,07,9,1.1,14.9,8.6,5.6,27.3,13.6,ok
20260506,07,10,1.0,10.2,20.8,5.4,29.8,31.2,ok
20260506,07,11,1.0,8.1,13.1,11.6,13.4,128.0,ok
20260506,07,12,1.1,8.9,28.2,3.5,24.5,34.3,ok
20260506,08,2,2.7,4.7,5.5,4.1,4.4,9.4,ok
20260506,08,3,2.4,18.5,4.1,4.8,10.8,3.0,ok
20260506,08,4,1.9,6.2,3.1,28.1,3.5,56.2,ok
20260506,08,7,2.9,4.1,12.4,62.2,1.5,31.1,ok
20260506,08,8,4.6,2.9,16.0,112.5,1.6,8.6,ok
20260506,08,9,1.6,16.1,3.0,10.7,4.6,64.5,ok
20260506,08,10,1.7,22.0,12.2,1.9,15.7,18.3,ok
20260506,08,11,1.0,21.7,6.6,29.0,29.0,17.4,ok
20260506,08,12,1.0,8.0,7.0,21.0,13.1,35.0,ok
20260506,09,1,1.3,4.0,10.1,15.1,6.7,30.3,ok
20260506,09,2,1.7,4.1,7.1,5.5,5.0,50.2,ok
20260506,09,3,1.2,3.2,9.7,14.6,29.2,29.2,ok
20260506,09,4,1.3,4.1,6.7,6.0,54.0,54.0,ok
20260506,09,5,1.3,3.3,28.1,11.2,18.7,9.3,ok
20260506,09,6,1.0,12.0,30.0,10.0,12.0,15.0,ok
20260506,09,7,1.5,10.1,2.8,8.6,15.1,20.2,ok
20260506,09,8,1.0,8.2,9.0,18.1,9.0,90.7,ok
20260506,09,9,1.0,12.5,9.3,12.5,37.5,9.3,ok
20260506,09,11,1.6,2.9,6.9,7.6,14.5,26.6,ok
20260506,09,12,1.1,7.3,9.8,7.5,18.3,17.1,ok
20260506,10,1,1.5,5.2,4.3,9.5,8.0,35.0,ok
20260506,10,2,1.2,7.5,20.3,3.3,33.8,40.6,ok
20260506,10,3,1.7,5.0,2.8,22.2,6.9,55.5,ok
20260506,10,4,1.2,18.4,7.5,43.0,4.0,21.5,ok
20260506,10,5,5.3,10.6,16.0,3.1,2.9,3.0,ok
20260506,10,6,1.5,11.0,3.7,14.6,6.9,7.7,ok
20260506,10,7,1.8,16.3,20.4,4.8,11.6,2.5,ok
20260506,10,8,1.0,5.3,9.0,18.6,18.6,65.4,ok
20260506,10,9,1.3,17.8,3.2,15.6,11.3,17.8,ok
20260506,10,11,1.4,7.7,8.6,18.4,16.4,3.3,ok
20260506,10,12,1.3,2.9,12.5,11.5,15.0,21.5,ok
20260506,11,1,1.2,20.5,3.2,8.7,61.5,30.7,ok
20260506,11,2,1.0,8.1,10.8,16.3,32.6,16.3,ok
20260506,11,3,1.4,5.6,7.1,6.2,10.6,21.3,ok
20260506,11,4,1.1,10.5,14.0,5.6,21.0,28.0,ok
20260506,11,6,1.1,5.0,7.5,12.5,25.0,25.0,ok
20260506,11,7,1.0,10.1,17.3,12.1,15.1,30.3,ok
20260506,11,8,1.6,7.0,5.7,7.8,7.8,6.3,ok
20260506,11,9,4.6,42.0,1.9,25.9,1.8,168.3,ok
20260506,11,10,1.7,6.4,7.5,2.4,14.3,64.5,ok
20260506,11,11,1.0,22.8,16.5,14.8,14.8,22.8,ok
20260506,11,12,1.5,6.7,4.5,4.6,19.2,15.9,ok
20260506,12,1,2.1,8.4,4.6,6.0,3.5,14.0,ok
20260506,12,3,2.0,1.8,7.6,8.7,24.6,41.0,ok
20260506,12,4,1.9,3.4,17.1,2.9,7.7,85.5,ok
20260506,12,5,1.0,33.2,42.7,37.4,99.7,18.7,ok
20260506,12,6,1.3,3.2,29.0,5.5,11.6,96.7,ok
20260506,12,7,1.2,15.3,2.7,30.7,17.0,30.7,ok
20260506,12,8,1.4,2.9,15.3,6.3,10.2,215.2,ok
20260506,12,9,1.0,29.0,5.7,10.1,50.8,33.8,ok
20260506,12,10,1.0,10.7,7.6,14.0,14.0,64.5,ok
20260506,12,11,1.0,6.2,8.1,9.4,49.5,74.3,ok
20260506,12,12,1.1,17.5,8.2,7.0,15.5,23.3,ok
20260506,13,1,2.2,3.7,2.7,16.8,7.1,15.2,ok
20260506,13,2,2.6,1.9,6.7,6.4,16.2,11.5,ok
20260506,13,3,4.4,2.5,11.2,3.2,5.4,7.6,ok
20260506,13,5,1.7,11.5,3.1,3.4,63.7,21.2,ok
20260506,13,6,1.4,6.6,19.4,3.9,7.1,14.2,ok
20260506,13,7,1.9,5.9,5.6,4.2,6.7,11.2,ok
20260506,13,8,1.1,23.8,29.8,5.8,26.5,5.5,ok
20260506,13,9,1.1,5.5,16.6,13.6,8.8,37.5,ok
20260506,13,10,1.9,7.0,2.1,25.4,28.2,6.5,ok
20260506,13,11,1.4,2.9,8.5,28.3,21.2,11.3,ok
20260506,13,12,1.0,12.1,12.6,12.1,18.9,43.2,ok
20260506,15,1,1.4,8.8,3.1,18.6,16.1,9.5,ok
20260506,15,2,2.4,4.4,3.3,4.3,9.6,13.1,ok
20260506,15,3,3.3,1.8,6.1,10.8,10.8,7.2,ok
20260506,15,4,1.8,3.2,13.7,8.8,5.0,9.1,ok
20260506,15,5,3.6,2.9,1.9,13.1,24.8,12.1,ok
20260506,15,6,2.3,7.2,2.9,3.3,10.2,29.2,ok
20260506,15,7,1.7,2.5,24.2,7.3,9.2,13.2,ok
20260506,15,8,1.4,5.1,12.4,4.5,12.1,13.8,ok
20260506,15,9,2.0,5.1,7.6,10.5,2.7,18.5,ok
20260506,15,10,1.2,6.5,8.0,11.2,8.2,23.3,ok
20260506,15,11,1.3,7.8,7.5,4.7,10.8,29.3,ok
20260506,15,12,1.5,3.0,9.3,9.3,9.6,40.2,ok
20260506,16,1,2.1,5.8,4.9,3.5,7.1,12.9,ok
20260506,16,2,1.6,2.4,5.9,11.2,14.6,190.5,ok
20260506,16,3,1.2,14.8,14.8,19.7,11.8,4.2,ok
20260506,16,4,1.5,5.9,6.8,6.8,15.8,6.3,ok
20260506,16,5,1.5,8.0,2.9,12.0,8.0,48.0,ok
20260506,16,6,2.0,8.5,4.5,4.9,3.9,21.2,ok
20260506,16,7,1.3,13.1,15.3,15.3,18.4,3.0,ok
20260506,16,8,1.5,3.6,8.9,10.9,16.3,6.1,ok
20260506,16,9,1.1,12.0,11.1,6.0,14.1,17.3,ok
20260506,16,10,1.2,7.1,10.6,8.2,8.2,24.8,ok
20260506,16,11,1.1,10.6,8.5,9.5,11.4,19.0,ok
20260506,16,12,1.0,5.3,10.6,23.0,23.0,69.0,ok
20260506,18,1,1.3,8.6,7.0,8.0,14.0,6.6,ok
20260506,18,2,1.0,33.5,13.8,46.9,13.8,234.7,ok
20260506,18,3,1.4,14.4,2.6,14.4,12.8,19.2,ok
20260506,18,4,1.0,10.7,22.5,15.0,15.0,28.1,ok
20260506,18,5,3.1,6.0,1.5,8.6,25.8,20.7,ok
20260506,18,6,2.3,2.1,17.7,3.1,22.8,39.9,ok
20260506,18,7,3.6,1.1,20.6,46.5,37.2,13.2,ok
20260506,18,8,1.7,2.4,14.7,6.7,10.8,20.2,ok
20260506,18,9,1.4,8.1,8.7,3.1,30.5,15.2,ok
20260506,18,10,2.5,1.3,28.9,17.3,32.5,16.2,ok
20260506,18,11,1.4,32.6,3.6,3.4,65.2,32.6,ok
20260506,18,12,1.1,11.1,7.4,6.6,,8.3,ok
20260506,20,1,1.3,12.7,8.5,4.6,8.5,12.7,ok
20260506,20,3,3.4,2.7,11.0,3.4,11.0,4.7,ok
20260506,20,4,1.3,7.3,11.7,3.2,29.2,29.2,ok
20260506,20,5,1.1,6.1,9.9,9.9,12.3,24.7,ok
20260506,20,7,1.1,13.0,6.5,7.4,14.8,20.8,ok
20260506,20,8,1.5,6.6,5.6,5.1,14.9,9.9,ok
20260506,20,9,1.3,13.9,3.0,7.6,25.5,38.2,ok
20260506,20,10,1.1,3.9,14.9,9.5,134.2,44.7,ok
20260506,20,11,1.5,2.8,6.5,10.4,26.0,20.8,ok
20260506,20,12,1.3,11.4,3.9,6.6,12.7,36.2,ok
20260506,21,1,1.7,13.5,7.7,2.1,18.4,22.5,ok
20260506,21,2,2.1,7.4,15.4,1.6,26.4,30.8,ok
20260506,21,3,1.3,10.6,3.1,7.5,22.1,88.5,ok
20260506,21,4,1.0,12.5,16.1,4.9,21.5,387.7,ok
20260506,21,5,1.8,13.0,3.6,3.2,21.7,13.0,ok
20260506,21,6,2.7,13.1,6.7,5.0,16.0,2.0,ok
20260506,21,7,1.3,3.2,9.2,14.8,14.8,37.1,ok
20260506,21,8,2.8,1.3,9.3,8.9,187.5,187.5,ok
20260506,21,10,1.4,13.3,7.6,7.6,4.4,13.3,ok
20260506,21,11,1.0,36.1,20.6,24.1,20.6,12.0,ok
20260506,21,12,1.7,3.0,3.0,19.5,29.3,32.5,ok
20260506,23,1,1.0,18.3,8.4,18.3,15.7,13.7,ok
20260506,23,2,1.8,1.8,12.9,9.1,43.9,36.6,ok
20260506,23,3,1.4,8.9,4.4,4.0,,25.5,ok
20260506,23,4,1.4,4.8,8.2,8.5,55.8,5.1,ok
20260506,23,5,2.1,11.0,16.5,8.2,1.7,33.0,ok
20260506,23,6,2.1,4.0,5.0,16.2,6.7,4.5,ok
20260506,23,7,2.5,5.8,4.3,11.6,2.4,20.4,ok
20260506,23,8,1.0,8.6,8.3,9.3,19.5,46.9,ok
20260506,23,9,2.3,1.6,,5.1,16.9,26.6,ok
20260506,23,10,1.7,4.6,37.0,3.7,4.1,46.3,ok
20260506,23,11,1.4,2.5,6.3,20.1,60.3,40.2,ok
20260506,23,12,1.0,10.3,10.1,12.3,12.6,14.5,ok
20260506,01,2,1.8,1.8,6.5,12.0,,28.8,part
20260506,08,1,1.0,10.0,6.0,10.0,,60.0,part
20260506,08,5,1.5,22.5,3.2,,3.2,,part
20260506,08,6,1.2,48.7,5.4,,3.4,24.3,part
20260506,09,10,1.5,8.6,10.3,6.9,2.9,,part
20260506,10,10,1.6,3.3,3.9,7.1,17.8,,part
20260506,11,5,1.5,9.1,27.4,2.0,34.3,,part
20260506,12,2,2.4,4.3,2.6,3.4,,34.5,part
20260506,13,4,1.8,4.9,23.2,2.0,23.2,,part
20260506,20,2,1.0,15.1,30.3,30.3,30.3,,part
20260506,20,6,1.9,3.6,2.8,25.8,,5.7,part
20260506,21,9,1.1,8.0,10.7,5.6,19.3,,part
20260507,04,1,2.9,2.4,3.4,6.3,10.7,24.6,ok
20260507,04,2,3.8,2.3,10.9,3.5,3.8,87.7,ok
20260507,04,3,2.1,5.0,4.7,3.1,8.6,47.6,ok
20260507,04,4,1.2,8.9,6.7,35.7,3.9,53.6,ok
20260507,04,5,2.4,4.0,6.2,4.0,23.3,4.4,ok
20260507,04,6,3.6,6.9,2.4,7.5,6.9,4.5,ok
20260507,04,7,1.6,3.4,7.8,12.2,13.4,6.1,ok
20260507,04,8,1.2,12.4,6.2,4.4,15.5,31.1,ok
20260507,04,9,1.5,4.5,10.2,7.3,4.9,44.2,ok
20260507,04,10,1.4,4.2,5.0,19.6,26.1,9.8,ok
20260507,04,11,1.3,2.8,14.5,13.3,26.6,15.9,ok
20260507,04,12,1.0,17.1,8.9,18.9,13.8,21.1,ok
20260507,05,1,5.3,1.8,2.8,42.7,4.7,42.7,ok
20260507,05,2,3.6,7.0,2.1,7.0,5.9,7.0,ok
20260507,05,3,5.0,8.8,1.3,5.0,20.9,41.8,ok
20260507,05,4,2.0,17.0,6.0,2.3,9.2,14.5,ok
20260507,05,5,1.9,5.6,2.2,11.2,22.5,13.5,ok
20260507,05,6,1.9,7.0,11.5,2.7,8.3,8.3,ok
20260507,05,7,4.4,7.3,3.4,6.6,1.9,44.2,ok
20260507,05,8,1.5,5.5,14.7,16.2,3.4,11.5,ok
20260507,05,9,1.0,26.0,9.7,78.0,11.1,39.0,ok
20260507,05,10,2.2,27.0,2.0,10.8,9.0,6.7,ok
20260507,05,11,1.0,8.7,20.5,17.5,17.5,24.6,ok
20260507,05,12,1.4,4.4,16.2,4.1,16.2,22.3,ok
20260507,06,1,1.4,3.9,7.9,7.9,14.2,11.8,ok
20260507,06,2,1.8,2.5,7.2,17.6,24.7,6.1,ok
20260507,06,3,2.6,5.4,8.4,1.7,13.9,48.7,ok
20260507,06,4,1.1,13.4,8.2,10.7,7.1,21.4,ok
20260507,06,5,1.2,12.9,18.4,11.7,5.6,6.4,ok
20260507,06,6,1.5,22.1,4.3,44.2,19.6,3.0,ok
20260507,06,7,1.4,7.0,3.9,16.5,19.8,7.0,ok
20260507,06,8,1.7,10.3,2.7,4.4,21.6,19.8,ok
20260507,06,9,1.2,7.8,12.7,7.8,14.5,10.2,ok
20260507,06,10,1.4,5.5,8.4,8.0,5.3,20.0,ok
20260507,06,11,1.0,11.5,6.8,14.6,16.8,19.9,ok
20260507,06,12,1.0,9.0,22.5,5.2,18.0,45.0,ok
20260507,08,1,1.1,14.3,5.3,17.2,14.3,14.3,ok
20260507,08,2,1.0,35.1,15.6,4.2,46.8,56.2,ok
20260507,08,3,1.2,8.8,12.6,4.9,17.7,9.8,ok
20260507,08,5,1.6,27.0,20.2,1.6,81.0,27.0,ok
20260507,08,7,1.6,2.3,13.5,6.7,27.0,27.0,ok
20260507,08,10,1.3,5.9,7.6,5.1,20.0,22.9,ok
20260507,08,12,1.6,4.0,4.0,8.9,16.0,26.7,ok
20260507,10,1,1.1,5.5,23.8,21.8,6.2,16.4,ok
20260507,10,2,1.3,3.4,6.8,20.6,41.2,16.5,ok
20260507,10,3,1.9,40.5,10.6,2.3,18.4,4.6,ok
20260507,10,4,1.4,5.0,3.8,9.8,16.0,44.2,ok
20260507,10,5,1.2,19.1,8.5,5.1,5.8,76.5,ok
20260507,10,6,1.8,10.2,15.9,5.7,3.8,5.1,ok
20260507,10,7,1.3,3.0,20.8,7.8,18.7,37.5,ok
20260507,10,8,3.2,4.4,1.9,16.0,7.1,11.6,ok
20260507,10,9,1.5,4.8,12.4,7.2,10.8,6.6,ok
20260507,10,10,1.7,3.4,5.9,5.4,12.2,51.9,ok
20260507,10,11,1.5,7.9,5.3,6.3,7.0,10.6,ok
20260507,10,12,1.3,4.7,10.1,7.5,22.5,9.4,ok
20260507,12,2,1.6,15.8,3.2,10.0,7.6,7.9,ok
20260507,12,3,1.0,20.1,45.3,36.3,22.6,13.9,ok
20260507,12,4,2.5,1.3,21.0,33.6,168.0,11.2,ok
20260507,12,5,1.0,44.2,18.9,22.1,44.2,6.3,ok
20260507,12,6,1.1,4.9,10.2,58.2,7.5,87.3,ok
20260507,12,7,1.2,15.5,7.4,24.4,10.6,5.0,ok
20260507,12,8,1.6,8.4,6.9,4.3,27.1,4.8,ok
20260507,12,9,1.1,6.2,11.4,20.0,11.8,11.4,ok
20260507,12,10,1.0,10.7,6.0,16.1,18.6,44.3,ok
20260507,12,11,1.0,9.1,14.3,15.3,25.5,14.3,ok
20260507,12,12,1.0,14.5,29.0,14.0,24.2,14.5,ok
20260507,13,1,3.1,13.4,1.1,23.8,42.9,71.5,ok
20260507,13,3,1.1,3.6,58.2,13.2,58.2,19.4,ok
20260507,13,4,1.3,4.9,4.3,12.0,13.5,54.0,ok
20260507,13,5,3.4,8.3,4.2,22.8,5.8,2.0,ok
20260507,13,6,1.0,16.7,17.7,8.3,100.7,7.5,ok
20260507,13,7,1.8,12.2,6.5,4.2,8.1,4.9,ok
20260507,13,8,1.2,5.0,8.5,40.5,5.4,54.0,ok
20260507,13,9,1.1,4.5,12.7,28.6,14.3,16.3,ok
20260507,13,10,1.3,5.2,14.0,9.3,7.0,12.0,ok
20260507,13,11,1.6,2.7,19.5,4.3,22.2,26.0,ok
20260507,13,12,1.0,6.3,17.9,17.9,65.7,39.4,ok
20260507,15,1,1.5,6.1,4.4,8.1,10.6,10.6,ok
20260507,15,2,3.6,2.8,6.3,3.5,12.0,5.3,ok
20260507,15,3,2.6,3.2,3.2,8.2,5.7,25.1,ok
20260507,15,4,1.9,7.2,3.2,6.5,5.5,30.4,ok
20260507,15,5,1.0,6.6,12.5,9.7,16.5,34.8,ok
20260507,15,6,2.5,2.8,4.7,5.1,13.4,9.3,ok
20260507,15,7,1.7,9.5,2.5,17.7,9.2,11.2,ok
20260507,15,8,1.5,8.8,9.8,4.3,7.6,10.8,ok
20260507,15,9,1.4,3.9,4.6,9.5,30.6,24.5,ok
20260507,15,10,1.6,4.7,8.5,9.0,7.7,6.7,ok
20260507,15,11,1.2,3.5,19.7,10.2,23.0,17.0,ok
20260507,15,12,1.3,10.3,3.2,11.0,16.4,31.6,ok
20260507,16,1,2.2,3.6,5.8,3.0,24.5,11.3,ok
20260507,16,2,3.9,1.7,5.6,3.7,32.6,26.1,ok
20260507,16,3,2.8,3.2,5.1,15.3,15.3,2.8,ok
20260507,16,4,1.0,7.5,48.7,8.8,32.5,24.3,ok
20260507,16,5,1.9,2.9,11.8,4.9,15.7,7.8,ok
20260507,16,6,1.1,19.2,8.8,4.8,12.8,28.8,ok
20260507,16,7,2.0,10.7,4.3,3.2,6.2,16.9,ok
20260507,16,8,1.3,5.8,4.7,5.3,30.9,61.8,ok
20260507,16,9,1.2,7.3,13.3,4.6,16.3,22.6,ok
20260507,16,10,1.0,9.3,8.4,13.6,19.6,59.0,ok
20260507,16,11,1.1,15.8,10.5,5.7,10.5,18.1,ok
20260507,16,12,1.1,8.0,8.7,5.1,29.0,37.8,ok
20260507,18,1,1.0,10.7,16.8,10.0,13.9,80.2,ok
20260507,18,2,1.1,13.6,41.0,3.6,24.6,41.0,ok
20260507,18,3,1.2,13.8,3.2,18.9,13.1,18.1,ok
20260507,18,4,1.1,4.5,28.7,31.6,13.1,10.2,ok
20260507,18,5,2.3,4.0,4.0,3.7,14.4,12.1,ok
20260507,18,6,2.3,1.2,46.8,41.6,41.6,25.0,ok
20260507,18,7,2.5,7.2,22.5,20.2,1.5,22.5,ok
20260507,18,8,4.7,6.6,12.4,49.8,1.1,99.7,ok
20260507,18,9,3.1,3.6,8.4,2.2,14.4,10.1,ok
20260507,18,10,1.8,4.8,2.4,22.7,34.1,8.5,ok
20260507,18,12,1.0,18.4,8.7,14.1,36.9,61.5,ok
20260507,21,1,1.1,8.3,8.1,9.1,15.8,13.6,ok
20260507,21,2,1.2,11.6,50.5,3.1,17.8,25.2,ok
20260507,21,3,1.8,11.1,5.6,2.2,12.0,75.1,ok
20260507,21,4,1.6,17.5,1.7,24.3,35.1,26.3,ok
20260507,21,5,1.3,16.2,6.4,3.8,10.1,60.9,ok
20260507,21,6,2.0,3.0,3.8,20.7,13.8,6.9,ok
20260507,21,7,1.2,19.3,4.8,5.1,25.7,38.6,ok
20260507,21,8,2.2,10.5,2.4,24.5,3.1,24.5,ok
20260507,21,9,1.3,10.1,3.7,6.7,36.4,16.5,ok
20260507,21,10,1.7,30.6,9.5,2.2,15.3,8.5,ok
20260507,21,11,1.0,54.0,33.7,30.0,108.1,7.8,ok
20260507,21,12,1.0,21.9,4.8,10.3,21.9,35.1,ok
20260507,24,1,2.8,4.6,2.2,4.3,21.7,21.7,ok
20260507,24,4,3.1,7.7,9.3,14.3,1.4,37.2,ok
20260507,24,5,11.5,1.2,2.9,19.7,82.9,37.7,ok
20260507,24,6,1.8,8.7,18.7,2.0,18.7,11.9,ok
20260507,24,7,1.4,3.6,17.0,9.0,13.5,9.1,ok
20260507,24,8,1.5,8.1,21.6,4.0,4.0,34.4,ok
20260507,24,9,1.0,11.8,10.4,8.6,34.5,12.1,ok
20260507,24,10,1.2,6.0,7.2,7.4,25.2,23.4,ok
20260507,24,11,1.8,12.2,2.3,7.9,6.6,63.2,ok
20260507,24,12,1.1,16.9,4.3,19.8,17.8,33.8,ok
20260507,08,4,1.1,9.6,8.4,22.5,,4.8,part
20260507,08,6,1.0,38.0,38.0,12.6,,,part
20260507,08,8,1.4,13.0,52.0,2.1,,12.0,part
20260507,08,9,1.0,7.7,7.7,6.1,,,part
20260507,08,11,1.1,5.2,6.6,8.1,,35.2,part
20260507,12,1,1.6,24.0,2.1,20.0,5.7,,part
20260507,13,2,2.1,4.5,,6.3,2.1,,part
20260507,18,11,2.3,6.5,2.4,10.0,3.9,,part
20260507,24,2,2.0,2.2,3.7,9.7,,48.7,part
20260507,24,3,1.7,2.4,31.6,3.2,94.8,,part
20260508,04,1,2.7,4.2,4.7,4.5,3.5,42.7,ok
20260508,04,2,2.1,4.7,3.5,4.7,6.6,86.2,ok
20260508,04,3,2.7,3.9,3.1,4.2,10.7,13.3,ok
20260508,04,4,5.2,6.8,2.3,4.2,3.0,55.1,ok
20260508,04,5,2.5,8.4,14.0,3.9,2.0,63.0,ok
20260508,04,6,2.9,7.9,6.0,2.1,5.7,17.2,ok
20260508,04,7,1.5,5.2,5.8,6.9,9.9,13.4,ok
20260508,04,8,1.9,4.8,7.4,4.5,4.8,21.0,ok
20260508,04,9,1.2,8.5,42.7,7.7,5.0,13.1,ok
20260508,04,10,1.7,7.9,21.2,3.1,9.5,5.7,ok
20260508,04,11,1.1,4.9,12.3,15.7,57.7,10.8,ok
20260508,04,12,1.5,5.3,3.4,10.9,14.9,17.3,ok
20260508,05,1,1.8,4.7,2.5,9.0,24.7,33.0,ok
20260508,05,2,2.1,15.9,14.3,2.0,5.5,15.9,ok
20260508,05,3,3.2,2.1,3.0,5.3,27.6,69.0,ok
20260508,05,4,1.6,3.5,6.0,15.0,7.1,16.6,ok
20260508,05,5,2.0,3.7,5.1,5.2,13.3,8.7,ok
20260508,05,6,7.6,2.9,1.5,5.7,45.7,45.7,ok
20260508,05,7,8.4,7.0,1.1,21.1,126.7,5.7,ok
20260508,05,9,1.7,32.6,13.0,3.1,7.2,5.4,ok
20260508,05,10,1.5,12.3,8.4,3.0,7.2,26.7,ok
20260508,05,11,2.9,3.7,1.5,24.1,33.7,84.3,ok
20260508,05,12,1.4,6.8,23.8,4.9,17.9,4.9,ok
20260508,06,1,1.3,10.0,10.0,6.0,6.9,12.8,ok
20260508,06,2,2.4,52.1,4.5,3.1,2.8,52.1,ok
20260508,06,3,1.5,27.3,3.0,4.5,68.2,15.1,ok
20260508,06,4,1.0,9.0,16.5,8.2,14.1,49.5,ok
20260508,06,5,2.2,18.9,2.8,4.7,7.2,7.2,ok
20260508,06,6,1.4,29.1,4.1,7.2,5.5,16.1,ok
20260508,06,7,1.1,12.7,12.7,14.0,7.3,8.2,ok
20260508,06,8,1.2,7.6,9.6,3.9,17.0,153.7,ok
20260508,06,9,1.0,13.5,13.5,9.3,13.5,40.5,ok
20260508,06,10,1.9,3.3,3.8,12.8,9.6,11.2,ok
20260508,06,11,1.3,3.2,10.6,7.3,23.4,29.2,ok
20260508,06,12,1.2,6.8,11.3,8.7,12.4,8.7,ok
20260508,08,1,1.1,7.6,14.4,5.5,14.4,144.7,ok
20260508,08,2,2.1,7.2,2.4,12.0,18.0,6.0,ok
20260508,08,3,2.5,4.5,6.2,7.0,5.3,4.3,ok
20260508,08,4,1.7,3.1,14.0,8.1,4.2,98.2,ok
20260508,08,6,1.6,12.1,24.2,3.3,20.7,3.8,ok
20260508,08,7,3.3,3.7,10.9,1.8,98.2,7.0,ok
20260508,08,8,1.7,12.1,12.1,3.6,54.7,3.2,ok
20260508,08,9,1.2,4.4,7.2,8.0,26.7,40.1,ok
20260508,08,10,1.6,9.9,7.3,6.0,4.3,12.1,ok
20260508,08,11,1.5,2.3,8.3,10.1,33.2,58.1,ok
20260508,08,12,1.1,8.5,7.2,7.4,15.1,30.2,ok
20260508,12,1,1.0,14.2,19.4,11.2,17.8,71.2,ok
20260508,12,2,1.3,4.5,4.2,31.2,26.0,26.0,ok
20260508,12,3,1.0,28.1,9.7,12.5,112.5,75.0,ok
20260508,12,5,1.0,19.2,13.8,15.7,43.2,15.7,ok
20260508,12,6,1.0,4.7,15.7,10.5,27.3,58.6,ok
20260508,12,7,1.0,11.0,23.8,6.2,23.8,17.9,ok
20260508,12,8,1.1,8.7,16.9,20.9,4.5,52.4,ok
20260508,12,9,1.0,9.9,13.4,12.3,22.0,8.3,ok
20260508,12,10,1.0,5.8,8.2,34.1,22.7,22.7,ok
20260508,12,11,1.1,6.5,7.8,11.7,17.6,21.1,ok
20260508,12,12,1.1,10.3,10.3,5.8,13.1,44.9,ok
20260508,13,1,3.4,2.2,3.1,4.2,31.1,62.2,ok
20260508,13,2,1.3,6.2,13.5,3.6,14.6,29.2,ok
20260508,13,3,1.2,15.8,19.5,31.6,2.9,42.2,ok
20260508,13,4,1.1,6.8,7.0,7.2,225.7,45.1,ok
20260508,13,5,1.3,12.8,3.0,10.0,23.1,38.5,ok
20260508,13,6,1.1,24.4,2.7,21.1,105.7,39.6,ok
20260508,13,8,1.1,12.9,6.1,8.9,12.9,71.2,ok
20260508,13,9,1.1,10.4,4.4,39.1,9.7,31.3,ok
20260508,13,10,1.3,6.5,9.1,6.2,15.8,8.5,ok
20260508,13,11,1.1,5.6,16.9,7.3,12.9,46.0,ok
20260508,13,12,1.0,9.9,15.4,7.0,49.5,41.2,ok
20260508,14,1,1.2,12.8,6.8,8.5,5.7,115.8,ok
20260508,14,2,3.2,3.5,2.5,17.8,3.6,31.3,ok
20260508,14,3,1.1,4.8,9.2,9.7,20.7,55.2,ok
20260508,14,4,1.2,5.0,13.0,8.5,32.6,7.2,ok
20260508,14,5,1.7,5.6,3.4,4.8,29.2,18.2,ok
20260508,14,6,2.2,1.6,6.1,58.1,29.0,14.5,ok
20260508,14,7,2.1,1.7,8.2,10.7,15.5,139.5,ok
20260508,14,8,7.7,7.9,14.1,1.3,4.9,23.1,ok
20260508,14,9,3.1,21.7,1.2,17.4,14.5,43.5,ok
20260508,14,10,1.7,7.6,2.4,7.6,18.3,45.7,ok
20260508,14,11,1.2,8.4,7.5,6.7,16.8,16.8,ok
20260508,14,12,2.2,9.4,7.0,15.7,5.3,2.5,ok
20260508,15,1,1.7,3.8,12.9,3.9,21.1,9.1,ok
20260508,15,2,2.8,4.7,4.5,2.1,23.7,19.5,ok
20260508,15,3,2.5,2.9,2.7,6.3,51.8,19.4,ok
20260508,15,4,3.2,2.8,17.0,17.6,1.8,30.6,ok
20260508,15,5,1.2,4.6,5.8,15.4,26.4,30.8,ok
20260508,15,6,1.8,6.6,7.6,4.1,6.5,7.8,ok
20260508,15,7,1.3,15.0,20.2,6.0,13.6,4.4,ok
20260508,15,8,1.2,14.6,5.5,5.3,17.1,16.7,ok
20260508,15,9,1.4,10.5,23.2,3.2,10.5,11.3,ok
20260508,15,10,1.3,4.5,12.6,8.0,10.3,12.9,ok
20260508,15,11,1.4,8.1,5.7,8.7,8.3,8.3,ok
20260508,15,12,1.4,10.7,9.8,7.9,7.6,5.2,ok
20260508,18,1,1.0,13.0,7.1,11.7,21.9,18.4,ok
20260508,18,2,1.0,18.4,34.2,48.0,6.1,34.2,ok
20260508,18,3,1.4,14.7,11.3,19.6,58.8,2.3,ok
20260508,18,4,1.0,17.5,19.2,19.2,96.3,21.4,ok
20260508,18,5,2.0,8.1,9.7,12.5,11.1,2.2,ok
20260508,18,6,3.8,3.0,4.6,69.6,1.9,59.6,ok
20260508,18,7,2.5,3.2,2.6,10.5,8.9,25.6,ok
20260508,18,9,1.1,21.1,7.7,10.5,28.2,7.0,ok
20260508,18,10,1.2,4.4,5.5,12.2,14.5,159.7,ok
20260508,18,11,1.7,2.4,3.4,49.0,49.0,49.0,ok
20260508,18,12,1.0,9.2,7.0,18.4,16.4,18.4,ok
20260508,21,1,1.0,14.4,11.3,19.8,5.6,53.0,ok
20260508,21,2,1.0,12.4,29.0,6.9,12.4,87.0,ok
20260508,21,3,1.7,29.3,2.6,13.8,3.9,39.1,ok
20260508,21,4,1.0,23.6,14.1,23.6,17.7,20.2,ok
20260508,21,5,1.4,8.1,22.5,25.7,2.3,90.0,ok
20260508,21,6,7.3,3.5,6.7,18.0,13.8,1.5,ok
20260508,21,7,1.5,7.7,3.1,7.4,14.2,42.7,ok
20260508,21,8,5.6,1.4,10.0,23.3,3.8,15.5,ok
20260508,21,9,1.0,6.8,29.6,22.2,5.2,177.7,ok
20260508,21,10,1.1,11.8,25.7,38.6,5.7,8.1,ok
20260508,21,11,1.3,7.0,5.6,14.0,11.2,11.2,ok
20260508,21,12,1.6,2.7,21.7,10.8,7.6,13.8,ok
20260508,22,1,1.0,33.4,48.2,86.8,22.8,6.2,ok
20260508,22,2,2.2,3.1,3.0,13.7,9.1,16.5,ok
20260508,22,3,2.6,8.0,1.5,5.8,97.1,48.5,ok
20260508,22,4,5.1,3.8,1.3,15.3,38.2,15.3,ok
20260508,22,6,1.9,2.1,9.0,8.3,99.7,9.0,ok
20260508,22,7,2.1,3.2,3.2,7.8,13.6,27.3,ok
20260508,22,8,1.4,8.0,193.5,2.3,14.8,96.7,ok
20260508,22,9,1.2,11.1,8.3,5.9,18.5,11.9,ok
20260508,22,10,1.5,3.1,11.7,6.6,7.2,93.7,ok
20260508,22,11,1.3,10.0,4.4,14.1,8.8,17.6,ok
20260508,22,12,1.1,5.1,6.7,10.3,22.5,135.0,ok
20260508,24,1,2.9,3.5,2.8,9.9,4.7,18.2,ok
20260508,24,2,1.5,4.6,9.2,3.9,18.5,24.7,ok
20260508,24,4,1.1,3.6,25.7,21.0,28.9,13.6,ok
20260508,24,5,2.2,13.3,5.7,1.9,21.6,12.3,ok
20260508,24,6,1.3,33.3,5.5,13.3,13.3,4.4,ok
20260508,24,7,1.5,5.9,18.8,2.9,10.7,56.4,ok
20260508,24,8,1.6,7.0,5.3,26.5,3.0,53.0,ok
20260508,24,9,2.0,36.2,1.4,10.3,31.1,56.1,ok
20260508,24,10,1.1,14.1,8.4,28.2,4.5,36.0,ok
20260508,24,11,1.0,23.3,10.9,35.4,4.8,18.4,ok
20260508,24,12,1.0,10.6,9.5,7.1,28.7,41.0,ok
20260508,05,8,1.7,15.9,3.3,2.6,31.8,,part
20260508,08,5,1.0,36.9,4.7,10.5,,147.7,part
20260508,12,4,1.0,5.4,9.6,,,9.6,part
20260508,13,7,1.1,6.7,4.5,27.0,20.2,,part
20260508,18,8,2.5,24.5,2.2,45.5,2.3,,part
20260508,22,5,2.3,1.6,4.5,13.6,68.2,,part
20260508,24,3,1.5,24.7,6.1,2.4,14.8,,part
20260509,05,1,1.9,12.6,3.0,8.2,6.3,8.2,ok
20260509,05,2,6.7,1.5,10.2,13.0,24.3,3.3,ok
20260509,05,3,1.9,1.9,7.8,9.1,41.2,23.5,ok
20260509,05,4,2.4,5.7,26.0,1.5,31.2,78.0,ok
20260509,05,5,1.8,3.3,15.6,6.2,13.3,5.2,ok
20260509,05,6,1.7,3.8,15.0,5.7,7.0,9.2,ok
20260509,05,7,1.3,5.0,15.9,4.2,22.3,18.6,ok
20260509,05,8,1.3,10.5,5.0,18.0,5.4,21.0,ok
20260509,05,9,1.0,7.3,47.6,9.8,95.2,95.2,ok
20260509,05,10,1.2,6.7,16.0,25.1,4.1,19.5,ok
20260509,05,12,1.1,8.0,10.3,7.6,12.4,33.2,ok
20260509,09,1,1.7,6.8,9.6,2.4,14.5,29.0,ok
20260509,09,2,2.5,2.5,4.8,3.8,14.4,50.6,ok
20260509,09,3,1.3,5.5,5.8,9.3,31.2,10.4,ok
20260509,09,4,3.5,21.9,4.3,1.5,9.3,32.8,ok
20260509,09,5,1.1,4.6,12.9,16.1,21.5,32.2,ok
20260509,09,6,3.2,4.5,1.9,4.7,23.7,29.6,ok
20260509,09,7,2.8,2.8,2.5,14.8,10.6,12.3,ok
20260509,09,8,2.0,2.5,7.7,9.0,6.7,13.5,ok
20260509,09,9,1.8,6.3,4.9,8.8,6.6,5.8,ok
20260509,09,10,1.5,6.3,7.9,3.6,12.7,31.8,ok
20260509,09,11,1.4,8.5,17.1,3.7,5.4,40.0,ok
20260509,09,12,1.1,6.8,12.4,12.4,12.4,13.0,ok
20260509,11,1,2.3,5.5,11.2,5.3,8.7,2.9,ok
20260509,11,2,1.9,5.1,3.9,3.0,24.5,98.2,ok
20260509,11,3,2.5,1.7,10.0,4.7,23.2,43.1,ok
20260509,11,4,1.7,5.5,2.7,12.3,8.6,66.0,ok
20260509,11,5,1.9,7.1,10.7,4.3,5.0,6.6,ok
20260509,11,7,1.8,5.4,5.4,17.1,3.1,34.2,ok
20260509,11,9,1.2,5.0,12.2,11.6,7.5,19.4,ok
20260509,11,10,1.3,12.9,6.4,5.7,5.1,51.7,ok
20260509,11,11,1.1,6.3,30.4,6.9,11.7,76.1,ok
20260509,11,12,1.0,10.0,15.4,21.2,14.1,18.9,ok
20260509,13,1,1.5,12.8,2.3,8.1,16.6,94.5,ok
20260509,13,2,1.2,7.8,9.5,7.1,9.5,28.7,ok
20260509,13,3,1.0,12.0,12.0,7.5,20.0,,ok
20260509,13,4,1.5,11.0,3.2,77.2,3.6,51.5,ok
20260509,13,5,1.1,36.6,9.1,3.4,183.0,20.3,ok
20260509,13,6,1.6,12.9,14.7,1.9,14.7,69.0,ok
20260509,13,7,1.8,7.0,7.8,2.9,13.2,10.6,ok
20260509,13,8,1.1,9.8,7.5,7.8,16.5,88.5,ok
20260509,13,9,1.0,9.0,9.0,9.6,16.0,28.9,ok
20260509,13,10,1.1,7.1,11.8,10.4,13.6,22.2,ok
20260509,13,11,1.0,5.1,11.3,31.8,22.7,159.0,ok
20260509,13,12,1.1,5.5,12.7,14.9,24.0,14.9,ok
20260509,14,1,1.0,17.6,5.1,15.5,33.0,33.0,ok
20260509,14,2,1.7,7.6,4.5,7.1,4.7,19.9,ok
20260509,14,3,1.5,38.8,12.2,15.5,2.0,116.6,ok
20260509,14,4,1.3,11.3,15.8,2.5,17.5,79.1,ok
20260509,14,5,2.4,3.3,2.5,5.5,22.2,111.0,ok
20260509,14,6,1.5,2.2,22.1,8.8,17.7,44.2,ok
20260509,14,7,2.4,4.5,12.8,8.1,2.7,7.5,ok
20260509,14,8,2.6,1.4,10.6,15.9,14.1,18.2,ok
20260509,14,9,1.6,16.7,10.0,8.3,2.7,9.6,ok
20260509,14,10,3.0,1.7,20.4,7.8,3.9,102.0,ok
20260509,14,11,1.8,5.6,8.4,7.9,13.1,3.2,ok
20260509,14,12,1.0,23.4,23.4,11.7,13.3,31.2,ok
20260509,15,1,1.5,4.4,5.6,6.5,12.6,22.1,ok
20260509,15,2,1.3,3.4,9.3,19.8,13.2,21.6,ok
20260509,15,3,1.9,3.7,2.6,20.6,13.5,16.7,ok
20260509,15,4,1.3,11.8,7.8,4.6,10.9,18.9,ok
20260509,15,5,1.3,6.2,11.2,10.1,10.8,7.3,ok
20260509,15,6,2.1,5.1,2.6,5.6,11.0,35.2,ok
20260509,15,7,1.2,16.2,4.2,9.4,22.1,18.4,ok
20260509,15,8,1.2,15.4,3.9,7.4,26.9,31.9,ok
20260509,15,9,1.3,3.9,12.1,9.0,12.9,21.4,ok
20260509,15,10,1.1,5.4,12.7,10.3,12.7,19.9,ok
20260509,15,11,1.7,7.6,25.6,2.3,10.4,16.7,ok
20260509,15,12,1.3,5.5,7.4,6.5,12.0,17.6,ok
20260509,18,1,1.0,17.8,8.6,7.3,18.9,33.6,ok
20260509,18,2,1.2,41.2,2.5,21.3,41.2,12.8,ok
20260509,18,3,1.0,18.9,23.0,16.1,80.6,10.7,ok
20260509,18,4,1.1,2.9,12.4,29.0,43.5,87.0,ok
20260509,18,5,4.7,34.1,113.7,1.0,68.2,13.1,ok
20260509,18,6,1.9,7.4,2.3,5.3,22.2,31.2,ok
20260509,18,7,1.4,4.2,8.9,7.9,6.8,59.1,ok
20260509,18,8,3.7,10.0,15.0,1.2,18.7,18.7,ok
20260509,18,9,1.0,13.0,15.9,7.1,28.6,28.6,ok
20260509,18,10,1.0,21.4,16.3,42.8,24.4,48.9,ok
20260509,18,11,1.0,18.9,11.9,9.4,56.8,56.8,ok
20260509,18,12,1.0,14.1,20.2,8.5,12.8,35.4,ok
20260509,20,1,1.0,5.5,17.5,15.0,21.0,21.0,ok
20260509,20,2,1.4,9.9,9.9,3.6,79.5,6.6,ok
20260509,20,3,1.8,7.9,10.9,9.7,2.3,17.5,ok
20260509,20,4,1.2,24.6,2.8,11.3,73.8,24.6,ok
20260509,20,5,1.1,8.9,35.6,14.5,13.0,5.3,ok
20260509,20,6,1.0,15.9,7.9,15.9,69.0,15.9,ok
20260509,20,7,1.2,61.1,2.4,17.4,40.7,24.4,ok
20260509,20,8,1.1,6.7,8.6,22.6,45.2,6.5,ok
20260509,20,9,2.2,9.4,9.9,10.9,27.2,1.8,ok
20260509,20,10,1.3,4.2,16.7,11.9,11.1,9.2,ok
20260509,20,11,1.1,12.8,6.8,13.7,12.8,14.7,ok
20260509,20,12,1.4,3.1,6.4,19.1,12.1,45.4,ok
20260509,21,1,1.0,10.4,7.3,31.3,15.6,50.1,ok
20260509,21,3,1.2,27.9,2.5,32.6,12.2,48.9,ok
20260509,21,4,1.1,4.1,39.0,8.4,21.6,195.0,ok
20260509,21,5,1.1,12.4,7.6,5.5,24.9,49.8,ok
20260509,21,6,3.0,2.6,4.7,3.6,8.9,30.3,ok
20260509,21,7,1.1,3.4,16.8,17.9,38.4,17.9,ok
20260509,21,8,2.3,2.3,4.4,23.5,70.5,4.8,ok
20260509,21,9,1.3,10.1,4.0,6.7,60.7,15.1,ok
20260509,21,10,1.1,8.2,7.8,7.8,49.7,21.3,ok
20260509,21,11,1.2,4.7,7.3,9.5,19.1,47.8,ok
20260509,21,12,1.2,13.9,5.9,13.9,7.6,15.3,ok
20260509,22,1,1.4,4.4,11.4,11.4,8.9,7.2,ok
20260509,22,2,2.0,7.9,2.2,25.2,50.5,4.4,ok
20260509,22,3,3.1,7.5,1.6,4.6,60.0,20.0,ok
20260509,22,4,1.2,3.6,9.0,23.1,9.4,52.1,ok
20260509,22,5,1.6,10.9,3.7,5.4,6.7,20.1,ok
20260509,22,6,2.9,3.6,28.6,7.5,2.1,10.2,ok
20260509,22,7,1.9,1.5,15.0,65.0,19.5,97.5,ok
20260509,22,10,1.2,16.1,5.0,36.3,18.1,4.6,ok
20260509,22,11,2.0,3.3,6.7,2.8,40.5,40.5,ok
20260509,22,12,1.2,13.0,13.0,6.0,5.5,19.5,ok
20260509,24,1,1.3,5.1,5.1,28.5,9.5,11.4,ok
20260509,24,2,4.1,2.7,2.4,8.7,8.7,12.0,ok
20260509,24,3,1.2,7.6,3.1,29.3,20.1,53.7,ok
20260509,24,4,6.3,3.0,2.5,3.3,15.4,11.5,ok
20260509,24,5,2.7,1.3,9.5,18.0,45.1,54.1,ok
20260509,24,6,4.8,1.4,6.7,8.2,7.6,31.7,ok
20260509,24,7,1.1,6.3,29.2,4.3,40.1,64.2,ok
20260509,24,8,1.1,11.8,17.6,11.6,6.3,19.5,ok
20260509,24,9,5.6,26.0,1.1,10.7,19.2,15.2,ok
20260509,24,10,1.7,6.8,6.3,2.4,33.6,38.8,ok
20260509,24,11,1.0,10.7,39.9,31.0,7.3,12.7,ok
20260509,24,12,4.2,2.5,13.8,2.7,4.0,51.9,ok
20260509,05,11,1.2,10.7,3.8,7.4,23.7,,part
20260509,11,6,1.0,4.0,19.6,9.8,49.1,,part
20260509,11,8,1.1,13.8,13.8,9.2,5.5,,part
20260509,21,2,1.0,29.9,20.7,6.1,26.9,,part
20260509,22,8,1.1,,13.6,2.4,,,part
20260509,22,9,1.1,25.7,4.0,6.4,,,part
20260510,05,1,1.8,11.8,7.8,2.0,10.9,141.7,ok
20260510,05,2,1.7,8.1,11.8,3.2,9.6,7.6,ok
20260510,05,3,1.8,22.9,6.4,11.4,2.1,22.9,ok
20260510,05,4,3.2,6.7,3.0,19.3,4.6,3.5,ok
20260510,05,5,4.7,2.7,10.1,6.0,6.7,2.8,ok
20260510,05,6,2.1,1.8,9.6,20.8,8.9,15.6,ok
20260510,05,7,2.9,5.2,1.8,12.8,90.0,6.0,ok
20260510,05,9,1.3,9.6,11.5,2.7,57.7,57.7,ok
20260510,05,10,1.2,5.6,7.0,18.7,7.5,56.2,ok
20260510,05,11,1.1,3.9,8.8,13.3,53.2,53.2,ok
20260510,05,12,1.9,8.3,5.6,2.5,16.1,16.1,ok
20260510,09,1,1.0,13.9,13.9,15.9,15.9,27.9,ok
20260510,09,2,1.5,2.4,18.6,7.1,37.2,13.2,ok
20260510,09,3,1.5,4.1,7.5,12.1,20.2,6.0,ok
20260510,09,4,3.3,7.1,2.2,3.2,11.2,19.2,ok
20260510,09,5,1.0,9.6,24.5,12.2,19.3,40.8,ok
20260510,09,6,3.1,1.7,4.3,15.1,21.2,8.4,ok
20260510,09,7,7.5,2.0,3.7,21.4,4.0,6.5,ok
20260510,09,8,2.1,1.6,11.5,14.9,25.3,14.0,ok
20260510,09,9,1.1,19.6,4.2,9.8,13.1,98.2,ok
20260510,09,10,2.1,9.8,2.0,5.2,13.1,39.3,ok
20260510,09,11,1.2,18.5,18.5,3.2,7.9,55.5,ok
20260510,09,12,1.0,8.1,9.4,7.8,23.5,62.7,ok
20260510,11,1,1.0,27.9,5.3,11.9,20.9,27.9,ok
20260510,11,2,2.6,3.4,3.9,3.9,10.8,18.3,ok
20260510,11,3,2.2,10.1,5.8,2.1,6.6,96.0,ok
20260510,11,4,1.3,16.5,12.3,14.1,2.8,99.0,ok
20260510,11,5,1.4,7.5,6.9,4.0,97.5,9.7,ok
20260510,11,6,2.0,7.5,3.4,5.3,4.7,32.2,ok
20260510,11,7,2.1,14.3,1.7,6.7,16.1,64.5,ok
20260510,11,10,1.6,3.0,5.6,30.0,10.0,12.8,ok
20260510,11,11,1.3,19.5,11.1,9.7,19.5,3.5,ok
20260510,11,12,1.0,28.9,24.1,28.9,48.2,28.9,ok
20260510,14,1,1.0,15.2,8.9,28.7,86.2,25.8,ok
20260510,14,2,1.5,22.7,3.7,2.9,27.0,284.2,ok
20260510,14,3,1.1,11.7,6.4,10.8,11.7,21.6,ok
20260510,14,4,1.2,9.6,4.0,9.6,12.0,96.7,ok
20260510,14,5,2.1,35.2,3.9,3.7,11.7,4.4,ok
20260510,14,6,3.1,2.8,2.6,3.8,95.2,95.2,ok
20260510,14,7,2.2,5.9,3.3,6.6,35.5,4.2,ok
20260510,14,8,2.0,8.8,2.0,10.2,9.1,24.6,ok
20260510,14,9,2.2,12.8,1.5,34.7,13.8,17.3,ok
20260510,14,10,6.1,10.7,1.0,17.1,85.8,15.6,ok
20260510,14,11,1.3,8.7,6.2,9.7,12.5,7.9,ok
20260510,14,12,1.5,3.0,23.7,3.3,47.4,101.6,ok
20260510,15,1,1.4,5.8,4.4,11.7,19.8,10.6,ok
20260510,15,2,1.5,2.2,8.7,11.8,21.7,59.0,ok
20260510,15,3,1.0,16.4,5.6,11.4,30.8,32.9,ok
20260510,15,4,1.1,5.4,36.0,8.8,11.2,63.0,ok
20260510,15,5,1.4,11.3,4.6,7.2,9.4,11.3,ok
20260510,15,6,1.2,11.2,13.9,6.1,6.0,36.8,ok
20260510,15,7,1.2,9.8,15.9,4.1,11.7,36.1,ok
20260510,15,8,1.0,9.4,10.5,10.9,13.8,25.8,ok
20260510,15,9,1.1,4.8,15.2,10.6,32.7,29.1,ok
20260510,15,10,1.2,4.3,14.0,7.6,13.6,32.9,ok
20260510,15,11,1.1,11.3,7.5,15.2,5.6,44.1,ok
20260510,15,12,1.7,8.1,2.0,19.3,22.8,14.0,ok
20260510,16,1,1.0,12.6,14.4,11.2,12.6,14.4,ok
20260510,16,2,1.5,4.6,8.0,8.6,7.5,8.6,ok
20260510,16,3,1.8,6.7,2.5,7.0,44.7,11.1,ok
20260510,16,4,1.2,5.2,11.3,8.2,7.9,26.9,ok
20260510,16,5,1.3,9.1,5.9,10.5,5.9,30.4,ok
20260510,16,6,2.6,2.1,6.1,8.9,10.7,8.0,ok
20260510,16,7,1.1,29.5,4.1,24.6,49.2,7.7,ok
20260510,16,8,15.5,1.0,15.0,25.6,102.6,513.0,ok
20260510,16,9,1.1,8.8,9.6,4.5,26.4,105.7,ok
20260510,16,10,1.5,7.6,6.3,2.7,20.7,291.0,ok
20260510,16,11,1.8,16.2,7.6,2.4,7.6,16.2,ok
20260510,16,12,1.0,11.9,19.0,11.9,15.8,95.2,ok
20260510,20,1,1.2,9.7,9.7,13.5,21.9,4.6,ok
20260510,20,2,2.0,12.0,2.7,7.0,8.0,8.5,ok
20260510,20,3,3.1,14.2,3.5,22.0,1.8,11.5,ok
20260510,20,4,1.7,30.0,17.1,2.2,10.9,7.5,ok
20260510,20,5,1.2,6.6,6.6,7.2,14.5,24.8,ok
20260510,20,6,1.3,7.0,6.9,21.2,5.1,15.6,ok
20260510,20,7,1.6,4.6,19.6,18.0,2.6,43.2,ok
20260510,20,8,1.6,2.6,7.5,35.6,6.4,62.4,ok
20260510,20,9,1.8,6.1,6.4,3.9,6.4,14.1,ok
20260510,20,10,3.7,8.0,25.0,1.2,23.8,19.2,ok
20260510,20,11,1.1,36.6,8.8,5.1,18.3,17.1,ok
20260510,20,12,1.0,13.4,32.5,12.2,14.4,39.0,ok
20260510,21,1,1.0,11.4,8.2,9.3,34.2,68.5,ok
20260510,21,2,1.0,10.4,10.4,5.8,28.6,76.5,ok
20260510,21,3,1.3,27.6,13.8,9.5,2.9,43.5,ok
20260510,21,5,1.9,4.6,5.3,2.9,16.6,166.5,ok
20260510,21,6,1.9,2.5,3.3,19.6,12.1,157.5,ok
20260510,21,7,1.0,7.0,8.8,16.4,49.4,74.1,ok
20260510,21,8,2.6,5.6,1.7,56.2,6.6,28.1,ok
20260510,21,9,1.0,11.4,73.3,26.1,24.4,183.3,ok
20260510,21,10,1.4,4.7,5.7,5.7,18.5,33.3,ok
20260510,21,11,1.6,4.1,5.3,8.6,6.0,35.4,ok
20260510,21,12,1.3,6.0,4.6,15.6,33.1,8.8,ok
20260510,22,1,1.4,6.4,6.0,6.0,7.2,180.0,ok
20260510,22,2,13.7,16.5,9.1,1.5,27.5,2.5,ok
20260510,22,3,4.9,3.8,1.5,8.0,28.9,12.0,ok
20260510,22,4,4.8,2.0,7.5,3.3,7.0,15.1,ok
20260510,22,5,2.9,1.8,6.8,13.0,4.2,143.2,ok
20260510,22,6,5.2,3.2,10.5,15.6,1.8,7.1,ok
20260510,22,7,2.5,19.9,1.2,59.7,16.2,179.2,ok
20260510,22,8,2.2,27.0,1.4,9.0,54.0,27.0,ok
20260510,22,9,1.3,15.1,3.6,20.8,8.3,9.2,ok
20260510,22,10,1.1,8.2,7.7,9.4,36.5,14.2,ok
20260510,22,11,1.0,11.0,5.9,38.6,77.2,25.7,ok
20260510,22,12,1.0,7.8,14.7,18.4,24.6,36.9,ok
20260510,23,1,1.0,22.2,40.0,9.1,15.4,100.1,ok
20260510,23,2,1.2,10.5,2.7,33.0,264.7,20.3,ok
20260510,23,3,1.1,21.1,14.1,3.3,56.5,42.3,ok
20260510,23,4,2.8,2.6,4.0,4.0,22.2,13.6,ok
20260510,23,5,1.6,13.9,3.1,9.0,8.2,11.3,ok
20260510,23,6,1.6,2.1,9.8,9.3,68.7,34.3,ok
20260510,23,7,3.2,2.0,45.1,4.2,3.7,135.3,ok
20260510,23,8,6.4,7.1,5.7,2.1,7.0,3.9,ok
20260510,23,9,2.4,3.6,2.6,7.5,30.0,10.9,ok
20260510,23,10,1.4,8.7,4.6,10.7,6.0,32.2,ok
20260510,23,11,1.9,2.3,11.9,5.0,23.8,11.9,ok
20260510,23,12,2.0,2.6,4.2,12.6,10.3,22.8,ok
20260510,24,1,1.4,10.1,4.9,3.6,27.0,40.5,ok
20260510,24,3,1.4,10.9,54.9,7.8,6.8,3.9,ok
20260510,24,4,1.2,14.5,5.0,26.7,80.2,5.3,ok
20260510,24,5,1.6,21.4,5.6,7.5,2.9,60.7,ok
20260510,24,6,1.0,9.1,13.0,91.5,15.2,22.8,ok
20260510,24,7,1.0,16.0,12.3,20.2,38.4,6.6,ok
20260510,24,8,1.9,3.0,4.8,7.6,8.0,25.6,ok
20260510,24,9,1.5,5.1,4.2,14.5,7.4,15.2,ok
20260510,24,10,1.2,6.0,7.0,9.4,24.2,14.7,ok
20260510,24,11,1.6,1.9,11.7,20.2,14.2,35.2,ok
20260510,24,12,1.1,8.7,10.4,17.4,6.3,40.7,ok
20260510,05,8,1.0,6.5,9.0,24.0,72.0,,part
20260510,11,8,1.2,10.1,23.7,3.5,7.1,,part
20260510,11,9,2.2,1.6,9.4,7.3,,34.5,part
20260510,21,4,1.1,21.1,2.9,10.5,,190.5,part
20260510,24,2,2.0,4.1,3.4,5.8,6.8,,part
20260511,03,1,2.3,6.1,3.5,6.9,15.5,3.9,ok
20260511,03,2,3.3,3.5,1.9,10.1,13.5,16.2,ok
20260511,03,3,2.4,4.8,3.4,2.7,33.1,41.4,ok
20260511,03,4,2.5,2.4,3.7,6.8,17.0,14.1,ok
20260511,03,5,3.2,2.8,7.5,8.2,8.2,3.4,ok
20260511,03,6,1.1,8.0,10.0,13.3,11.4,22.9,ok
20260511,05,1,2.1,5.9,13.6,15.8,1.9,19.0,ok
20260511,05,2,2.4,6.3,4.4,2.6,11.4,11.4,ok
20260511,05,3,5.1,5.3,1.4,6.0,25.5,25.5,ok
20260511,05,4,1.7,25.3,1.9,6.3,30.4,76.1,ok
20260511,05,5,2.0,2.3,3.9,12.3,22.6,33.9,ok
20260511,05,7,4.2,3.1,4.2,8.0,22.1,2.6,ok
20260511,05,8,2.6,1.8,6.6,7.4,21.1,14.0,ok
20260511,05,9,1.6,3.7,7.0,4.1,14.6,44.0,ok
20260511,05,10,1.2,9.5,19.1,5.4,5.8,19.1,ok
20260511,05,11,2.8,12.0,3.5,3.0,3.7,48.1,ok
20260511,05,12,1.5,6.8,5.4,5.4,6.6,46.5,ok
20260511,08,1,1.0,37.7,22.6,75.5,37.7,75.5,ok
20260511,08,2,2.0,5.7,8.2,3.2,65.6,4.6,ok
20260511,08,3,1.3,4.9,12.2,24.5,4.0,36.7,ok
20260511,08,4,1.9,3.6,11.4,3.1,22.8,11.4,ok
20260511,08,6,2.7,24.1,1.1,78.3,20.9,44.7,ok
20260511,08,7,2.6,5.5,2.7,58.1,2.7,58.1,ok
20260511,08,8,1.8,2.7,6.4,5.9,19.3,19.3,ok
20260511,08,9,1.3,22.7,8.0,9.1,27.3,3.9,ok
20260511,08,10,1.0,10.9,9.1,6.8,27.3,36.5,ok
20260511,08,12,1.0,16.0,17.1,11.4,14.1,18.4,ok
20260511,09,1,1.2,8.8,5.9,6.6,13.3,53.2,ok
20260511,09,2,2.3,2.8,3.0,7.6,24.7,24.7,ok
20260511,09,3,3.0,6.9,1.9,41.6,3.2,41.6,ok
20260511,09,5,1.4,5.0,3.0,15.0,60.0,120.0,ok
20260511,09,6,1.7,12.3,2.4,16.5,5.5,24.7,ok
20260511,09,7,1.6,3.4,16.1,11.3,22.6,4.1,ok
20260511,09,8,1.0,23.1,9.0,23.1,29.7,8.0,ok
20260511,09,9,2.8,2.6,2.1,32.2,21.5,12.9,ok
20260511,09,10,1.2,6.8,89.2,7.4,44.6,5.2,ok
20260511,09,11,1.0,13.3,4.4,66.7,13.3,33.3,ok
20260511,09,12,1.3,3.0,18.0,9.0,16.0,18.0,ok
20260511,11,1,1.3,11.9,3.9,6.3,19.0,31.7,ok
20260511,11,2,2.7,5.4,1.7,5.8,38.2,38.2,ok
20260511,11,3,1.1,9.7,12.1,7.5,7.5,97.5,ok
20260511,11,4,1.7,8.6,2.4,9.6,8.1,54.5,ok
20260511,11,5,2.1,4.7,3.3,5.2,5.6,158.2,ok
20260511,11,6,4.5,29.8,1.1,39.7,6.2,119.2,ok
20260511,11,7,4.4,59.7,1.7,2.5,7.7,89.6,ok
20260511,11,10,1.8,17.4,4.2,2.7,11.6,27.8,ok
20260511,11,11,1.0,19.3,8.0,8.7,96.7,24.1,ok
20260511,11,12,1.2,2.7,28.3,170.2,85.1,6.5,ok
20260511,12,1,1.0,16.0,11.4,13.3,26.7,14.5,ok
20260511,12,2,2.2,16.4,2.0,10.0,31.6,4.8,ok
20260511,12,3,1.5,6.0,2.7,11.3,30.2,45.3,ok
20260511,12,4,1.0,17.3,14.0,17.3,32.1,5.4,ok
20260511,12,5,1.0,56.7,10.6,18.9,21.2,7.7,ok
20260511,12,6,1.4,8.0,5.5,18.0,41.2,4.0,ok
20260511,12,7,1.5,8.0,3.5,8.1,57.3,6.1,ok
20260511,12,8,1.2,8.0,8.7,13.2,16.9,7.2,ok
20260511,12,9,1.2,8.0,6.3,18.3,42.7,5.3,ok
20260511,12,10,1.0,19.9,4.5,10.7,51.8,30.4,ok
20260511,12,11,1.1,17.3,5.6,8.5,14.1,52.0,ok
20260511,12,12,1.5,3.6,6.1,8.2,10.2,35.2,ok
20260511,14,1,1.0,21.1,13.7,26.7,42.3,63.5,ok
20260511,14,2,1.9,2.3,7.7,12.4,8.8,16.6,ok
20260511,14,3,1.0,14.9,20.9,18.8,56.4,81.5,ok
20260511,14,4,2.3,4.9,10.4,4.8,22.2,2.8,ok
20260511,14,5,4.8,2.1,15.3,3.4,3.2,92.2,ok
20260511,14,6,2.3,11.3,3.4,5.6,3.5,14.5,ok
20260511,14,7,2.2,7.0,4.4,2.0,105.7,52.8,ok
20260511,14,8,6.2,1.7,11.2,9.3,3.5,8.0,ok
20260511,14,10,1.1,4.8,9.3,13.0,65.2,32.6,ok
20260511,14,11,2.6,7.0,23.4,16.7,1.4,25.0,ok
20260511,14,12,2.7,1.7,6.8,27.5,6.0,27.5,ok
20260511,16,1,3.3,10.8,2.7,3.1,18.0,4.9,ok
20260511,16,2,1.4,7.5,9.4,9.4,5.8,9.4,ok
20260511,16,4,1.4,9.0,6.8,4.5,16.3,11.6,ok
20260511,16,6,4.4,10.2,11.0,1.3,8.8,11.0,ok
20260511,16,7,2.1,2.0,8.5,8.5,7.2,94.5,ok
20260511,16,8,1.8,4.5,4.1,10.9,43.7,4.8,ok
20260511,16,9,1.5,15.0,2.6,5.0,21.4,50.0,ok
20260511,16,10,4.4,1.3,11.8,6.8,9.2,32.9,ok
20260511,16,11,1.5,11.2,7.5,4.8,4.8,33.7,ok
20260511,20,2,8.4,4.2,6.6,2.6,42.0,2.3,ok
20260511,20,3,1.0,9.2,27.7,16.6,6.4,27.7,ok
20260511,20,4,4.0,7.5,2.6,3.7,20.2,3.7,ok
20260511,20,5,1.2,5.8,12.0,4.7,26.1,31.3,ok
20260511,20,6,1.2,8.8,3.4,16.7,37.6,16.7,ok
20260511,20,7,1.8,1.5,25.3,19.0,38.0,76.1,ok
20260511,20,8,1.3,10.0,5.1,10.0,8.6,12.9,ok
20260511,20,9,1.8,3.8,3.6,11.3,8.5,16.4,ok
20260511,20,10,3.5,3.1,3.1,8.7,5.2,9.5,ok
20260511,20,11,1.0,9.7,7.7,15.3,18.2,22.5,ok
20260511,20,12,1.0,11.8,7.0,20.0,15.2,76.0,ok
20260511,22,1,1.0,45.7,11.4,15.2,45.7,45.7,ok
20260511,22,2,1.3,12.3,3.4,10.2,30.7,12.3,ok
20260511,22,3,1.5,17.2,3.2,4.5,25.8,20.7,ok
20260511,22,4,1.2,5.5,27.7,4.3,12.1,194.2,ok
20260511,22,5,1.6,30.1,3.7,3.2,30.1,11.5,ok
20260511,22,7,1.5,6.7,9.0,27.0,2.8,18.0,ok
20260511,22,8,1.3,2.6,6.1,85.5,28.5,42.7,ok
20260511,22,9,8.4,1.2,4.5,73.8,4.8,295.5,ok
20260511,22,10,1.4,3.7,33.3,4.7,9.5,22.2,ok
20260511,22,11,1.0,6.2,18.6,22.3,27.9,7.9,ok
20260511,22,12,1.2,5.6,7.7,12.1,12.1,21.1,ok
20260511,23,1,1.3,6.0,8.5,7.3,14.6,12.0,ok
20260511,23,2,1.2,3.3,33.3,6.0,33.3,91.6,ok
20260511,23,3,1.3,8.4,3.0,11.8,23.7,118.5,ok
20260511,23,4,3.1,5.6,2.3,5.6,5.5,18.2,ok
20260511,23,5,1.1,12.3,7.7,13.4,5.6,49.2,ok
20260511,23,6,2.4,10.0,5.1,10.4,120.0,1.9,ok
20260511,23,7,1.8,2.7,11.2,5.1,9.6,33.7,ok
20260511,23,8,2.1,5.2,40.2,1.9,15.0,15.0,ok
20260511,23,9,1.6,4.3,18.1,4.5,30.2,5.0,ok
20260511,23,10,2.0,2.3,12.6,7.3,5.5,138.7,ok
20260511,24,1,1.8,10.0,2.8,5.0,35.2,8.8,ok
20260511,24,2,1.6,5.6,3.0,8.1,26.6,20.7,ok
20260511,24,3,1.5,5.1,3.1,7.2,36.3,72.7,ok
20260511,24,4,1.1,15.6,6.5,6.5,25.4,33.8,ok
20260511,24,5,1.2,98.2,3.1,98.2,10.9,8.9,ok
20260511,24,6,1.0,11.6,34.8,43.5,21.7,58.0,ok
20260511,24,7,1.0,12.3,6.8,43.2,10.3,51.9,ok
20260511,24,8,1.1,25.8,9.9,4.6,16.1,23.4,ok
20260511,24,9,1.6,17.8,4.4,14.7,18.6,3.1,ok
20260511,24,10,1.2,6.4,13.7,5.8,8.9,66.0,ok
20260511,24,11,1.0,8.7,27.3,17.5,19.9,33.6,ok
20260511,24,12,1.1,4.2,15.2,13.4,17.2,20.6,ok
20260511,05,6,1.5,7.0,5.5,4.5,,6.4,part
20260511,08,5,2.5,13.5,7.7,1.7,6.2,,part
20260511,08,11,1.0,24.3,,6.5,32.5,97.5,part
20260511,09,4,1.9,4.8,3.6,45.7,3.0,,part
20260511,11,8,2.1,1.9,13.8,10.4,5.5,,part
20260511,11,9,3.1,1.4,7.3,9.6,10.1,,part
20260511,14,9,2.3,1.8,6.9,9.4,8.2,,part
20260511,16,3,6.0,1.1,6.6,8.0,18.1,,part
20260511,16,5,1.5,2.7,5.8,11.7,11.7,,part
20260511,16,12,1.4,3.5,3.2,23.8,,119.2,part
20260511,20,1,2.3,2.0,3.8,7.7,46.5,,part
20260511,22,6,2.0,3.4,2.1,,59.0,17.7,part
20260511,23,11,1.9,14.3,3.1,4.7,4.3,,part
20260511,23,12,1.0,,13.4,5.1,134.2,,part
20260512,01,1,2.7,12.6,6.8,2.2,6.3,7.5,ok
20260512,01,2,1.9,14.4,2.4,9.6,8.2,9.6,ok
20260512,01,3,11.4,4.9,5.1,18.6,3.6,1.9,ok
20260512,01,4,2.0,8.4,4.1,9.5,5.5,5.3,ok
20260512,01,5,1.9,5.6,7.0,4.9,8.4,5.2,ok
20260512,01,6,1.1,15.5,11.6,4.6,15.5,23.2,ok
20260512,01,7,1.3,14.5,3.4,9.0,8.0,72.7,ok
20260512,01,8,1.0,12.3,37.1,24.7,4.7,55.6,ok
20260512,01,9,1.1,4.5,14.0,24.0,36.1,10.3,ok
20260512,01,10,1.0,46.5,51.1,51.1,102.3,56.8,ok
20260512,01,11,1.3,4.8,9.4,6.6,16.7,19.5,ok
20260512,01,12,1.2,10.4,11.3,8.3,5.8,27.7,ok
20260512,03,1,2.3,5.4,16.3,3.1,3.9,10.5,ok
20260512,03,2,1.0,10.2,8.1,15.6,18.5,15.6,ok
20260512,03,3,6.1,1.1,8.8,9.5,15.4,123.7,ok
20260512,03,4,1.2,6.3,5.8,9.2,13.1,22.5,ok
20260512,03,5,2.0,3.6,5.2,5.5,5.6,58.3,ok
20260512,03,6,1.3,6.8,6.1,11.4,5.7,21.6,ok
20260512,03,7,2.6,2.6,4.9,11.4,4.0,22.8,ok
20260512,03,8,1.4,3.7,6.9,10.4,10.4,27.7,ok
20260512,03,9,1.8,5.3,11.5,5.5,4.6,8.6,ok
20260512,03,10,1.5,4.3,7.6,7.6,8.1,16.3,ok
20260512,03,12,1.2,5.8,9.6,7.7,16.6,12.9,ok
20260512,04,1,3.9,3.8,2.0,6.3,12.7,10.8,ok
20260512,04,2,1.0,12.1,6.0,7.5,48.7,48.7,ok
20260512,04,3,2.9,1.8,10.8,6.4,7.4,14.1,ok
20260512,04,4,1.7,6.9,7.3,21.9,4.3,4.5,ok
20260512,04,5,3.9,19.3,1.4,5.7,10.8,18.0,ok
20260512,04,6,3.4,4.4,1.9,23.8,4.3,35.8,ok
20260512,04,7,2.1,1.8,16.1,28.3,18.8,5.6,ok
20260512,04,8,2.4,6.1,5.5,2.3,6.9,111.0,ok
20260512,04,9,1.1,11.5,7.8,43.3,5.0,86.6,ok
20260512,04,10,2.0,6.0,4.8,6.8,24.0,3.4,ok
20260512,04,11,1.8,11.4,5.7,2.4,8.7,57.0,ok
20260512,04,12,1.6,6.4,5.0,4.3,9.0,30.2,ok
20260512,07,1,4.4,2.2,4.8,2.7,20.5,23.4,ok
20260512,07,2,3.1,2.1,8.4,6.5,4.7,14.1,ok
20260512,07,3,2.7,5.3,3.4,2.7,10.0,35.8,ok
20260512,07,4,1.2,6.0,9.0,22.0,24.7,5.5,ok
20260512,07,5,1.4,9.5,4.5,8.7,10.5,7.7,ok
20260512,07,6,2.3,2.9,4.6,11.5,4.1,41.0,ok
20260512,07,7,1.1,12.9,17.5,3.3,20.5,61.5,ok
20260512,07,8,1.5,2.2,17.6,11.4,13.8,37.7,ok
20260512,07,9,2.7,2.2,3.8,4.2,64.1,73.2,ok
20260512,07,10,1.3,6.9,11.1,3.5,17.0,44.4,ok
20260512,07,11,1.2,20.6,4.1,6.0,13.9,36.5,ok
20260512,07,12,1.2,10.4,8.3,5.0,11.6,27.5,ok
20260512,08,1,1.0,8.7,11.2,15.7,39.3,26.2,ok
20260512,08,2,6.9,23.0,1.2,4.9,13.8,23.0,ok
20260512,08,4,4.0,12.7,8.1,12.7,1.4,9.9,ok
20260512,08,6,1.3,87.9,9.7,2.2,117.2,58.6,ok
20260512,08,7,1.5,31.1,6.2,6.9,62.2,2.8,ok
20260512,08,9,1.3,11.6,17.4,6.3,4.3,13.9,ok
20260512,08,10,1.4,5.2,5.2,7.3,18.3,18.3,ok
20260512,08,11,3.5,5.2,1.3,,10.5,147.0,ok
20260512,08,12,1.1,15.1,5.5,8.6,30.3,30.3,ok
20260512,09,1,1.6,3.1,5.8,10.3,7.5,41.2,ok
20260512,09,2,5.3,2.8,6.4,14.9,8.7,2.1,ok
20260512,09,3,1.2,14.0,7.0,5.6,8.4,28.0,ok
20260512,09,4,1.7,6.3,11.1,2.9,8.1,22.3,ok
20260512,09,5,1.1,5.2,4.7,40.5,54.0,40.5,ok
20260512,09,6,2.6,4.0,5.0,4.0,7.2,8.1,ok
20260512,09,7,2.7,9.6,3.2,2.7,6.0,32.2,ok
20260512,09,8,2.8,8.5,3.0,8.5,5.4,4.2,ok
20260512,09,9,2.1,4.6,8.0,3.5,6.4,10.7,ok
20260512,09,10,1.2,14.7,3.3,14.7,18.3,18.3,ok
20260512,09,11,1.0,32.2,10.7,32.2,10.7,8.0,ok
20260512,09,12,1.5,8.0,3.2,8.0,10.7,32.2,ok
20260512,11,1,1.7,4.0,3.7,11.3,11.3,13.6,ok
20260512,11,2,1.5,3.3,16.1,4.9,16.1,16.1,ok
20260512,11,3,7.7,17.6,10.7,4.0,1.2,82.2,ok
20260512,11,4,2.7,2.1,6.3,6.3,11.0,11.0,ok
20260512,11,5,3.0,11.3,1.5,24.1,5.3,27.6,ok
20260512,11,6,7.3,3.0,1.5,12.2,7.3,55.1,ok
20260512,11,8,8.4,1.3,3.0,10.3,31.0,31.0,ok
20260512,11,9,9.3,3.7,6.6,11.3,1.3,159.0,ok
20260512,11,10,1.0,29.3,22.5,48.8,146.6,293.2,ok
20260512,11,11,1.3,16.9,6.5,12.1,3.8,21.1,ok
20260512,11,12,1.0,17.5,13.1,105.0,21.0,35.0,ok
20260512,12,1,1.8,7.0,4.8,28.3,15.4,2.7,ok
20260512,12,2,1.0,5.0,52.3,65.4,43.6,14.5,ok
20260512,12,3,1.4,4.8,30.9,5.7,4.8,41.2,ok
20260512,12,4,1.7,3.3,12.2,13.4,13.4,4.1,ok
20260512,12,5,1.0,37.0,30.2,41.6,7.2,10.4,ok
20260512,12,6,1.0,34.0,19.1,10.2,20.4,13.9,ok
20260512,12,7,1.0,20.0,8.9,10.8,86.7,15.3,ok
20260512,12,8,1.8,13.4,12.7,3.3,38.1,3.3,ok
20260512,12,9,1.1,8.9,28.8,4.0,23.5,21.6,ok
20260512,12,10,1.0,59.4,6.9,19.8,19.8,26.4,ok
20260512,12,11,1.0,11.6,12.4,7.9,43.6,24.9,ok
20260512,12,12,1.6,10.5,3.3,4.0,25.3,39.1,ok
20260512,14,1,1.0,15.6,19.5,9.0,16.7,18.0,ok
20260512,14,2,6.1,9.9,9.3,1.3,17.6,6.3,ok
20260512,14,3,1.5,12.0,42.0,3.8,12.0,4.0,ok
20260512,14,4,1.0,5.7,17.8,20.3,15.8,15.8,ok
20260512,14,5,1.9,10.2,9.6,30.7,15.3,1.9,ok
20260512,14,6,1.8,4.1,3.0,8.2,22.0,16.5,ok
20260512,14,7,1.2,8.4,8.4,33.7,33.7,3.7,ok
20260512,14,9,1.9,5.4,4.3,10.8,4.3,10.8,ok
20260512,14,10,1.3,13.5,3.2,12.0,54.0,12.0,ok
20260512,14,12,1.3,9.1,4.1,9.6,32.1,10.7,ok
20260512,16,1,1.0,9.4,7.4,141.7,35.4,17.7,ok
20260512,16,2,2.3,4.7,3.0,7.1,7.1,10.6,ok
20260512,16,3,1.3,8.4,14.0,3.5,14.0,21.0,ok
20260512,16,4,2.5,3.7,24.3,2.5,7.5,10.2,ok
20260512,16,5,1.8,4.8,5.1,14.5,7.8,5.1,ok
20260512,16,6,2.2,7.5,4.2,2.7,9.7,19.5,ok
20260512,16,7,2.6,7.6,1.8,6.1,10.2,61.5,ok
20260512,16,8,5.8,1.2,11.3,8.6,8.2,30.7,ok
20260512,16,9,1.7,8.9,4.2,5.1,11.9,7.6,ok
20260512,16,10,5.4,16.2,1.0,73.1,8.1,146.2,ok
20260512,16,11,1.8,2.7,13.5,10.8,4.9,27.0,ok
20260512,16,12,1.4,10.5,2.7,8.4,21.0,33.7,ok
20260512,18,1,1.3,4.6,8.1,7.2,21.7,10.8,ok
20260512,18,2,1.0,21.6,8.3,8.4,39.3,28.8,ok
20260512,18,3,1.0,15.9,33.6,13.7,75.7,30.3,ok
20260512,18,4,1.0,14.4,5.5,12.0,36.0,28.8,ok
20260512,18,5,1.6,11.0,11.0,2.5,11.0,19.3,ok
20260512,18,6,1.3,23.4,16.7,5.0,39.0,3.4,ok
20260512,18,7,1.9,42.5,4.3,4.2,31.8,3.2,ok
20260512,18,8,8.1,1.0,134.4,179.2,134.4,53.7,ok
20260512,18,9,1.3,13.5,5.6,4.2,22.5,16.8,ok
20260512,18,10,1.3,5.0,21.0,3.3,52.5,26.2,ok
20260512,18,11,1.2,45.7,15.2,5.0,15.2,5.0,ok
20260512,18,12,1.3,6.3,24.2,4.0,26.9,12.1,ok
20260512,20,2,2.4,2.7,11.0,4.9,7.3,7.3,ok
20260512,20,3,2.1,2.6,4.2,5.4,15.8,158.2,ok
20260512,20,4,1.3,5.1,5.8,7.7,18.6,15.5,ok
20260512,20,5,2.1,2.1,11.6,4.9,11.6,69.7,ok
20260512,20,6,2.9,4.1,15.8,10.9,1.8,14.2,ok
20260512,20,7,1.1,11.9,4.1,21.6,23.8,59.6,ok
20260512,20,8,1.5,4.0,5.7,15.0,6.0,34.5,ok
20260512,20,9,1.2,8.6,4.0,21.2,11.1,58.3,ok
20260512,20,10,1.0,21.0,5.4,7.5,27.0,63.0,ok
20260512,20,11,1.9,5.0,3.0,23.2,4.8,21.1,ok
20260512,20,12,1.1,5.7,9.8,18.2,17.8,27.0,ok
20260512,22,1,1.5,4.6,9.7,13.0,29.2,3.9,ok
20260512,22,2,1.5,39.9,7.9,6.6,2.9,39.9,ok
20260512,22,3,1.4,6.4,5.4,4.4,20.5,102.7,ok
20260512,22,4,1.5,11.2,3.6,4.6,11.2,56.2,ok
20260512,22,5,4.3,5.0,3.1,16.3,8.1,2.5,ok
20260512,22,6,1.5,5.0,11.9,15.8,3.9,10.5,ok
20260512,22,8,1.2,4.5,15.4,25.7,25.7,5.1,ok
20260512,22,9,1.0,31.0,3.5,18.6,31.0,46.5,ok
20260512,22,10,1.6,5.9,5.0,6.4,8.9,10.1,ok
20260512,22,12,1.1,7.3,8.1,11.3,21.0,29.4,ok
20260512,23,1,1.2,12.2,6.3,18.3,13.3,6.3,ok
20260512,23,2,1.0,16.9,9.6,45.2,27.1,45.2,ok
20260512,23,3,1.3,3.4,26.9,21.8,4.9,38.1,ok
20260512,23,4,3.6,6.4,1.8,4.6,11.8,16.6,ok
20260512,23,5,1.1,28.1,6.0,56.2,7.6,7.0,ok
20260512,23,6,2.5,4.5,5.9,2.8,5.6,37.5,ok
20260512,23,7,4.4,2.1,2.2,17.3,17.3,13.8,ok
20260512,23,8,2.1,2.3,2.8,24.2,97.1,21.5,ok
20260512,23,10,4.7,3.5,1.5,12.0,18.8,22.0,ok
20260512,23,11,2.1,3.6,4.5,3.7,12.0,72.3,ok
20260512,23,12,1.4,5.4,10.0,4.1,12.0,24.0,ok
20260512,03,11,1.0,21.7,6.0,16.9,8.9,,part
20260512,08,3,3.4,5.1,3.0,,2.1,15.3,part
20260512,08,5,1.0,8.1,40.7,6.7,,30.5,part
20260512,08,8,2.7,1.8,72.7,6.6,3.6,,part
20260512,11,7,1.1,4.8,6.5,9.7,,,part
20260512,14,8,2.3,7.3,1.8,14.7,6.3,,part
20260512,14,11,1.0,5.6,15.8,6.3,47.6,,part
20260512,20,1,1.8,2.2,4.7,8.8,35.2,,part
20260512,22,7,1.3,31.5,7.8,31.5,,2.6,part
20260512,22,11,1.0,4.5,7.9,21.7,,43.5,part
20260512,23,9,4.1,1.1,7.9,15.8,,,part
20260513,01,1,1.7,7.8,2.5,7.8,15.7,31.5,ok
20260513,01,2,3.2,10.3,1.4,20.7,6.9,20.7,ok
20260513,01,3,1.8,9.4,6.0,2.9,9.4,12.1,ok
20260513,01,5,3.3,6.9,5.3,2.4,26.5,3.8,ok
20260513,01,7,1.3,21.9,4.7,5.4,6.4,109.5,ok
20260513,01,8,1.2,8.6,5.4,30.1,6.2,25.8,ok
20260513,01,9,4.1,1.1,22.0,8.1,88.3,22.0,ok
20260513,01,10,1.9,3.5,14.1,6.3,3.5,44.7,ok
20260513,01,11,1.7,5.1,2.9,36.1,6.1,30.9,ok
20260513,01,12,1.1,4.9,8.0,18.8,16.9,22.6,ok
20260513,03,1,1.3,10.8,9.4,17.6,8.2,4.7,ok
20260513,03,2,1.4,31.1,2.9,6.2,17.7,15.5,ok
20260513,03,3,1.8,5.3,5.5,6.9,6.2,9.2,ok
20260513,03,4,2.7,2.3,3.7,6.9,11.2,26.3,ok
20260513,03,5,2.3,3.7,3.0,5.1,9.9,43.0,ok
20260513,03,6,2.2,5.3,6.2,4.8,4.2,10.2,ok
20260513,03,7,1.8,6.8,2.8,8.5,7.5,22.7,ok
20260513,03,8,1.2,4.2,7.8,7.8,93.7,46.8,ok
20260513,03,9,1.8,3.8,5.8,5.5,15.9,8.5,ok
20260513,03,10,1.7,6.4,8.1,4.4,9.9,6.4,ok
20260513,03,11,1.6,3.4,5.0,7.3,15.8,31.7,ok
20260513,03,12,1.2,6.1,7.1,11.5,16.0,17.3,ok
20260513,04,1,1.8,5.1,4.1,4.4,7.7,62.2,ok
20260513,04,3,1.7,18.4,4.9,7.1,43.0,2.8,ok
20260513,04,4,2.0,11.8,2.2,9.0,7.0,18.9,ok
20260513,04,5,3.9,1.5,5.2,8.6,24.3,13.5,ok
20260513,04,6,4.4,4.1,7.0,2.0,6.4,14.1,ok
20260513,04,7,1.6,7.5,15.1,3.1,5.5,20.2,ok
20260513,04,8,2.1,18.2,33.3,1.3,22.2,50.0,ok
20260513,04,9,3.3,1.1,18.0,12.6,21.0,126.0,ok
20260513,04,10,1.5,4.2,17.7,53.2,3.2,13.3,ok
20260513,04,11,1.8,13.6,2.2,12.4,17.0,8.0,ok
20260513,04,12,1.2,4.8,5.1,11.4,51.3,102.7,ok
20260513,07,1,1.1,8.7,9.4,10.1,7.6,40.7,ok
20260513,07,2,1.2,7.7,4.3,8.1,19.9,89.6,ok
20260513,07,4,1.4,4.9,24.0,7.6,7.6,7.2,ok
20260513,07,5,2.2,5.1,3.8,8.5,17.1,3.8,ok
20260513,07,6,2.0,2.2,28.5,5.8,9.0,10.6,ok
20260513,07,7,1.1,21.7,21.7,3.7,15.8,15.8,ok
20260513,07,8,3.6,18.3,1.2,6.8,24.4,219.7,ok
20260513,07,9,1.6,19.3,2.4,5.3,26.4,30.5,ok
20260513,07,10,1.4,4.9,15.1,3.3,72.7,17.3,ok
20260513,07,11,2.6,7.5,4.5,2.4,6.4,26.9,ok
20260513,07,12,1.3,8.8,7.0,5.5,26.5,8.5,ok
20260513,08,1,1.0,12.1,21.1,21.1,84.7,5.6,ok
20260513,08,2,1.2,4.6,35.7,5.9,35.7,13.4,ok
20260513,08,3,2.1,14.1,1.4,18.9,85.1,24.3,ok
20260513,08,4,2.4,4.6,4.6,7.5,2.8,60.7,ok
20260513,08,6,1.2,2.5,32.8,11.4,37.5,52.5,ok
20260513,08,7,1.7,15.0,13.6,1.7,30.0,25.0,ok
20260513,08,8,2.7,1.9,4.9,49.5,6.1,16.5,ok
20260513,08,10,1.5,3.6,26.8,11.9,26.8,3.6,ok
20260513,08,11,1.1,5.0,5.0,27.7,55.5,55.5,ok
20260513,08,12,1.0,13.3,17.7,6.2,14.2,16.3,ok
20260513,09,1,1.0,8.6,20.8,4.3,52.1,104.2,ok
20260513,09,2,3.6,7.9,1.7,4.2,9.5,71.6,ok
20260513,09,3,1.5,16.5,6.6,3.3,11.0,16.5,ok
20260513,09,4,1.2,18.1,5.6,10.0,18.1,6.9,ok
20260513,09,6,1.2,20.7,12.9,17.2,14.7,3.3,ok
20260513,09,7,1.0,33.9,10.5,4.9,56.5,169.5,ok
20260513,09,9,1.2,13.1,9.8,4.3,19.6,11.2,ok
20260513,09,11,1.6,3.8,4.3,12.5,11.5,17.2,ok
20260513,09,12,1.1,8.8,4.2,9.8,29.5,88.5,ok
20260513,11,2,2.1,2.5,3.9,6.2,21.7,43.5,ok
20260513,11,5,4.0,18.0,1.4,9.0,5.8,27.1,ok
20260513,11,6,2.7,15.7,23.6,7.8,1.8,5.2,ok
20260513,11,7,3.9,6.6,3.3,13.2,3.6,3.6,ok
20260513,11,8,1.4,16.8,11.2,2.4,33.7,33.7,ok
20260513,11,9,1.1,11.4,8.0,20.0,10.0,11.4,ok
20260513,11,10,1.9,2.5,5.4,19.3,5.6,174.0,ok
20260513,11,11,1.3,11.7,11.7,3.1,21.7,12.6,ok
20260513,11,12,1.2,10.3,4.7,10.3,62.2,7.7,ok
20260513,12,2,7.5,4.2,11.1,166.5,1.1,83.2,ok
20260513,12,3,3.5,2.5,12.1,2.1,9.8,79.1,ok
20260513,12,4,2.8,2.1,2.6,14.6,15.4,146.6,ok
20260513,12,5,1.0,4.4,69.0,23.0,27.6,138.0,ok
20260513,12,6,7.7,19.2,3.3,1.2,36.7,67.3,ok
20260513,12,7,2.9,7.0,2.1,3.6,15.3,23.6,ok
20260513,12,8,1.2,5.1,6.6,8.2,19.8,79.5,ok
20260513,12,9,1.4,3.4,10.2,9.7,10.8,17.7,ok
20260513,12,10,1.2,5.5,5.5,9.7,21.8,37.2,ok
20260513,12,11,1.2,5.2,6.9,20.7,13.1,10.0,ok
20260513,12,12,1.7,2.4,11.6,7.7,8.9,27.9,ok
20260513,14,1,1.6,3.6,7.4,7.4,11.5,10.5,ok
20260513,14,2,1.5,3.0,5.7,16.3,8.9,98.2,ok
20260513,14,3,1.8,7.2,2.6,11.3,6.6,19.8,ok
20260513,14,4,1.8,3.3,13.3,3.2,9.9,159.7,ok
20260513,14,5,1.0,52.1,11.5,8.0,104.2,26.0,ok
20260513,14,6,4.2,21.6,1.1,12.5,13.9,79.2,ok
20260513,14,7,4.7,3.3,2.5,4.3,9.6,9.2,ok
20260513,14,9,1.7,9.9,6.1,6.6,12.3,3.9,ok
20260513,14,10,1.6,10.7,8.0,4.0,7.1,9.2,ok
20260513,14,11,1.5,4.0,6.9,10.7,8.0,12.0,ok
20260513,14,12,1.7,2.2,6.9,17.3,21.3,14.5,ok
20260513,16,1,1.1,9.3,7.0,21.0,21.0,12.0,ok
20260513,16,2,2.4,3.0,1.8,35.6,71.2,35.6,ok
20260513,16,3,4.7,11.1,4.7,10.3,1.4,26.8,ok
20260513,16,4,2.6,2.0,6.2,7.7,15.5,9.3,ok
20260513,16,5,2.0,8.1,2.0,7.5,12.1,48.7,ok
20260513,16,6,5.5,1.6,3.6,8.0,11.0,17.7,ok
20260513,16,7,4.1,2.9,18.4,3.2,3.0,13.1,ok
20260513,16,8,2.2,4.9,2.9,5.3,7.0,36.4,ok
20260513,16,9,1.0,11.0,37.5,8.5,31.2,23.4,ok
20260513,16,10,1.8,1.6,15.5,15.5,21.7,27.1,ok
20260513,16,11,1.0,34.1,13.6,8.5,22.7,13.6,ok
20260513,16,12,1.3,3.7,14.8,20.8,6.5,13.0,ok
20260513,18,1,1.1,13.1,6.5,5.6,59.2,118.5,ok
20260513,18,2,1.0,23.2,9.0,9.0,18.0,10.1,ok
20260513,18,3,1.1,18.7,37.5,22.5,5.6,5.1,ok
20260513,18,4,1.5,3.1,8.1,6.5,13.9,97.5,ok
20260513,18,5,1.2,3.0,12.0,10.5,29.3,88.0,ok
20260513,18,7,2.8,1.3,23.1,34.7,12.2,11.5,ok
20260513,18,12,1.0,13.6,40.8,40.8,40.8,27.2,ok
20260513,19,1,2.3,7.6,6.3,4.2,2.9,19.1,ok
20260513,19,2,1.1,8.3,6.9,27.7,20.8,8.3,ok
20260513,19,3,1.6,4.5,15.1,4.5,5.0,105.7,ok
20260513,19,4,1.8,6.0,3.5,9.4,4.4,132.0,ok
20260513,19,5,1.0,18.7,8.6,22.5,37.5,112.5,ok
20260513,19,6,2.4,3.2,14.3,2.2,12.5,33.5,ok
20260513,19,7,3.4,8.2,1.3,13.7,15.0,55.0,ok
20260513,19,8,1.1,8.7,10.2,7.0,18.8,12.5,ok
20260513,19,9,2.1,3.5,8.4,7.4,3.3,31.6,ok
20260513,19,10,1.1,5.5,22.3,11.1,11.1,27.9,ok
20260513,19,11,1.0,21.2,16.9,24.2,84.9,169.8,ok
20260513,19,12,1.3,6.7,7.7,11.2,5.9,13.4,ok
20260513,22,2,1.3,2.6,16.6,11.1,33.3,33.3,ok
20260513,22,4,2.8,1.3,32.3,38.8,13.8,9.2,ok
20260513,22,5,1.3,8.5,14.1,14.1,4.2,14.1,ok
20260513,22,6,1.2,19.5,23.4,16.7,4.0,9.0,ok
20260513,22,7,1.2,5.4,16.2,24.3,4.8,16.2,ok
20260513,22,8,2.1,5.0,6.7,10.1,10.1,3.0,ok
20260513,22,9,1.0,9.3,22.5,8.6,16.0,22.5,ok
20260513,22,10,1.0,6.9,20.8,10.4,14.6,36.5,ok
20260513,22,11,1.2,4.3,6.1,11.0,41.2,82.5,ok
20260513,22,12,1.1,5.4,10.5,20.7,10.5,31.7,ok
20260513,23,1,1.0,8.7,19.0,7.6,19.0,38.0,ok
20260513,23,2,1.0,47.2,13.8,47.2,7.6,59.0,ok
20260513,23,3,1.2,13.6,7.3,12.1,10.9,6.4,ok
20260513,23,4,4.3,4.0,1.9,4.7,18.9,11.6,ok
20260513,23,5,1.0,42.4,21.2,5.8,106.1,7.5,ok
20260513,23,6,2.3,16.0,3.0,9.7,4.8,4.6,ok
20260513,23,7,2.7,2.8,12.5,20.3,3.2,5.8,ok
20260513,23,8,3.8,11.2,15.0,18.0,1.3,10.0,ok
20260513,23,9,2.1,2.1,19.9,6.6,5.8,24.9,ok
20260513,23,10,1.0,19.5,19.5,35.1,87.7,175.5,ok
20260513,23,11,2.1,8.7,2.7,9.9,23.2,4.1,ok
20260513,23,12,1.0,16.6,17.9,46.6,33.3,58.3,ok
20260513,01,4,3.5,1.7,6.6,5.5,6.3,,part
20260513,01,6,1.0,124.5,24.9,9.5,41.5,,part
20260513,04,2,1.0,11.6,9.3,23.2,23.2,,part
20260513,07,3,4.6,3.4,1.5,6.1,42.7,,part
20260513,08,5,1.7,1.6,10.9,87.7,,17.5,part
20260513,08,9,1.6,3.9,3.9,7.8,10.5,,part
20260513,09,5,1.7,1.5,15.1,,,37.8,part
20260513,09,8,1.1,16.5,6.6,4.5,49.5,,part
20260513,09,10,1.0,46.1,30.7,46.1,18.4,,part
20260513,11,1,1.8,2.1,4.3,10.2,,,part
20260513,11,3,1.8,1.7,7.2,9.2,,,part
20260513,11,4,2.7,3.0,2.0,,84.7,7.7,part
20260513,12,1,1.4,2.5,10.0,40.1,7.2,,part
20260513,14,8,1.8,7.0,2.9,4.1,16.5,,part
20260513,18,6,2.1,4.8,9.7,9.7,2.1,,part
20260513,18,8,3.1,8.4,1.1,,65.0,39.0,part
20260513,18,9,1.0,26.7,53.5,32.1,14.5,,part
20260513,18,10,1.2,5.5,7.8,9.7,7.8,,part
20260513,18,11,1.1,23.2,2.7,69.7,,34.8,part
20260513,22,1,1.2,15.7,3.1,15.7,10.5,,part
20260513,22,3,2.1,5.0,1.9,12.1,12.1,,part
20260514,01,1,3.1,1.9,4.7,11.0,7.6,14.2,ok
20260514,01,2,2.0,9.2,4.7,2.2,21.2,29.7,ok
20260514,01,3,4.1,1.1,11.5,7.6,46.1,46.1,ok
20260514,01,4,2.8,1.4,22.0,9.1,22.0,10.0,ok
20260514,01,5,4.5,2.7,2.5,4.9,21.7,9.8,ok
20260514,01,6,2.4,9.5,5.3,1.8,12.7,89.2,ok
20260514,01,7,1.5,10.5,5.2,3.0,47.6,19.0,ok
20260514,01,8,1.6,18.9,22.5,10.3,1.9,40.0,ok
20260514,01,9,1.3,4.3,31.6,4.5,39.5,13.1,ok
20260514,01,10,1.2,5.3,10.7,8.2,15.5,27.9,ok
20260514,01,11,1.0,20.2,6.9,24.0,6.3,54.1,ok
20260514,01,12,1.6,6.0,22.1,2.5,11.4,36.9,ok
20260514,02,1,3.8,2.6,2.6,7.3,24.5,7.3,ok
20260514,02,3,2.4,7.6,2.7,3.1,14.2,19.0,ok
20260514,02,4,5.2,2.8,1.9,4.9,14.7,73.5,ok
20260514,02,6,2.9,10.9,2.1,8.1,8.4,5.1,ok
20260514,02,7,1.1,9.4,9.9,8.5,13.7,25.6,ok
20260514,02,8,3.4,6.6,5.8,14.5,1.7,10.8,ok
20260514,02,9,1.3,4.6,10.1,4.4,38.0,21.7,ok
20260514,02,10,1.3,4.5,19.0,5.7,7.1,38.0,ok
20260514,02,11,1.1,11.1,22.3,5.3,5.8,134.2,ok
20260514,02,12,2.5,5.6,4.7,2.5,10.5,15.1,ok
20260514,03,1,1.7,3.7,2.9,28.7,7.8,86.2,ok
20260514,03,3,1.5,4.6,5.0,7.5,12.1,15.1,ok
20260514,03,4,1.3,8.0,11.5,23.0,5.0,8.4,ok
20260514,03,5,1.8,2.8,13.5,14.9,3.4,49.7,ok
20260514,03,6,5.1,2.1,10.3,2.3,20.7,9.5,ok
20260514,03,7,1.8,3.4,6.9,6.2,23.0,6.2,ok
20260514,03,8,1.9,4.3,9.9,2.8,12.9,16.1,ok
20260514,03,9,2.2,2.4,9.6,4.5,9.6,20.5,ok
20260514,03,10,1.5,6.9,8.0,5.4,6.3,16.5,ok
20260514,03,11,1.0,10.3,7.1,12.6,19.0,22.8,ok
20260514,03,12,2.0,4.1,4.0,4.8,14.0,11.0,ok
20260514,04,1,2.7,4.3,3.0,3.7,27.5,9.1,ok
20260514,04,2,1.0,14.0,7.0,42.0,42.0,21.0,ok
20260514,04,3,2.2,4.1,6.2,5.9,5.6,7.0,ok
20260514,04,4,6.1,1.5,4.5,6.7,15.0,13.5,ok
20260514,04,5,2.5,1.3,40.2,15.4,15.4,16.7,ok
20260514,04,6,5.2,14.5,10.8,1.4,4.2,16.3,ok
20260514,04,7,1.3,6.9,9.2,9.2,7.7,10.6,ok
20260514,04,8,1.3,5.2,5.4,7.1,19.3,67.8,ok
20260514,04,9,2.0,2.1,8.2,9.4,8.2,33.0,ok
20260514,04,10,1.5,8.7,5.7,27.6,5.3,5.3,ok
20260514,04,11,1.8,15.0,5.6,26.8,12.7,2.3,ok
20260514,04,12,1.7,5.7,,15.1,2.8,5.7,ok
20260514,07,1,1.4,10.2,3.4,5.4,16.7,30.6,ok
20260514,07,2,3.4,2.4,10.2,15.8,2.2,19.4,ok
20260514,07,3,2.4,3.3,2.4,13.7,19.6,10.5,ok
20260514,07,4,1.8,3.4,18.3,3.5,7.5,27.5,ok
20260514,07,5,2.4,2.3,9.1,8.2,28.8,4.5,ok
20260514,07,6,3.8,2.9,23.6,5.9,17.7,2.1,ok
20260514,07,7,1.2,7.9,21.7,5.2,29.0,6.2,ok
20260514,07,8,3.0,2.0,7.0,4.2,14.0,12.9,ok
20260514,07,9,2.0,8.2,25.9,2.9,5.6,5.9,ok
20260514,07,10,1.6,4.7,4.4,8.7,5.9,42.7,ok
20260514,07,11,1.0,10.1,7.2,43.6,13.5,11.7,ok
20260514,07,12,2.4,3.2,8.5,5.3,4.0,13.2,ok
20260514,08,3,2.2,1.5,4.7,211.5,52.8,105.7,ok
20260514,08,4,1.2,29.2,29.2,29.2,7.3,3.6,ok
20260514,08,6,1.0,10.0,6.4,23.5,35.2,23.5,ok
20260514,08,8,2.5,,8.2,11.7,1.5,11.7,ok
20260514,08,9,1.1,6.7,15.0,6.7,19.3,67.8,ok
20260514,08,10,1.0,11.2,26.2,19.6,19.6,78.7,ok
20260514,08,11,1.0,57.7,28.8,28.8,57.7,57.7,ok
20260514,09,1,1.1,6.4,16.1,7.1,32.2,10.7,ok
20260514,09,3,1.1,2.8,36.7,36.7,36.7,18.3,ok
20260514,09,4,1.1,6.9,9.7,12.1,12.1,48.7,ok
20260514,09,5,1.1,7.7,7.7,9.3,46.5,15.5,ok
20260514,09,6,1.0,11.4,20.0,20.0,16.0,20.0,ok
20260514,09,7,1.3,8.8,7.3,6.3,14.7,8.8,ok
20260514,09,8,1.1,5.7,8.1,19.0,28.5,11.4,ok
20260514,09,9,1.0,6.5,24.0,18.0,18.0,10.2,ok
20260514,09,10,1.8,2.8,4.0,6.3,38.2,76.5,ok
20260514,09,11,1.0,14.2,14.2,16.6,49.8,33.2,ok
20260514,09,12,2.6,1.3,8.0,19.0,20.5,44.7,ok
20260514,10,1,1.2,6.6,9.3,6.6,11.6,15.5,ok
20260514,10,2,1.0,11.4,3.9,35.1,26.3,84.4,ok
20260514,10,3,1.8,4.5,3.9,7.6,9.4,11.4,ok
20260514,10,4,1.0,6.8,12.0,26.1,39.1,13.0,ok
20260514,10,5,1.6,10.3,15.0,2.5,12.2,11.2,ok
20260514,10,6,2.1,2.0,19.1,9.5,6.9,15.3,ok
20260514,10,7,3.2,1.2,11.8,14.1,20.2,28.3,ok
20260514,10,8,1.5,6.9,7.1,22.2,3.2,25.0,ok
20260514,10,9,2.1,3.7,3.0,4.2,61.1,122.2,ok
20260514,10,10,3.8,4.7,7.7,2.4,3.6,21.1,ok
20260514,10,12,1.1,6.3,6.3,18.9,15.7,94.5,ok
20260514,11,1,1.3,4.6,7.0,5.6,56.2,56.2,ok
20260514,11,2,1.6,16.5,5.0,6.0,3.8,33.0,ok
20260514,11,3,1.0,6.0,10.4,9.1,36.5,48.7,ok
20260514,11,4,1.3,7.6,7.6,3.8,26.6,53.2,ok
20260514,11,5,1.0,42.0,31.5,25.2,31.5,126.0,ok
20260514,11,6,1.2,9.2,9.2,6.7,6.3,30.1,ok
20260514,11,7,1.1,20.7,10.3,6.2,20.7,7.7,ok
20260514,11,8,1.4,11.0,8.2,4.4,16.5,8.2,ok
20260514,11,10,1.0,8.1,8.1,19.6,8.9,98.2,ok
20260514,11,11,1.0,10.2,18.0,36.0,12.0,14.4,ok
20260514,11,12,1.0,13.1,6.9,16.4,26.2,43.7,ok
20260514,12,1,2.1,24.0,2.4,2.7,120.0,20.0,ok
20260514,12,2,1.9,4.8,2.1,11.4,21.0,42.0,ok
20260514,12,3,3.7,2.8,3.2,5.5,5.9,16.5,ok
20260514,12,4,3.2,2.3,8.5,14.3,2.4,76.5,ok
20260514,12,5,1.8,2.7,15.0,26.2,35.0,3.3,ok
20260514,12,6,2.6,7.0,2.9,2.7,13.3,29.5,ok
20260514,12,7,3.5,1.8,4.5,8.2,6.5,71.5,ok
20260514,12,8,1.7,2.1,6.1,19.6,32.7,16.3,ok
20260514,12,9,3.0,1.6,19.6,4.8,7.4,91.5,ok
20260514,12,10,1.9,2.8,8.9,4.4,13.3,17.0,ok
20260514,12,11,1.1,8.0,8.5,27.3,18.2,9.4,ok
20260514,12,12,1.6,4.0,6.0,4.6,13.1,44.2,ok
20260514,16,1,1.0,26.6,6.6,6.6,53.2,53.2,ok
20260514,16,2,2.0,14.2,3.8,5.3,8.5,4.7,ok
20260514,16,3,1.5,8.8,15.5,8.8,2.5,31.1,ok
20260514,16,4,1.0,20.3,47.5,12.9,20.3,35.6,ok
20260514,16,5,1.4,185.2,4.7,12.3,9.2,4.4,ok
20260514,16,6,2.6,2.8,4.4,7.0,14.0,6.0,ok
20260514,16,7,1.2,58.5,11.7,3.5,14.6,13.0,ok
20260514,16,8,1.3,6.1,5.8,6.6,19.8,12.3,ok
20260514,16,9,1.5,13.6,13.6,3.0,8.7,9.4,ok
20260514,16,10,1.2,4.1,10.0,10.0,25.1,16.7,ok
20260514,16,11,1.2,12.1,29.1,3.3,14.5,29.1,ok
20260514,16,12,1.0,8.0,15.0,8.5,15.0,60.0,ok
20260514,18,1,1.1,9.1,8.6,17.3,5.4,34.6,ok
20260514,18,2,1.4,23.1,7.2,2.9,9.6,57.7,ok
20260514,18,3,1.2,11.0,13.7,5.2,22.0,9.1,ok
20260514,18,4,1.0,9.5,14.3,14.3,10.4,38.2,ok
20260514,18,5,1.0,9.6,16.0,8.7,192.0,9.6,ok
20260514,18,6,1.1,22.5,6.0,6.4,22.5,22.5,ok
20260514,18,7,1.0,20.6,7.7,17.6,17.6,9.5,ok
20260514,18,8,6.6,1.8,3.9,9.9,9.9,5.6,ok
20260514,18,9,2.9,2.5,5.1,3.6,9.0,72.7,ok
20260514,18,10,1.1,4.4,9.9,34.6,12.6,138.7,ok
20260514,18,11,1.0,15.5,7.7,23.2,31.0,8.4,ok
20260514,18,12,1.0,21.0,18.9,23.6,47.2,94.5,ok
20260514,19,1,14.1,1.0,22.6,113.2,56.6,22.6,ok
20260514,19,2,5.0,2.8,2.8,6.7,4.0,20.2,ok
20260514,19,3,2.1,4.1,3.3,5.7,37.1,8.2,ok
20260514,19,4,2.3,1.9,7.5,8.5,12.0,24.0,ok
20260514,19,5,1.0,7.2,21.7,5.4,87.0,29.0,ok
20260514,19,6,1.1,19.7,12.0,7.7,19.7,8.0,ok
20260514,19,7,2.9,2.6,2.2,21.7,17.4,13.3,ok
20260514,19,9,1.3,5.1,4.1,129.7,25.9,9.2,ok
20260514,19,10,1.0,13.1,28.9,6.5,16.0,144.7,ok
20260514,19,11,1.0,32.1,8.4,20.1,80.4,321.7,ok
20260514,19,12,1.1,19.7,12.6,47.9,3.2,167.8,ok
20260514,23,1,1.1,7.6,18.8,7.1,15.9,12.1,ok
20260514,23,2,2.1,4.5,16.3,20.0,25.7,2.0,ok
20260514,23,3,1.3,4.4,10.1,7.5,7.1,71.2,ok
20260514,23,4,1.7,5.5,2.6,9.1,55.0,18.3,ok
20260514,23,5,1.4,4.6,7.0,9.0,10.3,14.0,ok
20260514,23,6,1.4,56.2,6.2,14.0,18.7,3.1,ok
20260514,23,7,1.0,15.5,6.7,6.7,54.3,36.2,ok
20260514,23,8,3.1,2.0,4.8,11.5,6.7,12.4,ok
20260514,23,9,2.1,5.7,3.1,7.1,7.1,9.5,ok
20260514,23,10,3.5,2.3,2.6,8.1,12.6,23.1,ok
20260514,23,11,1.1,22.2,3.5,22.2,50.0,28.6,ok
20260514,23,12,1.0,8.4,13.1,19.2,10.3,16.0,ok
20260514,02,2,12.3,2.1,1.3,38.2,95.7,,part
20260514,02,5,1.6,12.9,11.5,2.2,10.3,,part
20260514,03,2,1.0,97.5,97.5,120.0,222.9,520.2,part
20260514,08,1,1.0,12.0,12.0,10.0,10.0,,part
20260514,08,2,4.5,2.1,2.8,8.5,5.4,,part
20260514,08,5,1.0,36.2,36.2,,5.4,,part
20260514,08,7,1.1,7.0,14.0,7.0,14.0,,part
20260514,08,12,1.0,10.5,7.0,10.5,21.0,,part
20260514,09,2,2.8,3.6,2.0,54.0,,5.4,part
20260514,10,11,2.7,2.5,2.9,4.5,67.5,,part
20260514,11,9,1.0,4.5,16.3,16.3,40.8,,part
20260514,19,8,3.2,6.4,1.4,10.8,,9.4,part
20260515,01,2,3.0,1.9,6.8,8.2,5.6,17.6,ok
20260515,01,3,2.1,2.2,10.5,10.5,7.0,9.4,ok
20260515,01,4,2.7,7.3,7.7,2.5,3.5,51.3,ok
20260515,01,5,2.8,2.9,7.1,5.8,3.2,47.1,ok
20260515,01,6,1.1,9.3,7.8,28.0,8.1,14.8,ok
20260515,01,7,3.4,4.4,3.1,5.2,6.2,6.6,ok
20260515,01,8,2.0,3.8,10.9,7.5,3.3,17.2,ok
20260515,01,9,3.6,2.0,6.9,8.4,3.3,100.8,ok
20260515,01,10,1.8,5.2,3.2,6.4,11.5,23.0,ok
20260515,01,11,1.5,4.5,7.9,5.6,13.5,13.5,ok
20260515,01,12,1.3,7.4,3.2,11.6,23.3,37.3,ok
20260515,02,1,1.5,5.4,3.8,6.5,15.2,27.4,ok
20260515,02,2,4.2,1.4,8.2,4.0,64.3,42.8,ok
20260515,02,3,3.3,1.9,4.8,5.4,9.0,42.0,ok
20260515,02,4,3.1,7.9,4.1,5.4,2.6,12.4,ok
20260515,02,5,1.2,6.0,6.0,7.5,29.1,58.2,ok
20260515,02,6,3.8,2.8,3.4,6.1,5.2,12.3,ok
20260515,02,7,1.3,15.9,14.6,17.5,4.6,5.1,ok
20260515,02,8,2.6,6.5,3.8,3.8,28.2,4.0,ok
20260515,02,9,1.3,2.8,27.0,5.5,32.4,54.0,ok
20260515,02,10,1.2,13.2,8.4,13.2,4.8,11.6,ok
20260515,02,11,1.4,6.1,5.6,18.3,18.3,5.6,ok
20260515,02,12,1.1,18.0,13.5,6.4,8.1,54.0,ok
20260515,03,1,1.5,5.1,9.9,5.1,5.5,27.9,ok
20260515,03,2,2.2,4.5,2.0,11.7,11.7,41.2,ok
20260515,03,3,3.4,2.8,7.5,3.1,4.8,31.3,ok
20260515,03,4,1.2,12.3,7.4,5.5,11.4,16.5,ok
20260515,03,5,2.1,2.8,3.9,5.7,20.5,25.6,ok
20260515,03,6,1.2,8.9,6.8,5.9,20.4,15.9,ok
20260515,03,7,2.2,6.4,4.1,6.4,6.0,5.6,ok
20260515,03,8,2.6,2.6,2.2,22.6,18.1,22.6,ok
20260515,03,9,1.5,7.1,3.8,4.7,21.3,42.7,ok
20260515,03,10,1.4,8.2,3.5,8.8,14.6,18.8,ok
20260515,03,11,1.2,3.7,8.8,20.6,20.6,18.6,ok
20260515,03,12,1.3,12.2,3.6,8.3,12.2,20.3,ok
20260515,04,1,1.0,5.8,7.1,30.6,51.1,21.9,ok
20260515,04,2,5.2,2.9,2.2,2.9,36.7,110.2,ok
20260515,04,3,3.7,3.6,22.8,10.2,1.6,41.1,ok
20260515,04,4,7.3,2.7,2.3,3.5,9.1,91.8,ok
20260515,04,5,7.0,3.4,9.9,2.3,5.5,5.2,ok
20260515,04,6,2.5,16.0,10.6,2.8,2.5,24.0,ok
20260515,04,7,1.6,20.4,10.2,12.6,8.3,2.7,ok
20260515,04,8,2.1,2.4,3.4,15.9,10.6,159.0,ok
20260515,04,9,2.0,2.0,7.9,7.5,71.2,14.2,ok
20260515,04,11,2.0,5.1,22.0,12.7,2.1,17.3,ok
20260515,04,12,1.0,7.9,8.4,13.5,54.1,22.5,ok
20260515,07,1,4.0,1.8,4.0,6.0,8.6,44.8,ok
20260515,07,2,8.0,1.4,11.5,3.7,13.9,9.9,ok
20260515,07,3,5.0,1.6,3.8,20.8,7.8,12.5,ok
20260515,07,4,4.2,1.9,4.5,8.2,6.5,12.5,ok
20260515,07,5,3.9,7.8,4.4,2.1,5.7,11.7,ok
20260515,07,6,2.0,5.4,63.1,2.6,6.3,8.4,ok
20260515,07,7,1.6,15.8,2.8,5.3,9.8,45.9,ok
20260515,07,8,3.1,1.3,6.4,37.5,10.0,84.4,ok
20260515,07,9,1.5,7.0,4.2,16.0,15.4,4.9,ok
20260515,07,10,1.2,11.5,5.3,9.6,10.3,32.7,ok
20260515,07,11,2.0,4.7,4.5,5.3,5.7,19.7,ok
20260515,07,12,1.6,6.0,7.5,5.0,6.1,18.0,ok
20260515,08,1,1.1,5.6,6.3,31.7,23.8,47.6,ok
20260515,08,2,1.3,6.2,3.5,31.0,11.0,77.6,ok
20260515,08,3,1.8,1.5,20.6,20.6,20.6,41.2,ok
20260515,08,4,1.9,2.0,5.5,16.6,16.6,22.2,ok
20260515,08,5,1.5,23.2,38.7,23.2,38.7,1.7,ok
20260515,08,6,1.3,6.3,7.6,7.6,7.6,38.2,ok
20260515,08,7,1.4,4.3,61.5,8.7,30.7,3.8,ok
20260515,08,9,1.2,5.9,11.8,9.8,14.8,11.8,ok
20260515,08,10,1.5,5.1,2.8,21.9,43.8,10.9,ok
20260515,08,11,1.9,1.7,51.7,10.3,7.3,51.7,ok
20260515,08,12,1.0,7.8,18.2,11.3,17.0,136.5,ok
20260515,10,1,1.0,8.4,6.5,23.4,12.3,70.2,ok
20260515,10,2,1.6,2.5,8.2,11.3,18.2,15.1,ok
20260515,10,3,1.2,18.3,6.0,8.1,9.6,14.0,ok
20260515,10,4,2.3,4.1,16.5,33.0,1.8,33.0,ok
20260515,10,5,3.5,1.6,25.7,10.5,3.4,77.2,ok
20260515,10,6,1.6,41.5,4.0,4.0,41.5,5.9,ok
20260515,10,7,2.1,4.3,4.3,3.9,9.1,20.6,ok
20260515,10,9,1.8,4.9,5.9,3.1,34.6,11.5,ok
20260515,10,10,2.3,4.3,4.3,2.3,55.0,165.0,ok
20260515,10,11,2.9,13.0,1.3,22.5,31.0,10.3,ok
20260515,10,12,1.8,10.0,4.1,7.1,8.3,5.0,ok
20260515,13,1,2.2,4.9,1.6,14.0,84.0,84.0,ok
20260515,13,2,8.7,1.5,49.2,30.7,1.8,123.0,ok
20260515,13,3,4.9,1.2,3.9,17.4,69.7,34.8,ok
20260515,13,4,1.7,1.6,14.9,14.9,37.8,128.7,ok
20260515,13,5,1.3,3.9,17.1,4.2,68.6,19.6,ok
20260515,13,6,1.0,15.5,37.0,6.7,64.8,70.7,ok
20260515,16,1,1.4,3.5,8.0,10.7,8.0,32.2,ok
20260515,16,2,1.1,8.9,11.1,7.4,14.8,44.6,ok
20260515,16,3,1.6,9.9,5.6,5.1,6.8,8.1,ok
20260515,16,4,3.7,8.1,4.8,2.6,37.2,3.0,ok
20260515,16,5,2.1,7.1,4.5,6.0,4.3,8.7,ok
20260515,16,8,1.0,14.0,10.5,21.0,6.5,23.4,ok
20260515,16,9,2.1,29.8,1.8,4.3,13.5,149.2,ok
20260515,16,10,1.3,8.4,5.0,4.6,31.6,25.3,ok
20260515,16,11,1.7,6.4,3.1,4.6,23.2,29.0,ok
20260515,16,12,1.1,7.7,6.4,7.2,24.1,90.5,ok
20260515,18,1,1.0,17.5,18.7,14.0,10.0,70.1,ok
20260515,18,2,1.3,6.1,6.1,16.4,8.4,15.3,ok
20260515,18,3,1.0,22.0,32.0,16.7,176.2,35.2,ok
20260515,18,4,1.1,7.0,12.9,10.4,12.0,18.0,ok
20260515,18,5,1.8,3.1,21.2,9.7,5.9,5.9,ok
20260515,18,6,3.0,6.1,4.2,85.5,3.2,3.4,ok
20260515,18,7,1.9,6.2,4.0,7.0,8.3,7.0,ok
20260515,18,8,1.5,2.3,10.1,22.8,10.1,39.2,ok
20260515,18,9,1.1,4.8,8.3,13.6,50.0,25.0,ok
20260515,18,11,1.0,5.3,12.9,30.2,90.7,90.7,ok
20260515,18,12,1.4,2.4,10.0,17.0,31.6,24.5,ok
20260515,19,1,1.7,21.0,2.0,28.0,16.8,7.6,ok
20260515,19,2,1.0,39.5,13.1,59.2,14.8,29.6,ok
20260515,19,3,1.0,33.3,16.6,33.3,7.0,14.8,ok
20260515,19,4,2.4,1.5,5.0,35.9,51.3,89.8,ok
20260515,19,5,1.1,17.4,20.0,3.5,21.7,26.1,ok
20260515,19,6,2.1,1.5,15.8,42.9,15.3,18.6,ok
20260515,19,7,2.5,10.0,11.3,1.4,18.6,28.8,ok
20260515,19,8,2.0,19.2,22.0,2.0,4.2,23.7,ok
20260515,19,9,1.5,2.5,6.6,55.3,110.6,8.5,ok
20260515,19,10,1.0,12.4,5.1,18.0,18.0,48.2,ok
20260515,19,11,1.1,4.8,13.7,9.1,20.2,21.6,ok
20260515,19,12,1.1,10.9,5.3,8.5,31.5,47.2,ok
20260515,20,1,2.1,2.8,3.0,7.1,45.5,34.1,ok
20260515,20,2,1.7,16.9,4.8,3.4,186.0,4.6,ok
20260515,20,3,2.0,2.6,5.1,6.4,16.5,18.5,ok
20260515,20,4,3.5,9.5,2.6,10.9,23.4,2.3,ok
20260515,20,5,1.2,2.7,274.5,11.9,34.3,18.3,ok
20260515,20,6,2.1,8.2,2.1,8.7,15.3,11.1,ok
20260515,20,7,1.2,5.6,16.7,7.0,9.8,13.9,ok
20260515,20,8,1.7,6.0,2.7,19.3,6.3,58.1,ok
20260515,20,9,1.0,33.6,5.8,15.7,15.7,27.8,ok
20260515,20,10,1.4,6.0,3.1,15.5,13.0,29.4,ok
20260515,20,11,1.1,8.1,7.9,10.3,21.1,9.5,ok
20260515,20,12,1.1,12.3,9.3,7.6,14.9,15.1,ok
20260515,21,1,1.3,5.7,4.5,7.8,22.2,29.7,ok
20260515,21,2,1.3,3.9,9.3,7.8,24.3,18.2,ok
20260515,21,3,1.1,13.1,4.4,13.7,9.0,72.3,ok
20260515,21,4,1.2,4.2,10.3,8.5,58.5,16.7,ok
20260515,21,5,1.2,8.6,6.8,9.1,12.5,13.1,ok
20260515,21,6,1.0,13.0,7.5,15.4,25.6,23.1,ok
20260515,21,7,1.0,7.7,14.2,16.8,9.5,71.4,ok
20260515,21,8,1.2,12.6,7.3,5.6,10.2,20.1,ok
20260515,21,9,1.1,14.3,6.3,7.1,28.1,26.0,ok
20260515,21,10,1.3,6.4,6.6,9.4,9.4,16.8,ok
20260515,21,11,1.2,11.5,8.5,5.3,11.5,15.4,ok
20260515,21,12,1.1,18.8,4.1,13.4,29.1,32.2,ok
20260515,01,1,1.7,8.2,3.8,3.8,8.2,,part
20260515,04,10,1.0,23.1,3.2,19.2,,,part
20260515,08,8,1.2,7.0,8.4,5.2,14.0,,part
20260515,10,8,3.4,9.1,4.2,1.4,54.7,,part
20260515,16,6,1.0,12.3,24.7,12.3,,6.1,part
20260515,16,7,1.5,6.8,2.3,11.3,,68.2,part
20260515,18,10,1.0,14.0,12.5,,,,part
20260516,01,1,2.0,7.7,6.1,2.5,10.6,14.2,ok
20260516,01,2,2.0,4.5,3.0,8.1,11.4,11.4,ok
20260516,01,3,1.1,16.0,14.6,4.4,58.7,16.0,ok
20260516,01,4,2.0,3.4,35.2,3.0,35.2,5.8,ok
20260516,01,5,1.4,11.0,10.0,20.0,2.5,32.0,ok
20260516,01,6,1.3,19.9,6.0,5.5,4.6,139.5,ok
20260516,01,7,1.2,7.3,3.6,20.3,14.7,32.5,ok
20260516,01,8,1.6,3.0,6.9,6.1,10.8,67.6,ok
20260516,01,9,1.1,10.2,6.3,19.8,8.4,25.9,ok
20260516,01,10,1.1,3.8,11.5,14.6,19.9,54.9,ok
20260516,01,11,4.5,1.1,24.1,8.0,25.6,31.6,ok
20260516,01,12,1.3,6.5,4.4,9.7,12.8,60.5,ok
20260516,02,1,2.5,3.3,4.6,3.1,21.5,16.1,ok
20260516,02,2,1.8,4.3,5.2,8.4,4.2,50.7,ok
20260516,02,3,2.2,2.1,8.2,8.5,22.9,7.3,ok
20260516,02,4,2.3,4.5,3.1,4.5,11.6,17.4,ok
20260516,02,5,1.7,16.4,13.4,2.0,16.4,14.7,ok
20260516,02,6,1.9,1.7,7.2,13.7,137.2,19.6,ok
20260516,02,7,1.6,7.7,8.2,9.6,2.9,19.2,ok
20260516,02,8,2.4,2.6,7.9,3.4,9.9,39.6,ok
20260516,02,9,2.0,9.1,1.6,30.9,11.4,154.8,ok
20260516,02,10,1.6,3.3,30.8,3.4,23.1,23.1,ok
20260516,02,11,2.2,5.3,7.2,7.0,3.4,8.1,ok
20260516,02,12,1.0,12.0,27.0,12.0,12.0,9.8,ok
20260516,03,1,2.1,2.4,6.8,8.3,10.5,11.3,ok
20260516,03,2,1.5,5.3,5.0,6.2,10.7,15.0,ok
20260516,03,3,2.1,5.1,8.5,3.4,7.1,7.3,ok
20260516,03,4,1.2,10.8,15.5,9.8,3.7,36.2,ok
20260516,03,5,2.4,3.3,5.4,5.1,8.5,7.6,ok
20260516,03,6,2.3,15.9,5.5,10.6,9.1,2.1,ok
20260516,03,7,3.7,5.8,6.8,2.2,11.6,4.8,ok
20260516,03,8,1.8,8.8,3.0,11.0,7.3,8.8,ok
20260516,03,9,1.5,5.9,5.6,6.1,7.5,22.6,ok
20260516,03,10,1.9,10.3,2.1,6.3,18.9,24.9,ok
20260516,03,11,2.1,1.7,8.5,13.4,14.0,23.7,ok
20260516,03,12,1.8,8.5,9.6,2.8,6.2,16.6,ok
20260516,04,1,1.6,3.3,8.8,6.3,11.3,13.2,ok
20260516,04,2,7.2,2.6,1.6,8.1,15.8,31.6,ok
20260516,04,3,6.4,1.3,10.8,5.5,8.5,34.2,ok
20260516,04,4,2.8,5.4,8.4,2.7,3.4,31.1,ok
20260516,04,5,1.5,12.8,4.8,9.2,3.9,33.3,ok
20260516,04,6,2.0,,2.0,9.4,4.5,17.7,ok
20260516,04,7,2.0,9.7,1.6,21.6,14.8,40.2,ok
20260516,04,8,1.2,8.6,11.5,7.1,7.1,27.4,ok
20260516,04,9,1.0,15.0,36.1,21.6,8.8,60.1,ok
20260516,04,10,1.6,3.0,10.7,3.7,75.5,50.3,ok
20260516,04,11,1.2,9.9,7.8,4.8,19.9,12.8,ok
20260516,04,12,1.0,16.0,13.7,11.9,10.9,38.7,ok
20260516,06,1,1.4,9.5,13.1,4.2,8.0,11.6,ok
20260516,06,3,1.3,4.6,16.7,4.1,46.9,13.8,ok
20260516,06,4,1.3,9.7,8.8,7.6,6.6,11.1,ok
20260516,06,5,2.2,1.6,9.2,24.1,10.9,40.2,ok
20260516,06,6,2.5,3.3,8.1,2.7,20.9,9.0,ok
20260516,06,7,2.1,12.0,1.5,26.0,58.6,13.4,ok
20260516,06,8,1.8,12.6,18.1,1.7,14.9,63.3,ok
20260516,06,9,1.6,3.5,15.1,3.9,17.3,12.1,ok
20260516,06,10,1.0,8.6,58.8,58.8,9.1,147.0,ok
20260516,06,11,1.7,20.5,2.0,8.3,20.5,20.5,ok
20260516,06,12,1.1,13.5,4.7,18.2,11.3,53.1,ok
20260516,07,1,2.5,3.8,10.8,2.0,20.7,23.0,ok
20260516,07,2,1.4,4.8,5.0,8.8,14.1,30.2,ok
20260516,07,3,2.5,14.5,1.7,4.1,24.5,65.3,ok
20260516,07,4,1.9,12.8,2.0,5.7,15.5,62.2,ok
20260516,07,5,1.3,16.5,4.5,4.8,12.7,21.2,ok
20260516,07,6,1.2,16.4,13.0,17.8,13.3,3.7,ok
20260516,07,7,1.2,6.5,14.0,6.8,8.7,36.4,ok
20260516,07,8,2.6,7.3,2.2,3.9,54.3,8.7,ok
20260516,07,9,1.2,3.9,13.3,10.8,10.1,45.2,ok
20260516,07,10,1.1,7.3,6.5,13.1,15.0,33.4,ok
20260516,07,11,1.0,6.6,15.9,12.1,34.5,54.4,ok
20260516,07,12,1.1,12.0,4.8,21.9,7.9,26.7,ok
20260516,10,1,1.6,13.6,8.7,14.0,2.3,24.6,ok
20260516,10,2,1.2,2.7,11.0,17.5,59.7,37.3,ok
20260516,10,3,1.4,9.0,2.5,13.6,42.4,22.4,ok
20260516,10,4,2.4,1.5,9.5,15.8,19.7,22.6,ok
20260516,10,5,1.1,10.7,4.2,10.4,57.3,28.6,ok
20260516,10,6,1.4,3.6,7.2,15.0,16.5,9.2,ok
20260516,10,7,5.2,26.1,5.1,1.3,6.7,29.8,ok
20260516,10,8,5.4,9.3,3.1,2.4,10.8,4.3,ok
20260516,10,9,4.1,5.6,3.5,2.3,12.4,8.0,ok
20260516,10,10,3.2,3.6,12.5,1.6,15.6,188.2,ok
20260516,10,11,1.9,8.6,2.3,4.9,23.0,46.0,ok
20260516,10,12,1.2,19.8,6.3,4.4,15.4,17.3,ok
20260516,14,1,1.2,15.8,3.6,10.9,18.8,24.7,ok
20260516,14,2,2.9,6.0,12.0,2.6,2.8,60.0,ok
20260516,14,3,1.2,14.2,7.1,7.5,8.9,15.8,ok
20260516,14,4,1.8,4.2,4.0,4.9,11.7,32.3,ok
20260516,14,5,3.7,1.7,19.0,12.6,14.5,3.2,ok
20260516,14,6,10.5,3.7,4.6,9.2,1.8,9.8,ok
20260516,14,7,2.6,10.3,1.5,9.1,16.5,41.2,ok
20260516,14,8,1.0,16.4,17.4,11.1,9.9,14.6,ok
20260516,14,9,1.5,9.1,3.5,42.5,4.7,15.9,ok
20260516,14,10,1.4,6.2,3.6,6.4,22.1,38.8,ok
20260516,14,11,1.9,3.7,3.4,4.9,19.7,59.2,ok
20260516,14,12,1.1,8.0,7.3,6.8,29.5,25.2,ok
20260516,17,1,1.3,15.1,8.8,4.4,8.1,21.1,ok
20260516,17,2,1.4,7.7,4.6,8.5,6.4,30.9,ok
20260516,17,3,2.4,2.3,3.2,9.6,16.0,48.2,ok
20260516,17,5,1.4,4.9,4.5,17.0,9.6,17.0,ok
20260516,17,6,2.7,2.5,14.6,4.8,13.5,4.2,ok
20260516,17,7,11.6,1.0,38.0,24.8,31.7,40.7,ok
20260516,17,8,1.2,8.9,11.8,4.0,13.5,45.1,ok
20260516,17,9,1.0,29.3,12.5,5.8,24.0,66.0,ok
20260516,17,10,1.6,6.4,4.0,17.9,13.7,4.9,ok
20260516,17,11,1.1,10.9,5.8,24.6,9.8,28.1,ok
20260516,17,12,1.5,6.2,4.4,8.0,9.4,17.1,ok
20260516,19,1,2.3,6.6,2.4,12.3,11.0,5.8,ok
20260516,19,2,2.9,6.2,1.6,5.7,44.0,22.0,ok
20260516,19,3,2.3,1.7,5.3,16.0,32.0,14.2,ok
20260516,19,4,1.8,2.9,24.2,2.7,19.8,218.2,ok
20260516,19,5,1.1,8.5,7.1,9.3,25.5,19.8,ok
20260516,19,6,4.5,1.8,8.6,21.1,2.5,82.0,ok
20260516,19,7,3.2,2.3,10.4,41.8,2.2,27.9,ok
20260516,19,8,2.6,1.3,27.9,9.6,23.2,69.7,ok
20260516,19,9,1.0,19.5,11.8,28.7,22.7,15.6,ok
20260516,19,10,1.0,31.9,29.8,3.1,44.7,111.9,ok
20260516,19,11,1.2,11.7,5.9,7.8,10.3,40.7,ok
20260516,19,12,1.0,16.0,8.0,8.4,22.9,13.9,ok
20260516,20,1,1.0,7.9,8.4,247.1,23.5,70.6,ok
20260516,20,2,1.8,13.5,2.4,16.5,4.6,24.7,ok
20260516,20,3,3.9,8.2,5.7,1.4,28.2,20.1,ok
20260516,20,4,1.9,15.3,3.0,7.1,5.0,12.9,ok
20260516,20,5,1.1,3.7,15.6,13.4,16.7,117.5,ok
20260516,20,6,1.6,2.4,19.1,23.9,17.9,5.9,ok
20260516,20,7,1.3,19.6,4.3,4.4,19.6,25.0,ok
20260516,20,8,1.4,5.0,2.9,12.1,49.7,45.6,ok
20260516,20,9,1.1,18.1,3.7,21.7,33.0,11.3,ok
20260516,20,10,1.3,12.8,5.5,7.9,5.9,67.6,ok
20260516,20,11,1.0,7.3,5.0,42.2,33.1,26.5,ok
20260516,20,12,1.3,9.2,3.4,12.8,9.5,60.0,ok
20260516,21,1,1.1,6.5,10.2,14.0,10.5,15.0,ok
20260516,21,2,1.5,5.1,9.6,4.2,9.2,18.8,ok
20260516,21,3,1.5,5.4,4.2,8.1,13.2,15.6,ok
20260516,21,4,1.1,9.8,8.7,9.6,8.4,28.1,ok
20260516,21,5,1.2,11.8,6.9,6.0,18.2,12.7,ok
20260516,21,6,1.3,8.3,6.7,13.0,14.8,5.9,ok
20260516,21,7,1.0,7.3,17.3,15.2,27.4,37.1,ok
20260516,21,8,1.5,9.5,4.5,5.3,7.2,25.2,ok
20260516,21,9,1.5,7.7,4.3,7.5,7.5,13.9,ok
20260516,21,10,1.3,3.2,10.1,17.7,13.1,21.9,ok
20260516,21,11,1.5,3.3,6.9,4.8,34.5,36.7,ok
20260516,21,12,1.3,10.5,5.9,10.3,4.8,25.2,ok
20260516,06,2,1.5,4.7,5.1,8.7,6.8,,part
20260516,17,4,1.0,30.0,10.0,,,15.0,part
20260517,02,1,1.3,5.4,3.1,17.1,57.1,114.2,ok
20260517,02,2,2.6,6.2,4.0,2.9,77.5,5.2,ok
20260517,02,3,2.0,2.2,19.6,8.5,5.4,21.8,ok
20260517,02,4,2.2,4.3,2.3,5.0,32.5,54.2,ok
20260517,02,5,1.3,9.3,3.8,4.8,51.3,51.3,ok
20260517,02,6,6.5,2.8,1.8,31.2,6.5,8.6,ok
20260517,02,7,1.0,25.5,28.7,9.5,19.1,9.2,ok
20260517,02,8,1.9,2.1,12.5,4.6,30.0,50.0,ok
20260517,02,9,1.3,2.9,11.4,18.7,32.8,12.5,ok
20260517,02,10,1.0,35.7,8.9,35.7,25.9,9.8,ok
20260517,02,11,1.3,5.2,18.5,12.3,5.5,9.2,ok
20260517,02,12,1.1,23.6,6.9,15.0,9.7,8.7,ok
20260517,06,1,1.4,7.2,7.7,6.8,5.2,38.7,ok
20260517,06,2,2.6,6.9,10.0,2.5,3.5,34.6,ok
20260517,06,3,4.5,108.6,3.4,4.2,60.3,1.7,ok
20260517,06,4,1.0,7.2,9.6,10.5,57.7,28.8,ok
20260517,06,5,1.9,3.7,2.5,16.8,12.0,42.1,ok
20260517,06,6,4.1,55.2,1.2,10.3,20.7,6.3,ok
20260517,06,7,3.4,1.4,7.5,6.3,73.3,32.5,ok
20260517,06,8,1.8,25.6,15.0,1.5,51.3,42.7,ok
20260517,06,10,3.4,16.3,3.1,2.1,9.3,10.8,ok
20260517,06,11,1.3,12.2,4.0,19.6,5.7,49.1,ok
20260517,06,12,1.1,12.3,11.0,12.3,6.0,19.3,ok
20260517,07,1,1.1,11.8,6.5,9.8,18.2,26.8,ok
20260517,07,2,1.6,12.7,10.9,2.6,6.2,30.6,ok
20260517,07,3,1.4,4.2,16.0,23.3,4.6,10.2,ok
20260517,07,4,2.0,2.3,14.7,11.0,4.9,21.1,ok
20260517,07,5,2.0,7.6,3.4,13.0,3.8,10.9,ok
20260517,07,6,1.3,16.0,5.4,5.3,19.4,8.4,ok
20260517,07,7,1.2,16.3,6.6,4.5,12.5,35.0,ok
20260517,07,9,1.4,8.1,11.6,3.1,14.9,22.4,ok
20260517,07,10,1.2,4.8,5.7,11.6,15.6,41.6,ok
20260517,07,11,1.0,11.7,26.2,15.9,33.4,55.7,ok
20260517,07,12,1.0,17.6,14.0,8.1,22.8,35.3,ok
20260517,10,1,1.0,33.8,4.4,21.9,48.8,36.6,ok
20260517,10,2,1.0,12.4,13.9,9.4,118.5,23.7,ok
20260517,10,3,1.0,6.6,7.5,36.5,109.6,219.3,ok
20260517,10,4,1.0,24.0,20.2,17.0,32.4,8.0,ok
20260517,10,5,4.0,9.6,2.0,18.6,2.8,12.9,ok
20260517,10,6,8.5,5.5,7.2,6.7,2.1,3.5,ok
20260517,10,7,7.4,2.0,13.3,3.5,7.7,4.3,ok
20260517,10,8,8.1,2.4,2.5,2.6,40.9,143.2,ok
20260517,10,9,8.7,4.0,2.2,6.2,4.5,6.4,ok
20260517,10,10,1.5,3.4,19.6,3.5,24.2,51.4,ok
20260517,10,11,1.4,4.3,9.4,4.5,24.2,21.1,ok
20260517,10,12,1.1,5.8,15.6,8.9,11.3,83.5,ok
20260517,14,1,1.3,12.3,7.1,13.5,3.9,16.9,ok
20260517,14,2,1.5,3.7,8.4,4.5,12.1,84.7,ok
20260517,14,3,1.7,17.2,1.7,13.1,17.2,92.0,ok
20260517,14,4,1.0,52.8,9.6,35.2,35.2,10.5,ok
20260517,14,5,2.3,5.7,14.6,2.1,26.4,6.2,ok
20260517,14,6,1.6,2.8,6.5,9.2,10.5,36.8,ok
20260517,14,7,1.2,21.4,7.4,5.3,10.1,24.0,ok
20260517,14,8,2.5,1.4,21.7,15.8,10.8,19.3,ok
20260517,14,9,4.0,1.5,10.8,12.0,10.8,5.4,ok
20260517,14,11,1.9,5.1,2.1,25.1,9.7,176.2,ok
20260517,14,12,1.5,12.3,4.3,16.5,33.0,3.6,ok
20260517,15,1,1.8,4.7,5.0,4.0,8.0,80.2,ok
20260517,15,2,3.3,5.2,2.4,28.6,5.5,4.3,ok
20260517,15,3,1.2,16.5,4.8,16.5,7.9,13.2,ok
20260517,15,4,3.7,5.0,13.4,1.5,11.9,13.4,ok
20260517,15,5,3.1,10.5,5.6,12.9,1.5,38.7,ok
20260517,15,6,1.6,3.4,8.0,7.3,20.8,6.9,ok
20260517,15,7,1.7,2.4,12.4,4.6,32.0,56.0,ok
20260517,15,8,1.1,5.0,29.7,9.9,13.9,26.0,ok
20260517,15,9,1.6,5.2,3.7,23.5,5.4,25.1,ok
20260517,15,10,3.2,3.0,3.3,16.6,3.1,44.8,ok
20260517,15,11,1.5,7.9,6.1,13.5,9.7,4.6,ok
20260517,15,12,1.1,5.2,17.4,8.5,17.4,13.9,ok
20260517,17,1,1.0,13.5,11.3,15.0,9.0,27.1,ok
20260517,17,2,1.0,10.4,16.7,18.5,8.3,23.8,ok
20260517,17,3,2.1,2.5,6.4,5.2,70.8,8.3,ok
20260517,17,4,1.5,6.1,7.7,3.6,12.3,24.6,ok
20260517,17,5,2.9,49.2,1.1,36.9,17.0,23.9,ok
20260517,17,6,2.0,5.5,1.8,12.8,80.4,45.9,ok
20260517,17,7,1.9,2.9,5.0,13.8,27.6,6.1,ok
20260517,17,8,1.0,33.2,33.2,4.3,19.3,29.0,ok
20260517,17,9,1.0,17.2,25.3,18.9,6.3,54.2,ok
20260517,17,10,1.8,4.3,4.6,12.0,5.8,12.0,ok
20260517,17,11,1.3,4.7,4.7,16.9,10.5,84.7,ok
20260517,17,12,2.1,3.8,5.8,6.3,4.4,16.7,ok
20260517,19,1,1.6,12.5,1.9,13.0,23.2,162.7,ok
20260517,19,3,1.0,19.5,15.6,15.6,6.0,78.0,ok
20260517,19,4,1.0,87.3,19.4,17.4,58.2,23.3,ok
20260517,19,5,1.0,16.9,14.1,15.4,7.7,84.7,ok
20260517,19,6,1.8,2.4,7.8,19.2,25.6,5.5,ok
20260517,19,7,1.1,18.2,3.2,18.2,14.9,82.1,ok
20260517,19,8,1.1,8.0,14.2,7.2,11.9,15.7,ok
20260517,19,9,1.1,9.5,14.5,4.7,23.0,23.0,ok
20260517,19,10,1.1,8.7,4.6,10.3,20.6,75.7,ok
20260517,19,11,1.2,5.8,4.8,22.9,35.7,10.7,ok
20260517,19,12,1.0,15.3,10.6,5.5,23.0,46.0,ok
20260517,20,1,1.9,3.5,7.5,2.9,15.9,127.5,ok
20260517,20,2,1.6,9.7,2.1,283.5,8.1,70.8,ok
20260517,20,3,1.5,24.5,12.2,2.5,9.0,19.0,ok
20260517,20,4,2.8,4.1,29.6,1.5,24.4,59.3,ok
20260517,20,5,1.2,3.3,19.2,12.3,23.7,30.8,ok
20260517,20,6,1.5,13.0,13.0,6.7,6.2,4.3,ok
20260517,20,7,1.4,14.2,25.4,2.5,8.6,88.9,ok
20260517,20,8,1.1,5.1,6.6,47.6,11.5,25.1,ok
20260517,20,9,2.4,8.1,1.6,18.7,14.0,12.5,ok
20260517,20,10,1.2,12.4,5.1,15.2,8.6,21.1,ok
20260517,20,11,1.1,11.8,34.8,6.1,34.8,8.0,ok
20260517,20,12,1.0,13.8,20.2,6.2,61.0,94.2,ok
20260517,21,1,1.3,7.7,7.1,8.7,5.4,44.5,ok
20260517,21,2,2.4,3.6,3.9,2.8,42.2,49.9,ok
20260517,21,3,1.8,14.7,4.5,5.2,4.9,8.1,ok
20260517,21,4,1.8,4.6,4.7,5.7,5.6,49.1,ok
20260517,21,5,2.6,5.0,5.4,2.0,17.2,46.4,ok
20260517,21,6,1.2,6.9,10.6,10.2,7.4,31.8,ok
20260517,21,7,1.2,4.8,17.3,9.5,12.3,14.7,ok
20260517,21,8,1.5,13.8,3.5,5.6,14.4,15.0,ok
20260517,21,9,1.4,5.5,5.5,7.9,9.6,14.2,ok
20260517,21,10,1.0,17.1,6.2,10.9,13.1,32.8,ok
20260517,21,11,1.0,7.4,9.5,15.8,18.1,130.3,ok
20260517,21,12,1.0,11.3,14.1,14.1,11.9,32.0,ok
20260517,06,9,1.2,3.2,22.5,45.0,8.1,,part
20260517,14,10,1.7,8.8,2.0,7.2,83.6,,part
20260517,19,2,1.5,3.4,9.7,10.1,4.6,,part
20260518,02,1,2.6,12.2,3.1,2.7,10.6,8.8,ok
20260518,02,2,1.8,4.1,3.8,6.7,7.1,64.1,ok
20260518,02,3,2.8,5.0,3.7,9.9,3.6,6.9,ok
20260518,02,4,1.7,5.7,4.0,37.5,3.5,25.0,ok
20260518,02,5,2.1,2.9,13.1,7.0,17.8,3.7,ok
20260518,02,6,4.9,1.4,50.4,2.6,27.1,88.3,ok
20260518,02,7,1.7,5.8,23.3,3.9,62.2,3.7,ok
20260518,02,8,1.4,12.8,5.4,17.7,4.5,10.1,ok
20260518,02,9,1.1,5.2,13.8,12.2,11.6,73.7,ok
20260518,02,10,1.0,9.4,10.1,14.9,13.5,284.2,ok
20260518,02,11,1.2,4.9,16.9,8.4,9.1,59.2,ok
20260518,02,12,1.5,3.1,5.4,14.4,13.0,27.3,ok
20260518,06,1,1.6,3.9,2.8,23.1,11.5,115.5,ok
20260518,06,2,2.1,5.4,5.7,2.3,46.1,15.3,ok
20260518,06,3,5.0,33.7,5.7,10.3,5.7,1.5,ok
20260518,06,4,1.0,21.2,24.3,24.3,17.0,24.3,ok
20260518,06,5,3.3,2.0,6.8,4.3,13.6,9.9,ok
20260518,06,6,1.0,20.3,11.8,8.0,44.8,14.0,ok
20260518,06,7,6.9,1.4,4.8,5.7,11.1,83.2,ok
20260518,06,8,2.0,4.3,6.7,2.3,36.2,108.7,ok
20260518,06,9,1.5,4.0,4.3,16.0,9.3,37.5,ok
20260518,06,10,2.7,6.1,1.8,27.5,7.1,11.0,ok
20260518,06,11,2.3,5.6,8.8,20.7,1.9,26.6,ok
20260518,06,12,1.6,5.4,13.9,3.2,10.6,12.9,ok
20260518,10,1,1.4,10.8,6.1,3.9,8.1,43.2,ok
20260518,10,2,1.4,3.4,7.1,8.7,22.6,22.6,ok
20260518,10,3,3.6,7.1,1.1,18.0,113.0,150.7,ok
20260518,10,4,1.6,13.2,33.9,2.1,7.6,39.6,ok
20260518,10,5,1.7,10.3,5.7,8.1,3.5,11.4,ok
20260518,10,6,2.2,9.3,3.3,3.7,6.2,23.2,ok
20260518,10,7,2.0,7.3,15.5,11.6,2.0,12.7,ok
20260518,10,8,3.4,10.6,1.6,7.4,6.3,21.3,ok
20260518,10,9,1.4,4.1,9.6,12.4,17.4,5.8,ok
20260518,10,10,1.4,4.4,6.5,15.1,11.6,8.4,ok
20260518,10,11,1.2,12.7,4.8,14.0,28.0,8.2,ok
20260518,10,12,1.2,4.7,8.0,6.5,22.7,29.6,ok
20260518,14,1,1.0,12.7,8.5,25.5,25.5,25.5,ok
20260518,14,2,5.7,2.5,5.5,5.7,3.5,7.5,ok
20260518,14,3,1.2,120.7,3.8,8.6,7.1,30.1,ok
20260518,14,4,1.4,41.6,1.7,83.2,16.6,166.5,ok
20260518,14,5,1.3,3.1,12.8,15.0,9.9,173.2,ok
20260518,14,6,1.2,15.8,43.6,3.1,10.2,21.8,ok
20260518,14,7,1.4,5.4,15.0,15.0,4.1,15.0,ok
20260518,14,8,6.8,1.1,25.2,6.3,12.6,37.8,ok
20260518,14,9,14.0,5.8,23.3,29.1,58.3,1.0,ok
20260518,14,10,1.8,3.9,4.1,4.4,17.8,42.3,ok
20260518,14,11,22.7,30.7,8.7,174.5,1.3,2.4,ok
20260518,14,12,1.6,7.1,11.8,2.5,11.8,28.5,ok
20260518,15,1,1.3,7.2,7.6,8.1,8.7,11.8,ok
20260518,15,2,1.7,7.7,8.8,3.1,12.4,7.3,ok
20260518,15,3,2.2,10.5,2.1,5.6,79.1,6.8,ok
20260518,15,4,2.3,3.6,5.0,9.9,3.3,23.2,ok
20260518,15,5,1.7,2.1,11.1,14.4,12.0,15.1,ok
20260518,15,6,2.1,5.2,3.7,2.9,27.0,30.4,ok
20260518,15,7,3.0,2.8,3.3,3.6,17.9,29.5,ok
20260518,15,8,2.3,11.6,51.3,1.7,4.5,73.3,ok
20260518,15,9,1.4,2.8,9.8,45.6,8.1,24.3,ok
20260518,15,10,2.0,4.9,11.0,25.8,2.0,33.2,ok
20260518,15,11,1.6,9.0,12.6,7.1,10.5,3.1,ok
20260518,15,12,1.0,9.6,9.6,11.1,11.3,29.0,ok
20260518,17,1,1.4,6.8,11.0,13.6,3.3,40.9,ok
20260518,17,2,2.9,8.3,1.7,4.3,22.3,33.5,ok
20260518,17,3,2.3,1.3,11.6,32.2,48.3,18.1,ok
20260518,17,4,3.1,1.9,61.5,7.9,2.8,61.5,ok
20260518,17,5,1.4,2.6,13.8,18.4,8.5,27.6,ok
20260518,17,6,1.5,3.0,6.8,8.6,16.0,75.0,ok
20260518,17,7,1.2,29.8,41.8,3.0,8.7,52.3,ok
20260518,17,8,1.2,32.0,6.0,4.0,48.0,32.0,ok
20260518,17,9,4.0,2.7,12.2,9.7,2.7,5.7,ok
20260518,17,10,1.3,7.6,11.2,13.2,7.2,6.1,ok
20260518,17,11,1.1,7.2,7.2,33.8,18.4,11.9,ok
20260518,17,12,1.7,9.5,6.1,9.5,5.0,4.9,ok
20260518,18,1,1.0,15.3,19.5,9.7,14.3,14.3,ok
20260518,18,2,1.0,99.0,5.5,24.7,11.6,198.0,ok
20260518,18,3,1.1,10.4,23.5,8.5,4.5,94.1,ok
20260518,18,4,1.0,6.1,25.8,8.0,14.3,129.0,ok
20260518,18,5,1.1,4.0,20.2,18.9,10.5,70.8,ok
20260518,18,6,1.6,5.9,2.8,32.8,43.7,6.2,ok
20260518,18,7,1.9,4.3,5.6,3.4,62.0,9.3,ok
20260518,18,8,1.1,6.9,8.3,36.8,5.1,86.0,ok
20260518,18,9,1.4,17.7,2.2,27.8,21.6,17.7,ok
20260518,18,10,3.8,1.7,3.5,18.8,6.2,69.2,ok
20260518,18,11,1.1,10.6,5.5,24.8,29.8,11.4,ok
20260518,18,12,1.0,22.3,17.4,10.3,50.2,50.2,ok
20260518,19,1,1.3,19.3,2.8,9.6,11.0,51.5,ok
20260518,19,2,1.6,13.6,6.3,4.3,12.0,5.5,ok
20260518,19,3,1.3,7.4,7.8,10.3,5.5,12.2,ok
20260518,19,4,1.5,5.6,7.4,7.7,3.8,179.2,ok
20260518,19,5,1.2,9.5,4.1,8.2,36.1,25.8,ok
20260518,19,6,1.4,5.0,14.6,13.4,4.4,17.9,ok
20260518,19,7,1.1,7.5,15.8,6.4,,12.4,ok
20260518,19,8,1.5,8.7,4.5,11.6,7.6,8.7,ok
20260518,19,9,1.2,9.4,3.4,11.5,36.4,28.3,ok
20260518,19,10,1.1,4.3,13.6,10.2,24.7,37.8,ok
20260518,19,11,1.3,6.6,12.9,4.0,11.8,17.4,ok
20260518,19,12,1.2,8.2,6.9,7.4,23.2,9.9,ok
20260518,20,1,1.8,10.1,10.1,2.7,5.4,18.4,ok
20260518,20,2,1.8,4.8,9.5,8.2,3.0,32.1,ok
20260518,20,3,1.5,3.8,18.7,3.9,26.5,11.7,ok
20260518,20,4,1.8,9.2,30.2,3.0,3.4,23.8,ok
20260518,20,5,1.2,3.3,20.1,6.9,50.3,67.1,ok
20260518,20,6,1.9,17.9,2.3,9.8,4.6,60.9,ok
20260518,20,7,2.0,6.2,7.2,5.0,7.2,4.9,ok
20260518,20,8,1.5,4.6,2.8,14.1,33.9,23.1,ok
20260518,20,9,1.0,9.6,13.9,6.9,46.0,35.6,ok
20260518,20,10,1.1,12.6,21.1,6.1,6.5,29.5,ok
20260518,20,11,1.0,21.0,12.3,84.2,34.3,14.7,ok
20260518,20,12,2.4,2.6,18.5,2.5,26.1,18.8,ok
20260518,21,1,1.2,4.0,13.2,8.2,26.4,20.5,ok
20260518,21,2,1.6,8.5,2.7,9.6,19.7,13.3,ok
20260518,21,3,1.6,5.1,5.9,9.6,8.4,6.5,ok
20260518,21,4,1.3,3.3,6.5,13.8,19.1,31.1,ok
20260518,21,5,1.3,5.5,5.1,10.6,25.1,17.6,ok
20260518,21,6,1.2,17.7,3.1,27.1,14.4,46.2,ok
20260518,21,7,1.0,20.0,7.5,21.2,16.0,72.3,ok
20260518,21,8,1.2,11.0,7.2,11.8,7.3,10.7,ok
20260518,21,9,1.5,12.0,12.4,14.8,2.2,34.8,ok
20260518,21,10,1.1,11.8,7.7,6.1,31.6,47.5,ok
20260518,21,11,1.2,8.2,12.8,4.5,13.0,24.4,ok
20260518,21,12,1.0,10.5,19.9,17.9,13.3,66.6,ok
20260519,01,1,2.0,18.8,3.4,4.5,3.8,30.1,ok
20260519,01,2,4.3,13.3,1.2,13.3,17.4,15.8,ok
20260519,01,3,6.9,5.5,1.6,7.7,4.7,12.6,ok
20260519,01,4,1.0,42.4,93.3,35.8,58.3,77.7,ok
20260519,01,5,4.7,1.4,9.5,4.6,17.3,17.9,ok
20260519,01,6,1.4,12.2,6.2,5.3,6.5,18.0,ok
20260519,01,7,2.1,22.0,1.6,11.0,17.9,13.6,ok
20260519,01,8,1.5,6.3,4.2,30.9,5.2,20.6,ok
20260519,01,9,1.3,19.4,3.3,10.2,29.8,10.7,ok
20260519,01,10,4.6,1.6,5.4,5.5,12.5,12.5,ok
20260519,01,11,1.5,4.7,5.4,13.0,9.2,11.4,ok
20260519,01,12,1.3,9.3,3.7,16.3,15.8,12.4,ok
20260519,02,1,5.2,6.0,2.3,7.1,2.6,28.6,ok
20260519,02,2,2.3,2.5,4.8,7.1,21.4,9.3,ok
20260519,02,3,2.3,2.6,5.6,4.8,21.7,10.0,ok
20260519,02,4,5.0,4.0,1.6,5.2,15.0,35.0,ok
20260519,02,6,1.0,8.1,22.1,7.6,11.0,44.2,ok
20260519,02,7,1.0,8.1,11.1,37.7,18.8,75.5,ok
20260519,02,8,3.3,10.0,1.4,26.6,9.2,12.0,ok
20260519,02,9,1.1,13.5,6.7,15.1,8.1,27.0,ok
20260519,02,10,1.5,3.9,19.1,4.9,5.9,49.8,ok
20260519,02,11,1.4,3.1,5.7,18.8,15.9,18.8,ok
20260519,02,12,1.5,4.5,4.4,9.0,10.2,25.0,ok
20260519,06,1,2.4,1.8,30.7,9.2,10.2,7.6,ok
20260519,06,3,3.6,8.3,1.7,9.1,5.4,11.8,ok
20260519,06,4,1.3,4.3,5.5,24.7,19.8,12.3,ok
20260519,06,5,11.8,3.6,3.3,3.2,4.4,6.7,ok
20260519,06,6,1.1,15.2,8.0,50.7,15.2,5.0,ok
20260519,06,7,1.7,6.7,6.0,6.4,16.2,4.0,ok
20260519,06,8,1.1,17.0,8.5,6.0,204.0,6.8,ok
20260519,06,9,1.2,23.4,5.8,5.2,13.3,46.8,ok
20260519,06,10,1.3,4.6,4.5,9.1,32.6,76.2,ok
20260519,06,11,1.0,9.4,11.3,22.7,32.4,37.8,ok
20260519,06,12,1.1,3.3,17.5,22.4,24.3,22.4,ok
20260519,08,1,2.1,9.9,3.0,4.1,6.1,24.7,ok
20260519,08,2,4.1,3.2,3.6,13.9,20.2,2.5,ok
20260519,08,3,2.7,1.7,7.5,14.1,14.1,7.0,ok
20260519,08,4,1.7,8.3,4.0,5.6,11.3,7.5,ok
20260519,08,5,1.0,64.5,5.6,64.5,10.7,21.5,ok
20260519,08,6,1.4,13.1,4.4,30.0,4.8,8.0,ok
20260519,08,7,3.1,2.6,2.4,10.6,9.1,31.8,ok
20260519,08,8,11.5,4.6,1.0,29.7,41.7,34.7,ok
20260519,08,9,1.2,3.8,16.7,7.1,25.1,25.1,ok
20260519,08,11,1.4,3.6,23.1,4.0,23.1,40.5,ok
20260519,08,12,1.0,11.7,30.0,7.1,13.7,18.3,ok
20260519,14,1,1.2,18.1,16.6,5.8,5.3,16.6,ok
20260519,14,2,2.3,14.5,2.8,16.6,6.3,3.7,ok
20260519,14,3,1.2,8.2,23.4,5.6,10.9,13.6,ok
20260519,14,4,2.0,6.0,7.8,2.2,10.2,53.4,ok
20260519,14,5,6.2,1.2,9.3,5.2,56.2,40.1,ok
20260519,14,6,1.6,9.6,35.2,1.9,52.8,15.1,ok
20260519,14,7,3.4,5.3,3.4,2.7,6.1,29.2,ok
20260519,14,8,2.1,2.4,4.3,20.6,9.1,16.5,ok
20260519,14,9,1.8,3.1,4.3,7.6,11.0,99.0,ok
20260519,14,10,1.1,9.0,10.2,4.0,39.6,105.7,ok
20260519,14,11,1.0,5.4,15.7,9.0,126.0,126.0,ok
20260519,14,12,1.7,5.7,2.3,55.7,8.3,41.8,ok
20260519,15,1,1.2,7.4,10.4,5.3,17.3,31.2,ok
20260519,15,2,1.3,28.2,2.0,33.9,21.1,169.5,ok
20260519,15,4,1.5,4.7,13.1,7.4,24.0,4.5,ok
20260519,15,5,2.4,4.7,3.4,20.3,2.8,30.5,ok
20260519,15,6,1.7,2.3,15.1,10.9,14.6,8.7,ok
20260519,15,7,2.0,23.7,6.4,4.7,22.2,2.5,ok
20260519,15,8,2.2,8.1,23.5,1.6,12.9,25.9,ok
20260519,15,9,2.4,8.9,10.7,11.9,1.8,9.4,ok
20260519,15,10,1.3,6.4,3.6,12.1,28.6,19.0,ok
20260519,15,11,2.0,1.9,6.2,32.2,11.5,17.9,ok
20260519,15,12,1.0,14.0,7.1,21.7,11.7,62.1,ok
20260519,16,1,1.3,12.1,18.1,3.8,6.6,36.3,ok
20260519,16,2,4.6,6.4,4.1,7.4,3.6,3.1,ok
20260519,16,3,1.1,10.3,6.2,7.8,20.6,20.6,ok
20260519,16,4,1.7,21.4,21.4,1.8,10.2,107.2,ok
20260519,16,5,9.2,2.2,3.8,2.3,30.0,15.0,ok
20260519,16,6,2.6,2.9,5.2,2.9,14.7,88.5,ok
20260519,16,7,3.0,18.9,6.3,18.9,1.4,37.8,ok
20260519,16,8,1.1,14.1,9.7,4.1,36.9,18.4,ok
20260519,16,9,1.5,6.1,11.0,9.2,6.6,5.5,ok
20260519,16,10,5.3,7.1,1.3,9.3,15.3,12.6,ok
20260519,16,11,1.3,12.2,3.2,9.8,16.3,16.3,ok
20260519,16,12,1.2,6.3,10.2,7.2,15.3,21.8,ok
20260519,17,1,1.0,36.1,18.0,3.8,90.3,60.2,ok
20260519,17,2,3.9,1.9,5.0,3.6,18.9,25.2,ok
20260519,17,3,7.2,3.6,9.3,3.6,37.2,1.9,ok
20260519,17,4,2.4,3.0,3.7,6.4,6.4,55.7,ok
20260519,17,5,1.5,9.0,5.1,4.0,36.0,9.0,ok
20260519,17,6,1.9,2.7,12.0,3.8,48.2,12.0,ok
20260519,17,7,1.0,7.9,27.7,11.1,111.0,111.0,ok
20260519,17,8,1.5,9.7,2.1,28.1,32.1,32.1,ok
20260519,17,9,2.3,2.7,15.3,12.9,11.4,3.1,ok
20260519,17,10,3.7,2.5,16.8,48.5,1.7,194.2,ok
20260519,17,11,1.0,38.1,7.1,9.9,25.4,57.1,ok
20260519,17,12,1.1,21.0,4.9,16.2,11.0,23.4,ok
20260519,18,1,1.1,25.0,7.0,4.9,14.5,69.0,ok
20260519,18,2,1.4,14.0,3.4,6.6,15.8,21.1,ok
20260519,18,3,1.1,20.2,6.1,12.3,37.1,7.1,ok
20260519,18,4,1.0,6.8,9.1,12.8,13.7,64.2,ok
20260519,18,5,1.7,15.1,8.8,3.0,47.3,4.1,ok
20260519,18,6,6.1,1.3,24.4,2.9,68.4,20.1,ok
20260519,18,7,1.5,4.0,6.3,22.0,9.0,9.4,ok
20260519,18,8,2.4,2.5,5.1,4.6,17.6,14.6,ok
20260519,18,9,2.2,7.3,44.8,1.5,157.1,12.5,ok
20260519,18,10,2.3,8.7,2.0,6.5,10.3,18.1,ok
20260519,18,11,1.3,4.2,15.9,6.0,10.6,50.2,ok
20260519,18,12,1.0,12.4,8.9,9.0,63.3,37.2,ok
20260519,20,1,4.0,1.6,14.0,4.2,9.7,18.1,ok
20260519,20,2,4.4,11.5,6.2,2.5,11.1,2.6,ok
20260519,20,3,3.3,6.0,1.6,9.9,14.9,10.8,ok
20260519,20,4,1.3,15.8,14.6,12.1,6.7,4.5,ok
20260519,20,5,1.2,4.6,11.0,7.9,15.4,22.0,ok
20260519,20,6,3.6,22.2,1.9,6.6,3.4,17.5,ok
20260519,20,7,1.2,4.0,18.1,8.5,29.0,9.2,ok
20260519,20,8,1.9,1.7,8.9,12.4,35.8,41.3,ok
20260519,20,9,2.1,1.5,10.1,11.2,40.0,52.5,ok
20260519,20,10,1.4,4.9,9.9,4.5,9.7,54.6,ok
20260519,20,11,1.4,2.5,17.8,7.3,24.5,42.7,ok
20260519,20,12,1.5,13.0,10.3,9.3,2.7,19.5,ok
20260519,21,1,1.1,16.6,4.3,9.5,35.1,63.3,ok
20260519,21,2,1.6,16.3,11.3,2.2,16.3,13.7,ok
20260519,21,3,1.0,10.0,13.1,13.1,7.2,105.3,ok
20260519,21,4,1.3,4.0,9.1,11.5,13.0,11.5,ok
20260519,21,5,1.4,5.8,6.9,9.9,6.5,11.0,ok
20260519,21,6,1.0,10.5,7.9,12.6,14.1,26.2,ok
20260519,21,7,1.2,17.1,6.4,4.8,22.5,15.8,ok
20260519,21,8,1.4,7.6,4.5,7.8,8.0,26.5,ok
20260519,21,9,1.3,7.1,5.3,9.2,9.8,31.4,ok
20260519,21,10,1.0,8.9,12.5,17.4,7.1,50.0,ok
20260519,21,11,1.4,7.3,5.4,13.7,4.7,26.8,ok
20260519,21,12,1.3,6.6,9.4,10.6,4.8,21.8,ok
20260519,02,5,1.3,3.7,11.3,4.0,68.2,,part
20260519,06,2,1.7,13.5,1.6,13.5,,,part
20260519,08,10,1.0,57.7,4.1,28.8,,16.5,part
20260519,15,3,3.8,12.6,1.2,6.3,14.4,,part
20260520,01,1,6.3,13.7,2.4,4.1,2.4,27.5,ok
20260520,01,2,12.4,3.0,11.6,1.8,4.7,11.6,ok
20260520,01,3,3.4,7.8,2.3,5.3,6.8,5.9,ok
20260520,01,4,2.4,25.6,7.8,2.4,9.4,4.2,ok
20260520,01,5,1.3,7.4,2.9,33.5,16.7,26.8,ok
20260520,01,6,1.4,5.5,5.7,10.7,7.3,15.2,ok
20260520,01,7,1.4,13.5,2.2,11.6,41.7,44.9,ok
20260520,01,8,1.2,7.3,39.3,6.0,4.5,67.5,ok
20260520,01,9,6.6,3.2,12.4,1.5,8.0,23.2,ok
20260520,01,10,2.1,5.9,5.1,2.8,8.2,52.5,ok
20260520,01,11,1.1,5.0,6.8,12.5,34.9,22.4,ok
20260520,01,12,1.4,8.8,3.1,6.3,40.1,60.2,ok
20260520,05,1,5.5,10.0,2.4,4.7,20.3,2.5,ok
20260520,05,2,3.3,9.5,4.7,1.6,14.0,26.0,ok
20260520,05,3,1.6,5.5,13.8,3.5,11.8,9.7,ok
20260520,05,4,1.4,4.0,7.2,22.6,5.6,60.5,ok
20260520,05,5,1.7,11.2,5.1,2.4,21.6,28.8,ok
20260520,05,6,1.9,16.0,8.7,2.8,3.6,48.1,ok
20260520,05,7,4.1,2.4,2.2,10.1,11.8,14.2,ok
20260520,05,8,1.3,7.5,3.0,27.7,27.7,11.8,ok
20260520,05,9,1.1,13.1,8.7,13.1,5.8,52.5,ok
20260520,05,10,2.3,22.3,4.0,4.0,5.5,5.2,ok
20260520,05,12,1.2,5.2,8.1,7.0,16.3,49.0,ok
20260520,08,1,1.5,13.6,17.0,34.1,2.0,34.1,ok
20260520,08,2,3.8,1.8,6.9,9.9,4.6,11.6,ok
20260520,08,3,1.2,7.3,9.1,36.7,36.7,4.5,ok
20260520,08,4,1.6,16.3,6.0,8.8,114.7,2.6,ok
20260520,08,5,2.3,2.6,15.0,5.7,4.0,25.0,ok
20260520,08,6,1.2,12.2,8.5,8.5,17.1,5.7,ok
20260520,08,8,1.9,4.0,6.5,3.0,72.0,14.4,ok
20260520,08,9,1.9,6.1,2.0,12.3,12.3,49.5,ok
20260520,08,10,1.0,26.8,6.7,9.5,22.3,22.3,ok
20260520,08,12,1.3,71.2,17.8,2.4,35.6,11.8,ok
20260520,09,2,1.3,7.1,10.0,8.3,5.9,14.3,ok
20260520,09,3,1.4,9.2,8.2,6.7,7.4,8.2,ok
20260520,09,4,1.4,5.3,8.4,4.0,11.7,39.2,ok
20260520,09,6,1.8,4.2,24.6,2.5,13.2,34.5,ok
20260520,09,7,3.3,2.3,54.2,8.1,4.9,3.7,ok
20260520,09,8,1.2,18.0,4.2,11.2,18.0,15.0,ok
20260520,09,9,3.1,2.9,3.2,3.5,13.6,68.2,ok
20260520,09,10,1.2,5.4,26.5,5.4,10.9,16.9,ok
20260520,09,11,1.6,4.5,4.6,6.2,18.6,12.0,ok
20260520,09,12,1.3,4.0,7.6,9.8,17.2,17.2,ok
20260520,11,1,1.3,5.3,9.1,6.5,14.6,16.0,ok
20260520,11,2,2.0,7.7,1.7,14.6,35.4,41.3,ok
20260520,11,3,2.6,2.4,5.0,7.6,5.7,21.2,ok
20260520,11,4,1.5,6.3,2.7,10.9,13.4,120.7,ok
20260520,11,5,1.5,7.5,3.4,7.8,11.0,27.5,ok
20260520,11,6,1.8,5.1,7.1,3.1,9.9,25.8,ok
20260520,11,8,1.6,4.7,8.1,15.5,3.6,19.4,ok
20260520,11,9,1.3,7.2,8.5,15.6,7.8,5.8,ok
20260520,11,10,1.5,6.9,3.7,15.0,18.0,7.5,ok
20260520,11,11,1.3,3.8,13.8,5.6,16.1,24.1,ok
20260520,11,12,1.2,5.7,11.0,9.1,8.2,29.5,ok
20260520,14,1,1.0,21.7,27.9,17.7,15.0,39.1,ok
20260520,14,2,1.2,15.3,5.0,21.2,4.9,34.5,ok
20260520,14,3,2.0,12.8,2.1,14.1,4.6,40.2,ok
20260520,14,4,1.6,4.7,12.5,4.2,39.5,5.1,ok
20260520,14,5,2.1,5.3,11.3,10.1,32.7,2.1,ok
20260520,14,6,1.3,15.8,10.0,7.4,18.5,4.6,ok
20260520,14,7,1.8,9.9,3.3,5.6,7.0,11.9,ok
20260520,14,8,3.9,1.1,25.0,10.7,18.7,75.0,ok
20260520,14,9,1.3,5.6,5.8,7.5,14.3,18.4,ok
20260520,14,10,1.6,6.4,8.2,8.2,11.5,4.1,ok
20260520,14,11,1.0,31.2,6.2,18.7,10.4,23.4,ok
20260520,14,12,1.4,8.0,8.0,5.2,13.3,7.3,ok
20260520,15,1,3.3,3.2,4.3,2.8,8.7,32.2,ok
20260520,15,2,3.1,3.3,2.8,8.1,4.3,73.5,ok
20260520,15,3,3.1,3.4,2.1,7.5,12.0,23.2,ok
20260520,15,4,1.4,5.1,3.2,16.0,12.5,112.5,ok
20260520,15,5,3.6,9.1,22.1,1.7,3.5,25.8,ok
20260520,15,6,1.2,6.3,10.9,15.5,53.5,5.6,ok
20260520,15,7,1.5,2.4,17.3,13.6,14.1,11.2,ok
20260520,15,8,1.0,13.6,13.6,5.7,95.2,190.5,ok
20260520,15,9,1.0,37.3,5.2,18.6,56.0,74.7,ok
20260520,15,10,1.1,5.9,24.8,6.3,21.9,18.6,ok
20260520,15,11,1.7,3.3,4.8,6.0,35.6,19.9,ok
20260520,15,12,1.7,8.9,2.3,10.3,12.2,33.5,ok
20260520,16,1,1.0,21.7,14.5,5.8,14.5,43.5,ok
20260520,16,2,2.1,3.0,8.1,5.7,10.1,7.3,ok
20260520,16,3,2.8,1.9,6.2,7.2,15.6,10.4,ok
20260520,16,4,3.0,2.7,4.1,3.3,81.0,12.4,ok
20260520,16,6,3.6,1.8,2.7,7.2,75.7,151.5,ok
20260520,16,7,1.9,7.3,4.2,16.8,39.2,2.8,ok
20260520,16,8,1.6,1.8,22.5,10.3,42.5,25.5,ok
20260520,16,9,1.5,4.8,65.2,6.8,4.5,13.0,ok
20260520,16,10,6.4,1.2,11.2,22.5,5.6,22.5,ok
20260520,16,11,1.0,16.9,6.8,10.9,46.5,46.5,ok
20260520,16,12,1.3,21.2,2.6,26.5,8.1,70.7,ok
20260520,17,1,1.6,4.2,13.4,94.0,2.5,141.0,ok
20260520,17,2,1.5,27.7,17.3,2.1,13.8,15.4,ok
20260520,17,3,1.2,113.2,37.7,28.3,2.9,8.0,ok
20260520,17,4,1.6,8.0,32.0,21.3,64.1,1.9,ok
20260520,17,5,2.8,5.2,8.2,3.8,5.6,4.3,ok
20260520,17,6,1.7,14.7,7.1,7.3,31.6,2.5,ok
20260520,17,7,2.4,4.1,2.8,4.8,28.8,11.5,ok
20260520,17,8,2.4,25.4,1.6,4.8,13.5,101.6,ok
20260520,17,9,1.2,38.2,3.4,38.2,6.3,38.2,ok
20260520,17,10,1.0,9.5,21.8,7.2,51.0,38.2,ok
20260520,17,11,2.4,10.2,8.1,2.9,13.6,3.5,ok
20260520,17,12,1.5,5.8,6.6,4.0,10.4,62.5,ok
20260520,18,1,1.2,20.8,5.0,4.1,26.4,39.6,ok
20260520,18,2,1.4,5.8,7.7,10.7,30.1,5.1,ok
20260520,18,3,2.1,18.3,1.6,7.0,91.9,13.9,ok
20260520,18,4,1.1,5.4,19.1,5.2,40.5,72.9,ok
20260520,18,5,5.0,1.1,8.3,10.3,56.1,20.6,ok
20260520,18,6,3.9,1.4,27.1,4.5,12.6,23.7,ok
20260520,18,7,1.1,7.1,5.6,37.4,56.1,8.0,ok
20260520,18,8,2.2,1.5,22.3,7.6,34.7,24.0,ok
20260520,18,9,2.5,1.3,21.3,42.7,10.6,15.2,ok
20260520,18,10,1.1,10.9,7.4,50.4,5.3,28.0,ok
20260520,18,11,1.0,18.5,12.9,37.0,11.2,12.9,ok
20260520,18,12,1.0,8.6,11.3,6.7,41.6,24.9,ok
20260520,20,1,1.1,9.0,5.3,10.4,13.9,41.7,ok
20260520,20,2,4.2,4.4,7.0,2.8,8.1,3.9,ok
20260520,20,3,2.5,2.1,3.4,19.9,10.9,18.2,ok
20260520,20,4,1.2,11.7,6.7,5.8,14.6,29.3,ok
20260520,20,5,1.7,2.2,16.7,4.5,22.7,193.1,ok
20260520,20,6,2.3,4.6,1.6,32.8,29.1,43.7,ok
20260520,20,7,1.1,10.1,9.9,9.5,11.6,11.6,ok
20260520,20,8,2.6,3.5,2.4,15.4,6.0,32.1,ok
20260520,20,9,1.4,14.5,3.0,11.1,10.6,14.3,ok
20260520,20,10,1.1,9.5,10.3,5.0,16.6,32.7,ok
20260520,20,11,1.5,4.2,5.1,11.0,6.5,50.7,ok
20260520,20,12,1.1,8.6,10.6,5.7,15.6,34.9,ok
20260520,21,1,1.7,5.0,5.4,5.8,5.2,36.0,ok
20260520,21,2,1.1,15.0,6.6,8.4,17.7,12.1,ok
20260520,21,3,1.3,21.5,8.0,3.6,6.4,48.5,ok
20260520,21,4,1.6,5.9,5.4,7.4,12.5,6.4,ok
20260520,21,5,1.7,15.8,12.2,9.4,9.6,2.4,ok
20260520,21,6,1.3,8.8,10.4,4.5,9.3,32.3,ok
20260520,21,7,1.8,7.3,4.3,4.4,7.1,13.0,ok
20260520,21,8,1.2,7.7,7.2,6.2,10.8,23.5,ok
20260520,21,9,1.6,6.5,6.0,5.1,7.1,16.9,ok
20260520,21,10,1.7,9.3,6.2,2.4,12.3,42.5,ok
20260520,21,11,1.6,7.7,6.1,5.7,6.7,8.9,ok
20260520,21,12,1.6,2.8,8.3,10.3,9.1,27.7,ok
20260520,05,11,1.3,9.5,5.4,3.8,38.2,,part
20260520,08,7,3.1,4.6,1.7,10.5,7.4,,part
20260520,08,11,1.0,13.1,5.8,,26.2,17.5,part
20260520,09,1,1.0,6.1,7.0,,22.8,30.5,part
20260520,09,5,1.2,3.6,12.0,18.0,12.0,,part
20260520,11,7,1.3,10.8,10.8,4.4,5.4,,part
20260520,16,5,2.1,2.2,7.2,6.9,,6.6,part
20260521,01,1,1.6,7.6,4.5,7.6,9.0,8.3,ok
20260521,01,2,1.6,10.7,4.1,4.2,40.1,7.6,ok
20260521,01,3,3.5,1.8,4.5,4.3,34.1,27.3,ok
20260521,01,4,3.1,10.9,6.0,4.6,2.5,7.0,ok
20260521,01,5,7.0,4.4,1.5,4.2,28.5,27.7,ok
20260521,01,6,1.1,12.0,12.3,7.1,13.7,12.8,ok
20260521,01,7,1.7,4.7,3.0,12.1,9.0,31.5,ok
20260521,01,8,1.6,15.1,9.3,4.3,3.5,35.4,ok
20260521,01,9,3.0,2.5,6.1,6.5,8.1,5.8,ok
20260521,01,10,1.5,11.5,3.2,4.7,30.7,21.7,ok
20260521,01,11,1.3,4.8,19.9,4.1,29.1,19.9,ok
20260521,01,12,1.2,3.6,13.6,15.0,17.7,25.5,ok
20260521,05,1,3.1,1.8,6.0,15.3,4.6,24.1,ok
20260521,05,2,1.4,3.6,3.1,20.3,60.9,243.7,ok
20260521,05,3,1.4,8.7,8.7,4.6,15.4,8.7,ok
20260521,05,4,2.4,1.9,4.7,7.0,84.7,28.2,ok
20260521,05,5,3.6,4.0,2.7,2.6,23.4,46.8,ok
20260521,05,6,1.8,1.9,4.6,78.2,117.3,15.6,ok
20260521,05,7,1.4,26.0,11.1,4.4,3.8,22.2,ok
20260521,05,8,2.4,3.9,2.1,10.0,16.4,19.5,ok
20260521,05,9,1.6,9.1,9.1,37.8,2.6,11.5,ok
20260521,05,10,1.5,6.5,3.4,16.6,13.6,9.3,ok
20260521,05,11,1.4,12.1,7.2,9.7,5.3,6.6,ok
20260521,05,12,1.3,6.0,11.1,5.6,19.1,10.4,ok
20260521,08,1,1.4,4.3,30.1,3.8,12.0,24.1,ok
20260521,08,2,7.8,2.5,2.2,3.6,54.7,13.6,ok
20260521,08,3,2.1,2.1,17.0,12.8,13.9,5.3,ok
20260521,08,4,1.7,6.8,6.8,2.4,34.2,25.6,ok
20260521,08,5,1.2,10.2,14.3,8.4,5.7,10.2,ok
20260521,08,6,2.2,23.7,5.9,1.8,7.9,71.2,ok
20260521,08,9,1.7,2.2,6.0,11.3,18.1,90.7,ok
20260521,08,10,1.5,7.9,9.9,3.6,9.9,13.7,ok
20260521,08,11,1.8,53.5,1.5,40.1,12.3,53.5,ok
20260521,08,12,1.2,11.9,3.4,14.3,35.7,23.8,ok
20260521,09,1,1.3,2.9,10.0,11.4,26.7,40.1,ok
20260521,09,2,1.0,18.7,9.9,21.0,29.7,35.7,ok
20260521,09,3,2.8,1.4,10.1,30.3,12.6,13.7,ok
20260521,09,4,1.6,4.5,61.1,30.5,8.7,2.7,ok
20260521,09,5,1.2,15.1,8.6,3.0,30.3,60.7,ok
20260521,09,6,2.8,6.3,5.4,2.6,10.0,6.0,ok
20260521,09,7,4.1,3.4,21.7,2.2,3.1,,ok
20260521,09,8,1.3,9.6,14.8,2.7,40.8,40.8,ok
20260521,09,9,1.2,4.1,9.7,14.6,9.7,176.2,ok
20260521,09,10,5.4,37.3,1.2,3.5,37.3,93.3,ok
20260521,09,11,1.2,35.9,10.4,2.9,15.3,80.8,ok
20260521,09,12,1.1,16.8,6.1,9.8,13.0,39.2,ok
20260521,11,1,1.2,6.1,12.8,8.7,7.6,32.0,ok
20260521,11,2,1.2,12.1,8.5,28.4,3.3,51.1,ok
20260521,11,3,1.2,6.8,11.3,5.4,34.0,11.3,ok
20260521,11,4,3.0,4.5,4.3,2.3,14.4,16.0,ok
20260521,11,5,1.3,4.9,9.4,7.7,10.3,19.8,ok
20260521,11,6,3.0,1.7,3.5,29.4,13.8,15.7,ok
20260521,11,7,1.2,6.4,10.3,28.4,11.9,6.3,ok
20260521,11,8,2.5,7.8,2.6,3.9,7.0,26.0,ok
20260521,11,9,1.6,5.1,6.0,5.5,12.1,11.0,ok
20260521,11,10,2.1,49.6,3.4,3.7,3.7,37.2,ok
20260521,11,11,1.0,11.3,7.2,12.5,10.4,54.3,ok
20260521,11,12,1.2,11.5,5.1,11.5,10.2,23.1,ok
20260521,14,1,1.2,17.0,4.0,11.3,12.6,12.3,ok
20260521,14,2,2.4,8.6,4.2,7.6,3.7,5.6,ok
20260521,14,3,1.0,11.7,9.9,19.8,19.8,16.7,ok
20260521,14,4,2.0,5.5,5.1,2.9,17.0,12.7,ok
20260521,14,5,2.1,3.8,3.1,11.9,8.1,11.5,ok
20260521,14,6,1.8,2.1,21.7,36.2,7.2,7.7,ok
20260521,14,7,1.4,21.7,5.0,5.2,6.5,26.1,ok
20260521,14,8,1.5,10.0,8.1,6.0,4.5,13.2,ok
20260521,14,9,1.2,56.2,2.4,21.0,30.6,67.5,ok
20260521,14,10,1.2,3.5,13.6,15.3,13.6,61.5,ok
20260521,14,11,1.3,12.4,8.2,17.1,4.3,9.7,ok
20260521,14,12,1.1,8.7,5.2,10.1,26.3,22.6,ok
20260521,15,1,2.8,10.6,11.3,1.3,32.9,60.3,ok
20260521,15,2,2.6,4.1,8.6,4.1,3.5,15.0,ok
20260521,15,3,1.5,15.3,25.9,4.5,24.1,3.2,ok
20260521,15,4,1.8,8.2,7.6,3.1,9.2,8.2,ok
20260521,15,5,1.3,11.7,4.5,6.9,62.7,7.2,ok
20260521,15,6,2.6,1.8,6.3,11.8,30.5,7.3,ok
20260521,15,7,1.5,14.1,6.4,7.5,8.6,4.7,ok
20260521,15,8,1.3,3.6,9.9,13.6,11.6,25.1,ok
20260521,15,9,2.0,3.3,6.2,3.1,26.0,36.4,ok
20260521,15,10,1.5,2.4,6.0,22.6,40.2,27.8,ok
20260521,15,11,1.1,7.0,11.1,18.6,7.6,32.8,ok
20260521,15,12,1.2,11.1,5.8,7.3,14.1,21.2,ok
20260521,16,1,1.1,11.5,9.0,7.3,7.3,40.5,ok
20260521,16,2,2.7,3.6,3.9,7.5,3.5,52.8,ok
20260521,16,3,3.2,3.9,54.7,1.6,36.5,9.9,ok
20260521,16,4,2.5,5.5,4.6,3.4,7.2,8.4,ok
20260521,16,5,1.5,4.0,11.1,96.5,3.0,48.2,ok
20260521,16,6,1.8,18.2,1.8,25.1,9.5,33.5,ok
20260521,16,7,2.1,2.5,237.0,2.3,47.4,59.2,ok
20260521,16,8,3.8,3.0,2.7,4.7,9.0,20.2,ok
20260521,16,9,2.9,22.6,2.4,2.1,20.5,45.3,ok
20260521,16,10,2.8,11.3,2.9,6.7,3.0,12.3,ok
20260521,16,11,1.0,10.4,17.0,6.0,62.5,37.5,ok
20260521,16,12,1.1,19.3,15.1,3.7,21.7,69.6,ok
20260521,17,1,1.9,2.8,4.2,10.6,18.6,12.4,ok
20260521,17,2,2.2,4.5,5.1,5.6,5.8,7.9,ok
20260521,17,3,1.5,9.3,7.0,4.3,28.1,5.6,ok
20260521,17,4,1.3,6.2,43.5,4.3,18.6,8.7,ok
20260521,17,5,1.4,19.0,8.4,25.3,2.8,10.8,ok
20260521,17,6,1.4,5.1,11.1,9.4,15.3,5.3,ok
20260521,17,7,1.0,33.8,30.4,23.4,19.6,3.7,ok
20260521,17,8,1.2,7.7,10.7,7.7,6.0,46.5,ok
20260521,17,9,1.0,13.4,16.5,17.6,18.8,17.6,ok
20260521,17,10,2.3,3.2,7.4,3.8,8.8,10.9,ok
20260521,17,11,2.1,8.2,7.6,1.7,99.0,99.0,ok
20260521,17,12,1.1,7.3,16.4,10.1,6.5,31.4,ok
20260521,18,1,1.0,14.9,8.2,11.7,20.5,12.1,ok
20260521,18,2,1.5,11.1,3.0,8.3,12.9,16.2,ok
20260521,18,3,1.2,19.7,5.1,15.3,32.4,5.2,ok
20260521,18,4,1.3,3.7,10.2,9.3,14.9,14.2,ok
20260521,18,5,2.5,1.5,44.4,4.8,99.9,16.6,ok
20260521,18,6,3.4,1.6,5.1,8.7,9.7,28.0,ok
20260521,18,7,2.4,11.3,1.7,6.4,11.3,39.1,ok
20260521,18,8,5.2,2.3,5.5,1.9,289.5,57.9,ok
20260521,18,9,1.5,3.1,11.4,9.9,5.7,74.4,ok
20260521,18,11,1.0,91.0,26.0,63.7,98.0,318.5,ok
20260521,18,12,1.0,10.0,32.1,9.4,14.6,14.6,ok
20260521,19,1,1.5,3.2,5.2,12.6,12.6,20.5,ok
20260521,19,2,3.2,4.7,1.4,20.3,30.5,38.1,ok
20260521,19,3,1.1,14.3,8.1,10.3,21.5,7.9,ok
20260521,19,4,1.7,6.6,2.6,5.6,32.6,37.2,ok
20260521,19,5,1.0,37.8,45.9,6.4,45.9,14.3,ok
20260521,19,6,1.1,6.9,13.0,6.3,26.0,16.8,ok
20260521,19,7,1.0,18.0,16.7,9.3,16.7,11.7,ok
20260521,19,8,1.0,13.0,12.5,10.6,13.6,15.8,ok
20260521,19,9,1.2,6.8,5.3,12.5,8.6,51.1,ok
20260521,19,10,1.1,11.3,10.8,6.1,23.2,8.9,ok
20260521,19,11,1.2,8.0,5.1,45.3,9.0,16.4,ok
20260521,19,12,1.3,7.4,9.6,3.7,23.3,16.0,ok
20260521,08,7,1.1,3.4,9.3,28.0,,,part
20260521,08,8,1.7,3.5,6.0,10.5,4.4,,part
20260521,18,10,1.9,6.2,1.6,,20.2,182.2,part
20260522,01,1,1.6,11.5,2.6,5.0,21.1,126.7,ok
20260522,01,2,2.9,2.9,2.3,7.2,29.0,21.7,ok
20260522,01,4,1.5,4.7,13.1,6.7,4.3,32.7,ok
20260522,01,5,3.1,2.2,3.0,7.5,37.5,15.0,ok
20260522,01,6,1.0,13.5,13.5,4.9,25.4,33.2,ok
20260522,01,7,2.3,9.2,1.6,9.0,32.0,22.1,ok
20260522,01,8,1.2,19.6,14.7,17.9,3.8,10.5,ok
20260522,01,9,3.0,1.8,7.7,6.6,7.7,17.7,ok
20260522,01,10,1.1,20.8,3.0,23.2,37.9,20.8,ok
20260522,01,11,1.4,4.2,7.3,12.1,9.2,11.4,ok
20260522,01,12,1.1,6.7,7.5,10.3,13.2,24.2,ok
20260522,05,1,1.8,4.0,3.0,8.0,11.4,80.2,ok
20260522,05,2,1.8,8.8,3.5,6.9,8.8,6.6,ok
20260522,05,3,2.0,3.8,8.0,4.2,26.0,5.5,ok
20260522,05,4,3.3,4.3,7.2,2.8,3.3,79.8,ok
20260522,05,5,3.0,3.7,26.5,1.6,15.9,26.5,ok
20260522,05,6,1.4,5.5,3.8,12.6,14.7,17.7,ok
20260522,05,7,1.0,42.7,5.8,6.1,34.2,42.7,ok
20260522,05,8,1.5,3.0,20.2,5.5,7.2,182.2,ok
20260522,05,9,1.6,3.0,4.9,15.9,12.8,22.5,ok
20260522,05,10,2.0,3.0,3.2,9.8,88.8,10.4,ok
20260522,05,11,1.0,10.8,6.5,9.1,29.4,36.7,ok
20260522,05,12,1.0,6.8,53.7,8.9,22.7,49.2,ok
20260522,08,1,1.0,10.3,8.6,12.9,25.8,17.2,ok
20260522,08,2,1.4,6.7,31.5,4.9,4.5,23.6,ok
20260522,08,3,2.3,4.6,2.8,8.6,6.9,12.5,ok
20260522,08,4,2.8,27.5,18.3,55.0,1.1,41.2,ok
20260522,08,5,1.0,11.0,99.7,14.2,99.7,99.7,ok
20260522,08,6,1.7,23.3,15.5,28.0,1.6,70.1,ok
20260522,08,8,3.1,1.8,3.6,7.0,59.6,19.8,ok
20260522,08,9,1.7,7.3,4.5,11.7,4.8,8.3,ok
20260522,08,11,1.2,2.3,20.4,51.0,34.0,34.0,ok
20260522,08,12,1.1,22.5,3.7,22.5,16.8,33.7,ok
20260522,09,1,1.0,222.7,27.8,12.3,31.8,44.5,ok
20260522,09,2,3.5,2.3,3.8,4.1,23.8,11.9,ok
20260522,09,3,6.4,1.7,8.6,4.4,4.8,22.5,ok
20260522,09,4,1.3,3.5,5.9,27.9,65.2,12.2,ok
20260522,09,5,1.1,25.6,4.6,17.1,8.5,102.7,ok
20260522,09,6,1.9,2.5,4.3,22.3,22.3,9.5,ok
20260522,09,7,9.8,1.9,6.2,17.2,69.0,2.0,ok
20260522,09,8,5.3,2.5,4.4,2.6,17.7,10.6,ok
20260522,09,9,1.4,4.7,4.9,21.1,5.2,84.7,ok
20260522,09,10,1.7,4.9,2.6,10.5,42.3,16.9,ok
20260522,09,11,1.6,3.1,9.1,3.8,29.2,146.2,ok
20260522,11,2,2.7,2.4,2.6,9.1,37.8,27.5,ok
20260522,11,3,3.8,6.8,5.6,4.3,2.8,6.3,ok
20260522,11,4,1.5,7.8,4.1,31.5,4.3,28.7,ok
20260522,11,5,2.0,7.1,5.4,3.4,7.1,11.3,ok
20260522,11,6,1.8,2.1,6.1,18.5,20.2,17.1,ok
20260522,11,7,1.8,4.8,2.8,6.9,22.2,18.8,ok
20260522,11,8,1.1,10.3,9.5,5.0,24.9,49.8,ok
20260522,11,9,1.3,12.5,6.7,4.5,9.9,29.7,ok
20260522,11,10,1.7,9.7,4.7,2.7,18.5,41.6,ok
20260522,11,11,,1.3,4.5,9.0,5.9,9.0,ok
20260522,11,12,1.2,6.0,7.1,10.2,13.0,23.4,ok
20260522,13,1,1.9,8.9,2.1,6.2,41.8,15.7,ok
20260522,13,2,1.4,5.3,3.1,26.6,26.6,26.6,ok
20260522,13,3,3.0,7.0,2.0,4.0,7.5,98.2,ok
20260522,13,4,1.9,5.5,1.9,17.0,34.0,38.2,ok
20260522,13,5,1.7,3.6,4.4,4.9,27.3,68.2,ok
20260522,13,6,1.1,9.0,15.5,4.1,21.7,36.2,ok
20260522,13,7,2.0,1.7,4.6,89.2,267.7,17.8,ok
20260522,13,8,1.2,15.7,2.5,118.1,13.8,59.0,ok
20260522,13,9,1.6,7.4,3.0,5.2,29.7,22.3,ok
20260522,13,10,2.5,12.7,14.2,1.6,11.0,10.5,ok
20260522,13,11,1.0,9.3,32.8,131.2,13.1,21.8,ok
20260522,13,12,1.3,4.0,10.0,7.6,11.2,27.3,ok
20260522,15,1,1.0,27.7,5.0,55.5,55.5,55.5,ok
20260522,15,2,1.3,9.4,6.5,6.7,19.6,8.8,ok
20260522,15,3,1.4,13.0,12.1,4.8,4.4,21.1,ok
20260522,15,4,2.1,7.0,2.2,14.4,8.3,11.8,ok
20260522,15,5,1.5,14.1,15.4,9.4,3.1,6.9,ok
20260522,15,6,1.0,24.6,14.2,10.4,5.6,27.0,ok
20260522,15,7,1.8,9.8,9.2,3.7,13.1,3.9,ok
20260522,15,8,1.4,5.0,15.3,3.3,14.7,42.9,ok
20260522,15,9,1.3,6.0,7.2,3.6,38.7,56.3,ok
20260522,15,10,1.6,3.5,6.5,10.0,17.8,8.0,ok
20260522,15,11,1.6,7.6,4.3,5.8,8.1,17.4,ok
20260522,15,12,1.1,8.5,5.5,17.0,17.8,34.0,ok
20260522,16,1,1.0,12.6,23.4,32.8,20.5,27.3,ok
20260522,16,2,1.6,3.0,3.1,91.8,26.2,22.9,ok
20260522,16,3,2.3,12.1,5.6,2.0,6.6,54.7,ok
20260522,16,4,1.2,22.0,8.8,4.5,44.0,9.4,ok
20260522,16,5,1.1,12.7,10.6,12.7,7.0,11.5,ok
20260522,16,6,5.3,3.6,8.1,6.9,2.5,4.7,ok
20260522,16,7,1.6,8.6,11.0,77.5,21.1,2.2,ok
20260522,16,8,1.3,25.0,4.7,6.9,10.0,12.5,ok
20260522,16,9,1.3,9.0,2.7,12.3,43.1,34.5,ok
20260522,16,11,1.0,37.0,18.5,37.0,27.7,111.0,ok
20260522,16,12,1.1,6.5,12.1,26.3,5.1,52.7,ok
20260522,18,1,1.1,12.7,24.5,11.8,4.8,21.5,ok
20260522,18,2,1.2,12.3,20.7,3.2,43.7,12.7,ok
20260522,18,3,1.3,33.4,4.0,9.7,5.2,33.4,ok
20260522,18,4,1.2,5.1,5.7,15.1,14.1,30.2,ok
20260522,18,5,1.6,10.3,2.6,4.1,86.5,259.5,ok
20260522,18,6,4.9,2.7,3.1,3.8,6.5,31.6,ok
20260522,18,7,1.2,9.7,3.0,26.9,21.5,26.9,ok
20260522,18,8,1.3,8.0,22.7,15.1,3.0,27.3,ok
20260522,18,9,1.2,14.6,6.5,3.5,56.3,78.9,ok
20260522,18,10,1.1,4.5,6.2,16.0,32.1,64.3,ok
20260522,18,11,1.0,8.4,10.0,10.4,34.7,62.5,ok
20260522,18,12,1.0,9.1,18.2,8.8,41.1,54.8,ok
20260522,19,1,1.9,6.0,3.4,31.8,9.1,4.5,ok
20260522,19,2,1.7,5.6,10.5,2.3,16.6,77.5,ok
20260522,19,3,4.8,2.6,1.6,15.0,180.3,14.4,ok
20260522,19,4,1.2,17.7,5.8,6.6,21.8,9.8,ok
20260522,19,5,2.0,2.3,7.6,7.0,31.4,8.8,ok
20260522,19,6,1.1,30.0,11.8,4.0,130.0,12.1,ok
20260522,19,7,3.1,17.8,8.9,1.5,7.9,11.2,ok
20260522,19,8,1.3,3.3,5.2,19.2,28.1,56.3,ok
20260522,19,9,1.5,6.3,9.9,2.9,9.6,,ok
20260522,19,10,1.6,12.0,17.8,9.3,13.6,2.4,ok
20260522,19,11,1.2,9.6,7.7,6.8,19.9,11.6,ok
20260522,19,12,1.5,3.1,5.2,13.5,17.5,39.9,ok
20260522,23,1,1.3,6.7,7.6,6.7,8.4,14.0,ok
20260522,23,2,1.3,4.6,9.6,9.2,9.6,22.2,ok
20260522,23,3,1.0,18.8,9.4,25.1,12.5,21.5,ok
20260522,23,4,3.9,1.5,10.1,8.4,6.1,19.5,ok
20260522,23,5,1.8,8.7,10.4,1.8,52.2,52.2,ok
20260522,23,6,3.4,3.0,2.7,3.5,15.5,85.5,ok
20260522,23,7,2.3,6.2,3.9,10.7,2.7,25.0,ok
20260522,23,8,5.4,3.1,18.9,1.6,8.4,18.9,ok
20260522,23,9,2.4,1.8,4.4,12.1,13.9,60.5,ok
20260522,23,11,1.5,6.0,2.8,11.3,51.0,17.0,ok
20260522,23,12,1.3,10.3,3.9,7.2,16.5,16.5,ok
20260522,01,3,5.1,2.2,3.1,3.3,13.3,,part
20260522,08,7,1.9,2.6,5.0,7.9,7.9,,part
20260522,08,10,1.0,21.7,6.6,12.4,12.4,,part
20260522,09,12,1.1,19.7,3.4,29.6,11.8,,part
20260522,11,1,1.4,4.8,6.5,7.9,,6.9,part
20260522,16,10,1.0,11.1,11.1,29.7,,,part
20260522,23,10,3.0,2.4,2.8,7.6,,8.5,part
20260523,01,1,2.8,1.8,11.2,5.6,7.5,22.5,ok
20260523,01,2,1.7,4.2,10.9,6.0,4.2,43.6,ok
20260523,01,3,2.7,5.0,3.7,14.2,8.9,3.0,ok
20260523,01,4,3.8,4.1,4.0,2.5,11.8,9.1,ok
20260523,01,5,1.4,12.6,8.4,9.0,6.0,6.6,ok
20260523,01,6,1.1,12.3,6.6,10.5,9.3,23.1,ok
20260523,01,7,1.0,16.6,9.5,11.0,18.1,15.3,ok
20260523,01,8,1.7,16.5,3.3,4.8,5.8,41.2,ok
20260523,01,9,1.2,8.2,5.1,7.1,17.8,23.8,ok
20260523,01,10,1.2,5.7,6.9,6.0,45.3,37.0,ok
20260523,01,11,1.1,6.5,16.4,9.0,18.8,10.5,ok
20260523,01,12,1.3,7.6,16.4,3.8,18.2,9.6,ok
20260523,05,1,1.8,2.7,8.5,8.5,9.0,11.4,ok
20260523,05,2,1.6,3.2,5.6,5.6,16.4,147.7,ok
20260523,05,3,1.8,3.8,5.4,6.7,6.3,21.7,ok
20260523,05,4,2.1,3.9,3.0,16.8,5.6,22.5,ok
20260523,05,5,5.2,1.8,3.2,10.2,12.7,8.5,ok
20260523,05,6,1.7,5.0,7.7,4.2,5.5,57.7,ok
20260523,05,7,2.2,4.1,3.8,5.4,5.6,47.0,ok
20260523,05,8,1.4,42.2,18.1,42.2,18.1,1.9,ok
20260523,05,9,2.6,2.0,10.5,9.0,10.5,6.3,ok
20260523,05,10,1.0,13.6,7.9,9.0,14.6,27.2,ok
20260523,05,11,1.0,7.5,20.4,9.7,16.0,37.5,ok
20260523,05,12,1.1,3.7,18.7,10.9,18.7,32.8,ok
20260523,08,2,3.0,2.3,19.5,2.2,19.5,29.2,ok
20260523,08,3,1.4,6.6,8.8,3.1,79.5,19.8,ok
20260523,08,5,1.0,12.9,17.2,6.4,12.9,25.8,ok
20260523,08,6,1.2,6.9,16.4,3.9,26.2,26.2,ok
20260523,08,7,1.7,29.0,43.5,1.5,21.7,29.0,ok
20260523,08,8,2.7,14.2,11.9,2.0,5.1,7.9,ok
20260523,08,9,1.0,80.6,14.6,32.2,80.6,80.6,ok
20260523,08,10,1.4,3.4,6.1,10.7,16.8,19.6,ok
20260523,08,11,1.0,9.5,12.0,18.0,10.6,45.1,ok
20260523,08,12,1.0,13.3,14.2,24.9,12.4,19.9,ok
20260523,09,1,1.0,6.8,18.9,18.9,37.8,6.8,ok
20260523,09,2,2.2,3.3,6.6,8.9,40.1,3.3,ok
20260523,09,3,4.4,4.2,2.1,4.2,42.0,7.6,ok
20260523,09,4,2.7,6.0,1.6,10.5,13.0,42.3,ok
20260523,09,5,1.1,24.5,4.3,12.2,18.3,36.7,ok
20260523,09,6,1.9,8.2,5.1,9.4,2.8,20.5,ok
20260523,09,8,2.0,2.2,4.5,117.0,7.3,29.2,ok
20260523,09,9,1.4,4.2,8.9,5.1,11.9,26.8,ok
20260523,09,10,2.0,6.1,1.8,9.9,43.0,43.0,ok
20260523,09,11,1.5,5.4,3.2,22.5,8.4,45.0,ok
20260523,09,12,1.3,10.0,9.4,6.7,7.0,14.1,ok
20260523,10,1,1.2,5.8,15.8,7.6,11.2,20.7,ok
20260523,10,2,1.3,2.4,18.0,9.8,36.0,108.0,ok
20260523,10,4,1.2,11.6,23.2,17.4,4.9,6.9,ok
20260523,10,5,1.5,10.6,5.6,2.8,32.0,96.0,ok
20260523,10,6,3.1,8.4,6.0,1.8,36.0,6.2,ok
20260523,10,7,1.5,13.1,6.0,4.0,5.7,48.2,ok
20260523,10,8,3.3,1.8,8.2,3.3,22.0,66.0,ok
20260523,10,9,1.5,13.8,4.6,18.5,3.9,13.8,ok
20260523,10,10,1.7,3.5,25.6,2.9,12.8,102.7,ok
20260523,10,11,2.3,2.3,2.5,81.3,32.5,27.1,ok
20260523,10,12,1.3,7.2,5.8,8.6,10.1,22.7,ok
20260523,11,1,1.7,7.4,9.0,6.2,3.1,27.2,ok
20260523,11,2,1.2,5.3,8.9,11.4,7.2,40.1,ok
20260523,11,3,1.8,3.1,8.4,10.8,11.7,5.8,ok
20260523,11,4,1.3,4.8,5.4,14.0,21.0,9.6,ok
20260523,11,5,1.7,1.8,24.9,10.2,15.8,29.1,ok
20260523,11,6,1.9,2.8,7.3,6.3,9.5,14.7,ok
20260523,11,7,1.8,3.6,7.3,4.4,7.5,37.5,ok
20260523,11,8,1.2,7.5,9.3,6.4,7.7,30.1,ok
20260523,11,9,1.4,6.4,8.2,5.1,7.6,24.6,ok
20260523,11,10,1.2,7.0,7.7,12.9,38.8,7.2,ok
20260523,11,11,1.0,4.7,15.8,12.3,31.7,31.7,ok
20260523,11,12,1.5,4.3,19.4,3.4,12.0,19.4,ok
20260523,12,1,1.6,7.9,14.2,22.4,20.8,2.2,ok
20260523,12,2,1.0,14.1,9.4,198.0,99.0,24.7,ok
20260523,12,3,2.1,1.9,3.7,29.1,34.9,58.2,ok
20260523,12,4,1.2,9.2,10.3,6.5,13.0,14.6,ok
20260523,12,5,1.1,9.0,4.9,33.7,27.0,8.7,ok
20260523,12,6,1.3,6.8,8.0,4.1,48.2,16.0,ok
20260523,12,7,2.1,8.0,5.9,2.1,12.4,68.2,ok
20260523,12,8,1.4,2.9,9.4,8.6,17.2,63.2,ok
20260523,12,9,1.0,11.6,19.9,10.7,14.7,10.3,ok
20260523,12,10,1.4,3.9,7.4,8.6,34.7,9.4,ok
20260523,12,11,1.1,7.4,6.4,14.6,16.1,33.3,ok
20260523,12,12,1.3,5.6,5.5,8.4,16.9,27.7,ok
20260523,13,1,1.8,6.4,1.8,38.7,18.3,38.7,ok
20260523,13,2,1.8,10.4,17.1,53.7,1.6,75.3,ok
20260523,13,3,2.1,1.7,103.7,19.4,20.7,6.1,ok
20260523,13,4,1.1,5.0,17.8,14.2,11.8,14.2,ok
20260523,13,5,1.8,1.9,15.6,19.6,6.1,65.3,ok
20260523,13,6,1.0,13.2,19.0,21.4,68.7,28.6,ok
20260523,13,7,3.1,1.7,8.4,8.9,11.0,8.4,ok
20260523,13,8,3.2,1.9,6.2,3.4,30.3,34.7,ok
20260523,13,9,1.9,7.6,7.6,2.8,6.4,22.9,ok
20260523,13,10,1.0,16.5,30.2,36.3,20.1,9.5,ok
20260523,13,11,1.1,28.5,4.7,12.2,17.1,10.6,ok
20260523,13,12,1.3,5.0,4.3,18.0,31.5,10.5,ok
20260523,15,1,1.4,5.6,3.2,13.0,18.6,26.1,ok
20260523,15,2,1.8,6.2,21.6,21.6,13.9,2.0,ok
20260523,15,3,1.4,2.9,14.6,9.7,21.9,12.5,ok
20260523,15,4,1.6,3.1,17.5,5.2,12.9,9.6,ok
20260523,15,5,2.4,1.7,16.0,9.7,7.0,29.3,ok
20260523,15,6,1.0,10.8,56.5,94.2,13.4,70.6,ok
20260523,15,7,1.3,6.1,11.0,16.0,3.8,34.8,ok
20260523,15,8,1.2,8.8,10.4,3.9,16.3,28.6,ok
20260523,15,9,3.4,1.7,20.6,7.3,32.4,3.9,ok
20260523,15,10,1.1,5.4,4.5,21.3,42.7,71.2,ok
20260523,15,11,1.2,8.3,11.7,7.5,7.8,19.5,ok
20260523,15,12,1.2,8.2,5.4,7.0,23.4,44.2,ok
20260523,16,1,1.5,3.1,5.3,18.7,10.7,37.5,ok
20260523,16,2,2.2,11.8,5.9,2.5,10.8,6.8,ok
20260523,16,3,1.1,70.8,7.4,6.1,12.8,15.7,ok
20260523,16,4,1.7,5.1,12.3,3.7,10.3,8.2,ok
20260523,16,5,1.7,18.7,11.0,2.4,11.0,10.4,ok
20260523,16,6,2.2,6.6,8.0,14.5,6.0,2.5,ok
20260523,16,7,1.2,6.4,16.2,3.5,32.4,64.8,ok
20260523,16,8,1.7,6.6,5.4,8.6,4.5,9.5,ok
20260523,16,9,1.5,7.4,7.4,3.8,9.1,39.5,ok
20260523,16,12,1.5,1.8,18.7,18.7,32.4,61.7,ok
20260523,18,1,1.1,11.2,18.0,6.2,7.2,60.0,ok
20260523,18,2,1.4,5.1,30.3,23.3,43.2,2.9,ok
20260523,18,3,1.3,11.2,2.6,23.2,116.2,12.0,ok
20260523,18,4,1.0,7.0,8.1,40.5,9.5,81.0,ok
20260523,18,5,1.2,7.5,14.2,5.9,21.4,7.5,ok
20260523,18,6,1.4,16.0,4.4,3.0,22.0,176.2,ok
20260523,18,7,1.1,8.7,4.9,32.0,13.7,48.0,ok
20260523,18,8,1.6,12.2,14.3,2.3,27.1,9.7,ok
20260523,18,9,1.1,13.6,6.8,11.7,13.6,13.6,ok
20260523,18,10,1.1,8.5,9.1,6.1,24.0,52.9,ok
20260523,18,11,1.0,5.2,19.2,13.6,17.2,32.7,ok
20260523,18,12,1.1,11.3,15.7,6.0,9.8,50.8,ok
20260523,19,1,2.6,1.7,8.7,13.7,8.1,15.6,ok
20260523,19,2,3.6,19.7,2.2,1.9,29.5,36.9,ok
20260523,19,3,1.6,3.8,14.5,6.4,7.7,8.3,ok
20260523,19,4,2.7,7.3,2.2,6.4,20.6,5.2,ok
20260523,19,5,1.1,14.7,6.2,20.9,9.9,20.9,ok
20260523,19,6,1.5,5.9,5.3,6.9,8.3,11.1,ok
20260523,19,7,1.1,15.3,6.3,12.0,16.4,15.8,ok
20260523,19,8,2.3,6.9,1.7,10.9,11.2,53.2,ok
20260523,19,9,1.6,6.7,11.2,3.4,7.0,22.9,ok
20260523,19,10,1.2,5.7,10.3,6.5,10.0,54.6,ok
20260523,19,11,1.1,7.4,9.4,9.8,8.5,23.8,ok
20260523,19,12,2.7,13.7,6.2,4.4,10.2,2.3,ok
20260523,23,1,1.0,8.8,15.9,13.8,45.6,63.9,ok
20260523,23,2,2.2,2.1,3.2,36.7,16.0,32.1,ok
20260523,23,3,1.2,9.2,4.9,10.5,12.4,17.8,ok
20260523,23,4,1.8,2.3,15.1,5.1,14.3,27.3,ok
20260523,23,5,1.4,7.0,10.2,5.1,10.2,10.2,ok
20260523,23,6,3.8,1.7,7.5,4.3,14.1,11.5,ok
20260523,23,7,3.7,9.1,16.3,13.3,1.2,49.0,ok
20260523,23,8,2.7,38.2,9.5,1.2,25.5,153.0,ok
20260523,23,9,1.9,23.6,1.3,31.5,47.2,94.5,ok
20260523,23,10,1.9,4.7,5.4,2.8,13.5,81.0,ok
20260523,23,11,9.2,22.5,1.0,39.3,26.2,31.5,ok
20260523,23,12,1.1,10.1,8.8,10.9,5.9,70.8,ok
20260523,08,1,1.0,18.2,13.6,10.9,9.1,,part
20260523,08,4,1.0,9.1,,5.8,82.5,20.6,part
20260523,09,7,3.1,1.7,3.2,15.5,11.6,,part
20260523,10,3,1.0,20.7,4.7,20.7,20.7,,part
20260523,16,10,1.1,62.8,6.6,4.6,18.8,,part
20260523,16,11,1.0,10.0,8.8,11.7,,70.5,part
20260524,01,1,3.2,3.9,3.0,4.3,13.0,7.8,ok
20260524,01,2,1.0,19.2,32.0,4.5,96.0,32.0,ok
20260524,01,3,2.3,3.8,4.9,3.4,8.7,19.3,ok
20260524,01,4,1.4,3.6,7.6,5.4,42.0,22.4,ok
20260524,01,5,5.0,4.7,21.5,3.9,4.0,2.6,ok
20260524,01,6,1.4,7.1,10.3,6.0,10.3,6.6,ok
20260524,01,7,1.3,8.4,4.1,21.3,7.1,27.9,ok
20260524,01,8,1.0,6.2,31.1,28.9,15.5,45.0,ok
20260524,01,9,2.4,4.6,18.9,2.0,26.1,7.9,ok
20260524,01,10,1.3,4.0,13.6,8.9,8.4,16.8,ok
20260524,01,11,1.1,4.8,12.7,12.7,12.7,24.3,ok
20260524,01,12,1.0,14.5,11.3,15.0,23.2,42.5,ok
20260524,05,1,1.2,10.6,9.3,13.5,18.6,4.6,ok
20260524,05,2,1.3,5.9,8.4,7.2,27.8,9.7,ok
20260524,05,3,1.7,4.9,6.8,9.2,3.2,129.7,ok
20260524,05,4,1.5,3.8,5.5,13.8,23.1,7.3,ok
20260524,05,5,2.2,4.2,19.3,2.4,9.6,11.0,ok
20260524,05,6,1.5,11.8,18.9,2.9,5.9,23.6,ok
20260524,05,7,1.8,3.6,3.9,8.7,19.7,8.7,ok
20260524,05,8,1.5,6.8,18.0,5.5,20.5,3.6,ok
20260524,05,9,1.2,6.6,4.7,20.5,18.6,18.6,ok
20260524,05,10,2.0,3.2,4.4,11.0,6.4,16.9,ok
20260524,05,11,1.4,4.0,5.8,7.8,15.2,38.1,ok
20260524,05,12,1.2,5.5,5.9,9.8,25.3,23.4,ok
20260524,08,1,1.0,12.3,41.0,24.6,13.6,41.0,ok
20260524,08,2,2.3,2.8,2.3,16.6,16.6,41.6,ok
20260524,08,3,1.2,7.1,32.0,7.1,32.0,5.8,ok
20260524,08,4,1.1,16.1,16.1,12.0,24.1,4.0,ok
20260524,08,5,1.5,6.0,4.6,7.0,12.0,10.5,ok
20260524,08,6,1.8,13.0,3.2,26.0,13.0,3.5,ok
20260524,08,7,3.0,8.6,1.6,14.3,14.3,6.1,ok
20260524,08,8,1.0,27.0,22.5,15.0,8.4,27.0,ok
20260524,08,9,1.4,3.4,7.4,52.1,6.9,26.0,ok
20260524,08,10,1.1,3.7,26.2,7.5,52.5,52.5,ok
20260524,08,11,1.4,3.5,5.6,11.3,18.8,22.6,ok
20260524,08,12,1.2,6.7,8.6,17.9,9.7,9.1,ok
20260524,09,1,1.0,4.8,14.5,14.5,43.5,43.5,ok
20260524,09,2,1.3,3.3,4.9,30.9,24.7,61.8,ok
20260524,09,3,2.2,5.5,9.7,10.6,3.0,5.0,ok
20260524,09,4,1.5,6.7,8.0,4.1,22.0,8.0,ok
20260524,09,6,1.7,16.8,39.2,2.1,5.8,58.8,ok
20260524,09,7,4.7,56.7,23.6,1.0,25.7,141.7,ok
20260524,09,8,1.2,16.3,4.4,7.5,8.9,98.2,ok
20260524,09,9,1.1,40.5,3.4,15.1,15.1,40.5,ok
20260524,09,10,1.2,5.4,9.7,10.8,,6.0,ok
20260524,09,11,1.2,5.7,5.0,31.6,15.8,18.1,ok
20260524,09,12,1.1,6.5,6.8,13.1,16.9,288.7,ok
20260524,10,1,1.0,16.6,8.9,11.6,14.5,19.3,ok
20260524,10,2,2.0,1.8,15.9,12.7,19.1,10.0,ok
20260524,10,3,1.2,10.3,5.7,5.4,19.8,118.8,ok
20260524,10,4,1.6,4.1,14.4,5.7,5.3,18.0,ok
20260524,10,5,1.0,23.7,17.8,35.6,6.4,7.9,ok
20260524,10,6,3.5,2.1,21.1,3.3,10.0,7.3,ok
20260524,10,7,6.7,4.3,7.2,1.5,11.5,12.4,ok
20260524,10,8,3.5,3.6,2.4,4.5,47.2,7.8,ok
20260524,10,10,4.5,2.8,3.7,7.6,3.8,9.5,ok
20260524,10,11,2.3,2.3,6.2,5.9,21.3,10.6,ok
20260524,10,12,1.2,7.2,55.2,3.9,20.7,20.7,ok
20260524,11,1,1.3,6.9,6.9,9.7,8.1,16.2,ok
20260524,11,2,1.1,9.0,4.8,10.6,29.2,23.4,ok
20260524,11,3,1.4,7.7,8.3,5.3,6.9,18.5,ok
20260524,11,4,1.3,7.4,8.5,8.5,22.3,6.1,ok
20260524,11,5,1.7,2.0,9.8,12.4,21.0,18.6,ok
20260524,11,6,1.3,9.6,12.8,4.4,17.1,8.1,ok
20260524,11,7,1.3,5.2,10.8,4.2,20.1,47.0,ok
20260524,11,8,1.3,5.2,5.4,7.1,28.6,38.2,ok
20260524,11,9,1.3,8.2,5.4,8.0,12.3,12.3,ok
20260524,11,10,1.3,6.3,8.9,6.8,12.3,12.9,ok
20260524,11,11,1.1,5.6,9.9,17.6,11.0,29.9,ok
20260524,11,12,1.2,6.5,5.6,8.3,25.5,22.3,ok
20260524,12,1,2.0,13.6,9.4,6.2,7.2,2.7,ok
20260524,12,2,1.2,12.8,12.8,6.4,5.2,22.5,ok
20260524,12,3,1.6,4.5,11.3,5.6,5.1,30.2,ok
20260524,12,4,1.6,3.1,7.7,4.1,22.7,85.1,ok
20260524,12,5,1.8,4.2,9.5,2.7,48.8,18.6,ok
20260524,12,6,1.1,4.1,36.3,11.8,13.4,25.4,ok
20260524,12,7,2.0,5.0,2.6,35.2,4.1,105.7,ok
20260524,12,8,1.0,19.4,7.0,36.9,36.9,17.6,ok
20260524,12,9,,2.0,10.3,9.6,2.5,3.9,ok
20260524,12,10,1.1,5.1,6.7,14.5,37.5,28.1,ok
20260524,12,11,1.3,2.3,13.1,22.0,68.5,68.5,ok
20260524,12,12,1.0,6.5,7.1,22.9,47.2,24.4,ok
20260524,13,1,2.1,17.5,1.9,6.6,8.2,29.2,ok
20260524,13,2,3.0,1.5,4.8,11.2,18.6,56.0,ok
20260524,13,3,2.4,6.7,2.2,6.7,9.9,12.9,ok
20260524,13,4,1.9,2.0,5.4,30.9,10.0,41.2,ok
20260524,13,5,2.2,5.2,1.8,88.5,17.7,12.6,ok
20260524,13,6,1.1,15.6,9.7,6.0,13.0,26.0,ok
20260524,13,7,1.6,6.5,6.0,3.1,25.1,25.1,ok
20260524,13,8,2.2,2.3,12.6,11.7,10.8,5.2,ok
20260524,13,9,1.4,15.0,5.3,23.6,13.8,3.7,ok
20260524,13,11,1.5,66.0,16.5,2.0,13.2,66.0,ok
20260524,13,12,1.0,8.3,22.0,9.7,17.6,58.7,ok
20260524,19,1,4.1,5.0,10.5,1.3,18.6,81.0,ok
20260524,19,2,3.4,4.0,1.8,6.0,12.4,49.8,ok
20260524,19,3,1.8,7.1,17.4,36.3,1.9,27.2,ok
20260524,19,4,1.7,2.6,8.1,13.4,16.2,8.4,ok
20260524,19,5,1.0,5.9,20.6,38.3,9.9,38.3,ok
20260524,19,6,1.1,10.3,4.3,33.5,14.9,33.5,ok
20260524,19,7,1.1,5.3,12.8,19.8,9.9,30.5,ok
20260524,19,8,1.8,8.9,8.5,2.2,17.6,18.8,ok
20260524,19,9,1.3,7.0,7.3,3.9,16.3,46.6,ok
20260524,19,10,1.8,3.0,5.4,4.0,77.3,38.6,ok
20260524,19,11,1.8,5.4,4.7,5.3,5.2,52.0,ok
20260524,19,12,1.4,6.4,3.8,6.3,30.2,17.2,ok
20260524,21,1,1.0,10.9,7.9,17.5,22.6,45.2,ok
20260524,21,2,1.2,38.4,21.3,2.3,34.9,76.8,ok
20260524,21,3,1.1,16.9,15.1,23.1,37.8,4.0,ok
20260524,21,4,1.0,21.1,12.2,16.6,12.9,23.2,ok
20260524,21,5,2.3,2.5,4.8,7.9,9.9,13.2,ok
20260524,21,6,1.9,8.0,4.7,3.0,128.2,7.1,ok
20260524,21,7,1.9,2.3,6.5,5.3,21.5,37.6,ok
20260524,21,8,5.2,12.4,2.2,14.2,14.9,2.0,ok
20260524,21,9,1.4,15.5,10.2,3.8,6.1,13.8,ok
20260524,21,10,2.6,31.0,1.3,15.1,50.7,8.8,ok
20260524,21,11,1.6,11.5,7.0,4.9,5.3,10.6,ok
20260524,21,12,1.3,19.1,2.8,8.7,20.7,38.2,ok
20260524,23,1,1.3,7.6,10.3,12.5,6.0,7.6,ok
20260524,23,2,1.6,1.7,12.9,25.8,32.3,64.6,ok
20260524,23,3,1.7,10.3,6.5,15.0,2.5,24.4,ok
20260524,23,4,2.6,1.7,21.2,4.2,29.1,15.5,ok
20260524,23,5,2.4,2.6,31.0,2.6,7.7,113.7,ok
20260524,23,6,3.0,4.3,1.5,18.1,14.8,163.5,ok
20260524,23,7,4.6,1.9,4.0,4.2,13.8,21.4,ok
20260524,23,8,3.9,5.3,1.3,16.1,18.6,48.4,ok
20260524,23,9,1.5,8.6,2.2,12.3,49.2,29.5,ok
20260524,23,10,1.0,6.1,10.8,18.0,24.0,108.3,ok
20260524,23,11,1.2,7.6,26.7,8.9,8.4,9.4,ok
20260524,23,12,1.4,13.7,20.6,2.5,10.3,20.6,ok
20260524,24,1,7.0,1.5,3.9,6.9,7.7,55.8,ok
20260524,24,2,2.4,5.8,4.5,3.1,13.1,7.4,ok
20260524,24,3,2.3,1.9,4.0,16.8,46.4,16.8,ok
20260524,24,4,2.0,8.8,2.4,21.8,4.1,47.2,ok
20260524,24,5,2.9,1.6,13.4,7.2,7.1,60.3,ok
20260524,24,6,8.5,1.6,4.3,6.1,17.1,6.1,ok
20260524,24,7,1.3,4.1,20.7,4.4,21.7,50.6,ok
20260524,24,8,1.2,9.3,3.6,10.6,36.0,64.1,ok
20260524,24,9,1.3,15.8,6.5,15.8,5.8,8.3,ok
20260524,24,10,1.3,6.0,7.0,5.0,48.7,19.5,ok
20260524,24,11,1.5,6.8,7.1,2.8,40.5,60.7,ok
20260524,24,12,1.8,3.9,6.9,5.9,8.6,8.8,ok
20260524,09,5,1.7,10.3,7.7,1.9,37.3,,part
20260524,10,9,1.2,25.1,3.7,5.0,,35.2,part
20260524,13,10,1.7,,1.8,33.0,16.5,7.3,part
20260525,03,1,1.6,3.9,5.3,7.8,8.6,21.5,ok
20260525,03,2,1.7,5.2,18.7,2.1,26.2,65.6,ok
20260525,03,3,2.1,6.4,2.3,5.3,10.7,48.3,ok
20260525,03,4,5.2,2.9,2.4,6.1,6.7,11.8,ok
20260525,03,5,2.0,13.2,3.4,2.3,33.0,33.0,ok
20260525,03,6,2.3,4.2,2.7,9.9,5.5,34.8,ok
20260525,03,7,1.4,2.5,14.2,33.8,6.1,90.2,ok
20260525,03,8,2.4,4.5,3.8,4.5,11.6,7.4,ok
20260525,03,9,2.4,4.6,1.8,35.5,15.2,17.7,ok
20260525,03,10,2.8,3.2,5.4,10.1,3.9,7.1,ok
20260525,03,11,1.0,14.7,11.8,17.7,19.6,35.4,ok
20260525,03,12,1.7,4.0,5.9,4.6,11.2,42.6,ok
20260525,05,1,2.6,2.8,9.1,15.2,2.4,91.5,ok
20260525,05,2,1.5,10.5,5.0,16.5,6.0,6.4,ok
20260525,05,3,1.5,6.2,5.3,11.9,4.3,23.8,ok
20260525,05,4,1.2,5.7,8.9,16.3,7.0,49.1,ok
20260525,05,5,1.4,12.9,12.9,4.9,11.7,4.7,ok
20260525,05,6,2.2,3.3,7.0,6.7,6.0,7.6,ok
20260525,05,7,1.3,8.0,6.8,9.3,26.5,5.6,ok
20260525,05,8,2.8,3.3,6.4,5.2,26.4,3.3,ok
20260525,05,9,1.4,4.0,5.6,7.7,16.9,21.1,ok
20260525,05,10,1.4,4.1,12.3,8.6,6.1,28.7,ok
20260525,05,11,1.0,8.6,8.6,29.2,13.2,29.2,ok
20260525,05,12,1.2,5.6,6.1,9.6,16.8,21.2,ok
20260525,07,1,2.2,1.7,5.3,18.1,16.1,29.1,ok
20260525,07,2,3.5,6.4,3.3,53.4,35.6,1.8,ok
20260525,07,3,1.3,10.1,3.8,10.8,43.3,9.1,ok
20260525,07,4,1.8,2.2,7.6,22.3,19.4,8.3,ok
20260525,07,5,2.9,3.4,2.8,59.6,3.1,37.9,ok
20260525,07,6,1.8,15.4,21.2,2.1,17.0,6.3,ok
20260525,07,7,1.2,19.8,5.9,12.1,14.5,6.6,ok
20260525,07,8,1.7,1.6,13.5,12.6,61.1,183.3,ok
20260525,07,9,2.0,21.8,2.2,13.7,4.0,37.3,ok
20260525,07,10,1.8,23.6,2.8,3.5,13.6,19.6,ok
20260525,07,11,1.1,8.5,26.8,14.5,14.1,7.0,ok
20260525,07,12,1.3,5.8,7.9,6.6,12.0,17.2,ok
20260525,09,1,1.0,15.2,9.1,15.2,9.1,45.7,ok
20260525,09,2,2.1,7.4,2.0,5.5,33.3,22.2,ok
20260525,09,3,1.1,6.5,19.5,9.7,7.8,19.5,ok
20260525,09,4,2.3,3.9,6.7,2.9,7.8,23.6,ok
20260525,09,5,1.2,4.2,10.1,27.0,27.0,10.1,ok
20260525,09,6,2.4,2.5,18.3,14.7,49.0,2.5,ok
20260525,09,7,1.0,7.8,24.5,12.2,34.3,10.7,ok
20260525,09,8,1.6,1.9,16.6,7.5,83.2,83.2,ok
20260525,09,9,1.2,7.5,12.0,7.5,10.0,20.0,ok
20260525,09,10,2.3,1.7,9.4,12.5,8.5,52.8,ok
20260525,09,11,1.1,25.6,3.3,17.1,28.5,25.6,ok
20260525,10,2,2.3,1.5,24.0,9.3,33.6,12.0,ok
20260525,10,3,1.5,5.5,7.8,3.1,31.5,94.5,ok
20260525,10,4,2.1,4.3,4.3,104.7,62.8,2.5,ok
20260525,10,6,6.1,2.9,1.6,5.7,71.2,28.5,ok
20260525,10,7,1.4,3.8,5.7,5.8,24.9,199.5,ok
20260525,10,8,3.6,17.5,1.7,3.1,158.2,10.5,ok
20260525,10,10,1.1,7.9,20.7,12.9,103.5,5.1,ok
20260525,10,11,1.7,4.4,4.1,8.2,19.2,8.2,ok
20260525,11,1,1.8,18.7,1.7,8.3,75.0,37.5,ok
20260525,11,2,1.1,46.8,6.6,4.0,31.2,31.2,ok
20260525,11,3,1.2,5.1,5.8,14.8,14.8,54.5,ok
20260525,11,4,1.2,5.6,7.3,7.8,31.3,13.9,ok
20260525,11,5,1.1,25.5,3.4,19.1,38.2,12.7,ok
20260525,11,6,1.2,6.5,8.0,14.8,7.4,17.3,ok
20260525,11,7,1.3,3.8,9.1,14.3,14.3,10.0,ok
20260525,11,8,1.2,4.2,9.0,22.5,18.0,12.8,ok
20260525,11,9,1.5,10.8,3.8,6.1,14.1,9.4,ok
20260525,11,10,3.6,12.1,13.9,2.0,2.5,45.3,ok
20260525,11,11,1.5,3.1,9.9,10.3,7.4,26.8,ok
20260525,11,12,1.1,10.0,6.6,10.2,14.4,24.8,ok
20260525,12,1,2.3,5.3,7.4,3.3,6.7,7.4,ok
20260525,12,2,4.2,6.0,1.5,5.2,19.2,23.1,ok
20260525,12,3,1.5,3.4,9.9,9.5,5.7,73.0,ok
20260525,12,4,1.4,28.3,2.5,10.1,12.4,30.5,ok
20260525,12,5,1.0,71.8,6.4,11.7,44.1,95.7,ok
20260525,12,6,2.6,3.3,2.0,21.3,8.8,45.0,ok
20260525,12,7,2.2,7.3,2.2,11.3,6.4,13.4,ok
20260525,12,8,1.4,5.8,10.3,3.1,29.9,127.3,ok
20260525,12,9,1.2,31.0,2.8,23.2,74.5,8.2,ok
20260525,12,10,2.0,4.1,9.7,12.4,27.3,2.5,ok
20260525,12,11,1.0,7.9,11.6,13.6,14.9,28.1,ok
20260525,12,12,1.2,16.8,19.1,3.6,14.2,15.0,ok
20260525,13,1,2.3,15.2,1.4,10.7,36.6,20.3,ok
20260525,13,2,7.9,1.5,3.1,37.0,5.2,55.5,ok
20260525,13,4,6.3,2.0,21.1,2.3,4.8,126.7,ok
20260525,13,5,1.0,16.8,20.1,13.6,28.1,15.0,ok
20260525,13,8,1.0,16.2,12.1,6.6,20.8,13.2,ok
20260525,13,9,1.0,36.4,18.2,16.5,14.0,182.2,ok
20260525,13,10,1.0,21.0,189.0,47.2,16.4,3.6,ok
20260525,13,11,1.0,41.3,24.8,13.7,10.7,31.0,ok
20260525,13,12,1.1,6.9,11.1,13.4,13.4,11.1,ok
20260525,17,1,1.0,21.6,6.7,36.0,15.4,36.0,ok
20260525,17,2,4.5,1.2,25.7,38.6,4.2,38.6,ok
20260525,17,3,1.7,5.7,3.1,5.0,45.7,27.4,ok
20260525,17,4,1.5,2.4,23.0,8.0,9.2,92.2,ok
20260525,17,5,1.4,15.0,7.5,6.0,4.6,15.0,ok
20260525,17,6,2.5,5.0,1.8,20.7,15.5,12.4,ok
20260525,17,9,1.4,12.6,3.6,7.5,10.8,25.2,ok
20260525,17,10,2.6,2.3,2.0,124.5,49.8,249.0,ok
20260525,17,11,1.4,4.9,11.0,14.1,3.9,49.5,ok
20260525,17,12,1.6,6.9,6.0,9.1,6.3,7.3,ok
20260525,21,1,1.2,14.8,16.9,3.2,39.5,10.7,ok
20260525,21,2,2.1,4.2,11.3,3.2,10.1,6.8,ok
20260525,21,4,1.2,4.1,7.2,24.6,123.0,8.7,ok
20260525,21,5,1.6,10.0,11.0,13.1,11.6,2.8,ok
20260525,21,6,1.3,25.7,25.7,2.6,10.0,22.5,ok
20260525,21,7,1.5,7.9,11.5,4.4,4.5,19.3,ok
20260525,21,8,6.4,1.4,21.7,2.9,25.7,16.6,ok
20260525,21,9,1.4,4.6,12.0,14.7,3.6,96.0,ok
20260525,21,10,1.7,8.6,2.8,45.3,10.0,5.5,ok
20260525,21,11,1.8,1.6,24.1,11.0,44.2,26.5,ok
20260525,21,12,2.5,28.7,33.5,6.7,16.7,1.5,ok
20260525,23,1,1.0,17.2,37.3,5.6,20.3,56.0,ok
20260525,23,2,1.4,4.6,5.6,13.1,26.2,7.1,ok
20260525,23,3,1.4,13.9,8.5,5.3,4.6,15.9,ok
20260525,23,4,1.4,4.5,5.2,11.3,48.5,8.0,ok
20260525,23,5,1.2,8.8,37.6,6.8,4.7,25.1,ok
20260525,23,6,3.4,6.5,3.3,5.7,15.3,2.8,ok
20260525,23,7,1.5,21.6,36.0,2.1,13.5,18.0,ok
20260525,23,8,3.5,21.3,6.2,37.3,1.2,29.8,ok
20260525,23,9,2.4,4.5,3.4,4.5,5.9,29.6,ok
20260525,23,10,1.3,3.4,8.9,8.9,16.4,32.8,ok
20260525,23,11,1.0,7.2,9.9,26.5,13.2,26.5,ok
20260525,23,12,1.5,2.5,11.4,57.3,5.4,38.2,ok
20260525,24,1,1.9,1.4,18.8,18.8,37.7,56.6,ok
20260525,24,2,1.4,8.4,5.4,8.4,5.4,21.7,ok
20260525,24,3,1.6,3.2,4.6,8.0,25.4,32.2,ok
20260525,24,4,1.4,12.0,4.1,3.4,39.7,37.5,ok
20260525,24,5,3.3,9.4,2.6,43.3,1.9,103.9,ok
20260525,24,6,1.4,9.6,3.2,12.8,17.1,10.1,ok
20260525,24,7,1.3,5.0,33.7,4.7,10.1,21.3,ok
20260525,24,8,1.3,16.2,26.8,2.9,9.8,19.3,ok
20260525,24,9,2.3,1.6,18.1,13.3,11.4,11.2,ok
20260525,24,10,1.1,12.4,13.4,9.1,39.6,6.1,ok
20260525,24,11,1.3,21.5,4.6,4.7,12.3,23.3,ok
20260525,24,12,1.3,6.4,21.4,4.3,8.9,16.1,ok
20260525,09,12,1.0,7.4,6.0,10.9,40.8,,part
20260525,10,1,1.0,87.9,87.9,50.2,175.8,,part
20260525,10,5,1.0,53.0,6.6,12.2,13.2,,part
20260525,10,9,4.9,1.3,6.9,12.4,5.2,,part
20260525,10,12,1.0,12.4,12.4,17.1,6.5,,part
20260525,13,3,3.1,12.4,1.3,211.5,5.8,,part
20260525,13,6,1.2,,44.0,2.2,132.0,18.8,part
20260525,13,7,4.3,36.3,63.5,1.1,4.8,,part
20260525,17,7,1.1,24.7,4.7,5.8,,123.7,part
20260525,17,8,1.2,3.7,4.8,,78.0,78.0,part
20260525,21,3,1.0,4.5,20.1,100.5,11.1,,part
20260526,03,1,2.3,1.9,13.8,17.7,31.1,4.1,ok
20260526,03,2,1.7,9.1,5.4,4.9,6.8,9.1,ok
20260526,03,3,2.2,7.1,4.3,3.2,5.3,64.5,ok
20260526,03,4,4.5,3.6,4.5,2.2,9.2,15.7,ok
20260526,03,5,2.1,21.7,2.6,2.3,87.0,87.0,ok
20260526,03,6,4.2,1.5,4.7,52.5,17.5,6.5,ok
20260526,03,7,1.9,12.8,11.5,14.4,1.7,57.7,ok
20260526,03,8,2.4,3.8,11.2,2.1,22.5,15.0,ok
20260526,03,9,2.0,8.0,9.8,2.4,8.8,10.5,ok
20260526,03,10,1.6,2.8,12.0,5.0,12.0,60.0,ok
20260526,03,11,1.5,6.9,6.9,6.9,8.8,7.7,ok
20260526,03,12,1.4,3.8,8.0,12.6,5.5,88.5,ok
20260526,06,1,1.5,4.5,10.4,6.3,11.2,7.1,ok
20260526,06,2,2.1,3.5,8.0,4.2,4.9,34.7,ok
20260526,06,3,1.9,11.2,2.2,6.8,9.9,19.4,ok
20260526,06,4,1.2,9.6,5.5,9.1,12.1,11.6,ok
20260526,06,5,1.7,6.1,3.3,9.4,7.9,13.7,ok
20260526,06,6,1.2,9.1,5.6,11.3,8.3,17.5,ok
20260526,06,7,1.1,11.0,8.2,15.6,17.9,7.3,ok
20260526,06,8,1.7,13.1,2.5,5.8,12.9,24.8,ok
20260526,06,9,1.2,5.6,10.5,11.9,9.5,17.8,ok
20260526,06,10,1.3,7.8,6.2,11.3,8.7,12.3,ok
20260526,06,11,1.3,7.0,6.1,10.0,10.7,14.4,ok
20260526,06,12,1.0,19.8,9.5,22.4,7.1,18.6,ok
20260526,07,1,1.7,6.3,9.4,3.6,5.6,18.9,ok
20260526,07,2,1.8,7.2,7.3,2.1,36.0,72.1,ok
20260526,07,3,2.8,1.2,28.6,14.3,11.3,214.8,ok
20260526,07,4,1.9,5.5,39.0,1.8,15.2,87.7,ok
20260526,07,5,2.3,2.2,3.1,22.7,14.4,33.2,ok
20260526,07,6,1.1,8.9,12.0,5.0,29.7,49.5,ok
20260526,07,7,1.0,19.7,8.8,8.2,14.0,19.7,ok
20260526,07,8,1.0,5.5,35.5,22.6,27.6,55.2,ok
20260526,07,9,1.2,16.2,20.0,3.4,14.1,21.2,ok
20260526,07,10,1.6,8.2,11.7,2.5,9.6,23.4,ok
20260526,07,11,1.1,13.3,5.0,8.7,17.5,28.1,ok
20260526,07,12,1.4,14.0,9.4,3.1,9.7,21.5,ok
20260526,10,2,1.0,11.2,13.4,17.7,48.1,56.1,ok
20260526,10,3,1.3,16.2,4.1,11.0,8.1,12.1,ok
20260526,10,4,2.9,17.4,1.7,6.7,5.8,30.5,ok
20260526,10,5,1.9,2.0,9.4,19.8,15.5,8.3,ok
20260526,10,6,3.4,6.4,1.5,6.4,22.6,22.6,ok
20260526,10,7,8.6,20.1,1.2,4.2,11.9,40.2,ok
20260526,10,8,2.9,1.4,23.2,4.8,27.9,46.5,ok
20260526,10,9,5.7,6.3,4.3,1.7,6.4,20.5,ok
20260526,10,10,4.2,1.3,5.9,8.3,30.7,26.3,ok
20260526,10,11,1.3,4.1,6.8,8.7,16.0,24.0,ok
20260526,10,12,1.1,10.2,14.6,10.2,8.5,10.2,ok
20260526,12,1,1.0,12.7,9.0,13.9,9.0,25.5,ok
20260526,12,2,3.2,5.6,12.5,8.5,1.7,11.9,ok
20260526,12,4,1.0,41.4,6.0,4.9,132.6,165.7,ok
20260526,12,5,1.0,17.5,14.0,10.7,23.3,70.1,ok
20260526,12,6,4.7,14.9,28.4,1.1,9.3,78.2,ok
20260526,12,7,2.5,1.9,3.2,15.5,49.2,36.9,ok
20260526,12,8,4.0,1.2,12.6,11.1,55.8,11.1,ok
20260526,12,9,1.2,2.8,15.3,10.8,31.4,47.1,ok
20260526,12,10,1.1,6.6,6.8,14.6,10.0,62.8,ok
20260526,12,11,1.7,3.2,4.3,6.7,20.5,24.9,ok
20260526,12,12,1.0,30.8,27.1,8.0,19.9,113.2,ok
20260526,13,1,3.8,22.2,1.0,23.2,25.7,28.7,ok
20260526,13,2,1.3,6.8,13.7,3.5,17.6,24.7,ok
20260526,13,3,1.6,12.4,4.5,3.9,8.2,26.7,ok
20260526,13,4,1.8,2.9,8.8,3.4,22.9,49.1,ok
20260526,13,5,1.1,14.3,8.8,3.9,38.2,28.6,ok
20260526,13,6,1.4,9.1,5.4,4.3,11.6,19.3,ok
20260526,13,7,1.3,57.7,2.0,28.8,19.2,96.2,ok
20260526,13,8,1.9,7.3,16.7,1.6,41.7,83.5,ok
20260526,13,9,1.4,2.6,17.4,21.5,14.6,9.9,ok
20260526,13,10,1.4,7.1,5.4,3.5,40.7,35.6,ok
20260526,13,11,1.4,3.8,9.0,13.6,5.9,24.6,ok
20260526,13,12,1.0,5.9,18.8,11.0,15.0,62.7,ok
20260526,15,2,1.6,8.5,5.6,5.2,13.6,6.2,ok
20260526,15,3,3.2,2.6,48.0,8.0,2.2,21.3,ok
20260526,15,4,1.7,16.7,4.7,3.7,14.3,6.2,ok
20260526,15,5,2.0,2.5,5.8,20.6,7.3,9.9,ok
20260526,15,6,1.8,7.2,2.7,22.5,25.7,5.0,ok
20260526,15,7,1.4,18.0,3.6,16.0,3.9,289.5,ok
20260526,15,8,1.1,7.1,24.8,10.6,27.1,7.6,ok
20260526,15,9,1.3,6.5,4.0,11.9,13.0,274.5,ok
20260526,15,10,1.0,21.1,37.6,48.3,16.9,96.7,ok
20260526,15,11,1.3,9.4,12.9,3.4,15.3,28.9,ok
20260526,15,12,1.1,15.2,13.2,4.6,22.2,39.6,ok
20260526,17,1,1.0,8.3,13.0,18.0,23.4,58.5,ok
20260526,17,2,4.3,15.8,16.5,16.5,132.0,1.1,ok
20260526,17,3,1.9,6.0,3.0,4.4,17.0,25.5,ok
20260526,17,4,2.5,2.7,2.7,11.1,10.0,25.1,ok
20260526,17,5,1.5,17.5,70.1,1.9,12.1,93.5,ok
20260526,17,6,1.0,134.2,33.5,16.7,5.5,9.5,ok
20260526,17,7,2.1,19.6,1.7,30.5,6.1,22.8,ok
20260526,17,9,2.2,6.1,1.9,10.5,14.4,18.3,ok
20260526,17,10,2.1,4.1,3.4,4.3,13.9,27.9,ok
20260526,17,11,1.8,2.6,4.9,7.7,17.4,23.2,ok
20260526,17,12,1.2,2.8,20.6,13.1,18.7,32.7,ok
20260526,21,1,2.7,39.8,1.2,10.6,26.5,318.7,ok
20260526,21,2,4.4,22.8,6.9,1.1,183.0,122.0,ok
20260526,21,3,1.1,27.6,3.6,13.8,11.9,31.6,ok
20260526,21,4,1.5,30.7,17.9,19.5,1.9,19.5,ok
20260526,21,5,1.3,14.5,6.9,4.5,19.4,7.9,ok
20260526,21,6,1.3,16.8,2.8,13.1,23.6,19.6,ok
20260526,21,7,1.7,7.6,27.6,3.5,6.9,6.5,ok
20260526,21,8,1.4,83.2,3.0,16.6,83.2,4.6,ok
20260526,21,9,,3.0,6.5,2.6,2.9,7.6,ok
20260526,21,11,1.0,21.3,7.3,16.0,11.2,14.7,ok
20260526,21,12,1.1,15.7,15.7,10.0,4.7,55.1,ok
20260526,23,1,1.0,13.2,8.7,8.7,19.0,25.4,ok
20260526,23,2,1.1,7.9,17.8,11.2,5.0,35.6,ok
20260526,23,3,1.5,22.5,4.2,3.3,16.3,30.0,ok
20260526,23,4,1.7,3.0,12.0,5.5,43.3,6.7,ok
20260526,23,5,1.1,7.3,12.9,8.8,25.9,10.8,ok
20260526,23,6,1.6,6.2,7.1,10.9,15.5,3.7,ok
20260526,23,7,2.0,4.5,9.1,8.4,5.2,4.7,ok
20260526,23,8,3.0,5.1,2.9,12.3,15.3,3.0,ok
20260526,23,9,2.3,5.0,5.0,2.8,12.6,12.6,ok
20260526,23,10,1.8,7.1,6.5,6.3,3.6,16.0,ok
20260526,23,11,1.9,4.8,3.2,4.8,13.6,29.1,ok
20260526,23,12,1.2,7.1,6.1,8.2,13.5,23.3,ok
20260526,24,2,1.1,19.8,3.5,18.6,59.5,10.6,ok
20260526,24,3,1.4,32.5,5.8,6.7,6.7,6.1,ok
20260526,24,4,3.2,1.8,4.0,6.8,14.7,49.7,ok
20260526,24,5,1.5,5.3,14.9,4.2,7.8,16.7,ok
20260526,24,6,2.7,1.7,8.8,9.8,13.6,8.0,ok
20260526,24,7,1.8,2.4,8.1,74.5,4.8,41.4,ok
20260526,24,8,2.2,26.3,1.8,6.1,8.4,45.5,ok
20260526,24,9,8.3,1.2,4.6,22.4,13.0,21.6,ok
20260526,24,10,1.4,4.8,6.4,7.1,32.5,9.5,ok
20260526,24,11,1.4,12.3,2.5,16.7,10.9,28.4,ok
20260526,24,12,1.1,14.5,5.4,7.6,19.1,20.1,ok
20260526,10,1,1.5,6.4,6.4,5.9,4.6,,part
20260526,12,3,2.0,1.7,6.0,10.4,66.2,,part
20260526,15,1,1.9,48.7,2.2,4.0,9.7,,part
20260526,17,8,1.2,11.4,8.4,5.5,8.1,,part
20260526,21,10,1.0,16.5,27.5,9.1,27.5,,part
20260526,24,1,1.5,7.2,4.5,3.5,20.9,,part
20260527,03,1,1.6,8.3,5.6,2.7,41.7,25.0,ok
20260527,03,2,2.2,4.4,7.2,5.1,4.4,10.2,ok
20260527,03,3,1.1,9.5,6.1,6.1,52.5,105.0,ok
20260527,03,4,2.8,1.3,50.2,11.5,75.3,8.8,ok
20260527,03,6,3.7,1.3,6.1,11.2,20.7,269.2,ok
20260527,03,7,3.3,,1.1,9.0,23.5,21.4,ok
20260527,03,8,1.6,7.0,13.1,4.8,6.1,7.0,ok
20260527,03,9,1.6,4.5,12.5,3.3,25.1,13.5,ok
20260527,03,10,1.3,17.2,6.6,4.1,86.2,6.6,ok
20260527,03,11,1.6,17.9,2.0,13.0,10.2,143.2,ok
20260527,03,12,1.4,6.1,3.1,21.3,15.5,21.3,ok
20260527,06,1,1.8,3.6,4.0,7.1,15.3,16.1,ok
20260527,06,2,1.2,17.3,9.3,4.6,17.3,7.9,ok
20260527,06,3,1.8,8.7,5.6,5.1,5.5,7.6,ok
20260527,06,4,2.1,2.4,5.8,8.9,8.2,18.2,ok
20260527,06,5,3.6,1.4,6.9,6.2,26.7,23.3,ok
20260527,06,6,1.4,7.4,3.7,24.0,12.6,7.1,ok
20260527,06,7,1.3,4.4,5.7,12.6,11.8,29.4,ok
20260527,06,8,1.5,4.1,5.2,7.8,18.6,11.5,ok
20260527,06,9,1.5,4.4,4.7,6.4,19.6,40.2,ok
20260527,06,10,1.1,10.8,15.7,13.8,6.0,22.9,ok
20260527,06,11,1.0,22.0,19.3,18.7,18.4,6.3,ok
20260527,06,12,1.7,4.3,8.0,3.2,14.4,28.2,ok
20260527,07,1,1.1,3.7,16.5,11.7,27.5,82.5,ok
20260527,07,2,2.3,2.0,16.5,5.3,41.2,6.1,ok
20260527,07,3,3.8,1.2,9.9,7.0,38.7,61.9,ok
20260527,07,4,2.6,2.0,4.7,11.4,57.4,6.7,ok
20260527,07,5,3.6,3.4,16.7,25.1,2.2,4.2,ok
20260527,07,6,2.3,3.3,9.0,13.3,2.4,50.8,ok
20260527,07,7,1.1,20.3,3.2,18.4,24.5,65.5,ok
20260527,07,8,1.6,16.5,2.3,12.1,21.0,9.2,ok
20260527,07,9,1.0,17.6,42.3,8.8,30.2,6.0,ok
20260527,07,10,1.0,6.3,12.2,34.7,24.5,13.9,ok
20260527,07,11,1.2,28.6,2.6,12.3,27.3,30.0,ok
20260527,07,12,1.3,4.5,10.4,8.6,12.4,16.0,ok
20260527,08,1,1.0,6.7,18.2,15.9,127.5,10.6,ok
20260527,08,2,3.8,2.8,2.4,30.5,5.0,11.4,ok
20260527,08,3,2.4,10.7,1.7,6.8,75.0,9.3,ok
20260527,08,5,1.2,24.3,3.0,27.8,24.3,17.7,ok
20260527,08,6,1.0,34.0,36.3,20.9,41.8,272.2,ok
20260527,08,7,1.3,10.5,26.2,3.6,8.0,26.2,ok
20260527,08,8,10.7,1.0,37.5,25.0,75.0,100.0,ok
20260527,08,9,2.8,4.1,4.1,3.5,4.9,74.2,ok
20260527,08,10,1.6,15.6,26.1,1.9,11.1,39.1,ok
20260527,08,11,1.7,8.2,7.2,5.3,11.1,4.5,ok
20260527,08,12,1.1,16.2,13.9,9.7,12.1,7.5,ok
20260527,10,1,1.2,12.3,6.6,8.2,12.3,12.3,ok
20260527,10,2,1.2,6.9,10.0,7.4,27.7,11.1,ok
20260527,10,3,1.8,5.7,10.4,6.9,2.7,55.5,ok
20260527,10,4,1.4,37.2,9.7,7.4,3.4,13.2,ok
20260527,10,5,1.2,42.7,42.7,4.5,4.7,42.7,ok
20260527,10,6,1.0,45.7,21.1,17.1,17.1,54.9,ok
20260527,10,7,2.2,14.1,5.1,7.0,8.3,2.7,ok
20260527,10,8,1.2,8.5,10.4,23.4,3.9,46.8,ok
20260527,10,9,1.0,22.7,4.7,15.1,13.0,36.4,ok
20260527,10,10,1.3,7.7,5.3,12.6,6.7,33.7,ok
20260527,10,11,1.3,2.2,38.2,14.3,16.3,57.3,ok
20260527,10,12,1.4,5.9,8.9,9.9,4.9,22.3,ok
20260527,12,1,1.3,9.2,7.0,5.7,11.5,10.2,ok
20260527,12,2,5.5,4.4,1.5,9.6,10.0,13.5,ok
20260527,12,3,1.0,9.1,14.1,15.6,15.6,52.0,ok
20260527,12,4,1.9,4.2,20.6,3.8,27.0,4.0,ok
20260527,12,5,1.0,26.6,31.9,63.9,10.4,11.4,ok
20260527,12,6,1.7,15.0,1.8,12.9,16.6,42.4,ok
20260527,12,7,1.7,17.6,18.8,2.2,5.6,52.8,ok
20260527,12,8,1.4,11.2,7.1,5.4,14.3,6.5,ok
20260527,12,9,2.2,17.8,12.5,1.4,17.8,62.6,ok
20260527,12,10,1.7,6.5,2.4,21.2,10.3,20.2,ok
20260527,12,11,1.3,7.9,9.5,3.2,23.9,31.8,ok
20260527,12,12,1.2,16.0,6.4,6.8,14.4,11.7,ok
20260527,13,1,1.5,4.9,3.6,13.8,8.6,69.0,ok
20260527,13,3,1.5,10.8,20.7,4.1,3.3,34.5,ok
20260527,13,4,1.2,4.6,9.4,14.4,7.6,61.3,ok
20260527,13,5,1.0,20.4,20.4,12.7,6.0,34.0,ok
20260527,13,6,1.2,7.9,15.8,7.0,9.7,12.6,ok
20260527,13,7,1.6,15.0,1.5,56.4,75.2,225.7,ok
20260527,13,8,1.0,10.5,13.5,13.5,15.7,15.7,ok
20260527,13,9,1.0,16.6,9.6,16.6,23.2,58.1,ok
20260527,13,10,1.2,5.2,15.7,4.3,36.7,55.1,ok
20260527,13,11,1.4,,5.5,6.0,9.7,5.2,ok
20260527,13,12,1.2,6.9,9.9,5.5,21.8,16.3,ok
20260527,15,1,1.8,6.2,6.2,4.8,5.0,15.2,ok
20260527,15,2,1.6,8.8,2.7,15.1,9.6,11.7,ok
20260527,15,3,9.5,1.9,6.7,2.2,11.5,27.0,ok
20260527,15,4,1.4,12.7,3.0,7.3,17.4,33.2,ok
20260527,15,5,2.1,2.4,5.1,12.9,20.2,7.0,ok
20260527,15,6,7.1,7.1,1.0,14.8,17.0,357.0,ok
20260527,15,7,2.1,7.3,2.5,8.5,5.5,21.6,ok
20260527,15,8,1.8,3.8,19.0,3.0,9.5,27.7,ok
20260527,15,9,1.0,10.2,21.4,9.0,13.8,15.7,ok
20260527,15,10,2.3,2.2,2.9,23.8,17.5,33.3,ok
20260527,15,11,1.6,5.6,29.2,2.3,13.9,36.5,ok
20260527,15,12,1.4,3.7,16.9,12.6,4.4,56.3,ok
20260527,17,1,1.5,6.0,36.0,3.6,7.2,18.0,ok
20260527,17,2,1.5,7.0,4.2,6.5,8.4,16.9,ok
20260527,17,3,1.1,13.1,10.2,4.8,23.0,92.2,ok
20260527,17,4,1.4,7.4,11.1,5.5,4.6,89.2,ok
20260527,17,5,2.4,9.4,4.0,3.9,3.4,25.2,ok
20260527,17,6,2.8,2.4,3.5,6.1,11.4,22.8,ok
20260527,17,7,1.1,30.7,13.1,6.1,18.4,7.0,ok
20260527,17,8,4.7,20.5,16.5,1.0,48.5,24.2,ok
20260527,17,9,3.0,2.5,4.1,7.2,4.6,43.7,ok
20260527,17,10,2.7,10.0,2.2,5.4,4.2,130.5,ok
20260527,17,11,1.5,2.4,15.1,8.6,12.1,30.3,ok
20260527,17,12,1.5,11.5,2.4,9.4,26.8,32.2,ok
20260527,18,1,1.0,11.8,8.1,11.8,14.0,25.7,ok
20260527,18,2,1.2,7.8,16.6,5.2,6.9,249.7,ok
20260527,18,3,1.4,13.5,2.7,17.4,8.1,61.1,ok
20260527,18,4,1.3,2.8,13.2,12.8,24.0,48.0,ok
20260527,18,5,1.1,32.6,4.0,13.2,37.6,16.8,ok
20260527,18,7,2.4,8.6,78.0,1.3,52.0,17.3,ok
20260527,18,8,2.6,12.1,4.4,8.0,3.6,3.8,ok
20260527,18,9,1.1,17.1,21.3,4.7,7.7,21.3,ok
20260527,18,10,1.7,15.0,3.3,21.6,6.5,5.0,ok
20260527,18,11,2.9,1.2,51.3,15.8,17.1,20.5,ok
20260527,18,12,1.2,8.8,6.6,11.3,19.8,7.9,ok
20260527,21,1,1.0,12.3,16.2,14.7,32.5,25.3,ok
20260527,21,2,2.6,12.7,1.9,4.0,10.6,42.6,ok
20260527,21,3,2.0,13.0,1.6,12.4,16.3,65.4,ok
20260527,21,4,1.2,17.5,12.3,14.0,5.0,11.0,ok
20260527,21,5,2.7,1.9,7.8,41.6,8.0,5.3,ok
20260527,21,6,1.6,4.0,3.9,23.4,6.5,39.0,ok
20260527,21,7,1.2,17.3,6.0,4.8,13.5,24.3,ok
20260527,21,8,3.0,2.9,8.1,5.1,8.7,4.2,ok
20260527,21,9,1.2,7.6,6.1,10.2,15.3,20.5,ok
20260527,21,10,3.9,1.7,5.6,17.7,4.2,26.6,ok
20260527,21,11,1.3,20.8,2.7,11.1,16.6,55.5,ok
20260527,21,12,1.4,6.4,6.9,12.1,9.0,6.2,ok
20260527,24,1,1.4,5.6,7.4,9.7,6.4,10.9,ok
20260527,24,2,1.5,28.0,4.8,3.5,46.7,6.3,ok
20260527,24,3,1.3,4.4,27.8,4.9,12.7,38.3,ok
20260527,24,4,1.7,5.7,2.2,40.7,9.4,40.7,ok
20260527,24,5,2.4,6.5,3.0,2.7,14.9,62.8,ok
20260527,24,6,5.0,1.7,2.9,10.4,10.1,24.0,ok
20260527,24,7,1.5,37.7,1.9,9.8,34.5,51.8,ok
20260527,24,8,1.2,16.4,18.4,8.0,4.6,17.0,ok
20260527,24,9,1.0,23.4,6.6,13.3,50.1,12.3,ok
20260527,24,10,1.1,7.0,8.9,7.2,18.2,32.5,ok
20260527,24,11,1.2,9.6,4.3,9.6,16.9,27.4,ok
20260527,24,12,1.4,6.7,4.7,4.4,57.3,17.0,ok
20260527,03,5,1.5,4.0,11.0,20.4,3.4,,part
20260527,08,4,2.1,1.8,4.0,26.2,26.2,,part
20260527,13,2,1.8,4.7,8.6,2.7,8.6,,part
20260527,18,6,1.7,6.7,5.3,4.1,,5.3,part
20260528,01,2,2.8,4.8,4.0,5.3,3.6,16.8,ok
20260528,01,3,1.3,27.6,13.8,32.6,179.6,2.3,ok
20260528,01,4,2.8,5.6,2.3,38.8,4.3,7.8,ok
20260528,01,5,9.8,1.0,11.3,51.8,23.7,37.7,ok
20260528,01,6,1.1,12.2,3.9,19.0,15.5,42.7,ok
20260528,01,7,3.1,13.0,1.2,10.1,16.3,81.5,ok
20260528,01,8,1.3,26.6,8.0,10.4,3.0,120.0,ok
20260528,01,9,1.2,4.7,14.6,11.5,7.8,25.8,ok
20260528,01,10,2.5,4.6,6.8,3.8,4.1,13.6,ok
20260528,01,11,1.7,3.6,12.1,6.0,7.0,10.6,ok
20260528,01,12,1.9,6.0,4.9,10.0,12.0,3.7,ok
20260528,02,1,1.7,10.1,6.3,12.6,14.4,2.8,ok
20260528,02,2,3.0,7.9,7.9,11.1,2.1,5.3,ok
20260528,02,3,2.5,7.7,6.9,1.9,15.5,10.3,ok
20260528,02,4,2.1,7.2,6.9,2.3,8.2,43.7,ok
20260528,02,5,1.6,7.3,5.7,21.3,2.9,23.7,ok
20260528,02,6,1.8,7.6,8.0,8.4,2.4,32.2,ok
20260528,02,8,2.3,2.4,10.9,4.5,8.7,14.5,ok
20260528,02,9,3.0,2.5,2.0,12.5,33.5,50.2,ok
20260528,02,10,1.3,13.4,3.5,7.5,24.1,17.2,ok
20260528,02,11,1.1,17.2,5.3,7.6,23.0,23.0,ok
20260528,02,12,1.0,25.5,15.7,13.6,10.2,68.2,ok
20260528,03,1,2.1,4.9,4.9,10.5,2.9,36.7,ok
20260528,03,3,2.5,7.9,6.1,1.6,33.8,270.7,ok
20260528,03,4,1.0,14.8,3.9,25.7,28.7,163.0,ok
20260528,03,5,2.4,3.3,3.2,7.3,8.8,14.3,ok
20260528,03,6,1.0,7.5,7.5,10.1,30.3,121.5,ok
20260528,03,7,1.0,21.1,11.9,21.1,27.2,31.7,ok
20260528,03,8,1.3,7.4,5.6,6.0,19.3,19.3,ok
20260528,03,9,1.3,7.8,24.7,2.9,52.9,21.7,ok
20260528,03,10,2.2,21.4,1.5,6.8,57.2,24.5,ok
20260528,03,11,1.0,10.4,19.0,7.2,16.0,20.9,ok
20260528,03,12,1.0,13.7,9.1,27.5,10.3,41.2,ok
20260528,06,1,1.4,3.0,10.7,15.8,10.4,25.3,ok
20260528,06,2,2.7,1.8,10.0,5.9,11.6,12.6,ok
20260528,06,3,1.5,6.9,6.2,8.3,6.8,10.3,ok
20260528,06,4,1.3,5.0,9.1,6.8,11.5,26.1,ok
20260528,06,5,1.3,5.4,9.4,7.1,8.5,23.7,ok
20260528,06,6,1.7,7.4,2.0,22.7,27.7,13.8,ok
20260528,06,7,1.8,6.2,4.5,8.2,4.1,19.0,ok
20260528,06,8,1.6,4.6,10.5,5.3,5.5,16.4,ok
20260528,06,9,1.3,5.0,5.5,8.4,30.0,21.3,ok
20260528,06,10,1.2,15.8,5.2,7.0,13.2,22.6,ok
20260528,06,11,1.2,5.9,16.4,13.2,4.8,44.6,ok
20260528,06,12,1.0,6.6,11.5,21.6,13.3,18.4,ok
20260528,07,1,1.9,2.5,10.6,17.7,4.8,13.3,ok
20260528,07,2,2.3,2.4,41.0,27.3,6.3,3.6,ok
20260528,07,3,1.3,11.2,15.8,17.9,3.8,8.9,ok
20260528,07,4,1.7,4.2,10.5,13.1,3.1,35.0,ok
20260528,07,5,1.0,36.7,7.2,36.7,13.8,76.8,ok
20260528,07,6,2.0,22.3,2.4,22.3,3.2,26.1,ok
20260528,07,7,1.0,28.4,6.9,11.5,20.8,34.7,ok
20260528,07,8,1.0,11.9,6.8,16.6,,17.5,ok
20260528,07,9,1.0,13.2,20.3,5.8,10.5,132.0,ok
20260528,07,10,1.9,10.5,10.9,3.1,10.7,4.2,ok
20260528,07,11,1.2,18.7,8.0,10.2,5.9,12.5,ok
20260528,07,12,1.2,11.7,13.7,4.5,12.2,18.0,ok
20260528,08,1,1.1,9.4,7.3,5.5,66.0,22.0,ok
20260528,08,2,3.2,3.0,1.9,11.6,10.2,81.7,ok
20260528,08,3,1.5,7.7,21.0,5.8,2.9,49.0,ok
20260528,08,4,2.8,6.2,7.7,10.7,2.1,8.1,ok
20260528,08,5,2.4,23.6,1.7,5.5,10.5,47.2,ok
20260528,08,6,1.6,37.5,1.9,18.7,10.2,22.5,ok
20260528,08,7,3.5,1.9,4.3,6.7,12.5,11.1,ok
20260528,08,11,1.8,2.5,10.0,6.2,10.9,26.2,ok
20260528,08,12,1.0,27.6,9.9,20.7,13.1,49.8,ok
20260528,10,1,1.8,5.5,35.8,2.4,5.9,71.6,ok
20260528,10,2,1.4,3.7,5.9,28.3,12.8,11.8,ok
20260528,10,3,1.0,15.6,19.2,15.6,16.7,62.6,ok
20260528,10,4,1.0,30.6,7.6,15.3,22.9,18.3,ok
20260528,10,5,1.3,12.3,8.3,3.0,47.2,23.6,ok
20260528,10,6,1.5,19.0,5.9,3.5,6.8,23.8,ok
20260528,10,7,1.5,4.5,6.7,9.8,4.6,108.0,ok
20260528,10,9,1.5,10.2,3.6,10.2,61.5,5.1,ok
20260528,10,10,1.0,10.6,10.6,18.5,18.5,24.7,ok
20260528,10,11,1.1,7.6,5.7,23.0,11.5,34.5,ok
20260528,10,12,1.2,9.1,5.5,16.7,9.5,16.7,ok
20260528,15,1,1.6,8.0,8.0,3.7,9.2,8.0,ok
20260528,15,2,11.6,4.9,10.9,5.4,1.7,5.4,ok
20260528,15,3,1.0,30.9,10.5,12.5,9.3,57.4,ok
20260528,15,4,3.5,11.9,1.9,5.2,4.3,31.7,ok
20260528,15,5,3.1,3.5,1.8,36.7,6.3,147.0,ok
20260528,15,6,1.4,3.9,12.7,3.1,102.3,204.7,ok
20260528,15,7,5.0,1.3,8.9,10.3,16.1,8.9,ok
20260528,15,8,1.5,14.0,18.4,2.0,19.9,59.8,ok
20260528,15,9,1.5,3.7,28.7,10.1,19.1,4.0,ok
20260528,15,10,3.0,2.1,12.0,4.7,4.4,54.1,ok
20260528,15,11,1.5,6.7,2.7,9.0,,25.8,ok
20260528,15,12,1.0,5.6,15.6,20.3,19.9,43.0,ok
20260528,17,1,1.4,2.9,7.0,9.3,46.7,35.0,ok
20260528,17,2,1.9,6.2,5.3,4.4,4.8,21.3,ok
20260528,17,4,1.7,3.8,6.3,4.0,54.0,15.4,ok
20260528,17,5,1.0,75.2,3.8,32.2,37.6,112.8,ok
20260528,17,6,3.2,2.1,3.6,5.8,58.1,9.6,ok
20260528,17,8,3.7,1.6,6.9,37.2,3.5,111.7,ok
20260528,17,9,1.3,4.7,7.4,10.2,6.3,66.7,ok
20260528,17,10,1.2,11.5,5.8,12.4,36.0,5.1,ok
20260528,17,11,1.0,39.9,32.4,7.7,21.6,129.9,ok
20260528,17,12,1.5,5.1,3.8,14.5,14.5,10.2,ok
20260528,18,1,1.2,10.6,9.7,4.8,15.6,14.6,ok
20260528,18,2,1.2,9.4,26.8,7.1,160.8,4.7,ok
20260528,18,3,1.1,18.7,18.7,4.5,56.2,12.0,ok
20260528,18,4,1.4,3.1,23.8,7.1,14.3,15.9,ok
20260528,18,5,1.5,4.7,2.6,34.3,14.4,54.9,ok
20260528,18,6,4.2,2.3,17.1,3.7,32.3,3.2,ok
20260528,18,8,3.8,1.4,15.5,6.6,8.8,13.3,ok
20260528,18,9,1.0,20.7,3.5,44.8,33.6,38.4,ok
20260528,18,10,2.9,16.4,7.5,1.6,21.9,7.3,ok
20260528,18,12,1.2,15.1,2.4,19.8,51.6,43.0,ok
20260528,21,1,1.2,6.2,12.5,4.6,12.5,62.6,ok
20260528,21,2,1.9,5.0,2.6,8.2,12.9,20.0,ok
20260528,21,3,1.1,42.7,15.5,10.6,4.6,21.3,ok
20260528,21,4,1.2,3.6,16.0,17.4,20.9,11.0,ok
20260528,21,5,1.8,5.0,5.4,3.2,37.8,12.6,ok
20260528,21,6,2.7,5.6,6.9,8.4,1.9,118.5,ok
20260528,21,7,1.8,3.0,4.5,9.1,9.1,27.3,ok
20260528,21,8,1.0,16.4,8.2,32.8,82.1,32.8,ok
20260528,21,10,1.0,11.1,14.8,9.9,9.9,17.8,ok
20260528,21,11,1.9,4.5,3.3,3.9,45.7,30.5,ok
20260528,21,12,1.4,2.7,8.5,23.5,44.7,8.4,ok
20260528,24,1,1.0,14.4,4.3,17.1,21.1,72.0,ok
20260528,24,2,2.0,21.4,1.8,9.7,26.8,9.7,ok
20260528,24,3,1.4,8.3,4.3,8.9,12.2,10.3,ok
20260528,24,4,1.5,6.6,11.0,3.9,6.0,44.0,ok
20260528,24,5,1.9,5.8,32.7,10.6,2.4,8.3,ok
20260528,24,6,1.4,13.9,5.3,22.8,20.9,3.4,ok
20260528,24,7,1.0,11.6,11.2,9.4,11.6,29.0,ok
20260528,24,8,1.7,6.1,3.8,4.1,17.3,24.0,ok
20260528,24,9,1.2,14.0,3.9,9.4,13.6,62.3,ok
20260528,24,11,1.4,9.7,2.2,14.2,30.4,53.9,ok
20260528,24,12,1.7,4.8,5.2,22.2,5.7,6.8,ok
20260528,01,1,1.8,2.5,5.4,10.4,8.6,,part
20260528,02,7,1.7,2.8,10.9,76.5,3.4,,part
20260528,03,2,1.7,15.8,10.3,4.6,2.6,,part
20260528,08,8,5.2,1.6,9.4,2.6,23.6,,part
20260528,08,9,1.0,5.1,33.7,13.5,67.5,,part
20260528,08,10,1.0,8.9,11.8,11.8,,8.9,part
20260528,10,8,1.5,5.1,25.5,2.3,,51.0,part
20260528,17,3,1.6,1.9,34.5,6.2,69.0,,part
20260528,17,7,1.1,34.8,4.5,17.4,7.7,,part
20260528,18,7,2.0,2.7,2.2,,24.2,,part
20260528,18,11,1.3,6.0,5.3,4.5,,94.1,part
20260528,21,9,1.3,6.1,8.2,5.3,,10.6,part
20260529,02,1,2.4,2.4,8.1,7.6,32.6,4.3,ok
20260529,02,2,3.0,14.2,12.5,5.2,2.1,4.7,ok
20260529,02,3,2.6,6.8,4.5,2.4,11.6,10.2,ok
20260529,02,4,3.9,8.4,5.6,1.5,10.8,25.3,ok
20260529,02,5,11.4,24.9,54.9,34.3,1.0,137.2,ok
20260529,02,6,1.5,4.5,3.6,42.1,7.6,36.1,ok
20260529,02,7,1.6,2.7,9.2,8.6,12.3,16.4,ok
20260529,02,8,7.6,1.0,10.7,46.3,23.1,46.3,ok
20260529,02,9,2.0,13.7,1.8,4.5,82.5,82.5,ok
20260529,02,10,2.4,2.5,3.0,22.2,7.0,66.7,ok
20260529,02,11,1.4,19.9,3.3,22.1,16.6,4.8,ok
20260529,02,12,1.4,9.1,7.0,7.4,4.3,45.8,ok
20260529,03,1,1.9,5.7,9.0,2.7,12.6,10.5,ok
20260529,03,2,2.4,6.0,3.4,16.0,2.9,19.2,ok
20260529,03,3,2.0,4.0,2.6,4.9,68.6,137.2,ok
20260529,06,1,1.0,17.1,6.6,16.3,21.8,18.0,ok
20260529,06,2,2.0,4.8,6.6,9.2,3.2,15.2,ok
20260529,06,3,1.6,8.9,3.3,11.7,6.7,15.7,ok
20260529,06,4,1.7,6.5,6.9,7.9,3.6,18.8,ok
20260529,06,5,1.6,23.5,2.3,9.0,7.7,30.1,ok
20260529,06,6,3.3,2.2,6.9,5.0,5.5,14.7,ok
20260529,06,7,1.9,7.0,4.5,5.3,5.0,15.4,ok
20260529,06,8,1.5,7.8,6.7,3.5,12.0,18.9,ok
20260529,06,9,1.5,4.2,6.8,6.7,12.5,11.3,ok
20260529,06,10,1.4,7.4,10.8,5.3,14.6,5.7,ok
20260529,06,11,1.5,4.3,8.9,6.5,13.6,7.2,ok
20260529,06,12,1.3,9.0,4.9,9.3,7.9,17.2,ok
20260529,07,1,2.7,6.4,3.2,24.6,4.3,4.1,ok
20260529,07,2,1.6,4.3,4.4,11.3,15.4,7.7,ok
20260529,07,3,2.4,5.7,6.3,1.9,30.1,22.6,ok
20260529,07,4,1.9,11.9,13.6,2.2,10.0,7.7,ok
20260529,07,5,1.7,8.1,4.3,4.5,9.4,12.0,ok
20260529,07,6,1.9,2.4,16.2,3.5,22.6,50.4,ok
20260529,07,7,1.2,15.0,2.8,13.7,20.9,37.0,ok
20260529,07,8,1.6,12.3,11.3,2.3,17.7,11.8,ok
20260529,07,9,1.3,4.5,9.4,6.4,17.2,14.7,ok
20260529,07,10,1.1,7.5,8.6,10.0,19.2,17.8,ok
20260529,07,11,1.5,24.8,4.1,4.9,10.8,10.8,ok
20260529,07,12,1.2,13.0,7.2,8.3,10.8,11.6,ok
20260529,08,1,1.3,15.5,15.5,7.7,15.5,3.5,ok
20260529,08,2,4.3,1.8,31.7,2.7,7.9,31.7,ok
20260529,08,3,4.0,2.4,10.1,4.7,10.1,3.6,ok
20260529,08,4,1.8,9.2,3.1,8.5,6.0,10.9,ok
20260529,08,6,3.7,16.9,1.1,19.0,21.7,16.9,ok
20260529,08,7,1.7,19.5,11.7,58.5,2.0,9.7,ok
20260529,08,9,1.6,5.0,11.8,4.2,7.1,17.7,ok
20260529,08,10,1.1,50.2,7.7,3.3,33.5,50.2,ok
20260529,08,11,1.1,34.5,9.8,4.2,9.6,43.2,ok
20260529,08,12,1.3,6.6,17.4,3.4,17.4,29.0,ok
20260529,09,1,1.1,12.4,10.8,4.8,17.4,21.7,ok
20260529,09,2,4.6,11.2,1.2,15.7,7.8,26.2,ok
20260529,09,3,2.5,7.1,1.8,24.9,24.9,5.2,ok
20260529,09,4,4.4,8.4,1.8,5.6,7.7,6.5,ok
20260529,09,5,1.3,9.4,7.4,8.6,9.4,6.9,ok
20260529,09,7,7.2,2.9,8.3,27.1,1.5,27.1,ok
20260529,09,8,4.2,2.6,5.5,8.5,2.5,46.8,ok
20260529,09,9,1.5,2.4,9.1,45.7,8.3,45.7,ok
20260529,09,10,1.1,34.9,5.6,29.1,4.9,87.3,ok
20260529,09,11,1.1,10.9,8.1,9.3,18.6,14.3,ok
20260529,09,12,1.0,14.3,34.5,17.2,172.5,43.1,ok
20260529,11,1,1.4,5.6,9.9,5.6,7.9,13.2,ok
20260529,11,2,2.1,2.1,47.2,15.7,3.9,15.7,ok
20260529,11,3,2.4,5.7,5.2,9.6,4.8,4.1,ok
20260529,11,4,2.4,8.8,2.2,14.7,4.0,19.6,ok
20260529,11,7,4.2,4.7,3.3,3.2,80.2,3.8,ok
20260529,11,9,4.2,3.1,3.7,5.7,57.3,3.1,ok
20260529,11,10,1.4,24.6,2.4,14.7,8.6,147.7,ok
20260529,11,11,1.6,4.3,9.2,5.6,9.2,8.7,ok
20260529,11,12,1.3,5.7,6.8,6.5,10.0,27.2,ok
20260529,14,1,1.1,14.5,4.8,8.8,18.9,41.1,ok
20260529,14,2,3.8,1.9,4.1,5.2,10.0,33.5,ok
20260529,14,3,1.9,6.8,2.3,4.8,23.2,116.2,ok
20260529,14,4,1.5,24.1,6.4,2.8,7.4,96.7,ok
20260529,14,5,1.3,13.8,4.2,8.5,12.6,11.6,ok
20260529,14,7,2.2,2.5,4.5,5.8,13.1,52.5,ok
20260529,14,8,3.2,5.4,10.2,1.5,51.3,14.6,ok
20260529,14,9,1.9,5.0,8.9,2.6,25.0,10.4,ok
20260529,14,10,1.7,7.6,5.0,45.7,2.6,22.8,ok
20260529,14,11,1.8,6.8,7.3,4.8,20.5,4.1,ok
20260529,14,12,1.7,4.6,7.2,4.2,7.7,19.2,ok
20260529,15,1,2.3,4.9,4.4,4.9,6.5,7.3,ok
20260529,15,2,1.9,1.9,16.6,16.6,99.7,5.2,ok
20260529,15,3,6.8,2.0,2.9,5.1,8.4,20.5,ok
20260529,15,4,4.6,5.3,4.9,5.0,8.6,2.4,ok
20260529,15,5,2.5,2.8,4.1,33.3,27.7,3.5,ok
20260529,15,6,1.9,40.7,3.7,38.0,2.4,9.8,ok
20260529,15,7,2.2,5.6,1.9,7.7,18.5,92.6,ok
20260529,15,8,1.0,4.2,51.2,8.9,51.2,40.4,ok
20260529,15,9,1.5,14.4,3.7,9.2,6.5,13.0,ok
20260529,15,10,1.5,4.1,4.6,19.7,6.5,46.1,ok
20260529,15,11,1.5,4.2,5.0,4.8,22.1,44.3,ok
20260529,15,12,1.1,13.9,13.5,5.5,14.3,17.1,ok
20260529,17,1,1.0,19.1,19.1,25.5,38.2,76.5,ok
20260529,17,2,1.2,17.3,6.6,19.8,6.3,9.9,ok
20260529,17,3,1.7,12.8,2.1,18.0,22.5,8.1,ok
20260529,17,5,1.8,42.7,1.7,10.6,17.8,30.5,ok
20260529,17,8,1.0,10.5,11.1,8.2,31.5,11.8,ok
20260529,17,9,1.3,5.0,4.0,12.9,32.2,32.2,ok
20260529,17,10,1.0,20.2,5.5,36.4,36.4,13.0,ok
20260529,17,11,1.0,6.9,10.8,10.1,24.7,43.3,ok
20260529,17,12,1.0,5.0,12.7,16.5,33.1,82.8,ok
20260529,18,1,1.0,23.8,15.3,19.5,5.3,42.9,ok
20260529,18,2,1.0,18.9,5.3,44.2,18.9,66.3,ok
20260529,18,3,1.4,9.7,3.7,6.0,19.5,26.0,ok
20260529,18,4,1.2,2.3,29.4,23.5,39.2,117.7,ok
20260529,18,5,2.9,4.3,2.7,13.6,3.5,21.2,ok
20260529,18,6,2.1,7.3,10.6,1.9,19.2,12.0,ok
20260529,18,7,4.4,6.2,45.5,2.2,9.7,2.6,ok
20260529,18,8,3.1,3.1,3.0,4.1,13.7,17.6,ok
20260529,18,9,1.7,3.7,14.3,5.0,21.5,5.3,ok
20260529,18,10,2.5,2.1,6.9,3.9,24.2,48.5,ok
20260529,18,11,2.1,1.4,53.4,14.8,19.0,53.4,ok
20260529,18,12,1.1,11.3,5.3,19.8,9.9,79.5,ok
20260529,23,1,1.0,8.1,19.8,12.6,8.6,27.7,ok
20260529,23,2,1.5,3.2,7.3,5.7,22.0,44.0,ok
20260529,23,3,2.1,3.2,16.0,18.4,2.8,11.1,ok
20260529,23,4,1.5,5.4,33.3,3.3,29.6,6.0,ok
20260529,23,5,1.3,54.0,2.0,54.0,21.6,108.0,ok
20260529,23,6,2.4,39.7,7.2,1.6,8.8,39.7,ok
20260529,23,7,3.5,1.4,7.7,5.6,28.2,42.3,ok
20260529,23,8,5.2,9.2,1.5,6.2,5.8,21.0,ok
20260529,23,9,3.3,1.3,5.6,16.4,29.5,36.9,ok
20260529,23,10,2.1,1.6,16.4,7.3,16.4,36.9,ok
20260529,23,11,1.3,7.8,9.7,4.8,11.7,19.5,ok
20260529,23,12,1.0,7.9,15.1,9.5,20.2,15.1,ok
20260529,24,1,1.4,9.9,3.1,7.6,20.8,17.6,ok
20260529,24,2,1.1,4.5,8.6,18.3,44.5,17.3,ok
20260529,24,3,1.4,21.6,4.4,3.7,33.9,12.5,ok
20260529,24,4,1.5,5.0,13.6,4.3,7.8,26.2,ok
20260529,24,5,1.6,5.4,11.8,3.8,7.0,20.2,ok
20260529,24,6,1.7,5.4,20.1,9.7,3.0,9.0,ok
20260529,24,7,1.5,7.4,10.7,5.5,5.2,10.0,ok
20260529,24,8,2.7,2.4,15.0,10.9,18.0,2.8,ok
20260529,24,9,1.4,12.9,9.5,6.3,4.2,15.2,ok
20260529,24,10,1.1,8.2,14.3,14.7,7.6,17.5,ok
20260529,24,11,1.7,4.3,3.8,6.5,10.8,31.0,ok
20260529,24,12,1.7,,12.9,1.9,8.6,26.3,ok
20260529,03,4,1.1,9.6,9.6,6.4,7.7,,part
20260529,08,5,1.1,30.3,151.5,2.9,10.1,,part
20260529,08,8,3.2,81.0,2.1,16.2,2.0,,part
20260529,09,6,2.0,2.0,12.8,4.9,12.8,,part
20260529,11,5,1.8,,10.0,2.8,11.2,4.0,part
20260529,11,6,4.6,1.3,9.2,7.2,9.2,,part
20260529,11,8,1.3,10.1,3.1,8.1,40.5,,part
20260529,14,6,1.5,8.7,8.7,2.7,14.5,,part
20260529,17,4,1.9,4.1,6.1,6.1,4.1,,part
20260529,17,6,1.5,76.8,15.3,17.0,,1.8,part
20260529,17,7,1.2,9.3,3.2,15.6,23.4,,part
20260530,01,1,7.9,2.0,6.1,2.6,27.7,6.9,ok
20260530,01,2,3.7,1.9,26.0,4.5,6.5,7.0,ok
20260530,01,3,2.9,13.5,8.1,6.4,35.4,1.6,ok
20260530,01,4,3.4,5.6,10.8,2.4,4.4,6.8,ok
20260530,01,5,3.1,4.4,6.0,4.0,3.0,17.0,ok
20260530,01,6,1.0,31.3,7.0,22.3,47.0,47.0,ok
20260530,01,7,1.4,6.9,3.7,11.0,10.3,21.7,ok
20260530,01,8,1.5,19.2,9.6,17.7,2.3,33.0,ok
20260530,01,9,1.9,2.5,6.8,32.6,8.4,8.1,ok
20260530,01,10,1.8,2.0,33.5,7.0,9.9,53.7,ok
20260530,01,11,1.2,5.8,11.7,7.3,14.4,13.8,ok
20260530,01,12,1.2,8.6,8.4,11.5,8.4,15.4,ok
20260530,02,1,2.1,9.0,15.5,5.7,15.5,2.1,ok
20260530,02,2,6.0,2.0,3.8,6.7,7.5,6.9,ok
20260530,02,3,3.2,4.7,6.3,1.8,12.2,21.3,ok
20260530,02,4,3.0,3.9,6.4,1.9,15.0,33.9,ok
20260530,02,5,3.3,4.7,3.7,8.9,2.5,21.2,ok
20260530,02,6,3.5,8.5,10.3,1.8,3.6,72.3,ok
20260530,02,7,19.2,1.0,10.6,18.0,51.2,76.8,ok
20260530,02,8,4.4,1.7,8.3,4.9,13.4,6.3,ok
20260530,02,9,3.0,5.2,1.5,7.5,43.8,109.5,ok
20260530,02,10,2.5,2.2,3.1,20.3,17.4,15.2,ok
20260530,02,11,1.1,9.2,6.1,15.5,9.6,33.7,ok
20260530,02,12,1.0,13.5,56.3,48.3,30.7,67.6,ok
20260530,03,1,2.6,2.3,2.8,16.4,18.7,18.7,ok
20260530,03,2,6.9,2.0,2.2,6.9,10.1,66.0,ok
20260530,03,3,5.6,7.9,1.6,4.5,10.7,10.7,ok
20260530,03,5,2.4,4.4,2.9,14.2,31.3,3.8,ok
20260530,03,6,2.9,2.1,4.3,15.1,7.5,9.7,ok
20260530,03,7,1.3,4.5,4.4,26.5,13.2,26.5,ok
20260530,03,8,3.1,6.0,3.2,2.8,7.9,13.7,ok
20260530,03,9,2.5,4.6,3.9,11.2,2.6,67.5,ok
20260530,03,10,1.5,,5.3,2.5,12.8,64.1,ok
20260530,03,11,2.1,4.8,4.4,5.4,4.4,48.7,ok
20260530,05,1,3.0,14.7,3.7,1.9,10.4,16.0,ok
20260530,05,2,1.7,4.0,3.0,13.5,11.8,24.9,ok
20260530,05,3,1.8,13.3,6.8,2.1,16.3,16.3,ok
20260530,05,4,1.0,4.2,17.6,18.1,120.0,400.2,ok
20260530,05,5,2.2,9.8,2.7,32.1,2.8,25.7,ok
20260530,05,6,3.2,6.5,14.4,1.4,10.2,45.5,ok
20260530,05,7,1.3,4.3,45.2,5.5,6.2,37.0,ok
20260530,05,8,1.9,5.6,3.3,9.8,4.6,72.9,ok
20260530,05,9,1.0,64.7,15.9,5.6,15.9,113.3,ok
20260530,05,10,1.3,15.8,2.7,16.9,12.0,36.2,ok
20260530,05,11,1.6,10.0,2.5,31.9,6.6,27.3,ok
20260530,05,12,1.2,5.5,23.4,4.3,24.9,22.5,ok
20260530,06,1,1.2,9.0,6.4,12.4,8.3,19.2,ok
20260530,06,2,1.4,6.3,4.9,9.6,11.1,12.8,ok
20260530,06,3,1.8,6.3,3.6,11.1,8.0,7.3,ok
20260530,06,4,1.9,5.9,4.9,4.0,9.8,9.2,ok
20260530,06,5,1.2,9.7,9.3,7.5,10.0,13.6,ok
20260530,06,6,1.7,8.2,3.4,8.8,9.4,6.7,ok
20260530,06,7,1.2,11.6,8.3,6.6,8.4,14.1,ok
20260530,06,8,1.1,7.8,6.1,13.6,18.0,21.1,ok
20260530,06,9,1.1,13.7,6.0,10.3,17.4,17.1,ok
20260530,06,10,1.5,11.4,6.2,4.2,13.7,7.1,ok
20260530,06,11,1.4,8.1,5.9,5.6,9.1,14.3,ok
20260530,06,12,1.4,6.3,8.0,6.8,6.8,11.1,ok
20260530,07,1,3.3,1.5,4.9,12.5,18.8,23.5,ok
20260530,07,3,1.4,5.8,2.5,29.0,31.6,174.0,ok
20260530,07,4,2.6,5.0,23.0,2.2,14.6,4.6,ok
20260530,07,5,1.2,21.7,5.0,10.8,32.6,5.9,ok
20260530,07,6,1.6,4.8,8.5,7.2,10.4,5.3,ok
20260530,07,7,1.3,14.9,3.8,10.8,19.8,9.9,ok
20260530,07,8,1.8,15.3,4.0,2.6,18.5,17.3,ok
20260530,07,9,1.0,5.3,12.0,18.4,27.1,27.1,ok
20260530,07,10,1.3,3.6,8.6,12.1,11.7,89.5,ok
20260530,07,11,1.2,7.3,8.7,6.6,11.7,21.7,ok
20260530,07,12,3.2,10.9,1.9,4.0,6.9,35.3,ok
20260530,08,1,1.0,15.7,15.7,47.2,94.5,47.2,ok
20260530,08,2,1.9,2.5,5.6,8.4,8.4,33.7,ok
20260530,08,3,1.7,6.7,4.7,6.1,4.9,29.7,ok
20260530,08,4,4.2,2.9,4.4,19.2,2.6,8.8,ok
20260530,08,5,3.7,7.9,2.5,6.1,6.6,4.2,ok
20260530,08,6,2.9,45.2,35.1,105.5,316.5,1.0,ok
20260530,08,7,7.5,3.4,1.6,5.8,21.7,14.5,ok
20260530,08,8,2.0,3.3,7.0,28.1,2.9,56.2,ok
20260530,08,11,1.0,9.5,9.5,25.7,8.8,85.7,ok
20260530,09,1,1.0,10.8,6.0,12.1,48.7,48.7,ok
20260530,09,2,1.6,2.5,10.8,10.8,18.0,9.0,ok
20260530,09,3,3.3,1.4,9.9,12.1,84.7,7.7,ok
20260530,09,4,3.2,2.5,7.8,7.8,10.4,3.6,ok
20260530,09,5,2.3,1.1,61.1,122.2,122.2,61.1,ok
20260530,09,6,1.2,3.2,10.6,14.6,14.6,58.5,ok
20260530,09,7,11.8,4.7,136.5,1.0,68.2,45.5,ok
20260530,09,8,1.7,3.3,10.0,3.7,30.0,15.0,ok
20260530,09,9,1.4,12.5,2.5,25.1,25.1,11.5,ok
20260530,09,10,1.4,2.4,9.4,25.8,25.8,23.0,ok
20260530,09,11,1.4,8.7,6.4,5.7,8.2,18.5,ok
20260530,09,12,1.3,14.7,9.8,7.0,13.3,4.7,ok
20260530,11,1,1.4,3.9,3.2,25.0,75.0,37.5,ok
20260530,11,2,3.1,12.7,4.1,5.3,4.3,3.5,ok
20260530,11,3,2.3,4.6,6.1,9.2,2.6,18.5,ok
20260530,11,4,1.0,5.5,28.6,20.4,17.9,143.2,ok
20260530,11,5,2.3,17.7,2.3,3.6,8.0,22.1,ok
20260530,11,9,5.0,26.5,1.0,18.9,17.7,66.3,ok
20260530,11,11,1.0,11.0,11.0,17.3,9.3,40.5,ok
20260530,11,12,1.0,23.1,69.3,46.2,69.3,46.2,ok
20260530,12,1,1.0,9.8,13.9,9.4,26.3,47.4,ok
20260530,12,2,1.1,14.6,9.0,10.5,7.0,63.5,ok
20260530,12,3,1.7,5.6,2.6,23.2,16.9,8.0,ok
20260530,12,4,2.2,1.8,11.5,16.1,11.5,8.4,ok
20260530,12,5,1.0,7.7,112.8,22.5,8.2,10.2,ok
20260530,12,6,2.5,6.2,15.1,1.5,39.7,31.8,ok
20260530,12,7,1.3,26.5,3.0,8.4,186.0,8.8,ok
20260530,12,8,1.1,11.3,6.2,10.4,9.5,39.8,ok
20260530,12,9,1.7,3.4,2.9,20.6,17.3,47.1,ok
20260530,12,10,1.4,8.2,13.2,10.1,3.4,26.4,ok
20260530,12,11,1.1,11.9,7.5,15.4,7.5,23.8,ok
20260530,12,12,1.0,7.4,14.7,7.7,30.9,46.3,ok
20260530,14,1,1.1,7.3,6.9,9.0,19.2,25.6,ok
20260530,14,2,2.1,2.1,11.9,4.4,14.1,38.8,ok
20260530,14,3,1.7,2.8,12.6,88.5,4.0,13.9,ok
20260530,14,4,1.5,4.5,3.5,8.2,27.3,41.0,ok
20260530,14,5,1.4,7.5,2.3,18.2,30.3,60.7,ok
20260530,14,6,3.0,2.0,9.6,4.8,5.3,48.0,ok
20260530,14,7,1.9,19.4,20.5,1.4,151.8,58.3,ok
20260530,14,8,2.2,10.3,1.8,16.7,5.8,26.8,ok
20260530,14,9,3.3,2.6,6.4,22.5,3.7,5.2,ok
20260530,14,10,1.6,6.9,12.3,2.7,11.1,22.2,ok
20260530,14,11,1.0,45.0,19.2,67.5,3.6,45.0,ok
20260530,14,12,1.5,17.3,2.3,6.6,17.3,138.7,ok
20260530,15,1,2.3,24.5,2.2,8.1,4.3,12.2,ok
20260530,15,2,1.3,3.1,42.3,6.2,28.2,14.1,ok
20260530,15,3,11.4,3.7,3.9,4.1,3.8,4.4,ok
20260530,15,4,1.4,13.1,11.0,7.2,4.6,8.1,ok
20260530,15,5,1.3,10.3,9.1,55.1,35.4,2.8,ok
20260530,15,6,1.1,9.3,8.0,36.3,12.9,7.4,ok
20260530,15,7,1.7,6.5,4.0,5.4,14.8,8.9,ok
20260530,15,8,1.3,7.3,9.5,8.4,6.4,16.9,ok
20260530,15,9,3.1,7.7,4.8,1.6,21.5,38.7,ok
20260530,15,10,1.4,3.9,4.1,9.1,25.1,62.9,ok
20260530,15,11,1.1,6.1,10.2,9.2,18.8,18.8,ok
20260530,15,12,1.4,2.7,9.0,22.7,16.4,15.4,ok
20260530,17,1,1.1,5.1,22.5,10.2,8.6,56.2,ok
20260530,17,2,1.9,5.9,4.0,5.9,4.3,65.2,ok
20260530,17,3,1.7,1.8,8.1,121.5,40.5,20.2,ok
20260530,17,4,2.3,12.9,12.9,1.6,51.7,8.6,ok
20260530,17,5,1.0,23.2,58.1,23.2,23.2,116.2,ok
20260530,17,7,1.3,8.7,5.3,4.6,21.3,49.7,ok
20260530,17,8,1.1,10.0,12.7,10.7,7.0,28.0,ok
20260530,17,9,1.4,14.2,3.2,11.6,7.5,18.3,ok
20260530,17,10,1.7,4.5,5.5,4.1,10.3,41.2,ok
20260530,17,11,1.6,9.3,8.3,8.9,3.0,17.2,ok
20260530,17,12,1.1,8.4,11.7,5.7,30.1,46.9,ok
20260530,18,1,1.1,11.5,8.8,8.1,7.5,27.9,ok
20260530,18,2,1.1,11.0,31.5,21.5,6.8,7.7,ok
20260530,18,3,1.2,8.7,29.0,4.8,15.8,10.8,ok
20260530,18,4,1.1,4.7,8.0,12.0,16.5,88.5,ok
20260530,18,5,1.4,30.0,12.5,2.5,37.5,9.3,ok
20260530,18,6,1.7,26.5,2.2,11.0,6.0,26.5,ok
20260530,18,7,1.1,16.9,10.5,7.7,12.1,14.1,ok
20260530,18,8,1.7,13.1,10.5,4.2,157.5,2.8,ok
20260530,18,9,1.2,12.3,5.3,5.3,61.5,30.7,ok
20260530,18,11,1.0,9.6,16.6,7.0,45.7,36.6,ok
20260530,18,12,3.0,1.3,143.2,5.5,11.0,143.2,ok
20260530,23,1,1.1,3.1,26.5,17.0,43.5,68.3,ok
20260530,23,2,2.8,1.6,5.5,16.3,11.8,19.0,ok
20260530,23,3,1.0,7.9,5.6,54.3,76.0,126.7,ok
20260530,23,4,3.6,1.4,6.6,8.0,25.8,19.8,ok
20260530,23,5,1.3,2.5,28.8,17.3,21.6,24.7,ok
20260530,23,6,1.7,5.1,3.8,4.5,12.7,76.5,ok
20260530,23,7,1.2,7.4,19.8,6.3,5.7,29.7,ok
20260530,23,8,2.0,14.3,43.0,1.4,21.5,129.0,ok
20260530,23,9,1.4,3.2,9.8,5.4,18.3,147.0,ok
20260530,23,10,3.0,5.7,2.1,4.0,69.0,9.8,ok
20260530,23,11,1.2,10.9,12.2,24.5,3.3,49.1,ok
20260530,23,12,1.3,10.6,3.0,15.9,13.9,31.9,ok
20260530,03,4,4.1,3.8,2.9,2.1,30.7,,part
20260530,03,12,1.2,5.4,7.4,4.7,,47.0,part
20260530,07,2,1.7,2.7,13.8,4.3,9.2,,part
20260530,08,9,1.2,5.4,9.3,6.5,16.3,,part
20260530,08,10,1.6,24.1,4.5,2.1,,144.7,part
20260530,08,12,1.1,6.1,12.2,9.1,12.2,,part
20260530,11,6,3.4,4.2,2.4,4.0,,6.3,part
20260530,11,7,1.5,,3.1,9.9,3.4,,part
20260530,11,8,1.5,8.3,11.1,2.1,33.3,,part
20260530,11,10,1.0,324.3,129.7,162.1,324.3,324.3,part
20260530,17,6,1.0,18.5,,74.2,74.2,9.2,part
20260530,18,10,1.8,3.5,5.6,3.6,17.6,,part
20260531,01,1,2.2,25.7,2.2,5.1,13.7,7.9,ok
20260531,01,2,2.9,3.2,4.7,5.5,20.5,4.1,ok
20260531,01,4,2.9,2.9,6.2,2.9,11.0,16.6,ok
20260531,01,6,1.0,12.0,21.7,8.7,6.5,46.5,ok
20260531,01,7,1.0,21.8,5.4,29.1,17.5,52.5,ok
20260531,01,8,1.4,7.3,14.2,5.6,4.7,26.8,ok
20260531,01,9,1.3,3.2,9.6,6.8,96.0,38.4,ok
20260531,01,10,1.3,6.7,14.4,3.6,11.3,33.3,ok
20260531,01,11,1.0,9.6,8.8,34.2,10.9,30.0,ok
20260531,01,12,1.2,11.0,16.4,13.9,3.6,16.8,ok
20260531,02,1,1.7,3.5,10.4,3.5,16.3,19.1,ok
20260531,02,2,2.8,2.5,3.6,6.4,7.0,38.6,ok
20260531,02,3,2.9,9.6,5.5,1.6,14.4,24.1,ok
20260531,02,4,3.7,14.4,4.1,1.5,20.6,20.6,ok
20260531,02,5,3.4,10.5,12.0,33.0,1.2,52.8,ok
20260531,02,6,1.6,5.4,6.0,4.8,9.6,15.7,ok
20260531,02,7,1.7,20.4,5.4,2.4,20.4,16.3,ok
20260531,02,8,2.1,,3.9,3.0,7.6,6.4,ok
20260531,02,9,2.4,4.3,3.5,3.7,14.0,15.7,ok
20260531,02,10,2.3,4.8,2.4,10.6,9.6,11.8,ok
20260531,02,11,1.4,17.3,2.1,19.6,43.2,33.2,ok
20260531,02,12,1.2,6.4,9.7,4.3,27.4,43.8,ok
20260531,03,1,7.9,5.7,6.6,1.9,5.5,5.5,ok
20260531,03,2,1.9,6.0,4.4,2.7,18.2,59.4,ok
20260531,03,3,3.6,5.6,15.0,1.9,180.7,3.2,ok
20260531,03,4,2.2,1.9,3.8,42.7,42.7,14.2,ok
20260531,03,5,1.5,8.3,3.6,8.3,7.3,19.5,ok
20260531,03,6,4.3,30.5,1.9,1.9,24.4,122.2,ok
20260531,03,7,4.7,6.8,2.5,1.9,23.8,35.8,ok
20260531,03,9,2.1,2.9,6.3,3.5,12.2,73.5,ok
20260531,03,12,1.4,5.2,7.1,5.5,12.0,17.5,ok
20260531,05,1,2.2,3.7,3.8,3.7,15.3,36.7,ok
20260531,05,2,2.9,4.8,9.2,4.2,2.3,82.8,ok
20260531,05,3,9.6,1.1,14.6,10.4,15.2,8.2,ok
20260531,05,4,2.7,4.3,2.3,15.6,37.5,4.5,ok
20260531,05,5,4.9,1.3,7.2,13.7,10.8,14.8,ok
20260531,05,6,9.7,1.5,8.5,16.7,58.5,2.6,ok
20260531,05,7,4.6,2.2,4.8,3.3,8.8,20.6,ok
20260531,05,8,2.5,8.1,16.3,2.0,32.6,4.0,ok
20260531,05,9,1.3,26.1,3.2,7.0,20.9,19.9,ok
20260531,05,10,1.2,8.8,7.0,5.2,28.3,12.8,ok
20260531,05,11,1.1,9.3,39.2,4.6,21.9,24.9,ok
20260531,05,12,1.2,6.9,5.1,15.2,11.6,17.3,ok
20260531,06,1,1.9,3.5,3.4,6.6,13.6,29.8,ok
20260531,06,2,1.2,6.0,5.5,20.0,20.4,12.2,ok
20260531,06,3,1.2,5.7,6.8,14.0,12.3,14.3,ok
20260531,06,4,1.4,8.7,5.0,5.9,9.9,22.1,ok
20260531,06,5,1.5,6.0,7.4,7.4,7.5,8.5,ok
20260531,06,6,2.4,7.2,14.9,6.2,5.2,2.7,ok
20260531,06,7,1.4,4.3,13.1,6.4,7.7,20.1,ok
20260531,06,8,1.4,5.9,4.7,8.1,12.7,18.7,ok
20260531,06,9,1.4,2.7,6.4,21.8,17.8,23.7,ok
20260531,06,10,1.0,11.6,6.7,14.1,27.4,21.3,ok
20260531,06,11,1.4,6.1,4.2,8.0,11.0,19.6,ok
20260531,06,12,1.2,4.8,7.6,12.9,17.2,19.3,ok
20260531,07,1,1.2,12.1,2.9,36.3,10.3,72.7,ok
20260531,07,2,1.2,9.3,3.7,13.9,13.9,111.7,ok
20260531,07,3,1.9,10.7,2.7,18.8,4.7,11.9,ok
20260531,07,4,2.3,11.2,1.5,8.4,19.7,47.4,ok
20260531,07,5,1.3,64.1,5.1,9.8,4.4,21.3,ok
20260531,07,6,1.9,9.3,3.0,17.7,3.3,53.2,ok
20260531,07,7,1.5,24.7,2.1,27.8,7.4,27.8,ok
20260531,07,8,1.3,4.6,5.4,9.1,21.9,54.9,ok
20260531,07,9,1.2,13.0,8.7,3.6,20.9,34.8,ok
20260531,07,10,1.4,4.0,11.2,7.3,19.0,7.9,ok
20260531,07,11,1.1,8.6,27.8,4.8,15.7,32.9,ok
20260531,07,12,1.1,6.7,8.2,23.5,14.7,15.8,ok
20260531,08,1,1.0,19.0,9.5,22.2,12.1,9.5,ok
20260531,08,3,7.6,1.9,11.4,2.5,7.6,15.2,ok
20260531,08,4,2.8,4.2,5.5,3.1,8.5,7.2,ok
20260531,08,5,1.9,5.6,2.4,4.9,41.5,41.5,ok
20260531,08,6,1.3,17.4,13.9,5.8,34.8,3.4,ok
20260531,08,7,3.5,2.0,20.9,2.0,69.7,29.8,ok
20260531,08,8,1.6,5.9,31.7,11.9,47.6,2.3,ok
20260531,08,10,1.8,2.3,7.4,8.1,11.6,81.7,ok
20260531,08,11,1.0,17.0,29.8,29.8,79.5,238.5,ok
20260531,08,12,1.6,10.4,2.4,7.2,23.4,31.2,ok
20260531,09,1,1.0,10.7,32.2,16.1,19.3,12.0,ok
20260531,09,2,5.0,3.5,4.1,2.5,35.6,5.0,ok
20260531,09,3,3.4,7.2,3.9,2.6,4.6,17.0,ok
20260531,09,4,4.0,2.9,7.2,2.5,8.1,10.8,ok
20260531,09,5,1.1,5.9,17.7,5.9,13.3,53.2,ok
20260531,09,6,2.5,43.0,1.7,5.3,7.1,43.0,ok
20260531,09,7,1.9,39.7,2.8,3.9,6.6,19.8,ok
20260531,09,8,3.6,1.5,10.3,5.1,10.3,36.3,ok
20260531,09,9,6.1,1.0,47.9,9.3,30.8,107.8,ok
20260531,09,10,1.0,9.7,9.7,13.0,26.0,26.0,ok
20260531,09,11,1.1,54.0,6.7,6.0,10.8,54.0,ok
20260531,11,1,2.0,3.7,3.7,5.3,27.9,11.1,ok
20260531,11,2,1.9,3.1,9.9,8.6,9.9,5.4,ok
20260531,11,4,1.9,4.4,3.1,8.4,8.4,42.0,ok
20260531,11,5,3.4,5.1,2.2,7.3,11.4,5.4,ok
20260531,11,6,3.8,1.8,4.7,7.3,8.2,13.2,ok
20260531,11,7,1.6,4.7,9.5,4.0,7.1,28.5,ok
20260531,11,8,1.9,26.5,1.6,8.2,26.5,132.7,ok
20260531,11,9,1.7,38.6,5.1,2.9,5.1,77.2,ok
20260531,11,11,2.3,2.6,20.2,5.0,5.7,9.0,ok
20260531,11,12,1.0,28.0,28.0,15.1,65.5,49.1,ok
20260531,12,1,1.4,4.5,56.6,56.6,2.7,56.6,ok
20260531,12,2,2.0,5.1,8.6,12.1,13.9,2.6,ok
20260531,12,3,2.2,2.0,6.9,7.9,33.4,9.8,ok
20260531,12,4,2.0,7.1,2.7,14.3,10.0,5.5,ok
20260531,12,5,1.1,16.6,4.3,35.6,31.2,7.8,ok
20260531,12,6,1.4,4.5,4.0,19.2,15.0,16.8,ok
20260531,12,8,1.0,20.3,20.3,10.1,24.4,40.7,ok
20260531,12,9,1.3,2.6,9.0,,36.1,13.9,ok
20260531,12,10,1.3,4.6,34.6,13.2,5.5,11.1,ok
20260531,12,11,1.0,7.9,5.5,31.8,25.4,34.7,ok
20260531,12,12,1.1,8.3,9.3,7.8,15.0,70.7,ok
20260531,13,1,7.3,7.6,1.3,4.7,27.2,19.0,ok
20260531,13,3,1.7,2.5,7.9,5.6,19.8,39.7,ok
20260531,13,4,2.1,2.8,5.1,4.6,12.1,48.7,ok
20260531,13,5,2.7,1.6,14.2,8.3,9.0,19.9,ok
20260531,13,6,1.7,3.4,69.7,5.3,5.8,11.6,ok
20260531,13,7,1.1,8.6,5.6,28.1,10.2,37.5,ok
20260531,13,8,2.9,4.3,5.4,2.0,21.7,21.7,ok
20260531,13,9,1.1,11.1,5.8,14.2,9.7,17.4,ok
20260531,13,10,1.5,9.0,2.5,10.2,27.2,30.6,ok
20260531,13,11,1.1,8.3,13.5,5.8,17.6,35.2,ok
20260531,13,12,1.2,5.4,10.2,7.4,40.8,13.6,ok
20260531,14,1,1.1,18.5,3.7,10.6,15.4,123.7,ok
20260531,14,2,2.7,2.0,13.4,6.2,6.4,10.4,ok
20260531,14,3,1.0,7.9,13.2,21.4,18.6,34.8,ok
20260531,14,4,1.4,5.2,5.5,9.1,6.8,61.2,ok
20260531,14,5,3.3,1.6,9.1,4.8,16.0,17.4,ok
20260531,14,6,4.6,4.9,11.1,1.3,14.8,89.2,ok
20260531,14,7,2.0,3.4,3.6,18.2,4.7,77.6,ok
20260531,14,8,4.9,1.6,2.8,24.7,14.8,12.3,ok
20260531,14,9,1.5,6.7,9.2,3.0,74.2,10.6,ok
20260531,14,10,3.4,4.9,13.8,1.7,17.7,6.9,ok
20260531,14,11,1.9,5.2,2.7,9.9,6.8,29.7,ok
20260531,14,12,2.7,18.9,1.3,10.8,25.2,75.7,ok
20260531,15,2,1.6,7.5,9.2,13.8,20.8,2.7,ok
20260531,15,3,1.2,21.6,13.0,3.4,11.4,65.0,ok
20260531,15,4,1.5,2.5,12.4,14.4,16.1,13.3,ok
20260531,15,5,1.8,9.1,3.3,10.5,17.6,4.1,ok
20260531,15,6,1.0,5.8,37.3,14.9,59.7,149.2,ok
20260531,15,7,1.1,27.4,8.6,7.1,13.7,11.2,ok
20260531,15,8,1.2,7.9,11.1,3.9,24.8,44.7,ok
20260531,15,9,1.2,8.2,8.9,8.0,20.6,9.4,ok
20260531,15,10,1.3,9.4,6.9,5.8,10.0,14.7,ok
20260531,15,11,1.0,8.6,9.1,11.7,22.6,32.6,ok
20260531,15,12,1.6,3.9,4.6,8.6,21.0,12.1,ok
20260531,18,1,1.0,14.0,20.3,10.6,74.7,11.8,ok
20260531,18,2,1.0,16.3,13.5,17.2,34.5,10.0,ok
20260531,18,3,1.3,25.9,6.4,3.5,8.6,51.9,ok
20260531,18,4,1.2,5.2,18.6,6.2,9.3,130.5,ok
20260531,18,5,1.4,4.6,5.5,38.6,5.4,49.7,ok
20260531,18,6,2.1,3.4,12.7,4.1,3.9,89.2,ok
20260531,18,7,2.9,1.8,11.2,9.2,4.1,39.3,ok
20260531,18,8,2.7,6.1,5.8,4.8,8.7,3.1,ok
20260531,18,9,1.0,15.1,7.5,22.6,22.6,18.1,ok
20260531,18,10,1.1,4.5,9.3,9.6,24.5,67.5,ok
20260531,18,12,1.2,6.7,8.6,5.3,25.9,90.9,ok
20260531,20,1,1.2,7.5,3.6,15.1,37.8,25.2,ok
20260531,20,2,2.2,4.8,2.2,67.5,33.7,5.1,ok
20260531,20,3,3.4,1.4,14.2,7.7,10.6,21.3,ok
20260531,20,4,2.5,1.6,5.8,42.7,10.0,42.7,ok
20260531,20,5,1.0,11.8,30.7,8.5,21.9,15.3,ok
20260531,20,6,1.5,4.7,4.6,5.6,14.7,49.2,ok
20260531,20,7,1.2,18.5,3.3,43.2,129.7,6.1,ok
20260531,20,8,1.0,13.8,23.1,34.6,34.6,138.7,ok
20260531,20,9,1.2,5.2,7.5,8.8,9.6,52.8,ok
20260531,20,10,1.5,17.5,4.7,6.5,4.0,52.5,ok
20260531,20,11,1.4,7.5,6.9,8.3,9.9,8.0,ok
20260531,20,12,1.0,21.7,12.3,5.5,16.8,28.5,ok
20260531,23,1,1.1,9.4,20.2,5.8,8.2,37.6,ok
20260531,23,3,1.5,9.2,2.2,13.4,29.5,29.5,ok
20260531,23,4,1.5,4.7,12.3,2.7,42.5,34.8,ok
20260531,23,5,1.7,4.0,4.2,5.6,15.7,20.2,ok
20260531,23,7,1.3,7.7,14.2,17.1,3.4,42.7,ok
20260531,23,8,5.7,9.2,14.8,1.1,14.8,44.5,ok
20260531,23,9,2.4,1.9,6.5,10.6,10.0,19.0,ok
20260531,23,10,1.0,3.2,15.2,68.6,137.2,45.7,ok
20260531,23,11,1.9,8.1,1.5,27.7,138.7,138.7,ok
20260531,01,3,1.7,6.0,22.2,2.1,,11.1,part
20260531,01,5,1.9,2.9,7.5,,5.1,6.1,part
20260531,03,8,1.5,27.6,2.1,6.9,27.6,,part
20260531,03,10,2.4,2.9,4.0,16.1,3.5,,part
20260531,03,11,1.9,3.5,7.0,5.6,4.6,,part
20260531,08,2,2.3,12.6,13.9,27.9,1.3,,part
20260531,08,9,1.0,20.2,30.3,4.6,20.2,,part
20260531,09,12,1.0,9.4,11.8,11.8,15.7,,part
20260531,11,3,1.8,7.0,8.2,9.0,2.3,,part
20260531,11,10,1.8,30.7,3.8,12.3,2.3,,part
20260531,13,2,2.4,2.2,6.1,4.3,11.3,,part
20260531,15,1,1.2,10.1,3.3,10.1,20.2,,part
20260531,18,11,1.2,3.2,10.8,65.2,10.8,,part
20260531,23,2,1.1,9.6,4.6,26.0,10.4,,part
20260531,23,6,5.6,1.5,12.8,47.0,2.5,,part
20260531,23,12,1.2,3.2,8.6,17.2,17.2,,part
20260601,01,1,1.2,6.2,7.1,5.6,26.6,106.5,ok
20260601,01,2,22.6,1.4,2.9,3.9,75.6,226.8,ok
20260601,01,3,2.4,9.0,7.2,3.1,3.8,10.3,ok
20260601,01,4,2.3,6.3,6.3,2.9,7.5,7.5,ok
20260601,01,5,1.2,10.5,6.0,7.8,15.7,11.1,ok
20260601,01,6,1.1,7.7,14.8,6.0,21.5,17.5,ok
20260601,01,7,1.6,4.4,3.8,22.2,7.9,15.9,ok
20260601,01,8,1.5,6.6,11.7,5.2,5.2,16.2,ok
20260601,01,9,1.1,6.8,14.2,15.2,10.4,15.2,ok
20260601,01,10,2.0,3.8,3.4,20.0,24.6,5.0,ok
20260601,01,11,1.6,5.0,5.1,4.9,13.1,26.3,ok
20260601,01,12,2.1,5.0,10.3,3.9,14.2,4.0,ok
20260601,05,2,2.7,2.8,3.6,12.9,7.6,6.8,ok
20260601,05,3,2.3,2.8,2.1,26.6,30.2,32.3,ok
20260601,05,4,9.2,1.2,17.2,5.6,5.5,27.8,ok
20260601,05,5,1.6,15.3,2.9,6.3,8.2,38.3,ok
20260601,05,6,7.9,3.3,23.5,2.3,2.4,32.4,ok
20260601,05,7,1.5,6.9,3.8,4.3,76.0,63.3,ok
20260601,05,8,2.2,3.8,11.3,2.1,76.6,19.1,ok
20260601,05,9,1.1,7.0,7.0,8.9,37.3,24.9,ok
20260601,05,10,1.5,9.7,3.1,11.6,9.4,18.0,ok
20260601,05,11,1.2,5.8,9.7,10.8,7.2,37.8,ok
20260601,05,12,1.4,6.0,4.2,12.0,20.1,11.5,ok
20260601,08,1,1.7,4.3,3.1,8.1,16.3,65.2,ok
20260601,08,2,1.0,18.0,9.0,10.8,27.0,13.5,ok
20260601,08,3,2.6,4.6,10.1,1.7,27.9,22.3,ok
20260601,08,4,1.3,7.5,16.6,6.9,5.2,16.6,ok
20260601,08,5,1.0,12.5,11.1,25.1,7.7,20.1,ok
20260601,08,7,1.3,5.7,11.5,4.7,26.3,10.8,ok
20260601,08,8,1.5,12.5,3.2,6.2,12.5,27.6,ok
20260601,08,9,1.7,11.5,2.0,10.0,16.1,53.7,ok
20260601,08,10,1.1,11.9,12.5,7.1,5.6,62.6,ok
20260601,08,11,1.0,21.4,8.7,32.1,19.2,21.4,ok
20260601,08,12,1.0,7.8,5.8,33.3,57.2,100.1,ok
20260601,09,1,1.1,6.8,9.7,34.1,68.2,5.2,ok
20260601,09,3,1.3,21.2,4.5,63.7,7.9,5.7,ok
20260601,09,4,2.3,4.2,2.7,18.9,18.9,5.0,ok
20260601,09,5,1.0,9.0,40.8,7.4,16.3,40.8,ok
20260601,09,6,1.0,9.1,59.6,10.8,19.8,17.0,ok
20260601,09,7,3.9,2.6,17.0,2.4,4.8,34.0,ok
20260601,09,8,1.7,6.9,7.6,4.0,13.8,5.7,ok
20260601,09,9,1.1,16.9,4.5,9.9,13.0,24.2,ok
20260601,09,10,1.4,8.2,10.5,22.5,2.8,78.7,ok
20260601,09,11,1.6,4.9,2.4,32.7,19.6,19.6,ok
20260601,09,12,1.2,7.5,4.7,15.0,22.5,11.2,ok
20260601,11,1,2.1,1.4,33.3,9.5,28.6,100.1,ok
20260601,11,2,11.0,1.1,7.4,7.9,12.8,25.7,ok
20260601,11,3,3.1,1.3,6.2,35.9,13.0,287.2,ok
20260601,11,4,1.6,9.8,2.0,18.9,11.9,227.2,ok
20260601,11,5,1.8,2.2,5.0,11.0,18.8,188.2,ok
20260601,11,6,4.5,4.0,1.4,9.3,24.8,49.7,ok
20260601,11,8,2.0,3.3,2.2,18.0,43.3,36.1,ok
20260601,11,9,1.0,6.5,7.3,22.8,36.6,61.0,ok
20260601,11,10,1.1,12.6,5.0,16.8,25.3,16.8,ok
20260601,11,11,1.3,9.1,8.2,5.1,6.8,27.5,ok
20260601,11,12,1.2,9.7,3.5,22.7,11.3,68.2,ok
20260601,12,1,1.8,3.8,3.7,7.7,7.3,73.5,ok
20260601,12,2,3.0,2.5,3.2,31.0,3.7,,ok
20260601,12,3,2.1,3.5,15.0,4.2,8.7,6.1,ok
20260601,12,4,1.9,2.8,3.0,20.5,16.4,49.3,ok
20260601,12,5,1.7,14.3,9.7,10.2,9.7,2.6,ok
20260601,12,6,2.4,6.5,12.0,3.3,17.3,3.0,ok
20260601,12,7,1.6,18.2,31.8,3.7,2.9,42.5,ok
20260601,12,8,2.0,2.8,23.7,4.1,10.0,10.4,ok
20260601,12,9,1.4,3.7,25.3,4.1,23.2,25.3,ok
20260601,12,10,1.3,9.7,14.5,2.6,36.4,34.5,ok
20260601,12,11,1.2,2.4,24.6,14.7,52.7,46.1,ok
20260601,12,12,1.2,9.8,18.4,4.4,10.5,19.6,ok
20260601,13,1,1.1,23.3,3.0,26.5,56.7,30.5,ok
20260601,13,3,1.0,9.9,18.6,6.7,49.7,10.6,ok
20260601,13,4,1.6,13.3,2.2,21.1,7.0,50.7,ok
20260601,13,5,2.7,13.3,1.3,13.3,13.3,40.0,ok
20260601,13,7,1.5,7.6,25.5,4.5,5.8,9.5,ok
20260601,13,8,1.1,24.1,7.6,20.6,5.7,18.0,ok
20260601,13,9,1.8,8.9,3.3,14.0,6.5,5.7,ok
20260601,13,10,1.2,2.9,24.7,11.1,24.7,43.3,ok
20260601,13,11,1.6,9.0,7.1,4.3,4.7,33.2,ok
20260601,13,12,1.4,4.8,13.4,8.1,4.7,25.8,ok
20260601,14,1,1.0,21.3,5.5,13.1,19.0,171.0,ok
20260601,14,2,3.3,2.8,8.2,3.4,10.6,5.9,ok
20260601,14,3,1.3,22.7,4.9,7.5,17.8,6.5,ok
20260601,14,5,3.1,21.2,2.1,5.7,3.2,45.1,ok
20260601,14,6,4.3,7.5,2.7,8.0,7.5,2.8,ok
20260601,14,7,3.7,1.9,4.9,13.0,55.5,3.8,ok
20260601,14,8,1.5,6.9,5.5,4.2,37.2,8.5,ok
20260601,14,9,1.2,10.3,10.3,3.8,124.5,13.8,ok
20260601,14,10,1.5,5.9,4.6,10.6,15.2,7.1,ok
20260601,14,11,1.7,5.3,3.7,9.5,8.6,13.0,ok
20260601,14,12,1.5,18.6,2.9,6.7,16.5,11.4,ok
20260601,19,1,2.9,5.9,2.3,6.5,4.2,59.2,ok
20260601,19,2,3.1,4.9,4.6,5.9,2.7,14.7,ok
20260601,19,3,2.6,2.1,4.1,19.5,39.0,5.5,ok
20260601,19,4,2.6,1.5,10.9,8.7,17.5,21.9,ok
20260601,19,5,1.5,3.9,7.3,14.2,8.4,8.1,ok
20260601,19,6,8.4,1.5,2.1,25.7,48.1,14.8,ok
20260601,19,7,1.8,4.3,3.9,7.5,7.0,25.5,ok
20260601,19,8,1.3,16.9,9.3,2.7,14.3,124.0,ok
20260601,19,9,2.9,4.4,2.6,4.9,10.2,11.8,ok
20260601,19,10,1.4,6.3,7.8,3.5,12.7,68.2,ok
20260601,19,11,2.2,2.3,11.7,7.3,4.1,,ok
20260601,19,12,1.0,10.3,6.1,17.8,19.6,30.2,ok
20260601,20,1,1.0,63.1,84.2,84.2,36.1,252.7,ok
20260601,20,2,1.8,5.0,4.5,4.0,22.5,11.2,ok
20260601,20,3,2.6,6.2,1.5,18.6,13.2,31.0,ok
20260601,20,4,1.2,11.7,16.1,32.2,5.1,5.6,ok
20260601,20,5,1.2,3.1,39.4,12.8,8.9,73.8,ok
20260601,20,6,2.7,16.3,7.9,16.3,3.6,2.2,ok
20260601,20,7,1.2,40.8,5.2,4.8,10.6,40.8,ok
20260601,20,8,1.5,4.9,2.7,34.9,42.7,11.3,ok
20260601,20,9,1.6,15.9,6.3,2.7,13.5,11.7,ok
20260601,20,10,1.8,9.6,12.8,2.2,8.5,17.8,ok
20260601,20,11,1.0,26.6,70.4,10.1,42.7,5.4,ok
20260601,20,12,1.1,4.2,8.4,15.5,15.5,186.7,ok
20260601,23,1,1.0,19.7,11.0,10.6,18.4,39.5,ok
20260601,23,2,1.2,17.0,3.2,9.4,21.3,31.9,ok
20260601,23,3,1.7,6.6,5.4,10.9,4.0,11.4,ok
20260601,23,4,2.0,8.2,4.6,3.4,31.3,5.6,ok
20260601,23,5,1.4,10.9,6.1,4.3,16.4,8.6,ok
20260601,23,6,2.4,23.5,3.4,3.1,17.6,4.7,ok
20260601,23,7,3.7,3.1,11.6,6.4,2.4,9.8,ok
20260601,23,8,3.3,10.8,4.5,10.5,6.4,2.1,ok
20260601,23,9,2.0,2.6,8.3,5.2,9.4,18.9,ok
20260601,23,10,1.4,2.1,26.7,10.8,31.5,24.8,ok
20260601,23,11,1.1,9.0,5.9,12.8,15.4,22.0,ok
20260601,23,12,1.0,7.4,12.8,22.7,17.4,59.2,ok
20260601,24,1,5.6,1.1,6.2,34.5,12.1,59.2,ok
20260601,24,2,3.6,14.3,10.3,1.3,9.0,41.3,ok
20260601,24,3,2.5,5.2,8.2,2.0,15.3,12.0,ok
20260601,24,4,4.7,1.3,15.3,8.1,32.8,6.0,ok
20260601,24,5,2.0,2.0,16.6,5.1,18.2,21.3,ok
20260601,24,6,1.3,4.5,16.1,3.7,32.3,27.7,ok
20260601,24,7,1.2,17.6,8.5,4.2,17.6,26.0,ok
20260601,24,8,1.3,3.0,22.2,17.0,26.1,8.4,ok
20260601,24,9,1.7,8.0,2.0,16.4,19.7,23.9,ok
20260601,24,10,2.1,4.0,4.2,6.8,10.4,7.2,ok
20260601,24,11,1.2,7.0,16.1,4.9,14.4,24.7,ok
20260601,24,12,1.4,9.0,6.1,7.0,6.6,12.1,ok
20260601,05,1,1.1,4.2,12.0,7.0,,276.0,part
20260601,08,6,1.2,12.0,3.3,17.1,9.2,,part
20260601,09,2,3.2,2.0,2.7,,6.1,55.5,part
20260601,11,7,5.2,1.4,2.8,33.8,11.2,,part
20260601,13,2,3.3,1.3,6.9,16.9,9.3,,part
20260601,13,6,1.0,41.6,33.3,12.8,3.7,,part
20260601,14,4,1.9,20.7,3.5,5.2,3.2,,part
20260602,01,1,3.2,2.1,8.4,5.3,4.5,19.7,ok
20260602,01,2,1.4,40.5,12.8,2.1,94.5,16.6,ok
20260602,01,3,9.0,10.4,3.2,2.0,3.5,17.2,ok
20260602,01,4,1.7,2.7,8.4,7.2,7.6,53.2,ok
20260602,01,5,5.0,3.0,2.3,3.2,43.0,18.4,ok
20260602,01,6,1.2,8.3,7.2,6.9,11.9,15.2,ok
20260602,01,7,1.4,2.6,5.9,55.8,13.9,46.5,ok
20260602,01,8,2.6,2.7,12.4,7.2,3.1,24.8,ok
20260602,01,9,1.0,8.6,19.2,15.8,16.8,38.4,ok
20260602,01,10,7.4,10.1,14.8,1.0,32.2,17.1,ok
20260602,01,11,2.3,3.2,1.9,27.5,33.9,49.0,ok
20260602,01,12,1.2,4.9,9.6,7.4,23.6,53.2,ok
20260602,05,1,3.6,2.5,1.6,51.4,32.1,64.3,ok
20260602,05,2,2.2,2.3,4.0,8.2,27.7,17.0,ok
20260602,05,3,2.7,29.2,3.0,3.7,3.1,36.5,ok
20260602,05,4,1.8,3.7,6.1,3.9,11.1,41.6,ok
20260602,05,5,2.0,2.5,3.4,16.7,15.7,19.1,ok
20260602,05,6,3.1,14.3,1.7,3.9,9.0,79.1,ok
20260602,05,7,1.1,9.2,26.3,15.1,5.0,50.1,ok
20260602,05,8,1.6,5.6,4.8,4.3,13.5,18.1,ok
20260602,05,9,1.1,20.0,7.8,24.5,4.7,18.3,ok
20260602,05,10,1.3,2.4,11.3,22.1,24.2,75.2,ok
20260602,05,11,1.3,4.7,37.0,5.6,5.9,44.4,ok
20260602,05,12,1.4,5.2,7.5,7.1,24.6,8.6,ok
20260602,09,1,1.0,13.0,16.8,9.8,14.7,13.0,ok
20260602,09,3,3.6,2.0,4.5,6.5,11.7,8.3,ok
20260602,09,4,1.0,5.5,41.6,16.6,27.7,13.8,ok
20260602,09,5,1.1,7.2,11.2,13.7,13.7,17.6,ok
20260602,09,6,1.2,30.3,25.2,3.5,30.3,6.3,ok
20260602,09,7,1.3,5.5,24.7,24.7,49.5,3.3,ok
20260602,09,8,3.0,2.0,4.1,5.7,12.0,132.7,ok
20260602,09,9,1.5,18.1,14.0,2.3,15.8,15.8,ok
20260602,09,10,1.0,9.0,11.7,8.5,53.0,24.4,ok
20260602,09,11,1.1,3.9,26.7,10.2,44.6,66.9,ok
20260602,09,12,1.1,6.9,15.1,8.2,12.1,36.3,ok
20260602,10,1,1.2,10.9,10.2,4.3,16.4,16.4,ok
20260602,10,2,1.3,8.7,2.9,15.8,12.4,58.2,ok
20260602,10,3,1.2,14.0,10.3,10.3,5.0,24.5,ok
20260602,10,4,1.5,2.6,9.5,20.0,30.1,8.2,ok
20260602,10,5,1.1,16.9,16.9,5.7,21.9,10.4,ok
20260602,10,6,1.5,3.3,13.8,19.0,5.8,11.7,ok
20260602,10,7,5.7,2.4,15.2,1.7,11.7,51.7,ok
20260602,10,8,1.8,7.6,2.8,39.9,3.8,39.9,ok
20260602,10,9,2.0,14.1,2.9,4.7,11.0,7.0,ok
20260602,10,10,4.1,29.5,1.3,6.8,7.6,38.0,ok
20260602,10,11,5.6,1.0,22.5,17.3,37.5,12.5,ok
20260602,10,12,1.3,5.2,7.9,7.2,7.7,44.4,ok
20260602,11,1,1.1,16.0,8.0,8.6,9.3,37.5,ok
20260602,11,2,1.8,2.6,2.9,30.0,50.0,37.5,ok
20260602,11,3,7.5,5.1,1.3,7.5,15.0,21.5,ok
20260602,11,4,5.0,4.3,2.6,2.4,9.6,192.0,ok
20260602,11,5,3.3,5.3,10.5,2.3,5.9,6.5,ok
20260602,11,6,2.1,7.1,4.9,5.8,4.6,7.1,ok
20260602,11,7,3.2,2.1,14.1,28.2,7.0,3.1,ok
20260602,11,8,1.6,2.4,5.4,13.7,22.8,27.4,ok
20260602,11,9,1.4,9.1,6.0,3.5,13.7,27.5,ok
20260602,11,10,1.0,5.1,19.5,18.9,40.5,81.0,ok
20260602,11,11,1.5,4.5,5.4,7.9,7.3,29.2,ok
20260602,11,12,1.3,5.8,5.8,8.4,8.4,75.7,ok
20260602,12,1,2.2,10.6,2.6,2.8,18.4,101.6,ok
20260602,12,2,2.0,8.1,6.0,2.3,9.0,30.0,ok
20260602,12,3,2.5,2.5,4.3,4.0,54.5,20.4,ok
20260602,12,4,3.2,8.1,5.3,4.0,2.5,14.2,ok
20260602,12,5,1.4,14.5,3.7,11.4,53.2,4.8,ok
20260602,12,6,7.8,1.9,3.8,2.5,55.1,55.1,ok
20260602,12,7,3.1,10.5,6.3,10.9,1.5,241.5,ok
20260602,12,8,3.2,5.5,5.7,2.1,5.9,45.8,ok
20260602,12,9,1.1,4.2,9.7,8.0,56.0,56.0,ok
20260602,12,11,2.0,3.2,3.2,6.6,15.4,65.6,ok
20260602,12,12,1.4,11.2,4.3,5.1,9.0,75.2,ok
20260602,13,1,2.7,13.4,1.5,14.1,18.8,7.8,ok
20260602,13,2,2.4,3.5,4.4,3.6,7.2,102.0,ok
20260602,13,3,1.7,3.6,3.8,22.9,6.9,20.0,ok
20260602,13,4,5.7,1.0,24.0,48.0,13.0,72.0,ok
20260602,13,5,1.6,4.9,4.2,9.1,9.5,13.0,ok
20260602,13,6,1.3,3.9,15.3,4.1,76.7,57.5,ok
20260602,13,7,2.1,2.0,8.6,7.0,34.5,10.2,ok
20260602,13,8,1.0,7.4,74.2,14.8,18.5,14.8,ok
20260602,13,9,1.2,8.6,7.8,6.1,22.0,9.4,ok
20260602,13,10,1.1,11.2,10.1,12.5,5.6,22.9,ok
20260602,13,11,1.0,11.6,11.6,26.4,11.4,11.6,ok
20260602,13,12,1.1,6.6,16.9,6.1,15.6,24.4,ok
20260602,14,1,1.0,7.8,15.6,9.9,15.6,18.2,ok
20260602,14,2,1.0,10.3,11.3,12.4,20.7,20.7,ok
20260602,14,3,1.4,4.3,11.0,6.8,8.0,33.2,ok
20260602,14,4,1.2,5.8,15.6,4.0,26.8,26.8,ok
20260602,14,5,2.3,2.3,5.0,11.1,7.7,15.9,ok
20260602,14,6,1.3,5.7,9.1,6.5,11.4,15.2,ok
20260602,14,7,1.0,3.6,27.3,15.1,68.2,45.5,ok
20260602,14,8,1.0,26.0,6.0,39.0,78.0,78.0,ok
20260602,14,9,1.6,3.1,5.5,9.9,9.3,49.7,ok
20260602,14,10,1.4,3.0,7.2,13.7,10.5,68.6,ok
20260602,14,11,1.5,9.6,3.0,13.1,5.7,48.2,ok
20260602,14,12,1.3,2.9,8.8,13.8,18.8,26.4,ok
20260602,19,1,1.9,3.2,3.4,14.7,14.7,13.3,ok
20260602,19,2,2.4,4.5,5.3,2.2,15.2,45.7,ok
20260602,19,3,3.0,2.6,12.5,6.0,2.7,81.7,ok
20260602,19,4,3.5,3.0,2.2,4.8,21.9,29.2,ok
20260602,19,5,1.0,13.0,10.4,34.7,26.0,52.1,ok
20260602,19,6,1.7,5.0,2.2,40.0,60.0,17.1,ok
20260602,19,7,2.0,2.3,3.0,23.6,82.6,20.6,ok
20260602,19,8,1.9,10.4,4.8,2.5,9.8,187.5,ok
20260602,19,9,1.2,8.3,8.3,25.1,5.9,14.3,ok
20260602,19,10,2.0,5.2,2.6,11.2,8.1,12.8,ok
20260602,19,11,1.2,4.0,9.4,14.6,18.8,22.0,ok
20260602,19,12,1.2,6.9,5.6,9.1,29.1,24.9,ok
20260602,20,1,3.0,5.5,9.8,3.4,3.4,7.3,ok
20260602,20,2,1.5,6.8,11.6,3.1,6.8,116.2,ok
20260602,20,3,2.6,3.1,5.1,6.1,4.0,24.5,ok
20260602,20,4,2.5,2.6,3.2,38.0,53.2,4.9,ok
20260602,20,5,2.3,1.9,15.5,8.8,10.9,7.7,ok
20260602,20,6,1.8,9.3,14.4,3.1,9.0,5.5,ok
20260602,20,7,1.7,10.7,2.9,7.4,9.0,10.3,ok
20260602,20,8,1.2,6.3,4.5,17.1,28.0,22.1,ok
20260602,20,9,1.1,25.2,7.1,6.2,44.8,8.5,ok
20260602,20,10,1.8,1.6,23.4,11.7,27.5,33.4,ok
20260602,20,11,1.2,11.6,13.8,3.7,20.7,31.0,ok
20260602,20,12,1.6,4.0,5.3,5.8,16.6,17.8,ok
20260602,23,1,1.0,13.5,9.3,14.4,18.0,21.6,ok
20260602,23,2,1.1,8.1,7.1,5.6,36.7,55.1,ok
20260602,23,3,1.6,18.1,5.4,2.7,10.7,58.8,ok
20260602,23,4,1.2,17.6,5.8,10.6,5.6,39.7,ok
20260602,23,5,1.3,12.3,5.3,5.5,10.2,20.5,ok
20260602,23,6,3.0,1.8,4.2,6.4,16.7,33.4,ok
20260602,23,7,1.8,6.7,11.5,2.6,10.1,11.5,ok
20260602,23,8,1.2,4.7,17.7,8.3,62.2,6.2,ok
20260602,23,9,1.2,5.5,6.4,6.4,19.4,97.1,ok
20260602,23,10,1.1,10.6,10.6,7.2,23.0,13.8,ok
20260602,23,11,1.5,5.1,5.9,8.1,5.4,44.8,ok
20260602,23,12,1.1,6.2,10.8,13.5,29.1,14.0,ok
20260602,24,1,1.7,7.1,13.8,6.7,3.0,13.1,ok
20260602,24,2,3.4,4.7,1.8,19.8,8.5,8.5,ok
20260602,09,2,1.5,4.0,5.7,6.3,9.9,,part
20260602,12,10,1.3,4.0,5.4,5.4,,180.0,part
20260603,05,1,1.9,7.0,5.1,6.9,10.3,4.0,ok
20260603,05,2,2.1,3.2,7.1,7.4,7.4,6.8,ok
20260603,05,3,1.7,2.5,36.1,8.4,5.0,33.1,ok
20260603,05,4,1.0,59.7,10.9,17.6,32.3,27.7,ok
20260603,05,5,1.8,12.5,2.0,9.7,16.7,17.6,ok
20260603,05,6,1.7,3.9,4.7,4.3,18.9,60.6,ok
20260603,05,7,1.2,17.3,8.3,4.1,41.6,10.4,ok
20260603,05,8,1.1,11.6,7.0,32.1,57.0,4.7,ok
20260603,05,9,1.2,11.5,9.8,3.9,38.6,23.1,ok
20260603,05,10,1.4,2.3,14.7,13.9,18.8,38.9,ok
20260603,05,11,1.4,5.3,4.5,7.7,27.9,17.4,ok
20260603,05,12,1.2,5.7,6.3,11.0,16.7,30.9,ok
20260603,11,1,2.4,6.2,8.9,2.4,4.7,23.8,ok
20260603,11,2,1.1,5.5,10.7,9.7,102.3,10.2,ok
20260603,11,3,1.8,2.7,5.3,5.3,29.7,49.5,ok
20260603,11,4,1.4,5.7,24.5,24.5,17.1,3.1,ok
20260603,11,5,1.5,7.1,11.2,3.8,6.3,17.5,ok
20260603,11,6,1.2,3.0,10.8,10.5,37.5,103.3,ok
20260603,11,7,4.1,10.2,5.4,92.2,1.2,30.7,ok
20260603,11,8,2.0,5.5,2.1,8.3,27.5,27.5,ok
20260603,11,9,1.5,4.6,8.0,11.5,6.0,13.0,ok
20260603,11,10,1.1,8.2,11.0,4.8,24.6,35.5,ok
20260603,11,11,1.2,8.0,3.5,12.5,28.7,40.2,ok
20260603,11,12,1.0,15.7,8.1,5.6,20.0,108.0,ok
20260603,12,1,2.4,2.3,6.1,10.1,7.6,9.1,ok
20260603,12,3,1.3,8.1,7.0,3.9,32.7,24.5,ok
20260603,12,4,1.5,4.1,8.1,13.3,6.1,10.3,ok
20260603,12,5,1.5,3.1,6.5,5.8,32.8,98.6,ok
20260603,12,6,1.3,12.6,5.8,4.4,19.3,22.9,ok
20260603,12,7,1.1,5.4,18.3,5.5,36.7,30.6,ok
20260603,12,8,1.2,8.5,3.5,21.8,19.6,65.5,ok
20260603,12,9,1.2,8.2,21.7,3.3,21.7,61.5,ok
20260603,12,10,1.1,9.1,5.1,12.7,25.5,15.0,ok
20260603,12,11,1.4,3.5,5.7,10.0,12.7,46.8,ok
20260603,12,12,1.3,4.9,13.7,6.1,14.0,13.5,ok
20260603,13,1,1.4,13.8,2.1,11.5,207.7,103.8,ok
20260603,13,2,1.1,5.3,12.5,11.3,13.2,47.8,ok
20260603,13,3,5.6,1.6,3.5,6.5,11.2,59.0,ok
20260603,13,4,1.1,5.7,9.1,19.5,15.6,31.2,ok
20260603,13,5,1.5,11.2,6.7,5.5,17.3,5.1,ok
20260603,13,6,1.9,14.2,6.3,2.2,9.2,20.5,ok
20260603,13,7,1.8,18.0,3.2,3.2,11.2,27.0,ok
20260603,13,8,3.5,2.8,2.1,8.5,15.2,23.6,ok
20260603,13,9,1.6,2.4,5.9,15.0,13.3,34.0,ok
20260603,13,10,1.0,9.7,5.9,22.8,19.5,54.7,ok
20260603,13,11,1.0,22.3,14.4,15.5,41.2,58.9,ok
20260603,13,12,1.0,5.6,10.1,34.4,30.6,29.0,ok
20260603,19,1,1.2,7.0,49.5,4.9,9.9,19.8,ok
20260603,19,2,1.6,4.9,6.5,12.2,8.1,6.1,ok
20260603,19,3,2.7,2.1,9.7,5.4,8.1,12.1,ok
20260603,19,4,1.2,8.2,12.9,4.4,30.8,12.3,ok
20260603,19,5,1.7,50.7,3.6,67.6,2.5,16.9,ok
20260603,19,6,1.9,6.0,8.3,142.1,2.7,6.1,ok
20260603,19,7,2.2,10.9,1.7,13.2,8.9,22.8,ok
20260603,19,8,1.0,12.2,5.7,12.2,12.7,152.6,ok
20260603,19,9,1.0,4.8,20.5,10.2,22.0,51.3,ok
20260603,19,10,1.6,10.8,15.4,2.0,11.6,72.1,ok
20260603,19,11,1.1,10.4,14.6,7.3,6.3,24.7,ok
20260603,19,12,1.0,5.5,20.0,16.3,12.3,133.6,ok
20260603,20,2,1.5,4.3,22.1,12.9,3.7,17.2,ok
20260603,20,3,3.7,1.9,10.0,3.4,15.0,11.5,ok
20260603,20,4,1.1,20.9,3.7,19.9,16.2,29.5,ok
20260603,20,5,1.7,3.6,9.2,3.4,34.8,18.4,ok
20260603,20,6,1.5,30.2,8.9,13.1,2.3,30.2,ok
20260603,20,7,1.3,4.9,4.9,16.3,21.8,12.4,ok
20260603,20,8,1.0,9.3,8.1,14.5,65.2,39.1,ok
20260603,20,10,1.0,8.7,14.1,10.7,205.1,11.3,ok
20260603,20,11,1.4,6.7,4.2,4.8,29.4,47.1,ok
20260603,20,12,1.7,7.9,2.3,7.1,15.4,131.6,ok
20260603,21,1,1.2,6.4,7.6,11.2,7.2,43.5,ok
20260603,21,2,1.2,7.0,11.0,4.3,34.3,23.7,ok
20260603,21,3,1.5,23.5,2.0,25.3,13.7,54.8,ok
20260603,21,4,1.1,13.5,9.8,9.5,8.2,14.5,ok
20260603,21,5,1.2,14.6,12.2,5.2,9.2,10.8,ok
20260603,21,6,2.4,23.5,4.5,2.0,9.4,14.7,ok
20260603,21,7,1.0,19.8,9.6,8.5,16.5,74.4,ok
20260603,21,8,2.6,1.9,,3.7,13.4,10.2,ok
20260603,21,9,1.0,26.6,34.2,5.5,8.2,20.0,ok
20260603,21,10,2.5,10.3,2.9,7.9,5.0,5.4,ok
20260603,21,11,1.2,4.7,15.4,6.3,14.4,16.6,ok
20260603,21,12,1.1,7.7,10.9,8.5,15.2,41.8,ok
20260603,24,1,6.3,14.2,5.0,1.5,8.0,7.1,ok
20260603,24,2,1.9,3.2,2.8,13.2,11.5,172.5,ok
20260603,24,3,1.8,11.2,3.3,3.6,14.9,17.2,ok
20260603,24,4,5.0,1.1,12.3,20.4,16.2,9.4,ok
20260603,24,5,1.1,9.9,14.1,5.4,13.4,259.7,ok
20260603,24,6,2.5,2.1,4.8,7.1,8.1,229.5,ok
20260603,24,7,1.5,17.2,18.5,3.8,3.5,24.9,ok
20260603,24,8,1.2,10.2,16.2,7.7,6.8,9.7,ok
20260603,24,9,1.3,5.8,13.6,3.4,16.8,63.5,ok
20260603,24,10,2.1,8.4,4.1,7.5,15.6,3.3,ok
20260603,24,11,1.3,15.0,16.0,14.4,2.7,22.5,ok
20260603,24,12,1.2,8.3,12.0,12.3,14.1,6.8,ok
20260603,12,2,1.2,5.5,7.2,5.9,13.5,,part
20260603,20,1,1.3,6.2,22.7,3.4,9.7,,part
20260603,20,9,1.1,43.6,2.3,46.1,,43.6,part
20260604,03,1,2.6,4.3,2.9,4.9,7.1,21.5,ok
20260604,03,2,1.5,4.9,9.2,4.6,8.0,21.5,ok
20260604,03,3,3.1,2.9,2.4,6.6,12.1,24.3,ok
20260604,03,4,1.9,3.9,12.6,22.8,3.0,8.7,ok
20260604,03,5,2.8,10.9,7.5,2.5,3.2,16.3,ok
20260604,03,6,2.8,3.7,2.6,5.0,9.5,28.5,ok
20260604,03,7,2.4,3.2,13.9,16.0,2.3,20.8,ok
20260604,03,8,3.6,2.7,7.9,2.9,4.8,87.0,ok
20260604,03,9,1.8,7.3,7.3,4.8,5.8,7.3,ok
20260604,03,10,1.3,6.9,5.4,5.8,12.7,25.5,ok
20260604,03,11,1.4,7.1,4.7,5.0,12.5,33.5,ok
20260604,03,12,1.4,9.8,6.7,5.8,7.1,12.8,ok
20260604,05,1,1.6,11.0,10.0,2.6,23.4,8.7,ok
20260604,05,2,1.8,2.0,8.5,20.9,13.4,13.4,ok
20260604,05,3,1.0,23.2,42.6,13.8,46.5,255.7,ok
20260604,05,4,1.3,13.8,9.3,7.2,4.9,13.1,ok
20260604,05,5,2.4,7.2,1.8,11.8,7.9,17.2,ok
20260604,05,6,4.7,2.5,9.5,3.1,24.2,3.7,ok
20260604,05,7,5.4,2.8,2.1,7.9,14.1,7.0,ok
20260604,05,8,1.0,14.2,25.1,35.2,58.6,20.3,ok
20260604,05,9,1.3,4.9,18.0,5.5,7.6,171.3,ok
20260604,05,10,1.3,5.8,9.4,8.3,15.5,6.4,ok
20260604,05,11,1.2,10.3,6.7,7.2,12.8,17.6,ok
20260604,05,12,1.4,3.7,5.5,8.5,35.9,28.3,ok
20260604,07,1,2.8,1.7,9.3,9.3,8.6,12.5,ok
20260604,07,2,1.3,8.0,2.6,17.2,120.7,40.2,ok
20260604,07,3,4.7,5.0,1.1,14.7,81.3,81.3,ok
20260604,07,4,1.0,35.8,11.9,9.4,5.9,29.8,ok
20260604,07,5,2.0,16.3,1.6,30.4,7.6,213.0,ok
20260604,07,6,2.0,1.9,6.9,12.3,40.1,16.0,ok
20260604,07,7,1.6,26.8,2.0,6.5,32.2,107.5,ok
20260604,07,8,1.0,16.1,14.6,16.1,6.2,14.1,ok
20260604,07,9,1.1,18.0,11.3,10.9,8.2,7.1,ok
20260604,07,10,1.6,7.3,4.1,4.1,20.4,21.6,ok
20260604,07,11,1.2,25.4,4.3,6.0,11.4,25.4,ok
20260604,07,12,1.0,10.2,10.4,8.7,21.3,23.2,ok
20260604,08,1,1.2,2.5,33.0,17.6,88.2,33.0,ok
20260604,08,2,1.2,5.9,4.7,15.7,23.6,47.2,ok
20260604,08,3,2.6,1.9,20.0,4.0,8.5,60.0,ok
20260604,08,5,1.3,2.7,7.6,30.7,30.7,30.7,ok
20260604,08,7,2.0,4.5,18.3,27.5,2.3,10.0,ok
20260604,08,8,4.5,1.6,9.3,8.9,12.6,4.4,ok
20260604,08,10,1.5,10.6,3.5,15.9,6.7,8.5,ok
20260604,08,11,2.2,1.3,47.4,22.1,15.8,83.0,ok
20260604,08,12,1.6,,3.1,3.3,17.7,17.7,ok
20260604,09,3,1.0,24.5,10.5,9.1,6.6,36.7,ok
20260604,09,4,1.0,52.3,16.8,9.3,27.7,157.1,ok
20260604,09,5,1.0,8.6,11.9,95.2,95.2,31.7,ok
20260604,09,6,1.7,11.3,2.7,19.8,4.1,39.7,ok
20260604,09,7,1.0,93.0,18.6,9.3,93.0,11.6,ok
20260604,09,9,1.5,6.1,15.0,6.1,15.0,4.3,ok
20260604,09,10,1.2,5.0,11.7,4.2,35.2,105.7,ok
20260604,09,12,1.2,13.0,12.1,3.6,13.9,24.3,ok
20260604,10,1,1.0,11.7,13.9,17.1,12.3,74.2,ok
20260604,10,2,1.1,24.0,5.0,15.0,30.0,10.0,ok
20260604,10,3,1.6,27.1,4.9,13.5,2.5,27.1,ok
20260604,10,4,1.1,14.9,10.2,10.2,5.2,27.3,ok
20260604,10,5,2.8,3.2,11.3,4.6,3.3,15.0,ok
20260604,10,6,4.7,2.1,3.8,12.8,9.8,4.4,ok
20260604,10,7,4.5,2.2,5.5,2.3,35.4,25.2,ok
20260604,10,8,2.2,1.8,4.8,40.8,40.8,11.6,ok
20260604,10,9,3.1,6.0,4.0,2.7,27.0,5.1,ok
20260604,10,11,4.7,1.6,3.2,16.1,7.6,40.3,ok
20260604,10,12,1.4,7.0,14.7,2.8,20.2,23.1,ok
20260604,13,1,1.7,19.6,1.7,30.8,21.6,16.6,ok
20260604,13,2,4.1,2.0,6.9,4.6,13.9,5.5,ok
20260604,13,3,1.7,5.8,13.9,9.9,2.7,17.4,ok
20260604,13,4,1.5,3.8,6.3,5.9,20.2,16.8,ok
20260604,13,5,1.4,8.5,19.1,15.3,2.8,19.1,ok
20260604,13,6,1.0,32.6,32.6,3.8,65.2,32.6,ok
20260604,13,7,1.0,34.3,9.3,9.8,14.7,20.6,ok
20260604,13,8,1.6,6.4,9.4,6.4,11.5,4.1,ok
20260604,13,9,1.5,9.2,7.3,5.4,6.7,9.7,ok
20260604,13,10,1.6,4.7,5.0,8.9,7.1,12.9,ok
20260604,13,11,1.0,11.0,11.4,14.9,49.7,17.5,ok
20260604,13,12,1.1,15.8,17.0,3.8,13.2,39.6,ok
20260604,17,1,1.8,3.8,4.5,15.7,6.2,10.6,ok
20260604,17,2,2.9,1.3,15.9,11.3,15.1,53.1,ok
20260604,17,3,1.2,5.1,27.0,6.7,13.5,19.6,ok
20260604,17,4,1.2,15.9,6.5,8.8,13.9,8.8,ok
20260604,17,5,1.2,7.2,5.8,14.2,19.4,11.5,ok
20260604,17,6,1.8,2.6,6.2,10.7,14.9,11.4,ok
20260604,17,7,1.1,11.1,12.3,7.1,10.8,13.7,ok
20260604,17,8,1.1,6.8,7.1,19.1,11.5,27.5,ok
20260604,17,9,1.4,6.2,7.3,15.1,4.0,28.7,ok
20260604,17,10,1.2,3.7,7.5,20.8,12.8,83.2,ok
20260604,17,11,1.0,36.7,10.2,23.9,47.9,50.0,ok
20260604,17,12,1.1,9.6,7.4,17.6,11.5,12.2,ok
20260604,19,1,2.8,8.3,3.7,1.8,25.1,33.5,ok
20260604,19,2,1.5,6.4,32.2,4.0,10.7,6.4,ok
20260604,19,3,1.7,5.6,5.0,4.6,7.7,26.5,ok
20260604,19,4,3.1,3.6,1.7,10.2,34.1,31.5,ok
20260604,19,5,1.4,29.5,2.2,9.8,29.5,69.0,ok
20260604,19,6,1.9,9.5,3.0,4.3,19.1,10.1,ok
20260604,19,7,1.3,6.0,11.1,4.7,44.5,8.9,ok
20260604,19,8,1.4,5.9,9.3,4.2,11.1,44.6,ok
20260604,19,9,1.3,8.0,9.0,3.5,29.3,46.9,ok
20260604,19,10,1.7,3.6,6.2,4.8,10.1,34.1,ok
20260604,19,11,1.4,3.6,15.4,5.7,10.8,18.0,ok
20260604,19,12,1.3,7.7,16.9,3.4,12.8,67.6,ok
20260604,20,1,1.5,9.3,3.4,5.2,18.7,18.7,ok
20260604,20,3,2.3,10.4,2.0,4.9,44.4,9.3,ok
20260604,20,4,1.4,6.2,4.0,9.5,9.0,25.8,ok
20260604,20,5,1.4,3.9,10.2,4.0,30.7,46.1,ok
20260604,20,6,1.4,12.7,3.1,4.9,63.7,63.7,ok
20260604,20,7,2.6,6.1,3.3,15.0,60.0,2.4,ok
20260604,20,8,1.9,3.7,3.4,11.7,6.2,67.3,ok
20260604,20,9,1.0,10.8,7.1,22.6,35.5,49.8,ok
20260604,20,10,1.2,4.8,5.8,20.0,10.4,24.0,ok
20260604,20,11,1.0,9.3,7.6,15.6,21.8,65.5,ok
20260604,20,12,1.6,4.7,2.7,12.8,29.3,29.3,ok
20260604,21,1,1.3,6.7,2.7,47.4,23.7,47.4,ok
20260604,21,2,1.4,5.1,22.6,4.5,10.7,13.6,ok
20260604,21,3,1.0,19.5,5.9,17.7,7.8,97.5,ok
20260604,21,4,1.1,12.8,15.3,3.5,51.2,38.4,ok
20260604,21,5,1.0,12.1,9.9,14.7,55.9,9.6,ok
20260604,21,6,1.4,4.8,8.1,18.3,219.7,3.6,ok
20260604,21,7,1.0,24.1,16.8,12.9,24.1,84.3,ok
20260604,21,8,3.6,2.0,5.1,3.6,15.3,30.7,ok
20260604,21,9,1.1,4.8,22.2,37.5,28.6,8.3,ok
20260604,21,10,1.0,19.8,7.5,25.8,6.6,23.7,ok
20260604,21,11,1.1,9.8,32.0,3.7,16.0,64.1,ok
20260604,21,12,2.2,24.1,3.2,2.4,12.9,17.5,ok
20260604,24,1,3.0,2.1,2.0,130.7,39.2,65.3,ok
20260604,24,2,1.5,4.9,15.5,3.4,8.3,31.1,ok
20260604,24,3,1.5,4.0,7.2,8.8,8.1,16.3,ok
20260604,24,4,3.4,4.4,8.7,3.3,6.5,3.9,ok
20260604,24,5,6.0,9.4,3.0,3.3,2.6,16.9,ok
20260604,24,6,1.9,1.7,13.8,12.9,10.7,48.5,ok
20260604,24,7,1.4,9.5,2.7,14.0,18.7,29.5,ok
20260604,24,8,2.1,3.1,2.7,10.1,18.5,37.0,ok
20260604,24,9,1.1,13.8,5.3,8.7,16.6,26.2,ok
20260604,24,10,2.3,2.3,17.0,3.4,12.7,19.4,ok
20260604,24,11,1.1,5.2,8.2,16.7,18.7,51.4,ok
20260604,24,12,2.1,6.9,3.7,22.2,2.7,28.9,ok
20260604,08,4,3.0,5.7,11.4,1.6,,7.1,part
20260604,08,6,1.3,10.8,2.7,14.5,,14.5,part
20260604,08,9,1.2,11.7,11.7,4.8,5.5,,part
20260604,09,1,1.0,9.2,16.1,9.2,32.2,,part
20260604,09,2,2.7,1.8,3.3,23.2,11.6,,part
20260604,09,8,1.2,51.7,3.0,6.4,25.8,,part
20260604,09,11,1.1,11.2,7.0,7.0,,18.7,part
20260604,10,10,6.8,1.4,4.8,17.0,4.6,,part
20260604,20,2,2.0,11.4,4.7,2.8,5.3,,part
20260605,01,1,1.2,8.4,4.8,8.4,23.2,13.2,ok
20260605,01,2,3.9,6.6,3.2,6.1,2.5,15.3,ok
20260605,01,3,2.8,14.5,3.7,1.8,19.4,24.9,ok
20260605,01,4,3.7,3.3,5.6,2.5,5.8,29.3,ok
20260605,01,5,2.8,3.6,5.1,3.2,11.2,8.2,ok
20260605,01,6,1.0,15.4,8.6,7.3,13.8,34.6,ok
20260605,01,7,1.5,22.1,2.6,14.7,6.9,22.1,ok
20260605,01,8,2.8,15.5,3.5,3.5,3.1,31.0,ok
20260605,01,9,1.7,4.0,9.9,3.6,11.7,19.8,ok
20260605,01,10,1.3,8.5,22.3,3.0,26.3,13.1,ok
20260605,01,11,1.3,15.8,9.0,8.8,9.8,5.3,ok
20260605,01,12,1.5,9.6,12.1,3.1,9.0,10.9,ok
20260605,03,1,1.7,2.7,12.2,4.7,17.4,17.4,ok
20260605,03,2,1.3,11.3,4.5,6.9,11.3,19.1,ok
20260605,03,3,2.3,5.9,2.7,4.9,11.0,12.6,ok
20260605,03,4,3.1,1.8,6.4,9.7,8.8,9.7,ok
20260605,03,5,2.8,2.7,10.2,2.4,12.0,36.0,ok
20260605,03,6,3.0,5.2,1.8,12.5,11.6,8.6,ok
20260605,03,7,1.4,3.3,10.5,21.1,14.1,8.4,ok
20260605,03,8,5.3,5.3,1.9,7.7,3.5,31.0,ok
20260605,03,9,2.8,12.5,2.2,6.0,6.2,7.5,ok
20260605,03,10,1.4,7.7,4.5,8.5,9.6,15.4,ok
20260605,03,11,1.3,23.1,3.3,11.5,8.2,16.5,ok
20260605,03,12,1.0,10.0,8.0,16.5,15.0,33.0,ok
20260605,07,1,3.5,7.1,7.1,3.8,2.2,14.2,ok
20260605,07,2,1.6,18.7,3.3,18.7,6.6,5.5,ok
20260605,07,3,2.1,4.0,4.0,15.5,15.5,4.0,ok
20260605,07,4,3.5,4.9,6.1,2.2,4.7,25.8,ok
20260605,07,5,1.2,5.1,14.1,9.4,28.3,10.2,ok
20260605,07,6,1.2,6.5,17.7,15.0,5.0,17.7,ok
20260605,07,7,1.2,26.5,7.8,3.4,69.1,28.8,ok
20260605,07,8,1.1,15.8,8.5,5.8,12.3,20.1,ok
20260605,07,9,1.3,15.1,4.0,10.3,,6.2,ok
20260605,07,10,1.6,11.5,13.8,3.0,43.3,5.0,ok
20260605,07,11,1.1,17.9,6.9,5.7,42.5,26.1,ok
20260605,07,12,1.1,15.1,9.2,5.8,11.8,23.7,ok
20260605,08,1,1.0,16.9,110.2,110.2,220.5,55.1,ok
20260605,08,2,2.4,2.4,2.6,56.0,11.2,28.0,ok
20260605,08,3,1.2,4.0,9.8,9.1,32.0,42.7,ok
20260605,08,4,2.8,7.8,4.2,6.8,3.7,4.8,ok
20260605,08,6,1.4,9.6,6.5,4.4,13.1,15.6,ok
20260605,08,7,2.7,6.8,5.4,15.3,13.1,2.0,ok
20260605,08,9,1.5,4.6,2.4,60.7,30.3,121.5,ok
20260605,08,10,2.2,2.5,4.1,15.9,9.1,11.5,ok
20260605,08,11,2.1,19.6,2.2,4.5,9.5,23.3,ok
20260605,08,12,1.0,24.9,14.2,11.0,19.9,6.2,ok
20260605,10,1,1.0,17.5,13.1,19.6,52.5,17.5,ok
20260605,10,2,1.0,13.6,9.6,14.9,10.9,164.2,ok
20260605,10,3,1.0,9.6,16.5,5.9,206.6,206.6,ok
20260605,10,4,1.4,4.3,9.3,6.5,16.5,11.2,ok
20260605,10,5,1.0,76.1,10.1,50.7,38.0,19.0,ok
20260605,10,6,4.7,1.4,21.0,11.1,21.0,4.2,ok
20260605,10,7,2.5,15.4,2.2,41.2,2.6,24.7,ok
20260605,10,9,1.0,5.0,58.5,35.1,14.0,19.5,ok
20260605,10,10,2.1,13.6,3.4,3.1,5.7,54.7,ok
20260605,10,11,5.1,3.6,2.1,6.9,4.7,20.7,ok
20260605,10,12,1.3,5.3,7.5,9.7,8.3,16.6,ok
20260605,13,1,3.7,15.2,1.1,28.0,12.0,84.0,ok
20260605,13,2,1.8,12.6,4.5,3.7,31.5,5.7,ok
20260605,13,3,1.8,5.8,3.6,9.4,8.4,9.4,ok
20260605,13,4,1.6,15.6,3.1,10.4,5.6,17.8,ok
20260605,13,5,2.1,7.4,3.6,4.7,10.4,6.5,ok
20260605,13,6,1.0,33.5,134.2,4.9,67.1,67.1,ok
20260605,13,7,1.8,8.2,2.1,8.2,22.6,22.6,ok
20260605,13,8,1.5,12.6,10.1,7.7,2.9,33.7,ok
20260605,13,9,1.9,5.9,3.9,3.6,20.6,15.1,ok
20260605,13,10,1.8,9.1,4.7,4.9,5.4,12.5,ok
20260605,13,11,1.3,7.3,6.5,6.1,8.8,35.4,ok
20260605,13,12,1.2,24.2,4.0,6.6,21.2,70.0,ok
20260605,17,1,1.3,8.0,12.6,3.6,21.0,19.8,ok
20260605,17,2,1.3,7.1,5.0,10.3,11.8,10.6,ok
20260605,17,3,1.1,7.9,7.2,16.7,10.7,27.9,ok
20260605,17,4,1.1,8.0,7.8,10.3,10.5,23.7,ok
20260605,17,5,2.2,5.8,3.5,3.0,11.3,28.9,ok
20260605,17,6,1.3,8.9,5.8,19.1,4.7,16.6,ok
20260605,17,7,3.0,7.4,1.8,12.2,20.6,4.7,ok
20260605,17,8,1.5,7.8,3.0,12.3,10.6,15.2,ok
20260605,17,9,2.1,7.5,4.7,8.6,11.1,3.0,ok
20260605,17,10,,1.3,4.3,6.9,8.1,11.2,ok
20260605,17,11,1.4,3.2,7.6,7.7,21.6,22.9,ok
20260605,17,12,1.1,7.4,10.1,8.0,15.7,24.7,ok
20260605,18,1,1.0,20.3,6.1,7.9,23.7,142.5,ok
20260605,18,2,1.2,16.7,3.4,27.9,16.7,17.9,ok
20260605,18,3,1.6,18.7,6.3,28.1,2.1,48.2,ok
20260605,18,4,1.3,5.1,12.7,7.2,17.0,10.2,ok
20260605,18,5,2.2,12.7,3.4,3.1,10.6,9.1,ok
20260605,18,6,1.6,15.4,4.0,24.5,2.7,58.8,ok
20260605,18,7,1.7,9.4,1.9,28.2,8.3,112.8,ok
20260605,18,8,2.0,2.5,11.2,3.2,48.7,22.5,ok
20260605,18,9,2.3,7.4,2.4,4.8,8.7,29.8,ok
20260605,18,10,8.1,1.5,3.9,5.0,10.3,51.7,ok
20260605,18,11,1.9,5.9,9.6,11.8,2.1,77.2,ok
20260605,18,12,1.0,15.1,11.1,8.4,21.0,22.2,ok
20260605,19,1,1.0,10.5,28.2,9.4,42.3,28.2,ok
20260605,19,2,1.2,4.6,7.3,7.3,38.1,38.1,ok
20260605,19,3,1.0,8.5,14.6,17.0,107.7,64.6,ok
20260605,19,4,1.0,8.4,14.8,29.6,59.2,6.5,ok
20260605,19,5,1.1,12.2,8.7,4.7,24.4,24.4,ok
20260605,19,6,1.0,29.5,65.0,11.8,54.1,108.3,ok
20260605,19,7,1.1,18.2,8.6,4.7,16.2,73.1,ok
20260605,19,8,1.3,2.8,11.7,19.5,18.0,29.2,ok
20260605,19,9,1.1,10.8,10.6,9.7,14.4,14.1,ok
20260605,19,10,1.1,11.4,7.0,8.2,13.6,27.3,ok
20260605,19,11,1.2,3.6,22.5,7.5,18.0,60.2,ok
20260605,19,12,1.4,5.5,21.6,5.2,4.7,31.3,ok
20260605,20,1,1.3,9.2,3.4,13.8,9.2,27.7,ok
20260605,20,2,3.8,2.7,2.8,3.5,42.0,21.0,ok
20260605,20,3,3.6,4.4,5.9,4.2,53.2,2.4,ok
20260605,20,4,1.4,12.1,2.5,17.0,12.6,34.0,ok
20260605,20,5,2.6,1.4,27.7,6.9,27.7,27.7,ok
20260605,20,6,1.0,58.2,11.6,15.8,13.4,29.1,ok
20260605,20,7,1.2,9.7,12.3,4.3,11.4,45.7,ok
20260605,20,8,1.3,2.9,7.6,16.0,21.0,48.2,ok
20260605,20,9,1.4,5.4,6.3,10.4,9.5,8.9,ok
20260605,20,10,1.3,2.7,12.5,10.5,24.1,28.1,ok
20260605,20,11,2.5,7.6,2.7,3.2,8.2,82.9,ok
20260605,20,12,1.0,8.9,12.5,6.8,19.1,33.9,ok
20260605,21,1,1.0,15.2,14.2,6.9,12.7,45.7,ok
20260605,21,2,1.2,11.9,31.9,7.0,4.8,10.6,ok
20260605,21,3,1.7,5.6,2.7,19.3,18.0,7.8,ok
20260605,21,4,1.1,87.3,3.4,12.0,349.5,20.5,ok
20260605,21,5,1.5,6.0,5.4,14.7,17.2,4.7,ok
20260605,21,6,2.1,2.1,4.8,14.4,72.0,9.0,ok
20260605,21,7,1.7,4.4,4.2,4.4,21.0,42.0,ok
20260605,21,8,6.3,1.3,6.3,5.5,57.0,17.1,ok
20260605,21,10,1.5,15.0,10.0,25.1,2.1,25.1,ok
20260605,21,11,1.1,8.0,5.7,26.7,80.2,10.0,ok
20260605,21,12,1.8,6.4,4.9,8.6,7.7,5.2,ok
20260605,08,5,1.9,20.2,7.7,3.4,2.7,,part
20260605,08,8,3.0,1.6,16.0,3.5,16.0,,part
20260605,10,8,1.4,13.8,2.9,,11.8,6.4,part
20260605,21,9,1.2,5.9,27.7,,3.9,10.4,part
20260606,01,1,1.6,18.9,2.5,4.5,26.5,44.2,ok
20260606,01,2,4.9,4.6,4.6,1.8,10.6,18.5,ok
20260606,01,3,1.5,6.8,5.5,11.1,5.7,9.8,ok
20260606,01,4,4.2,10.7,3.1,3.5,3.2,10.0,ok
20260606,01,5,1.7,3.8,13.6,7.9,7.2,6.0,ok
20260606,01,6,1.3,7.0,8.9,7.4,8.4,9.7,ok
20260606,01,7,2.1,6.5,1.9,13.5,23.6,9.4,ok
20260606,01,8,1.7,7.6,12.9,8.9,2.8,13.4,ok
20260606,01,9,6.3,2.5,20.7,1.6,10.0,39.3,ok
20260606,01,10,2.4,1.9,15.7,4.4,19.8,12.1,ok
20260606,01,11,2.6,1.8,12.0,5.3,44.6,7.2,ok
20260606,01,12,1.0,11.7,12.9,9.4,7.8,68.6,ok
20260606,03,1,2.6,7.3,4.0,3.9,6.8,5.7,ok
20260606,03,2,2.4,11.4,2.1,10.1,4.2,20.3,ok
20260606,03,3,1.4,17.5,3.7,13.1,7.5,8.7,ok
20260606,03,4,1.4,6.5,8.1,4.3,11.4,14.2,ok
20260606,03,5,2.2,1.6,7.7,9.6,77.2,38.6,ok
20260606,03,6,4.2,2.8,2.3,4.9,11.1,28.9,ok
20260606,03,7,3.1,7.4,14.8,1.3,44.5,19.0,ok
20260606,03,9,2.0,6.7,12.7,1.8,28.6,22.9,ok
20260606,03,10,1.4,3.1,9.8,17.0,10.4,20.8,ok
20260606,03,11,1.3,13.0,6.1,10.4,6.1,10.4,ok
20260606,03,12,1.7,7.6,3.2,7.2,11.5,9.8,ok
20260606,06,1,1.0,49.5,13.5,5.1,37.1,49.5,ok
20260606,06,2,1.9,1.6,12.2,85.5,10.6,42.7,ok
20260606,06,3,1.5,8.4,10.2,5.1,24.0,4.1,ok
20260606,06,4,1.0,27.1,31.0,72.5,217.5,217.5,ok
20260606,06,5,6.2,4.7,1.9,20.2,16.2,3.0,ok
20260606,06,6,1.5,8.7,28.5,8.1,4.3,5.3,ok
20260606,06,7,1.5,10.7,9.7,4.4,9.1,6.1,ok
20260606,06,8,2.6,9.2,11.2,1.9,6.1,14.2,ok
20260606,06,9,1.3,15.0,4.8,5.4,8.4,33.9,ok
20260606,06,10,1.6,3.7,13.8,3.4,30.4,21.7,ok
20260606,06,11,1.7,4.9,3.6,9.0,9.8,12.9,ok
20260606,06,12,1.5,8.2,7.3,6.1,6.8,8.4,ok
20260606,07,1,3.2,1.3,7.7,34.8,7.7,46.5,ok
20260606,07,2,2.4,10.1,24.3,1.4,13.5,40.5,ok
20260606,07,3,1.6,8.6,5.9,2.8,38.8,19.4,ok
20260606,07,4,3.5,1.9,4.0,6.1,10.5,58.1,ok
20260606,07,5,1.0,36.6,13.7,36.6,3.5,109.8,ok
20260606,07,6,1.1,14.1,38.5,11.4,13.6,4.4,ok
20260606,07,7,1.5,6.7,5.6,4.7,7.5,196.5,ok
20260606,07,8,3.7,8.7,2.1,13.8,4.9,4.9,ok
20260606,07,9,1.3,7.3,6.4,7.8,26.0,7.7,ok
20260606,07,10,3.0,4.0,2.7,3.1,21.8,42.4,ok
20260606,07,11,1.3,28.4,5.2,7.0,9.0,7.4,ok
20260606,07,12,1.4,6.2,6.5,7.9,8.5,9.3,ok
20260606,08,1,1.2,13.7,4.5,8.2,20.6,10.3,ok
20260606,08,2,2.2,2.8,10.3,3.2,11.5,20.7,ok
20260606,08,3,3.8,4.1,3.0,2.7,14.2,14.2,ok
20260606,08,5,2.2,2.3,31.3,13.9,3.2,20.8,ok
20260606,08,6,1.3,4.6,25.5,51.0,3.9,12.7,ok
20260606,08,8,5.7,1.8,2.6,9.5,43.1,7.8,ok
20260606,08,9,2.1,3.2,5.2,7.8,9.7,7.0,ok
20260606,08,10,1.1,15.5,23.3,5.0,7.4,37.3,ok
20260606,08,12,1.2,86.7,52.0,2.6,32.5,8.1,ok
20260606,10,2,1.1,20.0,5.3,7.0,17.1,60.0,ok
20260606,10,3,1.0,28.9,8.0,13.1,14.4,144.7,ok
20260606,10,4,1.4,5.4,3.4,10.5,63.5,23.8,ok
20260606,10,5,1.6,20.5,9.3,3.4,3.5,102.7,ok
20260606,10,7,3.0,3.8,15.4,1.7,38.6,12.8,ok
20260606,10,10,2.0,3.4,4.6,18.7,4.2,15.6,ok
20260606,10,11,1.1,28.6,9.1,3.8,16.6,40.0,ok
20260606,10,12,1.3,11.0,6.3,24.3,3.9,40.5,ok
20260606,15,1,1.7,3.2,7.3,4.7,16.3,18.3,ok
20260606,15,2,1.6,2.6,6.3,13.1,19.3,12.6,ok
20260606,15,3,1.5,4.5,21.6,6.0,14.0,6.2,ok
20260606,15,4,3.3,4.8,7.3,3.2,3.5,9.4,ok
20260606,15,5,2.0,2.9,10.9,3.9,13.0,12.3,ok
20260606,15,6,3.0,1.8,11.1,4.8,9.6,19.2,ok
20260606,15,7,3.1,20.1,1.6,4.0,17.3,22.5,ok
20260606,15,8,1.0,24.3,16.2,20.4,32.4,48.6,ok
20260606,15,9,1.0,27.2,6.7,12.4,44.0,28.6,ok
20260606,15,10,2.0,4.8,2.0,15.5,32.1,19.5,ok
20260606,15,11,1.1,5.3,7.2,21.3,27.9,36.3,ok
20260606,15,12,1.5,5.6,3.7,5.4,34.1,43.6,ok
20260606,17,1,1.1,9.5,9.2,6.1,17.4,18.5,ok
20260606,17,2,1.5,8.2,13.0,6.1,3.4,36.5,ok
20260606,17,3,1.2,4.1,14.7,12.9,9.6,23.0,ok
20260606,17,4,1.2,7.3,9.5,4.7,25.5,35.8,ok
20260606,17,5,,1.3,11.6,3.9,9.5,7.2,ok
20260606,17,6,1.6,12.4,4.0,2.9,25.4,26.5,ok
20260606,17,7,1.3,4.8,20.2,4.0,40.5,12.2,ok
20260606,17,8,1.2,15.9,3.7,9.2,11.4,24.9,ok
20260606,17,9,1.4,6.5,12.6,6.9,4.3,46.4,ok
20260606,17,10,1.5,9.9,4.6,5.1,9.9,16.8,ok
20260606,17,11,1.2,7.8,7.7,5.4,,9.7,ok
20260606,17,12,1.3,10.2,5.6,5.2,13.1,17.7,ok
20260606,18,1,1.2,11.1,3.5,13.5,11.1,122.2,ok
20260606,18,2,1.3,17.3,42.6,3.1,6.0,117.1,ok
20260606,18,3,1.3,5.2,10.0,5.4,33.3,15.4,ok
20260606,18,4,1.4,3.2,6.5,12.1,15.7,52.5,ok
20260606,18,5,1.7,24.3,3.7,3.9,8.9,11.3,ok
20260606,18,6,2.3,3.7,2.8,8.7,64.0,6.4,ok
20260606,18,7,1.3,6.9,153.0,4.7,11.7,7.2,ok
20260606,18,8,1.6,5.0,42.5,15.4,2.3,56.7,ok
20260606,18,9,1.0,16.5,17.6,22.5,123.7,7.0,ok
20260606,18,10,1.6,5.5,20.7,2.3,33.1,27.6,ok
20260606,18,11,5.6,2.7,6.6,10.7,1.8,226.5,ok
20260606,18,12,1.3,5.4,5.7,4.7,35.8,89.6,ok
20260606,21,1,1.1,11.4,13.5,10.1,4.6,142.5,ok
20260606,21,2,1.4,20.1,6.9,2.4,25.9,90.7,ok
20260606,21,3,1.2,18.9,3.9,6.6,12.4,51.5,ok
20260606,21,4,1.0,14.0,18.7,35.1,21.6,28.1,ok
20260606,21,5,1.3,6.3,8.8,10.3,6.0,22.3,ok
20260606,21,6,2.3,12.2,1.7,10.7,7.3,45.7,ok
20260606,21,7,1.2,19.6,7.1,4.9,7.8,39.3,ok
20260606,21,8,1.4,2.7,5.8,17.4,43.5,174.0,ok
20260606,21,9,1.0,19.6,7.2,21.6,9.3,21.6,ok
20260606,21,10,1.0,31.0,15.5,5.4,37.2,26.5,ok
20260606,21,11,1.0,4.1,44.7,12.5,62.7,31.3,ok
20260606,21,12,1.0,19.9,11.3,32.1,14.9,22.0,ok
20260606,24,1,1.4,8.6,2.8,24.0,8.3,216.0,ok
20260606,24,2,1.6,3.9,9.7,4.7,8.1,51.0,ok
20260606,24,3,2.0,14.8,2.5,10.5,12.6,5.0,ok
20260606,24,4,1.2,6.6,7.1,5.3,26.1,26.1,ok
20260606,24,5,5.0,1.5,2.4,26.2,33.7,39.3,ok
20260606,24,6,3.4,27.7,1.1,20.8,10.4,49.9,ok
20260606,24,7,1.7,3.4,4.1,8.3,15.9,17.6,ok
20260606,24,8,1.1,5.9,17.4,8.2,23.6,10.9,ok
20260606,24,9,1.7,4.5,5.0,3.9,26.3,23.4,ok
20260606,24,10,1.5,6.3,3.8,16.0,7.5,18.6,ok
20260606,24,11,1.4,7.0,4.3,11.8,9.7,9.9,ok
20260606,24,12,1.5,5.3,6.9,4.6,11.0,20.9,ok
20260606,08,4,1.8,2.8,9.9,3.9,,9.9,part
20260606,08,7,1.3,3.5,10.1,12.4,,9.0,part
20260606,08,11,1.0,4.1,17.4,87.0,,9.6,part
20260606,10,1,1.0,13.1,7.5,,26.2,105.0,part
20260606,10,6,3.3,16.0,1.8,4.2,5.3,,part
20260606,10,8,3.4,1.1,46.6,9.3,15.5,,part
20260606,10,9,1.3,5.8,5.2,8.7,8.7,,part
20260607,01,1,1.3,10.4,4.3,5.2,16.6,83.2,ok
20260607,01,2,2.3,2.6,9.8,4.2,6.5,24.5,ok
20260607,01,3,3.5,2.5,2.6,4.7,27.5,36.7,ok
20260607,01,4,4.9,3.2,1.9,6.1,11.5,15.7,ok
20260607,01,5,6.5,1.5,2.6,22.8,76.2,11.4,ok
20260607,01,6,1.1,7.2,10.9,8.6,18.7,10.6,ok
20260607,01,7,1.1,10.9,4.1,35.7,10.5,57.1,ok
20260607,01,8,1.5,10.5,11.3,13.8,2.6,33.9,ok
20260607,01,9,2.2,13.0,1.9,11.2,6.6,21.8,ok
20260607,01,10,3.0,1.3,11.8,18.9,31.5,13.5,ok
20260607,01,11,1.3,4.7,10.2,5.4,25.6,18.6,ok
20260607,01,12,1.7,9.0,1.9,16.6,29.5,24.9,ok
20260607,03,1,2.1,3.6,3.1,7.0,9.5,52.5,ok
20260607,03,2,1.6,7.2,3.0,9.4,10.5,13.5,ok
20260607,03,3,3.9,3.6,4.5,3.2,10.6,5.2,ok
20260607,03,4,1.7,3.8,7.9,4.1,12.8,20.5,ok
20260607,03,5,4.1,3.1,2.1,5.1,24.0,16.0,ok
20260607,03,6,1.5,5.4,7.8,4.1,23.5,10.0,ok
20260607,03,7,2.1,4.2,,3.7,3.5,13.5,ok
20260607,03,8,1.6,8.3,5.8,5.3,8.3,8.3,ok
20260607,03,9,1.5,10.1,3.7,4.3,17.3,30.3,ok
20260607,03,10,2.7,1.5,13.8,8.1,9.4,29.5,ok
20260607,03,11,1.2,5.5,6.5,10.6,15.3,138.0,ok
20260607,03,12,1.3,9.1,11.5,3.1,23.1,23.1,ok
20260607,05,1,2.0,5.1,2.2,7.5,21.5,43.0,ok
20260607,05,2,2.6,6.0,72.0,2.3,3.2,24.0,ok
20260607,05,3,1.3,12.3,12.3,2.9,8.7,148.1,ok
20260607,05,4,4.3,2.6,3.4,6.0,63.0,4.0,ok
20260607,05,6,5.0,8.5,1.1,9.8,123.5,49.4,ok
20260607,05,7,1.6,6.2,5.8,2.9,27.7,27.7,ok
20260607,05,8,1.2,15.9,7.9,3.6,15.9,53.0,ok
20260607,05,9,1.5,12.5,3.8,10.9,6.7,10.9,ok
20260607,05,10,1.0,15.4,10.2,27.0,18.0,30.8,ok
20260607,05,11,1.0,23.1,10.2,15.0,69.4,86.8,ok
20260607,05,12,1.0,40.9,22.5,52.6,23.5,85.0,ok
20260607,06,1,1.7,6.0,6.9,10.0,13.9,3.4,ok
20260607,06,2,2.0,4.1,5.5,4.9,8.9,9.5,ok
20260607,06,3,3.0,1.8,6.3,5.4,9.0,36.0,ok
20260607,06,4,1.1,11.9,11.1,15.2,33.4,5.7,ok
20260607,06,5,1.6,8.2,5.8,13.7,24.7,2.9,ok
20260607,06,6,1.4,8.6,12.0,6.7,20.1,4.3,ok
20260607,06,7,1.6,13.9,3.1,13.9,5.3,11.1,ok
20260607,06,8,1.2,19.5,9.3,3.8,9.7,48.9,ok
20260607,06,9,1.1,22.8,3.3,15.7,12.5,125.6,ok
20260607,06,10,1.6,2.6,4.3,27.0,24.3,48.6,ok
20260607,06,11,1.2,8.7,34.8,5.8,4.9,34.8,ok
20260607,06,12,1.3,6.7,4.5,24.3,6.5,40.5,ok
20260607,07,1,5.0,1.9,3.1,4.8,12.4,37.2,ok
20260607,07,2,2.8,4.8,3.0,3.9,5.2,126.0,ok
20260607,07,3,1.1,10.3,7.2,10.3,9.0,24.2,ok
20260607,07,4,3.6,2.3,3.4,4.0,192.0,10.6,ok
20260607,07,5,1.4,7.0,2.8,17.6,10.0,141.0,ok
20260607,07,6,1.0,7.8,39.1,32.6,5.9,65.2,ok
20260607,07,7,1.7,6.2,3.4,4.0,36.1,48.2,ok
20260607,07,8,1.3,5.0,5.8,7.1,13.9,83.5,ok
20260607,07,9,1.0,17.0,73.7,24.5,8.8,110.6,ok
20260607,07,10,4.8,1.6,6.2,3.1,28.5,47.6,ok
20260607,07,11,3.4,2.7,4.9,2.2,51.2,153.7,ok
20260607,07,12,1.1,15.4,10.1,7.0,8.6,28.3,ok
20260607,08,1,1.0,8.0,20.6,16.0,20.6,48.2,ok
20260607,08,2,3.6,3.8,2.0,3.9,34.3,30.5,ok
20260607,08,3,2.0,4.1,2.4,17.4,34.8,8.7,ok
20260607,08,4,3.5,4.8,3.1,7.0,2.8,37.5,ok
20260607,08,5,1.0,19.0,22.8,28.5,4.9,114.0,ok
20260607,08,6,1.3,8.2,12.8,23.1,3.2,23.1,ok
20260607,08,7,1.0,17.1,21.4,13.2,34.3,42.9,ok
20260607,08,9,1.4,6.8,4.9,5.2,12.7,35.7,ok
20260607,08,11,1.6,2.2,11.8,7.6,26.1,43.5,ok
20260607,08,12,1.0,6.2,23.1,23.1,25.6,13.5,ok
20260607,09,1,1.0,25.6,25.6,35.8,44.8,7.1,ok
20260607,09,2,2.8,5.7,2.5,5.0,7.5,10.7,ok
20260607,09,3,2.3,3.1,3.5,4.6,28.1,18.7,ok
20260607,09,4,2.5,2.0,14.0,3.5,10.7,70.1,ok
20260607,09,5,1.0,19.7,59.2,19.7,4.2,29.6,ok
20260607,09,6,2.8,3.5,3.0,12.2,8.1,6.1,ok
20260607,09,7,3.0,1.6,14.5,13.3,4.5,22.9,ok
20260607,09,8,5.4,6.9,11.2,1.2,11.2,45.0,ok
20260607,09,9,1.0,21.3,6.4,9.8,18.3,21.3,ok
20260607,09,10,1.1,13.1,4.7,13.1,13.1,26.2,ok
20260607,09,11,1.3,7.5,4.5,10.6,8.3,31.8,ok
20260607,09,12,1.5,2.6,7.9,14.6,51.3,10.2,ok
20260607,10,1,1.0,9.9,9.3,21.0,18.7,24.1,ok
20260607,10,2,1.6,5.7,36.1,2.2,20.6,24.1,ok
20260607,10,3,3.0,68.8,1.1,27.5,12.5,25.0,ok
20260607,10,4,1.0,16.5,49.5,19.0,14.5,49.5,ok
20260607,10,5,1.6,28.1,23.8,1.9,61.9,7.5,ok
20260607,10,6,6.1,7.8,1.3,17.2,11.5,5.9,ok
20260607,10,7,3.4,4.4,6.6,2.1,15.0,7.0,ok
20260607,10,8,1.8,8.0,4.1,13.2,29.1,3.2,ok
20260607,10,9,1.5,70.1,7.7,2.8,20.0,8.2,ok
20260607,10,10,1.3,7.1,5.5,5.5,17.4,30.5,ok
20260607,10,11,1.9,6.7,3.6,6.7,7.5,8.6,ok
20260607,10,12,1.1,3.6,8.3,19.7,72.5,108.7,ok
20260607,15,1,1.3,4.7,7.5,6.2,19.8,18.1,ok
20260607,15,2,2.6,2.3,3.5,7.1,19.0,24.5,ok
20260607,15,3,2.7,2.4,6.5,2.8,41.8,29.8,ok
20260607,15,4,3.4,2.2,4.4,4.2,18.5,13.1,ok
20260607,15,5,4.2,8.0,1.6,7.2,5.1,48.1,ok
20260607,15,6,1.7,1.9,8.1,29.0,11.4,319.5,ok
20260607,15,7,2.0,8.5,3.1,8.7,5.8,8.0,ok
20260607,15,8,1.2,4.0,9.9,10.8,15.2,28.5,ok
20260607,15,9,2.0,2.4,5.3,8.8,7.3,257.2,ok
20260607,15,10,1.5,5.1,18.3,11.2,3.2,43.5,ok
20260607,15,11,1.6,5.0,15.7,9.1,20.1,3.4,ok
20260607,15,12,1.2,6.2,8.6,9.1,10.3,18.7,ok
20260607,17,1,1.8,3.9,11.1,6.0,5.5,11.1,ok
20260607,17,2,1.2,3.1,10.7,20.8,30.5,22.0,ok
20260607,17,3,1.3,5.2,7.9,7.6,18.2,13.2,ok
20260607,17,4,1.5,7.5,7.9,7.9,4.9,8.2,ok
20260607,17,5,1.3,4.1,8.0,17.0,8.2,17.0,ok
20260607,17,6,1.4,6.0,6.6,10.7,12.2,7.5,ok
20260607,17,7,1.8,4.6,5.7,8.9,4.1,20.6,ok
20260607,17,8,1.2,5.8,9.5,9.5,9.2,44.4,ok
20260607,17,9,1.0,10.0,14.3,15.5,26.5,13.2,ok
20260607,17,10,1.6,2.9,8.8,6.1,27.6,15.9,ok
20260607,17,11,1.1,11.6,7.2,10.5,11.3,33.4,ok
20260607,17,12,1.2,9.7,6.7,13.8,8.1,15.8,ok
20260607,18,1,1.0,6.4,18.6,14.8,19.8,24.8,ok
20260607,18,3,1.0,8.2,15.1,7.5,49.3,65.7,ok
20260607,18,4,1.1,3.0,82.8,20.7,12.7,55.2,ok
20260607,18,5,1.3,13.1,15.1,5.9,19.7,4.1,ok
20260607,18,6,3.6,6.7,6.7,3.7,27.0,2.2,ok
20260607,18,7,2.7,4.1,2.2,5.7,57.7,11.5,ok
20260607,18,8,3.8,3.8,2.0,102.7,14.6,4.1,ok
20260607,18,9,1.2,70.1,9.3,3.1,20.0,70.1,ok
20260607,18,10,10.1,1.0,13.1,8.5,44.5,37.1,ok
20260607,18,11,1.7,4.2,5.5,4.9,7.8,57.5,ok
20260607,18,12,1.2,8.1,12.9,5.4,9.2,43.2,ok
20260607,21,1,1.0,11.1,13.2,8.2,14.6,18.6,ok
20260607,21,2,1.0,20.0,12.9,6.1,27.5,12.9,ok
20260607,21,3,1.2,8.5,3.4,22.5,13.8,90.0,ok
20260607,21,4,1.2,10.8,20.5,6.1,4.8,36.9,ok
20260607,21,5,1.0,27.2,17.7,40.8,58.3,204.3,ok
20260607,21,6,2.7,3.4,4.3,3.0,18.1,15.1,ok
20260607,21,7,3.4,2.3,3.5,5.8,7.0,99.0,ok
20260607,21,9,1.5,13.9,6.9,10.4,4.4,6.5,ok
20260607,21,10,1.1,9.9,8.7,9.3,10.7,23.2,ok
20260607,21,11,2.5,2.5,5.2,4.5,17.5,15.0,ok
20260607,21,12,1.1,5.9,5.9,19.9,17.9,19.9,ok
20260607,24,1,3.2,15.0,12.5,5.0,1.5,75.0,ok
20260607,24,2,1.0,4.3,19.4,16.3,127.5,104.3,ok
20260607,24,3,6.7,2.3,2.1,16.5,7.8,10.0,ok
20260607,24,4,1.2,21.0,3.9,31.5,7.0,31.5,ok
20260607,24,5,2.2,1.6,31.0,17.7,10.0,11.2,ok
20260607,24,6,1.8,2.9,4.3,15.2,24.0,9.3,ok
20260607,24,7,1.4,2.4,22.2,7.9,20.9,44.4,ok
20260607,24,8,1.2,18.6,12.3,4.1,17.7,9.8,ok
20260607,24,9,2.7,10.1,2.1,9.6,3.9,17.0,ok
20260607,24,10,1.6,12.3,2.5,17.6,7.1,16.9,ok
20260607,24,11,1.7,4.3,5.4,4.3,11.6,54.4,ok
20260607,24,12,1.3,4.7,5.0,11.0,31.3,16.3,ok
20260607,05,5,2.5,2.2,7.2,6.6,4.8,,part
20260607,08,8,1.1,6.1,7.2,6.9,28.8,,part
20260607,08,10,1.0,4.2,22.0,16.5,,66.2,part
20260607,18,2,1.0,7.8,9.6,9.1,34.6,,part
20260607,21,8,2.2,3.3,5.8,2.8,18.4,,part
20260608,01,1,3.2,4.9,9.8,1.7,8.4,29.6,ok
20260608,01,2,3.3,2.2,8.1,4.7,7.1,8.1,ok
20260608,01,3,3.8,1.8,6.5,3.9,16.9,13.5,ok
20260608,01,4,4.1,1.7,6.0,8.0,30.0,5.4,ok
20260608,01,5,4.6,4.4,1.7,4.7,15.1,23.5,ok
20260608,01,6,1.3,10.4,5.2,5.5,13.9,23.8,ok
20260608,01,7,1.1,19.8,4.3,13.0,21.1,24.1,ok
20260608,01,8,2.1,4.2,4.5,10.0,3.4,44.5,ok
20260608,01,9,2.0,3.4,2.8,10.4,10.1,75.7,ok
20260608,01,10,5.6,1.0,56.5,47.5,37.1,79.2,ok
20260608,01,11,1.5,6.4,10.0,20.5,3.9,8.4,ok
20260608,01,12,1.3,10.8,10.6,4.5,11.2,9.8,ok
20260608,05,1,2.4,5.6,2.3,12.4,6.9,10.3,ok
20260608,05,2,3.8,2.0,14.5,14.5,2.9,10.3,ok
20260608,05,3,3.2,2.9,1.8,35.2,11.7,35.2,ok
20260608,05,4,3.6,6.9,2.3,30.0,2.3,90.0,ok
20260608,05,5,1.8,3.1,25.3,50.6,2.5,50.6,ok
20260608,05,6,3.2,2.0,17.8,4.6,31.3,4.3,ok
20260608,05,7,1.7,136.5,15.1,1.6,22.7,27.3,ok
20260608,05,8,1.3,2.9,15.2,18.3,11.4,18.3,ok
20260608,05,9,1.5,7.1,6.2,3.8,31.0,13.2,ok
20260608,05,10,1.5,6.1,24.7,2.7,8.2,49.5,ok
20260608,05,11,1.6,3.0,10.7,7.1,9.7,13.4,ok
20260608,05,12,1.0,41.7,,4.3,31.3,25.0,ok
20260608,06,1,1.0,20.8,9.4,13.0,34.7,11.5,ok
20260608,06,2,3.5,6.3,2.8,3.0,27.7,5.3,ok
20260608,06,3,1.7,6.0,9.0,6.7,15.1,3.7,ok
20260608,06,4,1.2,13.2,4.4,7.7,13.2,93.0,ok
20260608,06,5,4.5,5.5,4.5,2.9,3.8,9.9,ok
20260608,06,6,1.8,3.3,5.6,19.8,5.4,11.9,ok
20260608,06,7,2.2,3.1,5.9,6.9,6.2,10.7,ok
20260608,06,8,1.0,18.7,11.2,5.2,24.1,42.1,ok
20260608,06,9,2.3,1.7,8.3,14.6,14.6,14.6,ok
20260608,06,10,1.2,8.1,5.0,10.0,22.5,18.0,ok
20260608,06,11,1.6,8.0,2.4,21.5,9.2,16.1,ok
20260608,06,12,1.0,32.8,8.7,11.2,65.7,21.9,ok
20260608,08,2,1.2,24.7,16.5,6.6,3.6,99.0,ok
20260608,08,4,2.3,2.2,6.6,6.6,11.1,16.6,ok
20260608,08,5,1.5,93.0,2.3,10.3,15.5,13.2,ok
20260608,08,6,1.0,60.7,23.3,303.7,10.8,43.3,ok
20260608,08,7,3.6,2.3,7.9,5.8,29.2,3.3,ok
20260608,08,8,1.1,9.8,6.3,11.0,14.7,12.6,ok
20260608,08,10,1.4,7.3,14.6,4.1,29.2,6.5,ok
20260608,08,11,1.5,13.2,9.9,2.6,9.9,19.8,ok
20260608,08,12,1.1,3.4,16.9,16.3,42.4,53.0,ok
20260608,09,1,1.2,7.4,6.7,8.2,9.2,24.7,ok
20260608,09,2,1.5,7.7,7.7,5.8,5.8,15.5,ok
20260608,09,4,3.0,3.7,2.2,28.7,8.6,6.6,ok
20260608,09,5,1.0,13.8,7.3,20.7,24.9,41.5,ok
20260608,09,6,5.6,3.3,9.6,1.5,53.2,10.6,ok
20260608,09,8,4.3,1.8,4.1,6.1,7.6,30.7,ok
20260608,09,10,1.2,13.9,17.4,3.6,13.9,17.4,ok
20260608,09,11,1.1,6.3,8.8,14.7,22.1,22.1,ok
20260608,09,12,1.1,6.3,8.4,37.8,10.8,15.1,ok
20260608,10,1,1.2,7.5,6.7,7.7,12.7,15.5,ok
20260608,10,2,1.3,7.0,15.0,17.1,6.0,6.0,ok
20260608,10,3,1.0,46.1,18.4,26.3,14.1,36.9,ok
20260608,10,4,1.7,2.2,7.7,18.0,18.0,13.5,ok
20260608,10,5,1.2,15.0,5.0,8.0,8.0,40.0,ok
20260608,10,6,1.2,11.0,11.9,6.7,5.9,19.4,ok
20260608,10,7,2.6,1.9,5.5,8.0,59.2,8.0,ok
20260608,10,9,1.0,14.4,36.1,43.3,43.3,9.8,ok
20260608,10,10,1.4,5.3,4.8,15.2,8.3,13.0,ok
20260608,10,11,1.0,24.3,18.2,4.7,29.2,36.5,ok
20260608,10,12,1.1,10.6,7.8,9.0,10.6,18.0,ok
20260608,13,1,1.0,6.8,12.6,13.7,17.3,65.8,ok
20260608,13,2,2.5,5.1,4.8,3.5,4.5,20.6,ok
20260608,13,3,1.9,6.1,3.5,9.5,7.0,8.7,ok
20260608,13,4,1.0,15.8,13.8,14.7,10.5,44.2,ok
20260608,13,5,1.6,5.2,4.2,9.3,10.9,9.3,ok
20260608,13,6,1.3,7.4,8.2,5.6,8.2,23.5,ok
20260608,13,7,1.2,8.3,4.9,9.2,16.7,24.3,ok
20260608,13,8,1.2,21.5,8.8,4.9,8.0,25.8,ok
20260608,13,9,1.0,14.4,7.9,8.7,30.7,22.3,ok
20260608,13,10,1.2,8.2,7.5,10.4,6.0,38.7,ok
20260608,13,11,1.2,10.5,19.5,4.0,9.7,31.5,ok
20260608,13,12,1.0,13.4,11.5,9.8,11.2,19.4,ok
20260608,15,1,1.7,4.2,4.0,10.9,5.4,54.7,ok
20260608,15,2,2.3,3.0,5.3,6.2,5.0,37.2,ok
20260608,15,3,15.2,1.4,8.9,3.1,10.1,19.0,ok
20260608,15,4,3.4,6.0,1.7,6.9,18.0,8.7,ok
20260608,15,5,2.7,12.5,2.2,3.1,17.8,13.8,ok
20260608,15,6,3.2,6.5,14.2,1.3,28.5,42.7,ok
20260608,15,7,1.2,14.9,6.9,6.5,6.4,26.2,ok
20260608,15,8,1.2,9.8,9.1,4.1,20.1,20.9,ok
20260608,15,9,3.1,5.3,2.8,14.0,2.9,16.8,ok
20260608,15,10,4.3,12.0,2.3,3.0,4.8,15.3,ok
20260608,15,11,2.0,1.5,7.5,72.8,40.1,46.8,ok
20260608,15,12,1.1,9.3,8.2,7.5,19.7,36.7,ok
20260608,17,1,1.1,4.9,9.5,29.9,34.1,17.0,ok
20260608,17,2,1.7,4.9,4.6,27.0,7.3,6.0,ok
20260608,17,3,1.0,6.6,14.4,19.6,45.7,45.7,ok
20260608,17,4,1.0,7.4,18.5,17.1,13.9,31.8,ok
20260608,17,5,1.6,3.1,7.2,12.7,22.3,7.6,ok
20260608,17,6,1.0,8.0,23.2,8.3,34.8,26.1,ok
20260608,17,7,1.1,10.3,6.0,10.6,11.1,36.0,ok
20260608,17,8,1.8,17.4,3.8,8.2,2.9,78.3,ok
20260608,17,9,1.0,24.8,11.2,15.5,17.7,248.2,ok
20260608,17,10,1.1,16.9,9.7,5.3,21.4,20.6,ok
20260608,17,11,1.1,5.6,11.5,12.4,13.6,33.6,ok
20260608,17,12,1.2,9.1,8.3,4.6,16.6,24.9,ok
20260608,18,1,1.5,11.1,15.8,3.1,5.8,27.7,ok
20260608,18,2,1.0,13.9,7.2,12.2,9.7,32.6,ok
20260608,18,3,1.0,37.7,5.9,26.5,28.0,122.8,ok
20260608,18,4,1.3,3.3,7.9,27.5,20.6,13.7,ok
20260608,18,5,2.9,1.4,28.6,5.5,17.9,47.7,ok
20260608,18,6,3.0,6.7,1.7,5.0,14.4,50.6,ok
20260608,18,7,1.6,10.3,4.7,5.6,6.2,12.4,ok
20260608,18,8,7.1,2.0,6.1,6.1,3.2,14.2,ok
20260608,18,11,3.6,1.1,30.0,18.0,18.0,15.0,ok
20260608,21,1,1.0,5.2,12.5,37.6,17.1,94.1,ok
20260608,21,2,1.9,18.3,10.0,2.6,4.0,18.3,ok
20260608,21,3,1.3,10.1,4.4,10.1,7.2,50.6,ok
20260608,21,4,1.0,46.5,63.9,73.0,56.8,170.5,ok
20260608,21,5,1.2,18.7,3.8,8.4,30.7,14.0,ok
20260608,21,6,2.6,2.2,2.4,25.4,20.6,55.1,ok
20260608,21,8,1.1,6.6,5.7,12.9,54.9,14.6,ok
20260608,21,9,1.4,9.9,4.9,5.7,,6.3,ok
20260608,21,10,1.2,10.6,15.9,7.0,4.2,63.7,ok
20260608,21,12,1.4,6.7,4.5,8.9,14.0,12.4,ok
20260608,24,1,3.3,3.9,2.4,19.1,3.5,19.1,ok
20260608,24,2,3.8,2.5,4.2,9.0,4.7,8.0,ok
20260608,24,3,1.5,5.9,16.0,11.1,3.0,32.1,ok
20260608,24,4,2.7,15.6,5.4,1.7,8.9,32.2,ok
20260608,24,5,2.7,2.0,2.4,25.3,88.6,27.2,ok
20260608,24,6,1.5,5.5,36.6,3.4,14.0,9.3,ok
20260608,24,7,1.1,10.8,35.0,4.4,50.5,16.2,ok
20260608,24,8,2.4,6.1,20.6,1.6,11.8,23.4,ok
20260608,24,9,1.5,11.1,2.1,19.1,37.0,15.0,ok
20260608,24,10,1.2,12.3,6.8,6.7,23.7,7.4,ok
20260608,24,11,1.4,5.0,7.2,5.0,20.9,17.4,ok
20260608,24,12,3.2,7.8,1.5,7.4,14.3,14.3,ok
20260608,08,1,1.0,9.8,9.8,21.7,10.8,,part
20260608,08,3,1.0,10.2,10.2,5.6,51.0,,part
20260608,08,9,1.0,18.4,15.0,,20.7,165.7,part
20260608,09,3,1.5,55.5,6.1,5.2,,3.3,part
20260608,09,7,3.3,6.5,1.5,12.1,,5.6,part
20260608,09,9,2.0,6.8,1.7,,7.5,68.2,part
20260608,10,8,1.0,49.5,4.1,49.5,,49.5,part
20260608,18,9,2.5,1.4,7.4,10.2,27.2,,part
20260608,18,10,1.9,1.5,17.4,13.9,34.8,,part
20260608,18,12,1.0,33.1,9.9,13.2,7.3,,part
20260608,21,11,1.0,17.5,26.2,52.5,26.2,,part
20260609,01,1,1.5,9.3,7.1,7.7,3.7,23.2,ok
20260609,01,2,2.6,4.4,5.1,7.2,7.8,3.7,ok
20260609,01,3,2.2,2.9,11.0,22.1,4.0,6.3,ok
20260609,01,4,1.7,9.8,6.9,7.9,19.7,3.0,ok
20260609,01,5,1.4,5.0,7.0,5.9,37.5,8.6,ok
20260609,01,6,1.0,12.5,10.1,9.6,16.3,13.3,ok
20260609,01,7,1.2,33.6,3.6,18.6,15.2,7.6,ok
20260609,01,8,2.1,7.4,5.3,16.3,2.8,6.7,ok
20260609,01,9,2.1,4.2,7.6,2.3,18.2,33.9,ok
20260609,01,10,1.1,28.4,7.4,7.3,10.5,28.4,ok
20260609,01,11,1.0,5.6,8.5,17.4,31.2,29.6,ok
20260609,01,12,1.2,10.8,11.8,5.4,11.8,8.5,ok
20260609,05,1,1.2,12.5,4.9,10.1,12.5,16.2,ok
20260609,05,2,1.5,5.1,9.8,36.0,3.2,13.5,ok
20260609,05,3,1.1,2.4,28.9,72.3,72.3,72.3,ok
20260609,05,4,2.0,3.3,2.1,23.7,59.2,39.5,ok
20260609,05,5,1.4,12.4,3.5,4.5,23.5,105.7,ok
20260609,05,6,2.3,2.8,2.5,24.3,16.2,16.2,ok
20260609,05,8,3.8,3.1,2.7,3.6,27.0,11.5,ok
20260609,05,9,1.0,8.4,16.8,21.6,75.7,10.1,ok
20260609,05,11,1.0,4.1,91.5,13.0,30.5,91.5,ok
20260609,05,12,1.0,5.1,7.4,52.2,26.1,522.7,ok
20260609,06,1,2.3,9.2,11.1,2.0,7.9,11.1,ok
20260609,06,2,3.5,,2.5,10.0,2.2,10.0,ok
20260609,06,3,3.3,2.0,9.0,4.7,49.8,4.7,ok
20260609,06,4,1.0,20.4,5.3,11.3,34.0,25.5,ok
20260609,06,5,5.2,4.1,4.9,4.7,4.3,3.8,ok
20260609,06,6,1.4,3.7,4.3,13.1,59.2,16.9,ok
20260609,06,7,1.1,36.9,18.4,5.6,36.9,6.4,ok
20260609,06,8,1.1,7.8,10.4,5.6,20.8,125.2,ok
20260609,06,9,1.2,6.8,21.9,5.2,15.6,15.6,ok
20260609,06,10,1.1,11.5,8.6,23.0,11.5,7.6,ok
20260609,06,11,1.2,7.5,9.4,12.5,9.4,12.5,ok
20260609,06,12,1.5,4.4,8.3,4.5,9.7,27.0,ok
20260609,07,1,1.7,6.5,5.7,3.2,13.0,22.8,ok
20260609,07,2,1.4,5.1,7.7,4.2,23.2,18.6,ok
20260609,07,3,1.3,5.2,3.8,11.5,57.7,57.7,ok
20260609,07,4,2.4,7.6,39.8,13.2,51.2,1.4,ok
20260609,07,5,1.2,3.4,14.4,26.7,9.3,46.8,ok
20260609,07,6,1.4,3.0,15.0,21.9,20.1,7.3,ok
20260609,07,7,1.3,10.7,5.1,7.4,14.8,11.8,ok
20260609,07,8,2.7,31.0,1.4,6.5,13.3,124.2,ok
20260609,07,9,1.4,8.2,13.8,4.1,13.8,8.2,ok
20260609,07,10,1.0,9.6,30.9,10.6,12.3,103.2,ok
20260609,07,11,1.3,3.9,23.7,4.6,16.6,83.2,ok
20260609,07,12,1.1,11.5,4.9,11.5,21.9,24.5,ok
20260609,09,1,1.2,11.1,15.6,39.0,5.2,6.5,ok
20260609,09,2,1.5,3.4,12.3,5.8,33.0,9.9,ok
20260609,09,4,1.9,7.8,4.3,5.6,4.6,13.1,ok
20260609,09,5,1.6,6.6,3.0,11.0,9.4,33.0,ok
20260609,09,6,3.0,18.0,6.7,6.3,54.0,1.6,ok
20260609,09,8,4.1,4.3,3.5,3.0,4.6,24.7,ok
20260609,09,9,3.5,5.7,11.5,10.4,1.6,10.4,ok
20260609,09,11,2.4,1.5,14.2,19.0,11.4,19.0,ok
20260609,11,1,2.1,2.8,3.0,31.8,9.1,21.2,ok
20260609,11,2,2.1,22.8,1.4,15.2,15.2,45.7,ok
20260609,11,3,3.5,8.0,2.9,2.9,4.6,32.2,ok
20260609,11,4,3.4,72.0,7.2,14.4,72.0,1.2,ok
20260609,11,5,1.2,11.4,3.1,20.5,17.1,51.3,ok
20260609,11,6,1.0,15.2,10.4,20.9,27.8,55.7,ok
20260609,11,7,7.1,4.8,1.2,8.2,12.6,165.0,ok
20260609,11,8,3.0,1.3,9.5,28.5,14.2,19.0,ok
20260609,11,9,1.6,21.0,10.5,12.6,10.5,2.4,ok
20260609,11,11,1.0,58.5,10.6,117.0,23.4,39.0,ok
20260609,11,12,1.2,15.6,4.8,6.5,13.0,26.0,ok
20260609,13,1,1.3,5.3,5.6,17.4,7.0,23.7,ok
20260609,13,2,1.0,9.1,21.3,28.4,15.9,11.6,ok
20260609,13,3,1.0,10.2,8.1,16.0,11.4,36.9,ok
20260609,13,4,1.0,13.7,8.5,9.3,14.7,22.9,ok
20260609,13,5,1.6,1.8,26.5,15.7,14.6,53.1,ok
20260609,13,6,1.0,7.1,23.3,6.6,32.7,25.1,ok
20260609,13,7,1.0,8.4,11.3,9.1,29.4,42.0,ok
20260609,13,8,1.0,7.0,11.2,15.2,12.0,28.0,ok
20260609,13,9,1.5,6.9,3.5,12.7,9.6,11.5,ok
20260609,13,10,1.1,6.4,8.3,9.0,18.1,22.0,ok
20260609,13,11,1.5,4.8,11.8,10.5,4.6,14.5,ok
20260609,13,12,1.6,8.3,6.6,13.5,13.5,3.1,ok
20260609,15,1,2.4,5.1,4.1,4.2,4.2,43.2,ok
20260609,15,2,2.5,7.3,2.1,3.8,32.6,22.8,ok
20260609,15,3,2.9,24.6,2.2,2.5,172.5,9.0,ok
20260609,15,4,4.0,4.5,9.3,1.4,19.5,29.2,ok
20260609,15,5,2.4,4.4,3.2,3.3,26.0,16.5,ok
20260609,15,6,1.4,5.8,4.1,19.2,8.0,15.7,ok
20260609,15,7,1.9,7.4,2.6,4.7,11.0,59.8,ok
20260609,15,8,1.0,12.1,26.3,8.0,31.5,45.1,ok
20260609,15,9,1.1,9.8,5.0,33.2,12.6,13.0,ok
20260609,15,10,1.3,8.9,3.9,22.3,7.9,22.3,ok
20260609,15,11,1.6,7.2,3.8,5.0,10.8,40.5,ok
20260609,15,12,1.5,10.3,5.0,17.6,3.9,13.5,ok
20260609,17,1,1.0,28.8,22.6,5.2,13.2,22.6,ok
20260609,17,2,1.3,7.5,4.0,8.5,14.2,21.3,ok
20260609,17,3,1.8,8.5,3.6,3.9,9.8,22.9,ok
20260609,17,4,1.0,25.4,9.7,5.1,42.3,42.3,ok
20260609,17,5,1.2,8.2,4.8,14.1,14.1,28.3,ok
20260609,17,6,1.0,150.3,5.5,8.1,27.3,27.3,ok
20260609,17,7,1.4,6.6,4.5,7.9,16.5,10.4,ok
20260609,17,8,1.3,6.8,5.4,14.6,5.4,73.2,ok
20260609,17,9,1.3,4.2,4.2,19.2,23.1,25.6,ok
20260609,17,10,1.0,18.0,14.2,4.3,39.1,67.1,ok
20260609,17,11,1.3,3.3,8.2,11.3,19.8,17.0,ok
20260609,17,12,1.3,7.6,5.5,5.6,17.4,28.6,ok
20260609,18,1,1.0,7.8,17.0,14.5,29.1,20.4,ok
20260609,18,3,1.0,13.2,19.9,13.8,9.3,63.7,ok
20260609,18,4,1.1,4.0,33.7,22.5,25.9,12.0,ok
20260609,18,5,1.6,6.5,6.9,2.9,19.5,24.3,ok
20260609,18,6,1.3,8.8,17.6,12.9,8.0,5.1,ok
20260609,18,7,1.0,18.7,6.6,12.5,56.2,37.5,ok
20260609,18,8,1.6,,8.2,3.4,3.9,19.8,ok
20260609,18,9,1.8,5.1,3.5,4.8,9.1,82.5,ok
20260609,18,11,2.1,4.4,1.9,10.6,32.0,64.1,ok
20260609,18,12,1.2,12.6,3.9,11.8,16.0,35.4,ok
20260609,23,1,1.2,9.3,18.0,7.5,4.9,78.2,ok
20260609,23,2,1.4,3.5,15.6,9.5,7.1,15.6,ok
20260609,23,3,1.3,12.5,4.6,18.8,4.6,25.1,ok
20260609,23,4,1.7,15.1,3.8,3.0,12.9,51.8,ok
20260609,23,5,1.1,8.3,6.6,8.0,38.5,96.3,ok
20260609,23,6,1.4,5.0,9.5,7.2,4.8,138.3,ok
20260609,23,7,1.5,19.0,4.9,3.9,7.8,22.2,ok
20260609,23,8,2.5,3.8,17.1,2.3,6.0,34.2,ok
20260609,23,9,1.4,11.0,3.8,8.5,5.5,77.2,ok
20260609,23,10,1.1,16.2,11.4,16.2,4.0,38.0,ok
20260609,23,11,1.2,11.0,3.2,15.4,77.2,15.4,ok
20260609,23,12,1.5,3.5,7.5,10.0,10.0,15.0,ok
20260609,24,1,1.5,9.9,3.8,18.0,6.2,10.4,ok
20260609,24,2,1.5,4.1,6.4,7.0,14.1,12.5,ok
20260609,24,3,1.2,9.3,7.3,4.8,15.5,70.1,ok
20260609,24,4,1.1,10.6,8.8,5.3,26.5,30.3,ok
20260609,24,5,1.0,27.5,31.5,5.5,14.7,55.1,ok
20260609,24,6,1.1,16.3,70.7,10.1,53.0,4.2,ok
20260609,24,7,1.3,11.9,13.1,5.9,83.5,4.3,ok
20260609,24,8,5.0,6.4,2.2,4.1,4.1,18.8,ok
20260609,24,9,1.7,4.6,4.2,9.3,22.1,6.6,ok
20260609,24,10,1.1,11.8,5.8,11.1,13.8,20.3,ok
20260609,24,11,1.7,12.6,5.9,28.7,8.8,2.7,ok
20260609,24,12,1.6,5.7,6.6,8.9,4.4,13.8,ok
20260609,05,7,1.4,6.7,16.5,6.6,3.5,,part
20260609,05,10,2.2,1.6,91.9,4.9,19.5,,part
20260609,09,3,4.2,1.4,6.3,7.6,7.6,,part
20260609,09,7,2.4,10.1,4.1,3.5,3.2,,part
20260609,09,10,1.0,24.3,7.1,121.5,40.5,,part
20260609,09,12,1.0,15.3,3.6,23.0,46.1,,part
20260609,11,10,1.0,10.6,,4.4,,53.2,part
20260609,18,2,1.1,43.3,7.8,8.2,5.5,,part
20260609,18,10,1.0,4.3,10.2,46.1,30.7,,part
20260610,01,1,1.3,13.5,10.1,5.5,12.1,6.3,ok
20260610,01,2,2.1,3.2,8.5,3.4,25.5,8.5,ok
20260610,01,3,1.6,14.8,5.7,13.0,20.8,2.8,ok
20260610,01,4,1.6,12.3,6.1,12.3,8.5,3.5,ok
20260610,01,5,1.1,7.0,6.0,14.8,16.6,16.6,ok
20260610,01,6,1.2,6.6,4.6,15.5,23.2,18.6,ok
20260610,01,7,1.0,17.2,6.2,19.7,9.8,34.5,ok
20260610,01,8,2.1,9.6,12.4,28.0,1.5,84.1,ok
20260610,01,9,1.4,12.2,5.3,5.0,7.7,24.4,ok
20260610,01,10,1.3,6.3,7.0,6.5,13.1,26.3,ok
20260610,01,11,1.7,3.9,3.5,15.6,9.7,17.0,ok
20260610,01,12,1.5,6.6,6.0,6.8,5.9,15.7,ok
20260610,05,1,2.2,3.5,4.8,33.7,6.7,4.5,ok
20260610,05,2,2.2,9.3,18.7,3.7,2.3,23.4,ok
20260610,05,3,2.8,1.7,18.2,7.0,14.1,6.3,ok
20260610,05,4,1.9,21.3,1.8,106.5,21.3,5.9,ok
20260610,05,5,2.7,2.8,6.3,4.1,23.6,5.9,ok
20260610,05,6,5.8,10.5,4.2,105.7,1.5,5.8,ok
20260610,05,7,1.2,26.2,15.0,6.1,5.8,11.6,ok
20260610,05,8,1.6,10.3,5.6,6.0,4.0,41.2,ok
20260610,05,9,1.5,19.7,2.7,5.0,24.6,24.6,ok
20260610,05,11,1.4,4.6,4.6,6.4,21.1,147.7,ok
20260610,05,12,1.0,11.3,15.5,9.5,13.8,31.1,ok
20260610,06,1,2.3,4.2,5.9,7.8,2.7,47.2,ok
20260610,06,2,4.0,3.2,8.6,4.6,23.0,2.4,ok
20260610,06,3,2.9,3.1,5.6,3.6,6.0,18.1,ok
20260610,06,4,1.2,8.2,4.9,10.6,16.5,21.2,ok
20260610,06,5,1.0,25.5,17.0,34.0,43.8,15.3,ok
20260610,06,6,2.2,2.5,10.5,6.5,27.1,4.8,ok
20260610,06,7,1.1,9.0,11.5,5.6,29.7,17.3,ok
20260610,06,8,1.5,2.9,8.8,8.4,13.7,36.7,ok
20260610,06,9,2.2,2.8,5.9,4.9,14.0,10.7,ok
20260610,06,10,1.1,4.2,13.0,10.4,31.3,156.7,ok
20260610,06,11,1.4,23.1,36.4,7.7,2.2,51.0,ok
20260610,06,12,1.3,6.0,8.3,6.6,7.3,25.8,ok
20260610,07,2,1.3,6.7,9.8,4.3,13.5,36.2,ok
20260610,07,4,1.7,2.0,21.5,30.1,10.0,9.4,ok
20260610,07,5,2.8,14.1,2.2,19.2,4.9,4.9,ok
20260610,07,6,1.1,8.9,13.4,23.0,4.7,32.2,ok
20260610,07,7,1.0,12.9,6.9,10.0,30.1,15.0,ok
20260610,07,8,2.6,19.3,2.8,17.1,19.3,2.3,ok
20260610,07,9,1.5,13.0,2.9,6.5,,7.7,ok
20260610,07,10,1.0,17.6,27.6,4.1,24.2,43.0,ok
20260610,07,11,1.3,13.6,5.5,8.7,12.2,6.2,ok
20260610,07,12,1.0,10.5,17.2,7.7,16.7,23.2,ok
20260610,09,1,1.0,9.2,9.9,6.1,64.8,129.7,ok
20260610,09,2,8.1,5.7,5.7,2.1,3.0,19.0,ok
20260610,09,3,1.2,4.1,29.0,4.8,87.0,29.0,ok
20260610,09,4,2.6,10.7,1.8,6.4,7.4,32.2,ok
20260610,09,5,1.0,66.3,11.0,66.3,132.7,26.5,ok
20260610,09,6,3.5,3.8,6.6,3.1,3.8,15.5,ok
20260610,09,7,2.3,1.3,8.3,22.2,66.7,66.7,ok
20260610,09,8,30.0,1.4,5.0,3.7,30.0,10.0,ok
20260610,09,9,3.5,1.4,8.0,7.2,16.0,72.0,ok
20260610,09,10,1.8,31.2,83.2,1.4,17.8,41.6,ok
20260610,09,11,1.0,4.9,31.8,15.9,63.7,31.8,ok
20260610,11,2,1.6,3.1,5.7,16.2,20.2,8.1,ok
20260610,11,3,4.1,2.6,1.9,6.1,57.2,34.3,ok
20260610,11,5,5.8,5.8,2.2,21.5,4.3,3.7,ok
20260610,11,7,1.5,4.3,9.5,4.0,11.4,28.5,ok
20260610,11,9,1.8,2.4,11.3,37.7,11.3,5.3,ok
20260610,11,10,1.0,8.2,31.5,15.7,11.2,10.5,ok
20260610,11,12,2.4,21.3,2.1,4.7,7.1,17.1,ok
20260610,13,1,1.2,7.5,12.2,4.6,18.6,43.5,ok
20260610,13,2,1.3,3.8,8.1,9.9,14.9,14.9,ok
20260610,13,3,1.1,10.6,6.0,10.3,26.3,22.8,ok
20260610,13,4,1.0,8.7,10.7,21.4,12.4,21.4,ok
20260610,13,5,1.7,8.6,5.6,7.2,10.5,4.4,ok
20260610,13,6,1.5,3.4,7.0,16.1,5.8,25.1,ok
20260610,13,7,1.6,3.2,7.2,11.7,5.6,35.3,ok
20260610,13,8,2.0,10.7,8.0,1.8,38.7,19.3,ok
20260610,13,9,1.1,7.4,14.3,7.2,10.4,22.1,ok
20260610,13,10,1.2,7.6,7.7,12.4,8.4,12.1,ok
20260610,13,11,1.7,4.2,8.0,6.3,6.0,12.7,ok
20260610,13,12,1.3,13.1,2.4,18.1,25.2,62.0,ok
20260610,14,1,1.9,4.2,22.1,2.9,5.5,88.5,ok
20260610,14,2,1.2,4.0,7.9,13.3,16.6,19.9,ok
20260610,14,3,1.6,9.5,3.6,3.1,60.2,36.1,ok
20260610,14,4,1.0,8.2,12.3,20.8,16.9,18.1,ok
20260610,14,5,3.2,1.7,8.6,39.0,3.3,78.0,ok
20260610,14,6,5.9,1.1,8.7,7.5,166.5,166.5,ok
20260610,14,8,3.5,8.8,1.5,11.7,7.0,17.6,ok
20260610,14,10,2.2,9.9,5.8,5.5,2.7,16.5,ok
20260610,14,11,2.1,3.7,5.3,6.1,8.5,7.7,ok
20260610,14,12,1.3,17.0,2.8,17.0,17.0,17.0,ok
20260610,15,1,2.0,3.1,3.2,8.7,29.0,17.4,ok
20260610,15,2,2.3,5.5,1.8,15.9,12.1,21.9,ok
20260610,15,3,1.6,2.7,20.3,32.5,3.6,54.2,ok
20260610,15,4,1.3,11.2,7.5,4.5,34.8,8.3,ok
20260610,15,5,1.3,7.8,7.6,8.7,15.7,6.3,ok
20260610,15,6,1.4,5.5,14.1,17.4,18.5,3.8,ok
20260610,15,7,1.3,24.0,14.0,24.0,13.4,2.8,ok
20260610,15,8,1.1,8.4,7.9,8.6,19.8,39.6,ok
20260610,15,9,1.0,15.8,5.8,15.8,12.2,22.6,ok
20260610,15,10,1.1,9.0,8.3,8.0,27.7,17.1,ok
20260610,15,11,1.0,18.7,11.0,20.0,15.6,22.4,ok
20260610,15,12,1.5,4.8,8.1,6.9,6.1,16.3,ok
20260610,18,1,2.7,4.4,4.6,9.6,4.2,5.3,ok
20260610,18,3,1.0,8.5,15.3,9.7,48.5,11.6,ok
20260610,18,4,1.1,6.6,8.3,9.7,11.8,83.2,ok
20260610,18,5,1.3,2.5,16.9,11.0,44.1,20.0,ok
20260610,18,6,1.8,13.1,3.0,5.5,22.9,6.8,ok
20260610,18,7,1.2,7.1,12.2,6.1,17.4,10.1,ok
20260610,18,8,1.1,90.0,5.0,6.9,45.0,10.0,ok
20260610,18,9,1.2,23.2,3.7,7.7,23.2,46.5,ok
20260610,18,10,1.4,7.0,8.8,4.6,25.1,8.8,ok
20260610,18,11,1.0,6.7,7.9,12.5,21.9,87.7,ok
20260610,18,12,1.1,9.3,19.3,3.8,16.1,58.0,ok
20260610,23,1,1.4,4.3,5.7,10.8,9.8,15.5,ok
20260610,23,2,1.2,23.8,3.6,35.7,71.5,4.9,ok
20260610,23,3,2.2,13.4,2.1,9.9,76.2,4.0,ok
20260610,23,4,1.0,21.7,10.0,15.3,32.6,18.6,ok
20260610,23,5,1.0,7.9,23.7,10.9,20.3,28.5,ok
20260610,23,6,4.9,1.7,2.6,9.6,18.0,72.3,ok
20260610,23,7,1.7,5.3,3.0,5.8,20.9,41.8,ok
20260610,23,8,1.2,14.2,4.0,6.4,23.3,128.6,ok
20260610,23,9,2.9,3.1,2.3,9.6,7.9,55.3,ok
20260610,23,10,1.2,4.4,40.5,5.3,15.5,33.7,ok
20260610,23,11,1.0,10.7,5.9,20.1,80.6,11.5,ok
20260610,23,12,1.7,5.6,4.9,7.7,4.9,16.9,ok
20260610,24,1,1.2,16.1,13.6,6.5,4.4,44.4,ok
20260610,24,2,2.0,4.9,4.3,10.1,3.7,18.0,ok
20260610,24,3,1.1,17.9,13.2,7.8,10.9,7.6,ok
20260610,24,4,1.4,9.4,20.4,14.7,3.7,6.1,ok
20260610,24,5,3.6,1.4,20.1,24.5,7.6,6.3,ok
20260610,24,6,1.3,7.7,13.3,18.6,4.6,10.3,ok
20260610,24,7,1.1,6.8,17.2,17.2,24.0,6.0,ok
20260610,24,8,1.0,14.9,38.7,10.6,5.5,25.3,ok
20260610,24,9,1.1,14.0,15.0,4.9,13.6,20.7,ok
20260610,24,10,1.3,6.3,5.3,7.3,12.0,36.0,ok
20260610,24,11,1.3,4.8,7.0,8.5,14.8,20.4,ok
20260610,24,12,1.3,10.0,5.4,7.0,12.6,10.0,ok
20260610,05,10,1.2,15.5,7.7,3.2,124.5,,part
20260610,07,1,1.2,4.5,13.5,6.2,10.1,,part
20260610,07,3,2.8,9.5,2.0,,5.7,4.7,part
20260610,09,12,1.2,9.4,4.4,11.0,7.3,,part
20260610,11,1,1.2,7.5,3.3,9.9,,129.0,part
20260610,11,4,2.3,13.5,2.2,4.3,7.2,,part
20260610,11,6,1.0,15.9,7.0,6.3,,31.8,part
20260610,11,8,1.0,29.2,4.6,,7.9,29.2,part
20260610,11,11,1.2,12.0,36.0,4.0,7.2,,part
20260610,14,7,1.0,,9.7,6.5,9.7,,part
20260610,14,9,4.2,4.2,3.7,1.9,13.8,,part
20260610,18,2,1.2,12.1,16.6,10.2,,3.7,part
20260611,03,1,2.6,3.4,10.4,2.2,11.5,26.0,ok
20260611,03,2,1.7,14.4,2.1,23.1,10.5,12.8,ok
20260611,03,3,3.7,8.1,1.6,4.8,24.3,9.7,ok
20260611,03,4,1.5,9.3,4.6,25.0,9.3,5.0,ok
20260611,03,6,2.1,15.3,1.7,25.5,12.7,7.6,ok
20260611,03,7,2.8,9.8,4.6,4.7,2.4,19.7,ok
20260611,03,8,2.5,4.0,2.3,6.5,26.0,14.8,ok
20260611,03,9,1.2,5.8,5.8,26.1,14.2,11.1,ok
20260611,03,10,1.8,5.6,4.7,20.2,3.2,23.6,ok
20260611,03,11,1.2,6.6,12.4,7.1,8.8,20.7,ok
20260611,03,12,1.5,7.3,10.4,3.7,10.4,12.5,ok
20260611,05,2,1.3,25.5,12.7,10.7,2.6,70.1,ok
20260611,05,3,6.2,2.0,2.9,5.1,7.0,62.1,ok
20260611,05,5,2.5,3.4,2.3,47.5,7.1,15.8,ok
20260611,05,6,1.5,5.1,38.2,5.4,5.1,15.3,ok
20260611,05,7,1.1,11.7,6.9,5.6,187.5,23.4,ok
20260611,05,8,2.2,5.3,8.5,3.9,5.9,6.4,ok
20260611,05,9,1.7,4.5,5.3,6.7,,4.8,ok
20260611,05,10,2.2,5.9,5.9,3.3,6.7,10.1,ok
20260611,05,11,1.4,4.4,16.3,4.2,28.6,12.7,ok
20260611,05,12,1.6,5.2,10.5,3.3,10.7,16.1,ok
20260611,07,1,1.1,9.5,6.1,11.8,11.8,71.2,ok
20260611,07,2,2.3,1.9,3.5,18.0,48.2,36.1,ok
20260611,07,3,2.7,1.6,23.7,5.3,9.7,41.6,ok
20260611,07,4,2.3,7.8,13.7,1.6,10.0,55.1,ok
20260611,07,5,3.4,11.5,1.4,9.0,13.5,17.3,ok
20260611,07,6,3.0,2.0,12.7,7.5,7.5,5.6,ok
20260611,07,7,1.3,15.8,3.6,6.6,34.5,18.9,ok
20260611,07,8,4.3,1.2,5.0,17.3,26.4,34.6,ok
20260611,07,9,2.3,1.5,11.8,11.8,23.7,38.6,ok
20260611,07,10,1.2,13.2,5.6,12.6,25.2,5.4,ok
20260611,07,11,1.4,13.3,14.8,2.9,7.6,25.2,ok
20260611,07,12,1.1,11.4,4.0,27.0,17.0,21.2,ok
20260611,09,1,1.0,15.7,26.2,19.6,19.6,78.7,ok
20260611,09,3,3.5,1.6,8.0,3.5,32.2,32.2,ok
20260611,09,4,2.7,6.6,2.3,4.6,7.7,23.2,ok
20260611,09,5,1.3,10.5,7.0,12.1,3.8,84.7,ok
20260611,09,6,1.5,7.3,19.5,4.5,4.1,29.2,ok
20260611,09,7,1.1,44.6,17.8,6.8,5.5,44.6,ok
20260611,09,8,1.1,26.6,10.6,5.3,17.7,17.7,ok
20260611,09,9,1.0,6.3,10.3,82.5,82.5,13.7,ok
20260611,09,10,1.8,3.7,4.5,9.0,11.6,10.2,ok
20260611,09,11,1.1,4.4,8.5,22.0,22.0,38.6,ok
20260611,09,12,1.0,5.4,46.5,16.9,186.0,186.0,ok
20260611,10,1,1.0,23.0,10.0,23.0,13.5,57.5,ok
20260611,10,2,1.8,1.9,9.9,11.6,9.9,139.8,ok
20260611,10,3,2.4,3.4,2.1,8.7,32.9,37.6,ok
20260611,10,4,1.0,38.8,11.0,11.0,10.3,25.8,ok
20260611,10,5,1.7,5.3,10.0,3.8,15.4,7.4,ok
20260611,10,6,1.1,4.2,42.7,10.6,10.6,21.3,ok
20260611,10,7,3.4,4.5,2.3,18.9,2.9,75.7,ok
20260611,10,8,2.0,4.3,4.5,5.5,5.8,20.6,ok
20260611,10,9,3.2,1.8,6.8,17.7,4.4,17.7,ok
20260611,10,10,3.1,7.7,1.5,6.2,40.5,23.1,ok
20260611,10,11,1.9,1.8,9.8,12.5,19.7,19.7,ok
20260611,10,12,1.0,14.5,17.4,13.3,14.5,29.0,ok
20260611,11,1,2.4,2.1,10.2,8.5,5.1,25.5,ok
20260611,11,2,1.4,4.2,8.1,9.0,27.0,7.3,ok
20260611,11,3,3.8,2.4,4.0,12.0,4.1,9.8,ok
20260611,11,5,7.9,11.8,57.1,1.1,4.2,114.2,ok
20260611,11,6,2.0,3.9,4.1,24.7,3.6,24.7,ok
20260611,11,7,2.0,1.4,14.6,29.2,29.2,87.7,ok
20260611,11,8,1.1,5.3,12.9,10.7,16.1,16.1,ok
20260611,11,10,1.3,3.6,47.2,7.0,7.2,63.0,ok
20260611,11,11,1.0,5.5,35.0,21.0,8.7,35.0,ok
20260611,11,12,2.0,5.4,2.2,9.8,12.0,27.0,ok
20260611,13,1,1.4,6.1,11.7,5.4,5.8,28.2,ok
20260611,13,2,2.3,9.9,11.2,8.3,1.7,29.7,ok
20260611,13,3,1.1,4.6,13.8,16.6,11.8,55.5,ok
20260611,13,4,1.4,4.9,5.9,9.1,17.0,12.1,ok
20260611,13,5,1.3,9.3,3.9,7.2,14.4,39.7,ok
20260611,13,6,1.8,5.4,4.3,6.5,10.2,8.4,ok
20260611,13,7,1.4,9.6,40.5,2.7,7.7,202.5,ok
20260611,13,8,1.1,9.7,8.6,8.6,9.1,82.5,ok
20260611,13,9,1.0,6.9,6.6,12.1,48.7,43.3,ok
20260611,13,10,1.4,10.4,8.5,2.9,20.5,42.2,ok
20260611,13,11,1.0,12.0,10.5,8.5,22.7,19.5,ok
20260611,13,12,1.4,5.9,4.5,12.5,8.8,18.8,ok
20260611,14,1,1.2,7.9,6.4,8.9,6.4,71.2,ok
20260611,14,2,1.0,31.5,6.0,10.5,47.2,18.9,ok
20260611,14,3,1.1,10.0,13.6,11.5,6.5,75.0,ok
20260611,14,4,1.1,7.0,40.5,12.4,54.0,5.2,ok
20260611,14,5,1.5,18.7,2.2,9.3,31.2,23.4,ok
20260611,14,6,3.4,2.8,3.0,4.3,48.3,8.7,ok
20260611,14,7,4.1,1.7,3.9,4.9,39.3,26.2,ok
20260611,14,8,5.3,13.8,13.8,1.0,46.0,46.0,ok
20260611,14,9,2.4,2.1,8.6,3.4,52.1,34.7,ok
20260611,14,12,1.1,6.8,8.8,6.8,22.1,22.1,ok
20260611,15,1,1.1,35.4,7.0,6.8,13.7,24.8,ok
20260611,15,2,1.4,5.6,6.0,4.5,36.8,15.1,ok
20260611,15,3,1.5,5.1,5.2,4.6,20.4,23.3,ok
20260611,15,4,1.3,5.9,4.7,8.5,15.0,35.1,ok
20260611,15,5,1.0,17.7,7.1,30.4,14.2,26.6,ok
20260611,15,6,1.0,15.4,5.9,10.3,18.5,34.7,ok
20260611,15,7,1.6,5.8,11.6,8.4,3.5,13.6,ok
20260611,15,8,1.3,4.1,6.8,11.3,15.5,34.8,ok
20260611,15,9,1.8,5.6,5.0,9.1,20.0,3.7,ok
20260611,15,10,2.1,2.4,5.6,5.4,18.5,19.0,ok
20260611,15,11,1.3,2.4,14.1,21.0,26.9,24.6,ok
20260611,15,12,1.1,6.7,10.6,6.7,18.6,23.1,ok
20260611,16,1,1.0,19.3,11.0,11.0,7.7,77.2,ok
20260611,16,2,1.4,6.2,7.2,3.9,21.7,43.5,ok
20260611,16,3,3.3,2.7,4.9,2.3,28.2,84.7,ok
20260611,16,4,1.6,16.2,10.1,1.8,40.5,40.5,ok
20260611,16,5,2.6,2.5,2.5,13.3,13.3,80.2,ok
20260611,16,6,1.8,10.3,4.1,4.3,14.7,6.4,ok
20260611,16,8,1.1,3.3,27.3,9.9,27.3,219.0,ok
20260611,16,9,1.3,7.7,4.1,27.1,9.0,15.5,ok
20260611,16,10,1.7,2.3,4.4,19.2,28.8,57.7,ok
20260611,16,11,1.3,3.0,11.7,10.1,16.9,25.3,ok
20260611,16,12,1.3,5.4,5.2,20.5,8.2,27.3,ok
20260611,20,1,1.8,6.1,5.6,9.6,3.7,13.5,ok
20260611,20,2,1.7,28.1,4.6,5.1,56.2,3.5,ok
20260611,20,3,2.7,2.0,15.5,5.5,6.0,15.5,ok
20260611,20,4,2.7,4.7,3.5,6.1,9.2,4.7,ok
20260611,20,5,1.0,6.0,13.3,9.1,21.3,39.9,ok
20260611,20,6,2.0,2.8,8.5,3.9,16.6,17.7,ok
20260611,20,7,1.7,3.3,6.3,7.8,7.5,30.2,ok
20260611,20,8,1.7,3.2,3.5,11.5,21.5,21.5,ok
20260611,20,9,1.9,1.5,16.5,21.6,21.6,25.6,ok
20260611,20,10,1.4,6.5,4.4,15.9,35.9,5.1,ok
20260611,20,11,1.4,9.4,4.3,10.1,5.6,18.3,ok
20260611,20,12,1.3,4.4,23.0,3.9,31.9,46.1,ok
20260611,23,1,1.4,9.2,3.1,5.9,50.6,101.2,ok
20260611,23,3,1.6,3.8,12.3,3.8,9.4,41.0,ok
20260611,23,4,8.1,1.3,4.6,4.2,52.8,63.4,ok
20260611,23,5,1.6,3.9,4.7,10.0,110.2,6.8,ok
20260611,23,6,1.2,4.4,16.9,8.4,84.7,7.7,ok
20260611,23,7,2.0,2.7,4.5,5.1,20.7,34.5,ok
20260611,23,8,4.5,1.3,17.0,3.4,93.7,46.8,ok
20260611,23,10,1.6,10.2,,2.7,5.7,11.8,ok
20260611,23,11,1.6,4.4,9.5,3.9,16.6,11.1,ok
20260611,23,12,1.0,32.2,6.0,10.7,96.7,96.7,ok
20260611,03,5,2.6,3.5,1.8,12.3,,24.7,part
20260611,05,1,3.7,2.9,2.1,4.0,,40.7,part
20260611,05,4,1.5,2.6,17.8,8.9,7.9,,part
20260611,09,2,1.0,12.4,12.4,4.1,,62.2,part
20260611,11,4,3.0,5.4,4.0,2.0,,15.0,part
20260611,11,9,1.7,4.6,5.7,3.3,,15.0,part
20260611,14,10,1.0,21.9,,8.7,21.9,14.6,part
20260611,14,11,1.2,3.9,6.0,16.6,13.3,,part
20260611,16,7,2.0,19.5,1.4,29.2,21.9,,part
20260611,23,2,1.4,2.5,13.2,6.6,66.3,,part
20260611,23,9,2.5,3.5,7.1,2.1,14.2,,part
20260612,03,1,1.1,8.2,7.7,9.3,13.1,26.2,ok
20260612,03,2,2.8,1.5,6.4,16.1,19.3,19.3,ok
20260612,03,3,1.9,5.2,6.8,3.4,29.5,6.8,ok
20260612,03,5,2.0,25.0,7.5,2.8,3.1,75.0,ok
20260612,03,7,1.7,21.8,14.5,1.9,7.2,131.2,ok
20260612,03,8,2.0,9.4,2.1,15.0,7.9,10.0,ok
20260612,03,9,1.4,6.1,2.6,44.0,12.8,102.7,ok
20260612,03,10,1.5,4.6,8.7,8.7,69.7,4.3,ok
20260612,03,11,1.2,9.2,4.9,24.7,7.4,37.1,ok
20260612,03,12,1.0,6.9,16.9,29.6,8.4,29.6,ok
20260612,07,1,5.3,5.3,1.4,7.4,14.8,19.7,ok
20260612,07,2,1.2,16.2,12.1,3.2,16.2,48.7,ok
20260612,07,3,5.7,1.7,3.5,10.0,7.9,10.0,ok
20260612,07,4,1.7,7.6,5.9,3.0,8.7,32.1,ok
20260612,07,5,1.2,7.5,8.0,7.7,7.5,31.6,ok
20260612,07,6,3.3,7.4,1.3,20.8,10.4,,ok
20260612,07,7,1.1,17.3,10.2,3.9,38.7,41.9,ok
20260612,07,8,1.8,8.3,12.0,13.3,5.6,2.9,ok
20260612,07,9,1.1,6.2,8.1,16.6,15.9,12.2,ok
20260612,07,10,1.0,11.6,11.6,11.1,19.1,28.1,ok
20260612,07,11,1.2,4.3,18.4,7.7,34.8,12.5,ok
20260612,07,12,1.0,10.9,10.0,12.2,65.0,38.4,ok
20260612,09,3,1.4,6.0,60.7,3.1,15.1,10.1,ok
20260612,09,5,1.1,4.3,9.2,21.5,16.1,32.2,ok
20260612,09,6,1.4,3.0,16.0,20.0,6.6,20.0,ok
20260612,09,9,1.2,8.7,4.5,8.1,28.5,19.0,ok
20260612,09,10,1.5,3.6,7.6,23.0,8.6,8.6,ok
20260612,09,11,1.6,5.4,5.1,19.5,8.5,5.4,ok
20260612,09,12,1.2,8.7,9.1,8.0,12.8,10.6,ok
20260612,10,1,1.5,25.5,1.9,25.5,12.7,68.0,ok
20260612,10,2,1.3,3.1,8.2,24.6,27.7,12.3,ok
20260612,10,3,1.5,11.9,2.0,14.7,21.2,95.6,ok
20260612,10,4,1.9,8.7,11.5,4.3,2.7,30.7,ok
20260612,10,5,1.7,6.8,14.3,8.1,9.5,3.1,ok
20260612,10,6,1.4,4.9,6.4,7.4,15.5,14.3,ok
20260612,10,7,6.4,1.4,3.5,7.6,25.9,21.6,ok
20260612,10,8,4.6,2.1,9.0,3.1,5.3,21.4,ok
20260612,10,9,1.8,5.3,4.4,5.3,7.2,19.8,ok
20260612,10,10,3.9,2.6,1.8,14.2,12.6,57.0,ok
20260612,10,12,1.6,5.3,3.7,8.4,19.7,8.4,ok
20260612,11,1,1.7,2.8,4.4,8.2,66.0,22.0,ok
20260612,11,6,1.1,8.3,6.2,8.3,50.2,50.2,ok
20260612,11,7,1.4,2.1,35.6,15.8,17.8,47.5,ok
20260612,11,9,1.4,7.0,2.7,92.2,92.2,8.3,ok
20260612,11,10,1.2,6.2,9.1,4.7,20.1,33.5,ok
20260612,11,11,1.8,6.0,6.5,9.7,2.9,32.5,ok
20260612,11,12,2.1,3.1,5.1,6.3,6.3,25.5,ok
20260612,13,1,1.0,14.9,10.1,9.5,13.6,28.5,ok
20260612,13,2,1.0,9.6,7.2,20.0,30.0,30.0,ok
20260612,13,3,1.2,10.2,10.6,7.2,8.1,20.4,ok
20260612,13,4,1.4,15.4,4.5,20.3,3.7,20.3,ok
20260612,13,5,1.1,18.4,12.6,16.3,3.6,49.0,ok
20260612,13,6,1.2,8.7,6.6,18.1,6.8,11.4,ok
20260612,13,7,1.0,22.2,22.2,14.2,14.8,39.5,ok
20260612,13,8,1.0,17.6,13.6,11.2,24.6,9.7,ok
20260612,13,9,1.0,10.1,8.7,8.1,24.4,28.2,ok
20260612,13,10,1.3,2.9,7.7,12.3,23.2,46.5,ok
20260612,13,11,1.0,17.1,4.3,27.5,25.9,33.6,ok
20260612,13,12,1.1,10.0,12.5,17.4,14.3,6.0,ok
20260612,14,1,1.4,6.9,4.4,6.9,12.1,16.2,ok
20260612,14,2,1.9,2.8,6.8,8.6,5.2,47.6,ok
20260612,14,3,1.4,12.9,5.1,7.6,11.7,6.8,ok
20260612,14,4,2.9,4.5,2.2,5.6,7.5,34.1,ok
20260612,14,5,3.3,2.7,3.6,8.9,29.0,4.1,ok
20260612,14,6,1.9,2.6,7.5,10.8,5.4,25.2,ok
20260612,14,7,1.3,4.2,12.0,10.5,12.0,9.3,ok
20260612,14,8,1.8,4.9,6.2,3.2,24.9,14.2,ok
20260612,14,10,1.1,5.7,7.1,20.2,11.0,40.5,ok
20260612,14,11,2.1,4.2,2.7,7.3,16.2,13.5,ok
20260612,14,12,1.0,16.3,16.3,13.2,30.9,278.2,ok
20260612,16,1,1.1,7.3,23.8,13.6,23.8,6.3,ok
20260612,16,3,1.7,4.7,6.0,5.1,11.1,11.1,ok
20260612,16,5,5.6,1.4,7.6,6.6,6.2,53.2,ok
20260612,16,6,3.3,8.9,1.8,14.8,3.8,17.8,ok
20260612,16,7,1.7,2.5,69.7,11.6,4.3,34.8,ok
20260612,16,9,1.7,6.7,11.2,2.2,18.7,33.7,ok
20260612,16,10,2.0,4.7,2.9,7.5,26.2,8.7,ok
20260612,16,12,1.3,8.0,3.5,10.3,24.2,24.2,ok
20260612,19,1,1.5,5.9,12.4,4.9,5.1,17.7,ok
20260612,19,2,3.3,8.0,3.1,2.4,19.2,8.0,ok
20260612,19,3,3.5,4.7,4.3,6.9,4.0,4.6,ok
20260612,19,4,2.5,7.2,2.0,12.5,4.9,32.5,ok
20260612,19,5,1.9,5.2,10.0,5.3,3.4,21.8,ok
20260612,19,6,2.4,5.2,2.6,14.1,5.0,11.0,ok
20260612,19,7,1.2,5.3,23.1,6.4,10.5,28.9,ok
20260612,19,8,1.3,10.6,6.8,5.8,8.4,25.4,ok
20260612,19,9,1.8,7.2,3.7,5.7,5.5,30.9,ok
20260612,19,10,1.3,4.1,7.8,17.1,9.1,19.8,ok
20260612,19,11,1.0,26.4,54.9,50.8,76.9,49.8,ok
20260612,19,12,1.7,6.2,9.9,2.8,14.0,13.2,ok
20260612,20,1,1.8,7.8,6.5,3.5,9.7,7.8,ok
20260612,20,2,2.4,29.8,4.4,3.6,3.9,7.4,ok
20260612,20,3,2.7,9.0,1.3,22.5,45.0,15.0,ok
20260612,20,4,2.6,9.2,3.9,3.7,5.8,6.1,ok
20260612,20,5,1.6,4.8,5.2,4.8,21.0,15.7,ok
20260612,20,6,2.8,2.5,20.6,31.9,2.5,9.7,ok
20260612,20,7,1.8,12.5,2.5,10.0,13.7,7.1,ok
20260612,20,8,1.9,1.7,10.9,49.3,9.1,43.8,ok
20260612,20,9,1.3,8.0,13.2,16.5,12.6,3.5,ok
20260612,20,10,1.5,4.5,5.0,7.1,7.7,171.0,ok
20260612,20,11,1.1,7.7,11.3,8.0,13.3,24.1,ok
20260612,20,12,1.5,8.5,3.8,4.0,31.1,34.0,ok
20260612,22,1,1.3,4.8,7.5,10.4,11.0,17.1,ok
20260612,22,2,1.6,10.1,12.8,2.7,11.3,9.6,ok
20260612,22,4,2.5,7.8,2.0,6.7,7.4,23.5,ok
20260612,22,5,1.4,2.6,18.5,13.9,23.8,9.8,ok
20260612,22,6,2.6,3.6,7.6,4.3,71.5,3.1,ok
20260612,22,7,1.1,5.1,9.9,11.5,31.3,36.6,ok
20260612,22,8,1.4,3.1,15.6,15.6,5.7,31.2,ok
20260612,22,10,1.0,15.9,8.3,8.5,45.4,12.2,ok
20260612,22,11,1.0,8.6,13.4,10.0,31.5,315.7,ok
20260612,22,12,1.5,7.7,3.4,7.4,15.8,15.2,ok
20260612,23,1,1.6,9.8,8.4,2.3,19.7,59.2,ok
20260612,23,2,1.0,6.2,25.0,37.5,37.5,37.5,ok
20260612,23,4,2.9,1.2,16.6,7.1,120.7,120.7,ok
20260612,23,5,5.1,1.3,4.3,17.3,12.1,60.7,ok
20260612,23,6,1.6,4.8,48.3,2.4,13.8,24.1,ok
20260612,23,7,4.3,3.2,2.7,11.1,3.0,78.0,ok
20260612,23,8,5.5,3.5,1.2,80.2,160.5,16.0,ok
20260612,23,10,1.0,9.0,10.7,25.0,28.2,45.1,ok
20260612,23,11,1.3,7.4,7.4,4.9,14.8,19.7,ok
20260612,23,12,1.8,2.3,4.8,13.0,24.3,34.0,ok
20260612,03,4,2.3,2.1,4.8,4.0,,,part
20260612,03,6,1.4,3.0,8.2,8.2,10.6,,part
20260612,09,1,1.0,12.3,9.9,,,24.7,part
20260612,09,2,2.8,1.5,21.2,4.2,,15.9,part
20260612,09,4,1.1,8.2,9.9,,4.5,24.7,part
20260612,09,7,1.0,8.6,6.2,56.2,,112.5,part
20260612,09,8,1.6,2.2,,36.0,36.0,4.5,part
20260612,10,11,5.2,3.8,1.2,15.0,,120.7,part
20260612,11,2,1.5,7.5,6.0,3.9,6.9,,part
20260612,11,3,6.5,2.6,2.4,3.0,19.5,,part
20260612,11,4,1.5,6.5,3.9,4.8,,19.5,part
20260612,11,5,3.4,1.3,7.1,14.2,12.9,,part
20260612,11,8,1.6,3.3,17.8,2.6,,71.2,part
20260612,14,9,1.5,6.0,2.1,,22.2,33.3,part
20260612,16,2,1.0,20.5,6.1,12.3,,10.2,part
20260612,16,4,1.0,7.2,11.7,8.5,23.4,,part
20260612,16,8,2.0,13.7,3.5,3.4,,5.2,part
20260612,16,11,1.0,,7.2,7.2,7.2,,part
20260612,22,3,4.0,75.0,1.0,,21.4,30.0,part
20260612,22,9,1.3,8.5,3.4,9.6,10.9,,part
20260612,23,3,1.3,18.2,27.3,2.2,27.3,,part
20260612,23,9,1.0,6.3,6.3,75.7,12.6,,part
20260613,03,1,1.3,3.7,10.3,11.6,6.6,93.0,ok
20260613,03,2,6.0,3.7,1.7,6.0,6.7,36.2,ok
20260613,03,3,2.0,1.9,7.5,15.0,8.3,37.5,ok
20260613,03,4,3.5,2.2,2.1,15.6,54.7,18.2,ok
20260613,03,5,2.8,2.4,4.1,13.2,33.0,4.4,ok
20260613,03,6,15.2,1.0,36.2,20.7,96.7,48.3,ok
20260613,03,7,5.0,1.4,7.2,101.2,6.3,7.2,ok
20260613,03,8,5.3,1.3,4.7,17.2,86.2,9.5,ok
20260613,03,9,1.5,9.4,6.1,3.3,11.5,26.0,ok
20260613,03,10,1.2,4.5,21.3,6.7,8.0,42.7,ok
20260613,03,11,1.4,6.7,8.2,14.8,4.9,10.6,ok
20260613,03,12,1.2,3.0,22.9,10.4,22.9,38.2,ok
20260613,06,1,1.6,5.4,4.4,5.4,14.2,14.2,ok
20260613,06,2,3.6,13.0,6.5,22.8,6.5,1.5,ok
20260613,06,4,1.1,6.5,20.8,20.8,5.7,17.3,ok
20260613,06,5,1.8,2.2,9.5,17.2,5.0,,ok
20260613,06,6,2.4,19.3,2.2,4.9,5.9,17.1,ok
20260613,06,7,2.0,56.8,1.5,8.7,28.4,28.4,ok
20260613,06,8,1.4,15.0,35.0,1.9,35.0,52.5,ok
20260613,06,9,3.1,2.2,18.6,2.2,18.6,93.3,ok
20260613,06,10,1.2,8.9,7.1,11.8,5.9,17.8,ok
20260613,06,11,1.6,3.0,5.6,13.2,7.9,39.7,ok
20260613,06,12,1.8,,2.4,13.7,5.7,7.4,ok
20260613,07,1,1.4,15.7,3.9,9.8,6.0,19.6,ok
20260613,07,2,1.5,5.3,9.3,3.3,13.9,22.3,ok
20260613,07,3,1.9,3.1,15.3,7.6,4.0,19.1,ok
20260613,07,4,1.2,7.6,6.3,15.3,6.5,30.6,ok
20260613,07,5,2.1,2.9,5.1,7.0,7.2,22.6,ok
20260613,07,6,2.5,10.3,3.9,14.3,2.2,13.2,ok
20260613,07,7,1.3,10.5,5.5,4.5,21.0,21.0,ok
20260613,07,8,1.0,16.7,12.7,8.1,22.3,10.2,ok
20260613,07,9,1.2,11.9,27.9,4.3,10.0,16.7,ok
20260613,07,10,1.3,3.0,11.6,10.7,22.6,55.0,ok
20260613,07,11,1.0,13.8,8.9,26.8,9.8,30.9,ok
20260613,07,12,1.1,7.7,18.3,9.9,17.2,10.0,ok
20260613,08,1,1.0,8.9,12.0,29.2,9.7,15.7,ok
20260613,08,2,1.1,12.8,4.2,10.4,16.6,41.7,ok
20260613,08,3,1.6,3.1,12.1,6.0,8.3,34.7,ok
20260613,08,4,2.2,1.9,11.1,10.2,7.3,21.3,ok
20260613,08,5,1.4,4.6,7.7,12.8,5.5,21.9,ok
20260613,08,6,2.1,6.6,2.9,3.7,17.5,16.1,ok
20260613,08,7,1.3,7.3,10.4,3.9,15.2,19.8,ok
20260613,08,8,1.4,6.5,5.1,7.6,9.6,24.5,ok
20260613,08,9,1.6,5.8,4.6,7.4,5.1,96.2,ok
20260613,08,10,1.2,10.9,7.5,6.4,20.3,10.1,ok
20260613,08,11,1.3,13.8,6.9,3.8,16.6,15.1,ok
20260613,08,12,1.1,9.7,9.0,22.8,6.0,30.7,ok
20260613,10,1,1.0,12.2,14.6,11.5,27.4,43.9,ok
20260613,10,2,1.1,4.0,18.1,10.3,14.5,72.7,ok
20260613,10,3,1.1,16.9,4.9,11.5,14.9,21.1,ok
20260613,10,4,1.3,6.1,7.8,6.1,9.0,23.4,ok
20260613,10,5,1.5,9.0,5.1,3.4,13.9,30.1,ok
20260613,10,6,1.5,19.5,5.3,3.1,9.3,71.7,ok
20260613,10,7,5.2,1.3,26.0,19.5,4.1,15.6,ok
20260613,10,8,4.6,5.3,2.5,3.6,5.5,11.5,ok
20260613,10,9,1.3,11.8,5.1,12.6,12.6,7.8,ok
20260613,10,10,2.4,9.1,4.2,2.5,9.8,11.6,ok
20260613,10,11,3.0,2.4,5.7,2.6,42.5,42.5,ok
20260613,10,12,1.0,5.5,13.3,66.7,22.2,66.7,ok
20260613,11,1,1.6,13.2,2.5,7.3,22.0,16.5,ok
20260613,11,2,1.4,4.6,16.1,8.0,5.3,16.1,ok
20260613,11,3,1.1,8.8,10.0,7.0,23.5,17.6,ok
20260613,11,4,4.6,2.4,2.1,32.2,5.3,32.2,ok
20260613,11,5,1.6,7.2,5.4,10.8,10.1,4.8,ok
20260613,11,6,1.0,14.2,23.7,8.9,8.9,23.7,ok
20260613,11,7,1.3,10.6,6.6,13.3,13.3,5.3,ok
20260613,11,8,1.1,9.7,5.2,13.6,22.7,22.7,ok
20260613,11,9,2.1,3.1,7.8,11.0,3.2,36.7,ok
20260613,11,10,1.0,7.2,18.0,12.0,15.4,27.0,ok
20260613,11,11,1.1,7.2,14.4,7.2,28.8,14.4,ok
20260613,11,12,1.6,2.8,5.1,8.6,25.8,25.8,ok
20260613,13,1,1.4,8.1,3.8,10.5,17.8,9.9,ok
20260613,13,2,1.0,13.6,5.8,13.6,42.9,18.7,ok
20260613,13,3,1.4,8.5,7.0,6.1,7.8,10.7,ok
20260613,13,4,1.5,11.9,2.4,7.9,27.2,42.3,ok
20260613,13,5,1.1,7.6,10.8,9.9,9.5,38.0,ok
20260613,13,6,1.1,9.0,11.2,8.3,14.0,13.2,ok
20260613,13,7,1.4,5.2,7.3,7.0,16.8,7.6,ok
20260613,13,8,1.2,7.1,7.8,20.5,16.4,5.4,ok
20260613,13,9,1.0,17.0,9.4,15.4,28.3,18.2,ok
20260613,13,10,1.1,5.8,9.1,13.5,22.3,29.5,ok
20260613,13,11,1.2,13.4,14.9,12.8,20.4,3.4,ok
20260613,13,12,1.4,5.2,4.8,15.3,17.0,7.9,ok
20260613,14,1,1.0,9.2,7.5,24.0,60.0,15.0,ok
20260613,14,2,2.1,14.9,1.4,19.8,47.7,29.8,ok
20260613,14,3,1.2,6.8,12.4,4.8,19.8,16.5,ok
20260613,14,5,2.6,2.3,3.3,6.2,43.5,21.7,ok
20260613,14,6,1.6,5.0,3.9,7.9,7.9,55.5,ok
20260613,14,7,1.1,21.5,43.1,17.2,3.5,43.1,ok
20260613,14,9,3.4,1.6,5.6,4.5,174.0,21.7,ok
20260613,14,10,1.4,13.1,3.7,5.4,16.3,19.6,ok
20260613,14,11,1.3,6.4,6.6,5.2,21.7,29.0,ok
20260613,14,12,1.4,4.5,8.2,6.0,15.8,12.8,ok
20260613,16,2,3.0,4.9,3.3,2.8,12.2,14.7,ok
20260613,16,3,1.1,33.2,7.6,3.5,366.0,40.6,ok
20260613,16,5,3.1,3.7,13.2,9.9,8.8,2.1,ok
20260613,16,6,1.7,3.9,16.6,2.8,49.8,14.2,ok
20260613,16,7,2.1,4.5,3.5,7.9,4.5,95.2,ok
20260613,16,8,2.8,1.3,12.0,15.6,19.5,31.3,ok
20260613,16,9,1.6,9.7,34.1,6.2,34.1,2.5,ok
20260613,16,10,1.0,8.1,21.3,17.1,85.5,34.2,ok
20260613,16,11,1.5,3.6,6.8,12.0,24.0,7.3,ok
20260613,19,1,1.0,6.5,13.0,48.7,19.5,9.2,ok
20260613,19,2,1.7,3.9,6.3,4.2,9.8,42.5,ok
20260613,19,3,3.6,7.2,1.3,7.5,19.2,86.6,ok
20260613,19,4,6.0,1.8,17.5,22.9,2.0,33.0,ok
20260613,19,5,1.2,10.9,6.0,15.5,9.3,7.4,ok
20260613,19,6,2.8,2.8,2.0,31.0,22.1,14.1,ok
20260613,19,7,1.5,9.0,5.0,57.5,5.2,6.3,ok
20260613,19,8,2.0,3.2,6.6,3.3,17.1,28.6,ok
20260613,19,9,1.7,5.9,3.4,6.7,12.7,12.2,ok
20260613,19,10,1.0,8.8,18.6,14.7,7.3,20.0,ok
20260613,19,11,1.3,7.1,4.2,16.1,20.5,8.4,ok
20260613,19,12,1.0,9.5,9.3,17.0,14.8,12.1,ok
20260613,20,1,1.5,5.0,7.8,7.8,9.0,8.3,ok
20260613,20,2,1.7,5.1,4.8,6.0,7.2,14.5,ok
20260613,20,3,1.8,1.8,18.9,25.2,10.8,25.2,ok
20260613,20,4,2.2,1.9,30.1,17.2,5.1,10.0,ok
20260613,20,5,1.2,6.3,16.1,3.2,44.4,88.8,ok
20260613,20,6,1.5,10.1,10.1,3.3,6.2,37.2,ok
20260613,20,7,1.5,11.1,10.3,2.2,22.3,27.8,ok
20260613,20,8,1.6,6.1,2.1,14.5,33.4,37.1,ok
20260613,20,9,1.2,10.0,3.1,30.2,12.9,54.4,ok
20260613,20,10,1.5,8.8,3.3,14.2,12.3,9.7,ok
20260613,20,11,1.2,8.3,13.5,3.7,21.7,36.1,ok
20260613,20,12,1.5,7.9,2.3,18.0,12.3,45.1,ok
20260613,22,1,1.0,15.9,17.8,17.8,23.3,37.8,ok
20260613,22,4,2.7,4.1,5.4,3.9,9.2,5.6,ok
20260613,22,5,1.5,5.3,3.1,8.2,24.8,49.7,ok
20260613,22,6,2.1,4.2,5.4,18.9,31.5,2.7,ok
20260613,22,7,1.1,26.2,6.5,131.2,6.5,10.0,ok
20260613,22,8,1.6,3.8,5.6,29.0,25.8,4.8,ok
20260613,22,9,2.0,5.5,4.2,8.4,69.5,3.3,ok
20260613,22,10,1.5,5.2,7.0,3.8,13.6,63.5,ok
20260613,22,11,1.3,2.6,15.6,9.2,21.1,60.0,ok
20260613,22,12,1.4,6.0,3.5,16.4,8.6,23.0,ok
20260613,23,1,1.1,11.7,8.8,12.8,7.8,47.0,ok
20260613,23,2,1.1,4.1,12.8,10.7,96.3,64.2,ok
20260613,23,3,1.1,16.5,4.6,8.8,10.3,82.5,ok
20260613,23,4,1.6,3.1,15.2,11.0,7.6,9.4,ok
20260613,23,5,1.6,7.3,6.0,7.3,5.8,7.7,ok
20260613,23,6,1.6,3.9,8.6,6.1,7.1,14.3,ok
20260613,23,7,1.7,8.7,37.7,3.7,7.0,4.7,ok
20260613,23,8,1.2,2.5,102.3,14.6,204.7,34.1,ok
20260613,23,9,1.2,5.9,5.5,11.0,22.1,17.7,ok
20260613,23,10,1.4,2.1,8.7,32.2,24.1,96.7,ok
20260613,23,11,1.0,10.6,18.5,24.7,12.3,74.2,ok
20260613,23,12,1.4,5.6,7.0,8.5,8.5,10.8,ok
20260613,06,3,2.8,1.5,8.0,6.2,18.7,,part
20260613,14,4,1.0,9.6,8.1,6.5,163.5,,part
20260613,14,8,5.5,8.7,7.6,,1.1,15.3,part
20260613,16,1,1.1,4.6,9.2,16.1,10.7,,part
20260613,16,4,1.4,9.3,9.3,2.4,,,part
20260613,16,12,1.1,4.5,9.0,8.1,27.0,,part
20260613,22,2,1.4,8.2,3.8,5.6,15.6,,part
20260613,22,3,1.7,3.1,2.8,36.7,12.2,,part
20260614,01,1,3.7,3.2,2.6,13.1,4.3,13.1,ok
20260614,01,2,1.8,3.5,5.0,8.5,21.9,7.3,ok
20260614,01,3,3.6,11.9,1.9,21.4,3.0,11.9,ok
20260614,01,4,4.6,3.8,7.7,1.5,15.0,28.1,ok
20260614,01,5,1.4,7.9,24.2,4.0,13.1,6.6,ok
20260614,01,6,1.5,8.8,8.1,3.3,12.4,13.3,ok
20260614,01,7,1.7,18.8,1.8,15.9,13.8,29.5,ok
20260614,01,8,1.3,9.4,4.5,13.2,5.5,39.6,ok
20260614,01,9,1.1,9.7,6.0,8.3,19.5,29.2,ok
20260614,01,10,2.1,7.7,7.9,3.5,27.5,3.3,ok
20260614,01,11,1.8,17.0,1.9,8.5,13.4,28.3,ok
20260614,01,12,1.7,6.7,6.1,4.4,7.3,12.7,ok
20260614,03,1,7.8,9.4,1.7,2.1,19.2,501.0,ok
20260614,03,2,7.4,1.0,17.1,14.1,27.7,32.3,ok
20260614,03,3,1.4,5.8,13.8,3.5,13.8,25.7,ok
20260614,03,4,1.6,7.6,4.4,4.1,15.3,13.4,ok
20260614,03,5,4.6,3.2,2.0,21.1,4.4,23.8,ok
20260614,03,6,1.5,4.2,6.2,13.2,9.3,8.4,ok
20260614,03,7,4.1,19.6,1.1,39.3,39.3,7.1,ok
20260614,03,8,1.3,6.0,3.0,28.8,24.0,24.0,ok
20260614,03,9,1.2,16.0,3.8,18.0,12.0,10.3,ok
20260614,03,10,1.2,13.0,4.8,14.2,7.8,17.4,ok
20260614,03,11,1.2,5.3,9.9,10.6,13.5,10.6,ok
20260614,03,12,1.3,10.3,9.5,3.1,28.7,19.9,ok
20260614,06,1,1.2,8.3,15.5,4.5,9.8,18.1,ok
20260614,06,2,3.7,6.3,4.3,7.2,1.9,36.0,ok
20260614,06,3,2.9,3.0,9.4,4.1,11.8,4.2,ok
20260614,06,4,1.1,19.9,5.1,16.6,14.2,19.9,ok
20260614,06,5,1.8,10.6,8.7,2.1,16.0,19.2,ok
20260614,06,6,1.8,6.4,8.3,2.5,24.9,12.0,ok
20260614,06,7,1.6,4.8,3.5,13.0,32.6,7.6,ok
20260614,06,8,2.0,8.6,4.5,4.3,5.7,9.4,ok
20260614,06,9,1.8,3.7,9.3,14.0,8.0,4.3,ok
20260614,06,10,2.0,12.9,5.6,18.4,2.1,14.3,ok
20260614,06,11,,1.0,17.7,11.0,17.7,5.9,ok
20260614,06,12,3.8,14.4,2.0,5.6,5.1,6.4,ok
20260614,08,1,1.2,8.6,4.6,12.3,23.4,11.7,ok
20260614,08,2,1.3,12.5,10.4,7.2,4.7,17.1,ok
20260614,08,3,1.2,6.5,11.1,12.8,6.3,38.5,ok
20260614,08,4,1.1,18.9,7.8,8.1,21.8,6.9,ok
20260614,08,5,1.5,14.3,10.0,3.2,10.5,9.1,ok
20260614,08,6,1.7,7.7,3.6,6.2,9.7,9.7,ok
20260614,08,7,1.0,5.9,18.8,7.4,37.7,41.1,ok
20260614,08,8,1.4,7.0,6.8,5.9,12.3,8.5,ok
20260614,08,9,1.4,12.9,2.5,20.2,17.2,19.3,ok
20260614,08,10,1.0,11.7,7.5,24.5,19.2,18.0,ok
20260614,08,11,1.0,16.1,7.8,18.3,32.2,12.4,ok
20260614,08,12,1.1,11.9,8.8,10.3,15.4,10.7,ok
20260614,10,1,1.0,5.0,15.7,14.8,25.2,63.1,ok
20260614,10,2,2.1,1.9,15.2,9.1,11.4,10.5,ok
20260614,10,3,1.7,12.7,3.5,5.7,8.9,8.5,ok
20260614,10,4,1.6,8.8,2.0,11.3,56.8,94.7,ok
20260614,10,5,1.3,10.5,13.0,4.0,7.3,20.1,ok
20260614,10,6,3.8,1.3,8.8,18.8,6.2,88.0,ok
20260614,10,7,4.4,7.5,1.1,14.1,85.0,23.1,ok
20260614,10,8,2.7,7.1,4.7,17.2,29.5,1.8,ok
20260614,10,9,1.4,3.4,4.0,23.2,23.2,31.0,ok
20260614,10,10,7.2,1.4,6.2,5.1,8.7,43.6,ok
20260614,10,11,1.2,10.1,7.9,5.2,15.1,30.3,ok
20260614,11,3,1.6,2.2,15.4,6.1,54.1,43.3,ok
20260614,11,4,1.3,5.1,5.1,10.9,14.6,14.6,ok
20260614,11,5,,2.2,2.2,2.9,29.1,13.4,ok
20260614,11,6,1.0,20.2,10.1,5.4,27.0,20.2,ok
20260614,11,7,1.4,8.0,9.0,24.2,2.9,72.7,ok
20260614,11,8,1.8,6.3,6.8,3.5,27.5,5.8,ok
20260614,11,9,1.0,8.5,16.5,15.3,14.3,71.5,ok
20260614,11,10,2.0,3.6,5.2,5.2,6.6,25.2,ok
20260614,11,11,1.5,5.5,5.3,5.7,6.8,,ok
20260614,11,12,1.2,5.5,7.8,13.0,12.1,21.6,ok
20260614,12,1,1.5,5.3,4.6,5.8,117.0,10.6,ok
20260614,12,2,1.4,8.8,3.9,8.8,17.6,9.5,ok
20260614,12,4,1.5,8.9,4.0,8.9,12.7,7.4,ok
20260614,12,5,1.0,13.9,6.9,14.7,24.0,12.6,ok
20260614,12,6,1.8,8.4,3.3,4.5,11.6,13.6,ok
20260614,12,7,2.2,4.8,42.0,1.9,10.9,21.0,ok
20260614,12,8,1.0,48.1,17.0,19.6,105.9,66.1,ok
20260614,12,9,1.0,12.5,8.9,26.7,8.5,18.7,ok
20260614,12,10,1.7,17.3,3.1,6.1,23.8,5.4,ok
20260614,12,11,1.6,11.1,4.0,4.2,14.1,13.0,ok
20260614,12,12,1.8,1.6,17.6,21.1,19.4,29.6,ok
20260614,16,1,1.0,12.7,15.9,31.8,5.7,31.8,ok
20260614,16,2,2.5,7.6,1.6,7.9,16.6,24.9,ok
20260614,16,3,1.3,4.4,5.2,14.1,28.2,14.1,ok
20260614,16,4,2.0,7.7,2.3,6.6,23.2,11.6,ok
20260614,16,5,1.0,20.0,20.0,12.7,70.1,17.5,ok
20260614,16,6,7.6,6.3,1.5,6.6,4.0,48.7,ok
20260614,16,7,1.0,38.7,29.0,14.5,23.2,19.3,ok
20260614,16,8,1.9,3.5,12.0,12.0,11.1,3.4,ok
20260614,16,9,1.2,15.1,6.8,18.9,6.3,12.6,ok
20260614,16,10,2.7,2.4,3.7,23.2,5.3,12.6,ok
20260614,16,11,1.4,9.5,3.8,6.7,19.0,14.2,ok
20260614,16,12,1.1,15.1,5.4,18.1,8.0,15.1,ok
20260614,19,1,1.5,3.8,8.0,7.0,13.5,12.7,ok
20260614,19,2,3.4,1.5,10.3,6.5,12.2,20.7,ok
20260614,19,3,1.3,11.4,4.8,4.0,45.6,68.4,ok
20260614,19,4,3.1,3.7,7.1,4.4,10.6,3.3,ok
20260614,19,5,1.7,4.3,7.1,9.7,34.7,3.7,ok
20260614,19,6,2.5,4.1,6.6,2.5,29.2,7.6,ok
20260614,19,7,2.8,2.1,12.8,3.8,6.6,39.8,ok
20260614,19,8,1.5,2.4,13.3,6.5,46.3,25.0,ok
20260614,19,9,1.4,2.9,21.2,13.2,25.5,6.5,ok
20260614,19,10,1.2,5.3,7.5,7.2,20.1,27.5,ok
20260614,19,11,1.2,4.1,14.2,13.7,15.6,12.6,ok
20260614,19,12,1.0,14.4,11.2,7.7,15.6,16.1,ok
20260614,20,1,2.9,4.4,2.1,4.4,22.2,33.3,ok
20260614,20,2,1.8,6.1,4.3,4.3,9.1,18.3,ok
20260614,20,4,2.8,10.9,2.3,6.1,4.9,9.8,ok
20260614,20,5,1.2,5.5,8.0,5.3,23.0,53.7,ok
20260614,20,6,1.2,12.2,6.8,10.0,42.7,5.7,ok
20260614,20,7,1.0,112.5,37.5,6.6,14.0,112.5,ok
20260614,20,8,1.1,4.8,6.0,39.0,26.0,39.0,ok
20260614,20,9,1.0,7.5,15.8,29.1,29.1,14.5,ok
20260614,20,10,1.6,2.5,11.3,34.0,25.5,5.1,ok
20260614,20,11,1.1,7.0,8.2,22.3,9.1,35.1,ok
20260614,20,12,1.3,7.0,2.6,16.1,137.6,45.8,ok
20260614,22,1,1.1,14.7,5.0,7.7,16.4,73.8,ok
20260614,22,2,2.9,25.3,5.5,5.7,1.8,25.3,ok
20260614,22,3,10.6,3.5,1.1,20.7,145.0,43.5,ok
20260614,22,4,5.9,2.1,5.8,6.3,2.7,50.8,ok
20260614,22,5,1.9,7.1,3.3,9.7,6.3,7.8,ok
20260614,22,6,2.4,5.1,5.5,3.5,4.5,20.4,ok
20260614,22,7,1.3,3.9,5.7,18.1,31.6,12.6,ok
20260614,22,8,1.6,7.2,15.4,2.1,24.6,30.8,ok
20260614,22,9,1.7,2.8,33.2,9.2,4.1,23.7,ok
20260614,22,10,2.4,4.7,3.9,2.8,10.4,43.8,ok
20260614,22,11,1.0,10.1,13.3,9.2,32.7,85.2,ok
20260614,22,12,1.0,11.1,7.4,15.8,13.7,45.7,ok
20260614,23,1,1.1,4.6,5.6,19.2,25.6,76.8,ok
20260614,23,2,1.0,7.4,6.4,28.0,20.3,37.3,ok
20260614,23,3,1.2,5.3,8.3,11.7,10.6,58.5,ok
20260614,23,4,2.5,2.9,5.8,3.2,38.8,9.7,ok
20260614,23,5,2.7,4.2,4.0,18.5,16.5,2.7,ok
20260614,23,6,3.1,1.9,3.4,14.8,9.9,17.8,ok
20260614,23,7,1.6,12.3,9.6,3.0,5.2,22.6,ok
20260614,23,8,1.2,3.1,15.0,90.0,12.8,22.5,ok
20260614,23,9,1.4,22.5,6.7,4.5,6.1,22.5,ok
20260614,23,10,2.0,5.7,6.9,4.7,6.9,5.7,ok
20260614,23,11,1.2,4.6,7.0,9.5,20.2,32.4,ok
20260614,23,12,1.1,3.5,18.8,15.3,25.8,51.7,ok
20260614,10,12,1.0,12.3,26.2,9.1,,,part
20260614,11,1,1.2,2.4,45.7,11.4,45.7,,part
20260614,11,2,1.4,12.3,3.4,9.4,6.4,,part
20260614,12,3,1.4,26.5,2.5,5.5,33.1,,part
20260614,20,3,2.4,3.3,5.3,2.6,17.4,,part
20260615,01,1,3.7,10.5,2.7,2.5,13.1,7.5,ok
20260615,01,2,2.3,2.8,4.4,14.0,4.0,32.7,ok
20260615,01,3,2.2,10.1,4.2,4.4,7.4,4.8,ok
20260615,01,4,10.8,1.9,16.7,3.0,15.3,3.7,ok
20260615,01,5,4.1,3.9,8.3,4.5,3.6,4.5,ok
20260615,01,6,1.2,8.2,6.4,9.0,12.9,22.6,ok
20260615,01,7,1.8,25.0,2.0,5.2,32.2,25.0,ok
20260615,01,8,1.4,10.3,9.3,4.9,5.7,16.5,ok
20260615,01,9,1.8,2.5,5.5,17.6,49.0,6.7,ok
20260615,01,10,2.7,2.1,10.9,4.7,6.4,21.3,ok
20260615,01,11,1.7,10.8,11.8,3.1,11.2,5.2,ok
20260615,01,12,1.6,4.0,3.5,25.4,12.0,17.6,ok
20260615,03,1,1.5,11.1,6.8,3.3,9.2,15.6,ok
20260615,03,2,2.2,10.7,4.4,2.2,19.1,15.6,ok
20260615,03,3,1.8,5.5,25.8,31.0,9.1,2.3,ok
20260615,03,4,5.8,12.0,1.2,8.4,12.9,11.6,ok
20260615,03,5,2.4,3.6,3.0,8.9,6.3,17.8,ok
20260615,03,6,2.1,11.0,2.4,13.2,8.2,6.0,ok
20260615,03,7,1.9,4.8,2.7,8.1,13.9,19.5,ok
20260615,03,8,1.8,1.9,10.7,15.8,9.8,33.3,ok
20260615,03,9,1.4,25.3,7.0,3.4,18.1,9.0,ok
20260615,03,10,1.5,10.9,7.3,2.8,12.5,29.2,ok
20260615,03,11,2.2,4.1,3.5,3.9,18.8,21.1,ok
20260615,03,12,1.1,7.7,7.7,16.0,13.2,20.4,ok
20260615,06,1,2.4,2.2,9.3,7.5,6.0,13.5,ok
20260615,06,2,2.3,2.4,6.2,6.2,9.9,14.2,ok
20260615,06,3,3.3,2.3,3.3,7.6,28.6,6.7,ok
20260615,06,4,1.7,3.6,4.3,6.5,14.7,23.9,ok
20260615,06,5,3.7,9.0,1.7,6.2,19.9,5.7,ok
20260615,06,6,2.1,8.1,2.4,8.1,15.1,7.5,ok
20260615,06,8,2.5,18.7,12.8,1.3,29.4,25.7,ok
20260615,06,9,1.4,3.4,10.1,44.8,4.4,62.8,ok
20260615,06,10,1.3,14.2,23.3,7.3,4.2,11.1,ok
20260615,06,11,1.3,7.2,13.7,11.4,3.6,45.7,ok
20260615,06,12,1.0,15.5,8.1,19.4,16.3,31.1,ok
20260615,08,1,1.0,16.8,7.9,12.0,15.7,19.6,ok
20260615,08,2,1.2,11.6,9.4,15.3,7.6,7.6,ok
20260615,08,3,1.3,5.0,10.3,6.4,14.3,13.8,ok
20260615,08,4,1.8,6.9,2.4,12.6,9.9,21.3,ok
20260615,08,5,1.0,17.4,60.4,35.4,64.2,8.8,ok
20260615,08,6,1.4,3.2,19.5,8.3,7.5,36.6,ok
20260615,08,7,1.3,5.5,6.4,18.3,7.1,14.1,ok
20260615,08,8,1.6,4.1,3.8,6.2,38.8,20.5,ok
20260615,08,9,1.4,8.7,5.9,8.2,5.5,17.1,ok
20260615,08,10,1.1,6.4,9.9,16.7,8.0,34.9,ok
20260615,08,11,1.3,3.1,8.2,15.6,52.2,10.8,ok
20260615,08,12,1.3,8.1,16.6,3.3,23.5,13.3,ok
20260615,10,1,1.2,10.0,4.2,14.1,13.3,26.6,ok
20260615,10,2,1.2,6.2,10.5,8.2,12.0,20.3,ok
20260615,10,3,1.7,9.8,2.8,4.7,14.7,25.2,ok
20260615,10,4,1.6,10.9,14.7,2.8,5.9,18.7,ok
20260615,10,5,1.4,7.8,5.4,13.1,5.8,10.4,ok
20260615,10,6,1.6,5.3,5.6,8.0,14.3,5.6,ok
20260615,10,7,1.9,6.3,9.9,4.3,10.8,4.0,ok
20260615,10,8,1.5,6.0,11.0,8.9,4.0,13.7,ok
20260615,10,9,2.1,8.1,2.2,24.3,6.2,10.2,ok
20260615,10,10,1.5,2.8,5.0,14.0,35.0,35.0,ok
20260615,10,11,1.0,10.5,10.1,19.5,18.2,39.1,ok
20260615,10,12,1.2,4.7,16.0,6.7,89.8,8.1,ok
20260615,12,1,1.1,8.9,6.4,21.6,7.9,50.6,ok
20260615,12,2,1.6,9.6,2.2,6.8,36.0,36.0,ok
20260615,12,3,1.0,21.6,10.4,17.6,23.5,12.2,ok
20260615,12,4,1.2,5.1,9.3,6.0,12.8,86.4,ok
20260615,12,5,1.0,10.5,10.1,10.1,76.3,9.5,ok
20260615,12,6,1.4,5.4,10.8,3.4,10.3,195.7,ok
20260615,12,7,1.1,10.5,6.8,16.2,32.4,6.8,ok
20260615,12,8,1.8,12.5,10.1,1.7,21.4,52.1,ok
20260615,12,9,1.3,5.0,20.2,3.3,49.3,39.4,ok
20260615,12,10,1.3,3.0,7.8,15.2,36.6,21.5,ok
20260615,12,11,1.3,8.9,6.3,4.0,19.8,28.1,ok
20260615,12,12,1.0,7.5,9.7,15.2,41.6,44.6,ok
20260615,16,1,1.6,12.0,16.0,2.8,5.3,24.0,ok
20260615,16,2,1.1,10.3,9.1,6.8,10.3,82.5,ok
20260615,16,3,1.4,3.6,8.9,8.9,14.5,14.5,ok
20260615,16,4,1.6,7.5,5.3,4.4,14.7,9.9,ok
20260615,16,5,1.2,11.5,14.6,3.9,55.6,9.5,ok
20260615,16,6,1.6,7.3,8.6,7.1,3.7,17.3,ok
20260615,16,7,1.2,9.1,4.8,15.2,8.7,22.8,ok
20260615,16,8,1.6,16.8,3.5,11.7,14.7,4.5,ok
20260615,16,9,1.3,10.3,3.8,6.9,18.1,29.1,ok
20260615,16,10,1.0,5.0,14.2,17.4,31.3,19.5,ok
20260615,16,12,1.1,8.8,10.7,8.1,10.7,34.0,ok
20260615,19,1,1.2,14.2,3.8,17.5,7.3,38.1,ok
20260615,19,2,2.8,6.5,1.5,8.1,36.8,55.3,ok
20260615,19,3,4.0,1.9,4.6,4.8,13.4,10.8,ok
20260615,19,4,1.8,2.9,5.4,5.0,35.9,17.9,ok
20260615,19,5,1.1,14.6,31.6,4.3,7.3,57.0,ok
20260615,19,6,3.1,6.7,1.5,7.1,35.0,21.0,ok
20260615,19,7,1.6,13.3,9.5,7.4,2.8,14.1,ok
20260615,19,8,1.6,3.2,11.1,5.4,12.1,20.8,ok
20260615,19,9,2.5,2.4,15.1,22.9,2.6,18.9,ok
20260615,19,10,1.3,4.8,7.5,12.1,13.5,8.1,ok
20260615,19,11,1.8,3.4,7.9,3.3,21.6,60.6,ok
20260615,19,12,1.6,14.5,5.1,2.8,14.8,32.3,ok
20260615,20,1,3.9,2.4,8.6,2.3,11.0,20.2,ok
20260615,20,2,1.4,4.4,6.4,9.3,8.4,84.0,ok
20260615,20,3,1.9,3.8,6.1,3.2,32.0,14.2,ok
20260615,20,4,1.1,35.8,11.0,10.2,4.9,13.0,ok
20260615,20,5,1.1,5.2,12.8,7.7,38.5,64.2,ok
20260615,20,6,1.0,16.4,7.2,28.8,18.1,7.6,ok
20260615,20,7,1.5,7.1,5.6,12.7,8.9,6.1,ok
20260615,20,8,1.1,3.6,10.0,19.2,35.2,52.8,ok
20260615,20,9,1.1,7.4,5.9,14.9,22.4,59.7,ok
20260615,20,10,1.4,5.2,4.8,5.5,23.7,23.7,ok
20260615,20,11,2.0,5.7,3.1,7.5,9.5,8.8,ok
20260615,20,12,1.1,8.0,12.7,6.7,10.0,26.4,ok
20260615,21,1,1.2,12.6,5.1,10.5,18.0,8.4,ok
20260615,21,2,1.9,18.5,3.9,2.5,8.5,74.2,ok
20260615,21,3,1.3,7.0,5.8,6.6,11.2,27.5,ok
20260615,21,4,1.0,12.9,12.5,8.0,10.0,40.3,ok
20260615,21,5,1.1,10.3,9.2,26.3,14.9,7.7,ok
20260615,21,6,1.8,2.7,10.7,12.0,8.0,7.1,ok
20260615,21,7,1.5,7.2,5.3,5.3,10.3,11.0,ok
20260615,21,8,1.6,2.2,12.0,9.8,54.3,13.5,ok
20260615,21,9,1.1,6.4,6.4,15.3,24.2,20.7,ok
20260615,21,10,1.4,14.1,9.7,12.6,56.7,2.7,ok
20260615,21,11,1.0,9.8,7.5,25.5,8.5,31.8,ok
20260615,21,12,1.7,9.3,11.4,2.9,7.9,11.4,ok
20260615,22,1,1.0,7.7,12.8,21.4,13.7,48.1,ok
20260615,22,2,5.6,1.4,4.4,5.1,71.4,25.9,ok
20260615,22,3,3.1,18.1,2.4,9.8,2.4,27.1,ok
20260615,22,4,3.1,3.3,2.5,13.8,4.3,44.4,ok
20260615,22,5,2.0,3.4,3.5,4.9,27.6,44.2,ok
20260615,22,6,5.0,2.4,3.0,6.4,10.8,6.7,ok
20260615,22,7,8.4,6.1,1.8,31.5,2.2,34.6,ok
20260615,22,8,1.3,4.9,14.7,4.2,29.4,34.3,ok
20260615,22,9,1.4,2.9,6.2,13.6,30.4,27.3,ok
20260615,22,10,1.4,2.9,5.2,15.6,19.5,58.6,ok
20260615,22,11,1.4,2.6,10.1,10.1,18.7,48.7,ok
20260615,22,12,1.4,3.3,11.5,16.8,8.5,15.8,ok
20260615,06,7,4.3,4.7,,1.5,9.0,6.9,part
20260615,16,11,1.0,27.7,13.8,18.5,18.5,,part
20260616,01,1,1.3,5.2,29.7,4.6,29.7,9.9,ok
20260616,01,2,1.6,1.9,11.1,16.7,20.9,55.7,ok
20260616,01,3,2.2,2.5,27.3,24.8,2.5,45.6,ok
20260616,01,4,1.3,2.0,28.7,23.5,86.2,64.6,ok
20260616,01,5,3.3,1.6,6.5,19.4,37.1,4.5,ok
20260616,01,6,1.0,38.7,27.1,12.9,90.5,67.8,ok
20260616,01,7,1.5,19.6,2.9,5.3,9.2,47.7,ok
20260616,01,8,2.2,7.3,2.9,9.0,4.0,17.5,ok
20260616,01,9,1.7,2.7,10.2,9.7,5.9,32.7,ok
20260616,01,10,1.0,14.9,7.8,16.0,11.4,13.5,ok
20260616,01,11,1.3,6.7,10.6,5.0,17.2,10.8,ok
20260616,03,1,1.9,5.7,2.5,8.6,10.4,20.8,ok
20260616,03,2,2.3,2.7,2.5,15.3,13.6,61.5,ok
20260616,03,3,1.7,2.8,10.5,4.1,68.6,15.2,ok
20260616,03,4,3.4,4.0,4.1,2.4,8.6,32.4,ok
20260616,03,5,3.0,6.2,4.2,2.4,11.3,8.5,ok
20260616,03,6,1.5,8.4,8.4,42.0,11.2,3.1,ok
20260616,03,7,2.8,2.7,6.1,2.9,19.6,16.3,ok
20260616,03,8,2.6,1.6,7.6,16.2,6.9,48.7,ok
20260616,03,9,1.6,15.6,6.2,6.5,3.1,41.6,ok
20260616,03,10,1.0,14.9,10.8,7.4,29.8,19.8,ok
20260616,03,11,1.4,5.9,6.7,4.2,27.1,22.6,ok
20260616,03,12,1.3,6.9,9.0,7.0,9.2,13.8,ok
20260616,06,1,1.9,1.9,11.2,28.1,6.6,37.5,ok
20260616,06,2,3.2,7.5,3.2,3.2,4.4,18.7,ok
20260616,06,3,1.5,4.5,11.8,3.6,15.7,47.2,ok
20260616,06,4,1.2,9.9,79.5,4.4,39.7,7.2,ok
20260616,06,5,1.1,14.2,16.6,9.0,4.5,49.8,ok
20260616,06,6,1.6,13.0,16.5,10.1,60.7,2.1,ok
20260616,06,7,1.3,3.7,8.7,16.5,15.0,11.8,ok
20260616,06,8,1.1,9.6,5.0,10.5,26.4,17.6,ok
20260616,06,9,1.2,7.8,5.2,25.2,42.0,7.4,ok
20260616,06,10,2.1,1.6,26.2,5.5,72.1,96.2,ok
20260616,06,11,1.2,5.7,8.2,5.5,38.5,115.5,ok
20260616,06,12,1.1,6.6,11.3,12.9,11.3,14.2,ok
20260616,08,1,1.2,9.7,6.0,5.4,17.5,25.0,ok
20260616,08,2,3.5,5.8,1.8,5.5,25.9,8.6,ok
20260616,08,3,1.1,6.9,13.1,6.1,17.9,74.6,ok
20260616,08,4,1.6,3.0,4.1,10.8,24.3,39.0,ok
20260616,08,5,1.5,4.2,8.3,34.5,8.1,5.4,ok
20260616,08,6,1.2,6.4,17.3,9.8,7.3,9.8,ok
20260616,08,7,1.2,5.9,16.9,5.7,7.7,42.3,ok
20260616,08,8,2.0,9.0,2.8,6.5,4.7,39.2,ok
20260616,08,9,1.2,13.4,6.1,4.6,16.4,29.9,ok
20260616,08,10,1.4,3.3,11.6,6.1,16.3,25.0,ok
20260616,08,11,1.2,5.2,12.5,6.4,23.0,19.7,ok
20260616,08,12,1.1,7.0,9.4,9.3,24.5,16.8,ok
20260616,09,1,1.9,7.1,9.5,12.2,2.7,8.5,ok
20260616,09,2,1.5,5.9,4.9,8.8,5.2,44.2,ok
20260616,09,3,1.8,16.2,4.0,5.8,12.9,4.1,ok
20260616,09,4,2.7,3.5,4.7,5.9,7.1,5.9,ok
20260616,09,5,1.0,13.4,15.0,16.1,120.7,80.5,ok
20260616,09,6,4.1,1.7,6.7,8.2,5.6,17.8,ok
20260616,09,7,1.4,4.9,15.9,3.9,19.8,13.2,ok
20260616,09,10,1.7,2.0,12.0,9.4,18.9,26.5,ok
20260616,09,11,1.0,33.7,8.4,16.8,135.0,67.5,ok
20260616,10,1,1.2,6.1,7.1,9.6,10.4,90.5,ok
20260616,10,2,2.0,2.9,8.5,7.7,13.1,5.4,ok
20260616,10,3,1.3,7.9,5.6,5.6,13.2,39.7,ok
20260616,10,4,4.3,4.2,3.0,3.3,6.8,9.5,ok
20260616,10,6,1.0,14.1,8.9,18.9,34.0,18.9,ok
20260616,10,7,1.2,7.1,10.3,15.5,4.8,46.5,ok
20260616,10,8,1.0,29.8,223.5,40.6,149.0,149.0,ok
20260616,10,9,1.1,12.0,5.6,13.8,16.1,19.3,ok
20260616,10,10,1.0,6.4,29.8,74.6,7.8,49.7,ok
20260616,10,11,1.1,10.0,5.6,15.4,18.9,13.0,ok
20260616,10,12,1.5,2.2,16.7,15.9,15.2,31.9,ok
20260616,12,1,1.8,2.4,17.4,9.6,4.9,65.4,ok
20260616,12,2,1.0,6.6,33.2,7.6,24.9,49.8,ok
20260616,12,4,1.4,2.7,5.4,36.3,16.7,31.1,ok
20260616,12,5,1.7,22.6,38.7,27.1,45.2,1.5,ok
20260616,12,6,1.5,13.1,2.2,19.9,16.3,33.7,ok
20260616,12,7,2.4,1.7,18.0,10.4,5.6,52.3,ok
20260616,12,8,1.6,2.8,25.5,8.0,12.7,6.8,ok
20260616,12,9,1.9,8.9,1.9,10.4,16.3,27.5,ok
20260616,12,10,2.0,12.9,10.5,1.7,17.2,21.1,ok
20260616,12,11,1.0,8.7,19.9,11.2,23.5,21.6,ok
20260616,12,12,1.1,8.9,11.9,9.5,10.9,24.6,ok
20260616,16,1,1.2,23.2,4.1,6.9,13.9,23.2,ok
20260616,16,2,1.2,35.2,7.0,5.8,8.8,17.6,ok
20260616,16,3,1.7,6.0,7.8,9.1,4.9,6.0,ok
20260616,16,4,1.3,12.4,4.1,4.8,45.5,19.5,ok
20260616,16,5,1.0,15.1,105.7,3.9,15.1,105.7,ok
20260616,16,6,2.0,126.0,1.4,14.0,21.0,63.0,ok
20260616,16,7,1.6,1.8,18.7,14.0,56.2,28.1,ok
20260616,16,8,1.1,10.2,6.0,17.4,21.8,15.8,ok
20260616,16,9,1.1,21.0,4.8,12.6,10.5,31.5,ok
20260616,16,10,1.1,6.8,7.1,11.5,18.8,21.5,ok
20260616,16,11,1.5,3.4,10.3,4.7,21.7,32.6,ok
20260616,16,12,1.0,6.5,9.1,8.3,57.6,173.0,ok
20260616,18,1,1.0,10.2,6.9,13.9,24.1,37.9,ok
20260616,18,2,2.9,3.3,4.1,3.1,17.0,12.4,ok
20260616,18,3,1.5,16.0,3.9,14.5,3.8,32.1,ok
20260616,18,4,1.0,6.4,25.6,16.0,12.8,14.2,ok
20260616,18,5,1.7,11.2,2.9,7.0,14.0,8.4,ok
20260616,18,6,2.4,1.7,7.3,18.7,6.2,84.3,ok
20260616,18,7,1.4,7.1,4.2,13.4,6.5,60.5,ok
20260616,18,8,1.4,2.4,18.9,14.7,12.0,22.1,ok
20260616,18,9,1.6,2.2,12.5,11.6,13.6,23.3,ok
20260616,18,10,1.4,6.7,4.7,5.8,43.0,10.7,ok
20260616,18,12,1.2,9.0,9.8,9.0,9.0,13.0,ok
20260616,19,1,1.2,21.1,6.8,3.3,22.7,147.7,ok
20260616,19,2,1.6,7.2,2.3,9.9,34.1,39.8,ok
20260616,19,3,1.7,8.3,4.2,9.9,79.5,3.5,ok
20260616,19,4,1.5,5.2,4.3,17.3,14.0,8.2,ok
20260616,19,5,1.1,10.2,13.3,10.2,6.8,16.1,ok
20260616,19,6,2.3,8.5,8.5,2.6,8.0,6.1,ok
20260616,19,7,1.2,8.8,10.6,5.1,19.2,18.4,ok
20260616,19,8,1.3,10.4,5.3,4.8,13.0,23.6,ok
20260616,19,9,1.3,7.9,4.9,7.5,16.3,20.8,ok
20260616,19,10,1.4,10.5,5.7,3.4,24.9,26.6,ok
20260616,19,11,1.3,10.3,2.8,9.8,24.5,69.8,ok
20260616,19,12,1.5,8.4,4.5,5.0,19.0,12.7,ok
20260616,21,1,1.1,6.6,8.4,20.4,14.3,15.0,ok
20260616,21,2,1.2,7.0,22.6,3.4,24.4,35.2,ok
20260616,21,3,1.4,15.4,4.7,13.6,3.6,28.9,ok
20260616,21,4,1.0,8.0,13.2,13.9,9.3,33.5,ok
20260616,21,5,1.4,7.7,27.5,3.5,5.2,68.8,ok
20260616,21,6,1.2,8.9,11.3,16.9,9.9,6.0,ok
20260616,21,7,1.1,53.0,7.2,5.6,9.9,53.0,ok
20260616,21,8,1.8,4.2,5.7,6.6,6.9,11.9,ok
20260616,21,9,1.8,2.0,7.5,27.7,16.6,11.8,ok
20260616,21,10,2.3,16.9,3.2,3.6,5.2,12.1,ok
20260616,21,11,1.4,3.7,,9.9,5.3,14.6,ok
20260616,21,12,1.5,15.8,16.7,100.2,1.9,33.4,ok
20260616,22,1,1.2,4.4,7.3,8.8,33.0,66.0,ok
20260616,22,2,1.1,5.5,13.0,156.0,5.3,156.0,ok
20260616,22,3,2.0,12.4,1.5,18.0,28.3,49.6,ok
20260616,22,4,1.0,13.3,20.8,5.8,14.4,37.5,ok
20260616,22,5,1.4,34.0,7.2,3.7,11.3,7.8,ok
20260616,22,6,1.7,37.6,8.1,4.0,30.1,3.1,ok
20260616,22,7,2.6,8.0,2.1,4.6,10.0,20.0,ok
20260616,22,8,1.0,12.5,10.7,11.5,25.0,37.5,ok
20260616,22,9,1.1,11.3,4.2,11.3,22.7,27.3,ok
20260616,22,10,1.1,4.2,9.0,25.9,33.0,36.3,ok
20260616,22,11,1.2,7.5,7.5,17.3,4.8,31.4,ok
20260616,22,12,1.2,7.4,4.8,15.6,12.8,18.7,ok
20260616,09,8,7.6,4.9,1.3,5.7,17.2,,part
20260616,09,9,1.0,13.8,7.4,10.2,19.4,,part
20260616,09,12,1.1,6.3,6.3,9.5,,19.0,part
20260616,10,5,1.5,3.8,14.8,5.2,,5.5,part
20260616,12,3,2.9,1.9,4.9,4.6,18.5,,part
20260616,18,11,1.7,9.8,3.4,3.4,,13.8,part
20260617,01,1,2.8,1.7,10.5,47.2,15.7,4.5,ok
20260617,01,2,2.6,2.7,4.0,5.4,15.6,10.9,ok
20260617,01,3,5.5,10.4,2.3,3.6,3.7,10.4,ok
20260617,01,4,6.3,1.3,5.0,19.3,7.3,13.6,ok
20260617,01,5,1.6,11.8,10.6,3.6,6.4,8.5,ok
20260617,01,6,1.1,9.8,9.3,9.3,12.1,25.7,ok
20260617,01,7,1.7,4.9,7.0,13.6,12.3,3.8,ok
20260617,01,8,2.5,6.9,8.5,20.1,4.6,2.4,ok
20260617,01,9,1.9,2.6,4.4,15.5,9.8,24.0,ok
20260617,01,10,1.0,3.9,14.5,44.1,36.5,96.4,ok
20260617,01,11,1.3,5.0,4.0,17.2,25.8,46.9,ok
20260617,01,12,1.9,2.7,8.5,19.8,4.9,9.9,ok
20260617,05,1,1.6,20.0,7.5,2.4,60.0,10.0,ok
20260617,05,2,6.6,1.4,4.9,18.3,24.5,4.9,ok
20260617,05,3,1.7,1.5,29.2,82.8,13.0,165.7,ok
20260617,05,4,2.0,4.5,7.8,2.6,10.0,55.1,ok
20260617,05,5,2.8,15.1,18.9,2.0,15.1,3.3,ok
20260617,05,6,2.1,4.0,2.9,35.2,10.0,7.0,ok
20260617,05,7,1.1,17.4,4.3,8.1,40.7,61.1,ok
20260617,05,8,1.5,4.3,9.9,9.0,4.1,54.5,ok
20260617,05,9,1.0,21.5,7.1,9.2,16.1,21.5,ok
20260617,05,10,1.2,12.3,4.9,4.9,74.2,74.2,ok
20260617,05,11,2.2,18.8,1.3,15.4,169.5,33.9,ok
20260617,05,12,1.2,9.7,7.3,10.0,8.0,22.0,ok
20260617,07,1,2.5,4.2,18.1,2.1,9.0,14.5,ok
20260617,07,2,2.6,3.2,1.9,12.8,51.3,25.6,ok
20260617,07,3,2.3,3.2,15.5,2.8,8.4,15.5,ok
20260617,07,4,2.9,2.1,3.1,10.1,18.3,18.3,ok
20260617,07,5,1.2,4.3,11.8,21.3,13.3,8.8,ok
20260617,07,6,1.5,2.3,9.2,41.8,18.5,11.1,ok
20260617,07,7,1.2,30.7,3.2,16.1,10.2,18.0,ok
20260617,07,8,1.2,10.9,5.6,11.3,8.4,22.7,ok
20260617,07,9,2.3,4.8,4.8,2.6,15.8,20.7,ok
20260617,07,10,1.6,6.4,6.2,5.9,7.1,10.9,ok
20260617,07,11,1.5,6.4,14.5,4.6,10.0,7.3,ok
20260617,07,12,1.5,24.5,15.0,2.4,11.2,12.2,ok
20260617,08,1,1.2,9.0,8.1,8.4,9.7,9.6,ok
20260617,08,2,1.0,15.2,3.8,24.0,42.0,126.1,ok
20260617,08,3,1.2,9.1,5.5,11.7,8.4,30.2,ok
20260617,08,4,1.0,9.8,6.5,12.1,22.3,,ok
20260617,08,5,1.2,7.4,7.1,8.0,10.1,64.5,ok
20260617,08,6,1.2,19.4,9.7,4.4,9.7,21.8,ok
20260617,08,7,1.1,6.6,23.0,7.9,10.8,51.7,ok
20260617,08,8,1.2,11.2,4.2,9.7,12.5,20.4,ok
20260617,08,9,1.0,7.0,13.1,14.7,12.2,50.5,ok
20260617,08,10,1.3,4.4,6.3,16.0,7.2,35.3,ok
20260617,08,11,1.0,7.5,10.5,16.1,23.3,42.0,ok
20260617,08,12,1.0,6.2,12.7,15.5,10.8,47.1,ok
20260617,09,1,1.0,21.3,12.2,5.0,21.3,42.7,ok
20260617,09,2,2.6,2.8,5.1,4.2,7.2,25.5,ok
20260617,09,3,6.4,5.1,4.6,7.5,8.4,1.9,ok
20260617,09,4,2.1,16.8,5.6,6.7,4.8,3.7,ok
20260617,09,6,1.6,5.0,21.1,8.1,26.4,3.2,ok
20260617,09,8,3.3,8.9,2.5,11.8,2.3,35.6,ok
20260617,09,9,1.7,3.4,13.8,3.9,11.1,18.5,ok
20260617,09,10,3.0,1.6,11.2,6.7,33.7,8.4,ok
20260617,09,11,1.0,15.7,15.7,12.6,6.3,63.0,ok
20260617,09,12,1.4,10.2,92.2,3.0,6.1,18.4,ok
20260617,12,1,3.1,1.4,8.4,6.3,59.0,177.0,ok
20260617,12,2,6.1,4.3,12.3,1.9,3.2,30.7,ok
20260617,12,3,2.9,5.5,8.5,2.6,3.6,23.8,ok
20260617,12,4,2.2,2.4,3.6,7.3,21.0,29.4,ok
20260617,12,5,1.4,3.8,4.9,9.4,14.1,42.3,ok
20260617,12,6,2.8,3.8,3.6,3.5,10.7,14.0,ok
20260617,12,7,4.0,1.8,4.6,3.4,42.1,37.5,ok
20260617,12,8,4.7,1.7,3.0,14.9,8.1,33.5,ok
20260617,12,9,5.5,2.0,7.5,2.7,6.9,56.3,ok
20260617,12,10,1.7,3.3,10.3,3.4,20.6,35.3,ok
20260617,12,11,1.2,6.3,6.4,9.2,12.3,23.5,ok
20260617,12,12,1.2,10.6,6.4,18.3,15.4,5.7,ok
20260617,13,1,2.7,6.0,3.1,6.0,6.1,6.1,ok
20260617,13,3,2.1,2.1,19.7,22.2,3.6,25.3,ok
20260617,13,4,3.4,1.6,6.8,8.1,8.6,21.6,ok
20260617,13,5,1.9,2.8,3.4,23.3,21.3,9.8,ok
20260617,13,6,1.9,64.5,6.4,1.6,43.0,64.5,ok
20260617,13,7,1.8,3.1,5.8,7.3,43.8,6.7,ok
20260617,13,8,1.0,15.7,7.8,7.8,78.7,39.3,ok
20260617,13,9,1.0,15.8,34.2,5.3,18.6,18.6,ok
20260617,13,10,1.2,16.6,10.4,4.1,27.7,8.3,ok
20260617,13,11,,2.9,2.3,6.1,4.3,5.9,ok
20260617,13,12,1.6,8.8,2.9,8.8,11.7,11.7,ok
20260617,17,1,1.4,3.2,29.9,3.2,179.6,179.6,ok
20260617,17,2,1.9,1.6,31.5,9.2,22.5,157.5,ok
20260617,17,3,2.9,4.4,1.8,7.4,13.4,26.8,ok
20260617,17,5,1.8,12.5,4.2,8.3,3.8,9.3,ok
20260617,17,6,7.0,5.8,6.3,3.9,1.6,49.5,ok
20260617,17,7,5.9,1.7,4.4,9.6,62.6,4.0,ok
20260617,17,8,1.5,7.2,5.7,4.7,10.8,13.9,ok
20260617,17,9,1.0,22.8,12.6,11.4,38.0,6.7,ok
20260617,17,10,3.0,2.5,2.8,10.9,9.7,17.5,ok
20260617,17,11,1.6,9.8,2.9,8.8,12.6,11.0,ok
20260617,17,12,1.3,7.2,7.2,6.5,7.2,24.0,ok
20260617,18,1,1.1,8.7,17.4,6.1,15.2,20.3,ok
20260617,18,2,1.2,8.9,8.9,9.5,8.7,11.5,ok
20260617,18,3,1.7,4.6,3.1,12.8,30.7,7.8,ok
20260617,18,4,1.8,3.7,15.9,2.7,17.1,20.2,ok
20260617,18,5,2.9,4.7,5.0,4.5,6.7,4.6,ok
20260617,18,6,2.3,2.6,4.7,5.2,20.6,13.9,ok
20260617,18,7,1.4,10.8,5.0,18.0,4.3,20.3,ok
20260617,18,8,1.2,3.3,25.2,15.4,23.1,16.3,ok
20260617,18,9,2.8,2.1,4.2,7.2,12.6,20.1,ok
20260617,18,10,2.8,1.8,4.2,51.0,5.6,51.0,ok
20260617,18,11,4.0,1.0,37.5,31.2,20.8,93.7,ok
20260617,18,12,1.4,11.3,9.1,3.1,17.5,19.2,ok
20260617,19,1,2.2,2.8,13.4,4.6,6.3,10.0,ok
20260617,19,2,1.1,9.9,4.9,17.4,19.9,19.9,ok
20260617,19,3,1.3,10.9,4.2,7.6,25.6,10.6,ok
20260617,19,4,1.4,5.8,4.1,20.7,10.3,9.6,ok
20260617,19,5,1.6,2.7,15.3,6.0,11.5,19.1,ok
20260617,19,6,1.9,4.3,16.9,14.0,3.2,7.0,ok
20260617,19,7,1.0,22.9,5.7,8.0,26.4,28.6,ok
20260617,19,8,1.0,7.4,15.0,14.3,9.3,25.6,ok
20260617,19,9,1.3,12.1,4.5,6.6,23.4,10.8,ok
20260617,19,10,1.1,3.7,10.4,14.4,23.1,38.6,ok
20260617,19,11,1.2,12.9,7.1,9.3,5.1,46.7,ok
20260617,19,12,1.2,12.0,12.3,5.3,6.6,34.5,ok
20260617,21,1,1.3,3.8,12.8,7.7,12.8,39.6,ok
20260617,21,2,1.2,19.2,11.2,3.6,18.0,14.2,ok
20260617,21,3,1.7,14.2,3.0,9.3,4.7,29.7,ok
20260617,21,4,1.1,4.6,11.4,15.4,23.8,18.2,ok
20260617,21,5,1.2,13.5,5.4,11.2,13.5,11.9,ok
20260617,21,6,3.3,3.1,1.9,14.2,23.5,11.7,ok
20260617,21,7,1.4,8.5,3.6,7.2,14.5,18.1,ok
20260617,21,8,2.8,1.4,10.7,6.5,35.8,43.0,ok
20260617,21,9,2.7,5.3,2.6,12.3,3.1,61.8,ok
20260617,21,10,2.0,2.0,12.5,8.8,18.7,9.3,ok
20260617,21,11,1.3,3.3,8.8,13.3,11.8,53.2,ok
20260617,21,12,2.7,2.9,5.6,3.9,6.5,24.9,ok
20260617,22,1,1.1,7.0,9.8,12.6,9.8,24.2,ok
20260617,22,2,1.4,3.6,21.7,3.6,38.0,38.0,ok
20260617,22,3,2.5,3.8,2.0,29.6,8.8,29.6,ok
20260617,22,4,4.1,3.2,2.9,6.6,3.8,26.5,ok
20260617,22,5,1.4,3.1,9.9,8.5,14.8,25.5,ok
20260617,22,6,1.8,2.5,9.0,22.0,49.6,4.8,ok
20260617,22,7,1.0,13.7,6.3,17.0,21.0,27.5,ok
20260617,22,8,1.3,4.4,9.5,11.4,7.1,22.9,ok
20260617,22,9,1.4,4.5,6.8,7.5,7.5,34.0,ok
20260617,22,10,1.5,5.5,4.7,5.9,14.6,22.5,ok
20260617,22,11,1.4,5.4,7.4,9.8,9.8,7.4,ok
20260617,22,12,1.2,5.3,4.5,12.3,26.7,27.1,ok
20260617,24,1,1.3,3.7,11.6,7.4,81.7,10.2,ok
20260617,24,2,1.4,3.8,14.2,4.2,17.5,38.1,ok
20260617,24,3,3.1,11.0,36.3,2.2,21.1,2.4,ok
20260617,24,4,1.6,5.3,5.7,8.4,6.3,10.2,ok
20260617,24,5,1.1,15.8,6.6,7.5,18.6,35.2,ok
20260617,24,6,2.1,6.7,4.8,2.8,17.8,9.7,ok
20260617,24,7,1.9,2.6,12.9,3.6,14.0,168.0,ok
20260617,24,8,1.3,5.7,6.4,13.1,10.4,9.7,ok
20260617,24,9,1.1,7.8,4.5,32.5,16.2,24.3,ok
20260617,24,10,1.2,15.5,5.1,6.5,12.4,21.9,ok
20260617,24,11,1.0,9.9,13.9,17.3,12.6,34.7,ok
20260617,24,12,1.0,8.5,7.0,13.4,21.0,25.9,ok
20260617,09,5,1.1,9.5,6.6,5.7,86.2,,part
20260617,09,7,2.1,2.6,2.9,26.2,8.7,,part
20260617,13,2,2.3,2.0,13.5,27.0,3.3,,part
20260617,17,4,1.6,3.1,16.3,4.5,7.4,,part
20260618,01,1,1.3,4.0,7.5,18.7,11.2,22.5,ok
20260618,01,2,1.1,6.7,14.8,8.2,10.6,18.5,ok
20260618,01,3,1.5,15.7,2.5,9.4,18.9,15.7,ok
20260618,01,4,2.4,1.8,18.4,4.7,16.1,12.9,ok
20260618,01,5,2.2,3.2,4.1,11.3,4.2,59.1,ok
20260618,01,6,1.3,17.6,8.1,3.8,7.6,57.3,ok
20260618,01,7,1.0,44.2,14.7,44.2,35.4,14.7,ok
20260618,01,8,1.5,14.2,16.0,14.2,2.7,8.8,ok
20260618,01,9,1.7,3.1,6.7,8.0,9.2,14.6,ok
20260618,01,10,1.1,16.9,13.4,5.4,8.6,24.0,ok
20260618,01,11,1.4,2.6,15.6,10.5,12.2,26.0,ok
20260618,01,12,1.2,5.1,11.3,5.6,13.2,40.6,ok
20260618,02,1,4.0,1.7,3.9,5.0,24.0,33.6,ok
20260618,02,2,2.0,3.6,3.3,13.7,5.4,64.0,ok
20260618,02,3,2.1,3.9,2.8,9.7,6.7,58.3,ok
20260618,02,4,3.3,2.8,2.5,11.2,12.5,8.9,ok
20260618,02,5,2.2,5.2,9.6,2.0,16.0,26.6,ok
20260618,02,6,3.5,3.1,5.4,5.7,3.0,19.6,ok
20260618,02,7,1.1,10.6,6.0,15.7,14.4,10.0,ok
20260618,02,8,2.8,1.5,26.0,5.3,23.4,11.7,ok
20260618,02,9,1.6,3.1,8.7,7.3,24.6,8.4,ok
20260618,02,10,1.3,6.0,18.9,4.3,23.6,13.5,ok
20260618,02,11,1.2,6.3,7.0,6.0,23.7,20.1,ok
20260618,02,12,1.3,6.8,5.5,11.5,16.3,10.5,ok
20260618,04,1,2.4,6.4,2.9,4.3,5.8,32.2,ok
20260618,04,2,1.9,9.8,13.3,6.6,2.5,10.5,ok
20260618,04,3,2.8,7.1,18.5,1.6,8.0,26.4,ok
20260618,04,4,1.8,3.0,8.7,8.1,13.7,6.2,ok
20260618,04,5,2.0,12.4,2.0,17.1,5.9,19.6,ok
20260618,04,6,5.3,1.0,17.6,22.7,22.7,39.7,ok
20260618,04,7,7.1,7.7,1.0,17.5,29.8,20.8,ok
20260618,04,8,1.3,7.4,33.5,2.5,67.1,22.3,ok
20260618,04,9,1.5,5.6,9.2,5.1,14.2,6.3,ok
20260618,04,10,2.0,3.0,3.0,18.3,9.1,55.0,ok
20260618,04,11,2.2,9.9,8.6,1.9,6.3,76.5,ok
20260618,04,12,1.3,5.0,6.7,13.8,7.7,21.0,ok
20260618,05,1,2.3,15.4,2.0,123.7,5.1,6.8,ok
20260618,05,3,2.6,6.1,5.6,2.1,36.7,8.1,ok
20260618,05,4,2.3,12.9,9.4,103.5,1.7,7.3,ok
20260618,05,5,1.6,4.8,3.7,10.2,9.0,18.0,ok
20260618,05,6,4.9,2.9,8.5,4.7,2.2,47.2,ok
20260618,05,8,1.0,13.6,32.8,4.0,164.2,82.1,ok
20260618,05,9,2.1,14.6,33.5,78.2,234.7,1.3,ok
20260618,05,10,1.0,15.9,31.8,7.9,63.7,63.7,ok
20260618,05,11,1.1,9.9,5.8,13.9,34.8,11.6,ok
20260618,05,12,1.0,25.0,25.0,9.7,9.3,28.1,ok
20260618,07,2,3.9,6.6,7.9,13.2,2.4,3.0,ok
20260618,07,3,2.3,2.5,22.5,22.5,2.5,45.0,ok
20260618,07,4,5.7,5.5,4.9,11.1,67.0,1.4,ok
20260618,07,5,2.8,9.1,1.9,14.0,5.5,9.1,ok
20260618,07,6,1.3,7.6,16.2,3.4,13.2,24.3,ok
20260618,07,7,2.1,12.8,1.4,24.7,20.3,57.7,ok
20260618,07,8,2.3,10.4,2.6,10.6,,2.9,ok
20260618,07,9,1.3,22.1,10.2,2.6,24.1,24.1,ok
20260618,07,10,2.1,9.3,6.4,3.2,10.7,4.8,ok
20260618,07,11,2.1,48.7,17.8,31.7,1.3,24.3,ok
20260618,07,12,1.5,3.1,28.3,6.6,13.2,9.4,ok
20260618,08,1,1.2,3.4,31.0,10.3,25.8,22.1,ok
20260618,08,2,1.4,13.9,2.4,30.6,18.0,12.7,ok
20260618,08,3,2.5,2.5,6.2,5.7,9.1,9.5,ok
20260618,08,4,1.0,6.0,20.1,60.4,37.7,100.7,ok
20260618,08,5,1.0,10.5,12.8,10.2,15.8,13.7,ok
20260618,08,6,1.0,10.3,17.4,9.3,15.5,19.9,ok
20260618,08,7,1.3,12.0,5.0,12.8,17.4,5.4,ok
20260618,08,8,1.0,25.2,12.6,9.7,12.0,8.7,ok
20260618,08,9,1.3,9.0,15.1,4.5,12.8,7.5,ok
20260618,08,10,1.6,3.7,4.1,10.6,14.3,22.7,ok
20260618,08,11,1.0,10.2,20.0,25.3,21.8,40.1,ok
20260618,08,12,1.4,5.0,4.8,10.0,10.6,29.9,ok
20260618,09,1,1.2,4.9,8.2,8.2,24.7,49.5,ok
20260618,09,2,1.2,6.4,4.8,16.6,10.4,83.2,ok
20260618,09,3,2.6,18.7,1.7,11.7,6.6,11.7,ok
20260618,09,6,1.9,2.5,15.0,6.5,17.5,7.0,ok
20260618,09,7,3.2,1.7,5.0,70.5,4.7,70.5,ok
20260618,09,9,3.4,1.1,38.8,10.9,66.3,70.5,ok
20260618,09,10,2.7,5.6,2.7,8.0,6.0,7.3,ok
20260618,09,11,1.1,17.3,4.0,10.4,52.1,20.8,ok
20260618,09,12,1.8,11.8,7.8,4.2,3.3,23.6,ok
20260618,13,1,1.8,11.4,1.7,71.8,20.5,13.6,ok
20260618,13,2,3.6,41.7,4.3,1.3,62.6,41.7,ok
20260618,13,3,4.7,5.2,1.7,9.9,4.7,24.7,ok
20260618,13,4,2.1,2.4,4.3,8.3,22.6,13.1,ok
20260618,13,5,3.6,1.8,8.8,11.3,3.6,28.4,ok
20260618,13,6,1.0,9.0,14.4,10.2,28.8,9.0,ok
20260618,13,7,6.2,7.2,21.7,1.2,14.5,8.7,ok
20260618,13,9,1.1,8.6,20.2,12.1,15.1,5.5,ok
20260618,13,10,1.3,49.8,33.2,2.3,33.2,16.6,ok
20260618,13,11,1.0,27.2,7.1,7.1,40.8,18.1,ok
20260618,13,12,1.0,13.2,16.5,11.0,16.5,11.0,ok
20260618,17,1,1.0,7.5,6.1,27.9,19.5,97.8,ok
20260618,17,2,4.4,17.8,2.2,2.1,14.8,14.8,ok
20260618,17,4,2.5,9.8,3.2,3.4,19.6,5.2,ok
20260618,17,5,1.0,21.5,34.9,39.9,34.9,55.9,ok
20260618,17,6,5.2,2.6,9.4,7.7,3.0,4.9,ok
20260618,17,7,2.1,17.8,57.9,12.8,1.4,21.0,ok
20260618,17,8,1.3,4.5,24.7,4.3,16.5,24.7,ok
20260618,17,9,1.3,25.5,7.1,11.1,7.1,4.8,ok
20260618,17,10,3.8,3.1,3.9,13.3,19.0,2.7,ok
20260618,17,11,1.5,11.5,8.6,3.1,17.2,8.6,ok
20260618,17,12,1.1,6.4,,6.9,7.9,17.2,ok
20260618,18,1,1.2,29.8,6.2,13.5,4.1,24.8,ok
20260618,18,2,1.2,12.7,9.5,5.1,17.6,12.7,ok
20260618,18,3,2.0,10.2,2.1,17.4,34.8,5.2,ok
20260618,18,4,1.4,3.6,6.9,14.7,13.0,13.0,ok
20260618,18,5,1.6,2.9,8.6,6.2,17.8,13.9,ok
20260618,18,6,1.9,8.0,2.1,8.5,10.3,62.2,ok
20260618,18,7,2.1,11.6,3.2,2.4,20.7,41.5,ok
20260618,18,8,2.0,2.2,17.1,10.6,17.1,5.5,ok
20260618,18,9,1.2,5.4,12.2,6.2,11.1,28.5,ok
20260618,18,10,1.9,6.1,3.3,14.4,3.8,28.9,ok
20260618,18,11,2.1,3.6,3.5,4.9,12.1,34.5,ok
20260618,18,12,1.2,19.3,2.8,11.6,19.3,58.1,ok
20260618,20,1,1.2,5.8,41.2,4.1,20.6,17.6,ok
20260618,20,2,1.8,2.8,3.3,14.8,29.7,29.7,ok
20260618,20,3,1.8,2.0,19.1,8.1,12.7,19.1,ok
20260618,20,4,1.7,8.5,3.2,11.2,5.1,25.7,ok
20260618,20,5,2.5,2.7,8.2,3.3,11.9,12.7,ok
20260618,20,6,1.1,8.7,9.0,11.3,32.6,10.0,ok
20260618,20,7,1.4,24.1,5.8,2.9,24.1,36.2,ok
20260618,20,8,1.2,5.7,6.9,9.6,15.2,21.4,ok
20260618,20,9,1.1,15.0,15.5,4.5,16.0,14.2,ok
20260618,20,10,1.3,8.1,7.5,5.2,33.2,11.4,ok
20260618,20,11,1.0,15.5,7.9,7.8,22.2,20.8,ok
20260618,20,12,1.2,7.0,6.8,11.8,8.3,22.2,ok
20260618,21,1,1.0,16.4,14.8,15.6,26.0,52.1,ok
20260618,21,2,1.6,9.1,6.0,2.5,17.4,43.5,ok
20260618,21,3,1.4,9.9,2.7,12.9,12.0,28.1,ok
20260618,21,4,1.1,21.2,14.5,8.6,17.2,6.1,ok
20260618,21,5,1.2,5.8,6.8,19.5,6.6,33.4,ok
20260618,21,6,1.9,2.3,3.5,34.5,12.9,103.5,ok
20260618,21,7,2.0,5.4,8.1,2.6,6.6,146.2,ok
20260618,21,8,2.1,11.7,1.3,35.3,70.7,70.7,ok
20260618,21,9,1.7,7.2,1.8,27.0,27.0,36.0,ok
20260618,21,10,1.7,4.5,9.9,9.9,3.5,16.6,ok
20260618,21,11,1.0,14.7,24.5,24.5,21.0,9.8,ok
20260618,21,12,1.0,20.9,8.3,5.2,20.9,104.6,ok
20260618,24,1,1.6,4.2,3.7,47.2,10.5,7.8,ok
20260618,24,2,1.2,7.9,3.8,11.2,16.8,67.5,ok
20260618,24,3,1.0,24.3,6.0,8.1,16.2,48.7,ok
20260618,24,4,2.1,6.7,3.7,8.4,4.8,8.4,ok
20260618,24,5,1.0,21.6,12.5,13.9,9.9,19.8,ok
20260618,24,6,1.4,5.5,6.5,10.6,18.3,5.9,ok
20260618,24,7,1.3,3.1,13.5,9.9,10.6,37.3,ok
20260618,24,8,1.8,4.3,2.8,10.0,18.6,18.6,ok
20260618,24,9,1.3,5.6,10.1,13.5,6.2,13.1,ok
20260618,24,10,1.7,3.7,5.5,6.9,11.4,14.2,ok
20260618,24,11,1.5,5.1,4.1,10.8,8.5,22.1,ok
20260618,24,12,1.2,11.6,9.7,17.8,3.5,43.3,ok
20260618,05,2,5.3,3.9,18.3,1.3,10.1,,part
20260618,05,7,1.1,13.6,2.5,,,,part
20260618,09,4,1.6,4.8,8.0,6.0,4.8,,part
20260618,09,5,1.2,3.0,12.0,24.0,24.0,,part
20260618,09,8,,1.0,,17.2,,,part
20260618,13,8,1.0,13.6,4.5,13.6,,27.3,part
20260618,17,3,2.0,2.8,5.0,16.5,4.4,,part
20260619,02,1,1.9,5.0,10.2,4.5,4.1,16.1,ok
20260619,02,2,5.0,2.5,2.5,12.0,4.8,14.8,ok
20260619,02,3,5.8,3.6,2.1,5.4,25.1,5.0,ok
20260619,02,4,10.3,2.6,24.6,1.5,9.7,16.0,ok
20260619,02,5,2.9,11.6,2.5,2.6,9.0,25.7,ok
20260619,02,6,2.0,3.6,18.3,6.1,3.9,10.5,ok
20260619,02,7,1.0,16.5,36.8,4.5,20.2,22.3,ok
20260619,02,8,1.3,62.8,5.9,16.5,5.5,6.0,ok
20260619,02,9,3.2,3.8,2.1,30.3,5.6,10.1,ok
20260619,02,10,2.5,1.6,8.9,6.0,37.6,47.0,ok
20260619,02,11,2.0,3.4,9.4,3.4,15.8,9.7,ok
20260619,02,12,1.2,15.3,10.0,4.0,36.3,13.8,ok
20260619,04,1,2.4,7.2,14.4,8.8,1.9,11.3,ok
20260619,04,2,1.8,12.1,2.3,11.0,8.2,15.8,ok
20260619,04,3,1.3,5.8,3.2,28.5,25.4,45.7,ok
20260619,04,4,2.5,8.6,3.6,6.2,6.2,4.3,ok
20260619,04,5,1.9,4.6,5.3,8.6,6.9,6.2,ok
20260619,04,6,1.7,2.0,24.2,8.8,8.8,48.5,ok
20260619,04,7,3.0,4.0,2.8,18.1,5.0,6.0,ok
20260619,04,8,1.7,16.6,5.8,2.1,24.9,33.2,ok
20260619,04,9,1.6,6.6,3.5,7.9,19.8,9.1,ok
20260619,04,10,1.0,8.4,15.1,7.2,34.8,43.5,ok
20260619,04,11,3.1,4.2,6.7,2.4,7.1,12.8,ok
20260619,04,12,1.0,6.6,20.1,21.8,11.8,19.3,ok
20260619,05,1,2.6,22.5,2.7,2.2,17.3,20.5,ok
20260619,05,2,1.9,19.2,19.2,19.2,2.7,3.3,ok
20260619,05,3,1.7,3.7,3.9,5.8,29.2,43.8,ok
20260619,05,4,2.0,1.9,20.3,9.6,20.3,8.7,ok
20260619,05,5,3.6,1.0,39.8,19.9,119.6,239.2,ok
20260619,05,6,1.6,3.8,4.6,6.4,12.8,30.7,ok
20260619,05,7,4.6,1.5,2.5,93.0,46.5,46.5,ok
20260619,05,8,1.0,14.2,7.1,21.3,9.5,42.7,ok
20260619,05,9,4.8,2.8,66.1,88.2,48.1,1.3,ok
20260619,05,10,1.1,5.4,5.3,19.1,57.3,45.9,ok
20260619,05,11,1.1,5.2,9.7,13.7,12.3,78.0,ok
20260619,05,12,3.6,14.5,1.1,39.7,35.0,28.3,ok
20260619,07,1,2.3,2.2,5.9,7.4,37.1,6.7,ok
20260619,07,2,2.6,3.4,3.9,10.0,3.7,18.1,ok
20260619,07,3,14.5,2.2,1.7,6.2,14.5,24.8,ok
20260619,07,4,5.7,2.3,2.6,11.5,3.7,50.2,ok
20260619,07,5,1.7,9.0,9.0,5.1,3.4,23.5,ok
20260619,07,6,1.8,9.7,12.7,3.2,11.1,4.5,ok
20260619,07,7,1.5,20.4,18.1,1.9,20.4,34.4,ok
20260619,07,8,3.0,2.4,4.5,,3.2,14.9,ok
20260619,07,9,1.0,8.9,11.2,12.2,18.8,12.4,ok
20260619,07,10,1.0,11.9,7.6,16.1,45.7,19.6,ok
20260619,07,11,1.0,8.1,6.7,25.5,34.0,45.4,ok
20260619,07,12,2.1,8.1,2.6,4.9,8.5,19.3,ok
20260619,09,1,1.0,27.1,27.1,15.5,12.0,27.1,ok
20260619,09,2,2.2,5.4,5.8,2.2,16.3,81.7,ok
20260619,09,3,5.2,2.4,9.1,3.0,3.6,36.7,ok
20260619,09,5,1.1,10.7,5.1,,7.5,25.1,ok
20260619,09,6,1.9,3.7,16.9,8.4,2.7,93.0,ok
20260619,09,7,1.1,13.8,6.2,11.5,6.9,34.5,ok
20260619,09,8,1.9,45.0,1.8,5.0,45.0,45.0,ok
20260619,09,9,1.2,3.0,14.6,21.9,12.5,,ok
20260619,09,11,1.0,11.5,28.8,12.3,19.2,57.7,ok
20260619,09,12,1.0,16.3,17.7,16.3,30.4,106.5,ok
20260619,11,1,1.5,4.4,12.0,8.8,18.7,4.5,ok
20260619,11,2,1.6,3.2,4.6,24.1,8.9,20.1,ok
20260619,11,3,2.2,2.0,7.8,35.2,4.7,35.2,ok
20260619,11,4,5.5,10.6,7.9,24.7,1.1,222.7,ok
20260619,11,5,1.0,9.7,123.7,19.5,30.9,18.5,ok
20260619,11,6,2.6,3.7,10.0,11.7,2.2,23.5,ok
20260619,11,8,1.3,6.1,6.4,5.9,45.2,12.3,ok
20260619,11,9,1.3,8.4,7.2,6.7,33.7,6.7,ok
20260619,11,10,1.5,7.9,7.1,7.9,3.3,75.3,ok
20260619,11,12,1.4,3.8,5.3,13.9,12.8,38.4,ok
20260619,13,1,2.6,10.4,1.3,28.2,20.1,20.1,ok
20260619,13,2,1.6,12.1,14.6,8.1,2.2,36.5,ok
20260619,13,3,1.3,54.6,2.3,7.6,31.8,382.5,ok
20260619,13,4,1.9,3.9,2.4,14.2,11.0,149.6,ok
20260619,13,5,1.2,3.0,15.6,29.3,8.6,46.9,ok
20260619,13,6,1.0,17.0,31.8,3.9,25.5,42.5,ok
20260619,13,7,3.0,2.2,10.3,2.9,20.7,14.5,ok
20260619,13,9,1.3,12.0,16.1,26.8,2.7,21.9,ok
20260619,13,10,1.5,64.6,1.7,18.4,25.8,64.6,ok
20260619,13,11,1.2,3.2,13.5,9.4,15.7,94.5,ok
20260619,13,12,1.1,8.4,11.5,7.4,8.4,25.3,ok
20260619,17,1,1.3,14.2,14.2,4.3,6.3,14.2,ok
20260619,17,2,1.3,2.6,24.7,19.8,12.3,49.5,ok
20260619,17,3,9.4,4.4,2.1,3.1,8.2,11.0,ok
20260619,17,4,3.7,22.5,1.2,15.5,101.2,7.5,ok
20260619,17,5,1.2,15.8,4.3,13.6,19.0,7.9,ok
20260619,17,6,2.9,2.6,2.0,16.5,20.6,41.2,ok
20260619,17,7,5.6,14.4,9.2,8.4,1.2,12.6,ok
20260619,17,8,5.5,1.4,12.4,19.9,16.6,3.6,ok
20260619,17,9,2.9,1.8,4.1,12.3,22.6,12.3,ok
20260619,17,10,4.0,2.0,6.9,13.9,12.1,3.3,ok
20260619,17,11,1.5,5.3,4.3,7.5,11.0,20.5,ok
20260619,17,12,1.2,17.0,3.9,7.6,10.9,51.2,ok
20260619,18,1,1.0,11.4,14.3,6.8,14.3,24.5,ok
20260619,18,2,1.6,5.8,10.2,3.5,7.4,18.2,ok
20260619,18,3,1.0,14.7,12.3,13.4,9.8,14.7,ok
20260619,18,4,1.1,2.8,39.1,22.3,31.3,52.2,ok
20260619,18,5,1.8,2.7,11.2,18.1,6.5,7.1,ok
20260619,18,6,1.7,4.2,3.6,6.8,51.0,11.3,ok
20260619,18,7,3.2,2.7,7.9,10.1,3.2,7.9,ok
20260619,18,9,1.5,4.9,8.4,3.9,17.9,20.4,ok
20260619,18,10,2.0,10.8,4.7,2.9,7.2,18.1,ok
20260619,18,11,2.7,1.6,9.2,18.4,9.2,10.2,ok
20260619,20,1,1.4,4.3,12.1,9.1,5.4,27.3,ok
20260619,20,2,2.0,5.8,4.7,16.0,3.7,6.9,ok
20260619,20,3,2.5,19.5,8.9,2.4,3.4,12.6,ok
20260619,20,4,1.1,8.6,15.5,5.8,46.6,9.7,ok
20260619,20,5,1.0,12.2,13.1,9.3,21.1,15.7,ok
20260619,20,6,1.1,12.6,12.6,18.4,10.1,7.7,ok
20260619,20,7,1.3,20.4,10.5,2.8,17.0,23.5,ok
20260619,20,8,1.9,1.9,9.2,8.2,24.1,19.3,ok
20260619,20,9,1.4,9.1,9.7,3.3,11.4,27.5,ok
20260619,20,10,1.7,9.2,2.3,32.7,16.1,8.2,ok
20260619,20,11,1.2,31.5,4.5,5.2,61.4,20.4,ok
20260619,20,12,1.9,4.1,2.2,17.0,25.4,24.8,ok
20260619,21,1,1.5,8.8,9.5,4.9,7.2,7.7,ok
20260619,21,2,1.5,5.9,14.8,4.7,5.5,16.5,ok
20260619,21,3,1.3,14.2,7.1,10.4,4.1,31.3,ok
20260619,21,4,1.2,6.5,10.8,9.6,7.3,24.8,ok
20260619,21,5,1.1,10.9,9.2,7.4,61.3,10.2,ok
20260619,21,6,2.9,3.3,24.2,2.6,24.2,4.2,ok
20260619,21,7,3.5,4.1,16.0,1.6,10.7,20.0,ok
20260619,21,8,2.2,5.4,1.9,7.7,21.1,42.3,ok
20260619,21,9,1.7,7.3,2.7,10.3,34.5,6.9,ok
20260619,21,10,1.0,10.2,8.6,9.2,22.2,94.6,ok
20260619,21,11,1.2,8.3,7.6,5.7,15.2,18.5,ok
20260619,21,12,1.2,5.6,3.7,18.6,29.2,34.1,ok
20260619,24,1,2.7,3.1,2.2,11.4,10.7,53.5,ok
20260619,24,2,1.1,8.6,18.6,16.1,7.1,12.7,ok
20260619,24,3,1.2,4.8,4.4,25.4,61.0,61.0,ok
20260619,24,4,1.2,13.9,17.0,3.4,38.2,17.0,ok
20260619,24,5,1.7,3.5,3.8,12.5,16.7,12.5,ok
20260619,24,6,1.5,3.7,8.7,4.4,21.9,21.9,ok
20260619,24,7,1.5,4.9,6.0,16.7,4.9,13.6,ok
20260619,24,8,1.0,16.1,31.4,15.5,22.9,56.9,ok
20260619,24,9,1.2,6.1,14.1,12.7,5.9,13.1,ok
20260619,24,10,1.5,2.6,5.7,26.1,10.7,55.1,ok
20260619,24,11,1.2,6.1,12.9,6.9,6.6,33.0,ok
20260619,24,12,1.6,13.5,3.1,9.4,5.8,15.0,ok
20260619,09,4,2.5,5.7,1.3,42.7,,,part
20260619,09,10,1.1,20.2,11.5,27.0,3.5,,part
20260619,11,7,1.0,13.1,52.5,13.1,,6.5,part
20260619,11,11,1.1,7.2,9.2,4.6,,102.0,part
20260619,13,8,1.7,2.7,11.4,80.2,,3.4,part
20260619,18,8,1.8,4.6,7.0,4.7,4.3,,part
20260619,18,12,1.5,12.4,12.4,1.9,58.2,,part
20260620,02,1,2.7,8.0,3.3,2.7,10.6,10.6,ok
20260620,02,2,2.8,1.8,4.6,7.4,16.5,44.0,ok
20260620,02,3,2.6,11.1,2.7,2.4,13.5,37.8,ok
20260620,02,4,1.3,8.7,3.6,7.6,12.8,43.9,ok
20260620,02,5,1.7,28.1,3.1,3.4,11.8,56.2,ok
20260620,02,6,5.0,1.3,9.0,7.1,79.8,7.3,ok
20260620,02,7,1.1,25.3,9.0,4.5,34.5,34.5,ok
20260620,02,8,2.3,17.1,1.7,16.2,10.6,8.8,ok
20260620,02,9,10.5,1.4,5.7,8.2,5.1,12.8,ok
20260620,02,10,1.9,15.2,6.0,3.6,4.2,12.7,ok
20260620,02,11,1.8,3.6,4.1,11.5,7.2,22.4,ok
20260620,02,12,1.1,14.1,5.2,13.7,10.3,14.1,ok
20260620,04,1,4.6,8.1,1.9,3.3,9.4,15.4,ok
20260620,04,2,1.1,13.4,3.4,35.4,35.4,39.0,ok
20260620,04,3,2.4,2.4,2.6,24.7,16.5,22.8,ok
20260620,04,4,3.9,1.2,4.8,20.9,25.0,83.6,ok
20260620,04,5,1.6,3.8,3.7,28.6,17.4,9.1,ok
20260620,04,6,2.0,3.5,18.8,8.7,7.1,3.8,ok
20260620,04,7,3.0,1.8,7.0,31.8,5.5,9.1,ok
20260620,04,8,2.8,16.0,13.7,1.4,12.8,14.7,ok
20260620,04,9,1.5,4.3,3.9,6.6,42.2,21.1,ok
20260620,04,10,1.7,22.0,11.0,2.4,7.0,15.4,ok
20260620,04,11,1.5,11.2,2.4,10.6,11.9,47.8,ok
20260620,04,12,1.3,5.1,4.9,25.2,50.5,9.2,ok
20260620,05,1,5.4,1.6,4.8,6.2,16.3,8.1,ok
20260620,05,2,1.5,2.9,27.7,7.5,20.8,7.5,ok
20260620,05,3,10.3,10.3,3.5,3.2,1.8,57.0,ok
20260620,05,4,3.4,1.5,22.8,3.5,28.5,38.0,ok
20260620,05,5,4.1,1.4,3.4,86.2,10.7,86.2,ok
20260620,05,6,4.6,18.0,2.1,1.8,18.0,108.0,ok
20260620,05,7,2.0,4.9,2.2,25.5,6.7,127.5,ok
20260620,05,10,1.5,13.1,3.2,39.5,4.0,26.3,ok
20260620,05,11,1.1,5.9,24.6,19.7,10.9,13.1,ok
20260620,05,12,1.2,3.2,21.7,21.7,17.0,10.4,ok
20260620,06,1,1.0,17.2,13.5,27.1,23.7,37.9,ok
20260620,06,2,4.4,2.4,3.5,26.6,3.1,17.7,ok
20260620,06,3,4.1,4.3,3.5,5.1,36.2,2.7,ok
20260620,06,4,1.0,21.1,16.9,12.1,14.1,42.3,ok
20260620,06,5,1.9,3.5,14.0,3.1,18.7,11.2,ok
20260620,06,7,1.1,10.0,10.9,6.7,24.1,20.1,ok
20260620,06,9,2.3,3.9,23.7,2.3,7.9,16.9,ok
20260620,06,10,1.3,5.1,6.0,9.8,15.5,18.1,ok
20260620,06,11,1.0,43.8,263.2,131.6,65.8,131.6,ok
20260620,06,12,2.4,1.7,6.6,13.4,17.2,16.7,ok
20260620,07,1,1.6,2.9,9.2,17.1,5.7,17.1,ok
20260620,07,2,2.6,2.0,5.7,9.0,40.5,6.2,ok
20260620,07,3,3.2,2.4,3.1,8.4,6.8,25.2,ok
20260620,07,4,1.5,7.4,5.1,3.4,18.6,27.9,ok
20260620,07,5,2.4,1.8,8.5,5.2,32.5,16.2,ok
20260620,07,6,1.8,2.7,24.0,23.4,3.1,32.7,ok
20260620,07,7,2.1,15.1,1.8,5.0,17.7,151.1,ok
20260620,07,8,2.2,3.6,2.6,5.3,57.2,42.0,ok
20260620,07,9,1.4,14.1,6.7,4.2,19.0,8.8,ok
20260620,07,10,4.7,1.9,7.0,3.9,6.8,12.6,ok
20260620,07,11,1.3,7.9,6.3,10.7,6.8,12.3,ok
20260620,07,12,1.1,8.9,6.6,11.9,14.5,31.6,ok
20260620,09,1,1.2,22.7,13.6,5.6,6.2,13.6,ok
20260620,09,2,1.3,5.0,8.6,5.0,23.8,19.0,ok
20260620,09,3,3.1,1.8,8.3,5.1,6.6,66.7,ok
20260620,09,4,1.7,12.1,6.0,3.3,4.9,84.7,ok
20260620,09,5,1.0,28.5,12.6,38.0,16.2,22.8,ok
20260620,09,6,1.0,13.6,10.9,54.7,6.8,27.3,ok
20260620,09,10,1.0,4.4,93.7,46.8,46.8,46.8,ok
20260620,09,11,1.9,3.8,9.0,3.8,6.7,27.0,ok
20260620,09,12,1.0,21.6,8.4,18.9,37.8,37.8,ok
20260620,11,1,1.9,6.1,4.1,7.2,4.9,13.2,ok
20260620,11,2,1.1,43.8,7.6,3.9,17.5,43.8,ok
20260620,11,5,5.2,8.5,1.0,68.6,45.7,34.3,ok
20260620,11,6,3.4,15.0,1.4,13.7,12.5,8.1,ok
20260620,11,7,2.8,1.6,24.0,3.7,18.0,72.0,ok
20260620,11,9,1.3,7.3,14.6,9.7,5.8,7.3,ok
20260620,11,11,2.2,2.8,9.9,7.9,4.4,13.2,ok
20260620,11,12,1.2,3.4,13.6,27.2,54.5,12.5,ok
20260620,13,1,2.1,3.4,2.3,8.5,102.7,34.2,ok
20260620,13,2,1.6,2.8,20.4,8.1,20.4,6.8,ok
20260620,13,3,2.5,2.0,20.2,4.0,10.1,20.2,ok
20260620,13,4,1.3,2.4,17.4,17.4,21.7,43.5,ok
20260620,13,5,3.1,4.9,2.4,8.5,4.1,23.6,ok
20260620,13,6,1.7,21.7,14.5,1.6,43.5,29.0,ok
20260620,13,7,2.6,26.4,2.0,33.0,3.0,13.2,ok
20260620,13,8,1.2,19.6,4.5,13.7,5.9,34.3,ok
20260620,13,9,1.0,4.7,14.2,23.7,23.7,35.6,ok
20260620,13,12,1.1,6.1,8.9,10.9,16.3,19.6,ok
20260620,15,1,1.7,5.2,6.0,3.8,7.4,126.0,ok
20260620,15,2,1.5,5.3,8.2,149.2,2.6,149.2,ok
20260620,15,4,3.7,7.1,32.9,21.2,1.2,21.2,ok
20260620,15,5,1.3,15.9,6.7,4.4,18.2,8.2,ok
20260620,15,6,2.3,14.9,1.4,17.0,32.5,23.9,ok
20260620,15,7,2.4,1.5,40.1,4.6,31.5,73.6,ok
20260620,15,8,1.6,16.4,2.0,11.4,27.4,29.0,ok
20260620,15,9,1.1,3.6,13.5,20.0,20.0,33.4,ok
20260620,15,10,1.1,5.1,6.0,37.8,14.5,47.2,ok
20260620,15,11,1.2,9.7,8.0,10.7,6.0,20.0,ok
20260620,15,12,1.5,2.8,10.2,9.9,10.5,15.4,ok
20260620,17,2,3.0,2.4,7.8,3.5,6.4,29.7,ok
20260620,17,4,2.9,17.1,1.5,7.7,9.5,17.1,ok
20260620,17,5,1.1,34.1,13.6,4.5,13.6,13.6,ok
20260620,17,6,7.5,1.1,5.9,22.5,56.2,12.5,ok
20260620,17,7,1.3,9.9,3.5,16.5,8.2,49.5,ok
20260620,17,9,2.7,1.8,27.8,4.4,16.7,9.8,ok
20260620,17,11,5.7,5.7,11.5,1.5,4.7,25.8,ok
20260620,17,12,2.2,4.5,5.5,2.9,15.5,11.6,ok
20260620,18,1,1.1,9.1,8.3,11.2,8.6,31.8,ok
20260620,18,2,1.3,7.8,7.1,26.2,6.5,7.1,ok
20260620,18,3,1.2,5.1,5.9,11.2,21.1,17.3,ok
20260620,18,4,1.9,3.6,9.5,5.6,5.5,11.3,ok
20260620,18,5,1.5,10.1,3.5,6.8,14.1,9.6,ok
20260620,18,6,3.2,1.2,10.2,32.7,81.7,18.1,ok
20260620,18,7,1.0,8.4,24.4,24.4,4.9,48.9,ok
20260620,18,8,1.0,9.3,43.0,15.3,215.2,10.2,ok
20260620,18,9,1.0,8.6,7.7,27.2,20.4,81.7,ok
20260620,18,10,1.4,6.1,6.8,18.3,5.2,12.2,ok
20260620,18,11,1.3,9.7,10.3,2.8,30.1,100.5,ok
20260620,18,12,1.0,9.1,5.5,13.7,41.3,49.6,ok
20260620,20,1,3.7,2.0,4.0,4.0,23.2,31.0,ok
20260620,20,2,3.2,10.3,3.4,17.6,2.6,4.9,ok
20260620,20,3,4.5,3.5,2.4,7.5,12.6,4.8,ok
20260620,20,4,6.1,25.3,1.0,56.0,20.3,11.9,ok
20260620,20,5,1.6,8.0,15.2,2.7,10.4,11.9,ok
20260620,20,6,1.7,16.7,16.1,3.2,3.4,25.6,ok
20260620,20,7,1.6,10.1,5.5,5.9,4.9,11.9,ok
20260620,20,8,1.9,2.2,11.0,5.7,14.4,30.5,ok
20260620,20,9,1.4,7.8,3.1,11.5,24.5,22.5,ok
20260620,20,10,1.4,5.6,12.8,6.3,7.0,12.8,ok
20260620,20,11,1.2,5.2,16.3,6.5,12.9,27.9,ok
20260620,20,12,1.6,5.8,8.4,5.7,4.3,21.7,ok
20260620,21,1,1.3,8.4,7.8,3.9,19.1,30.1,ok
20260620,21,2,2.1,3.5,11.5,2.3,17.2,41.4,ok
20260620,21,3,1.9,10.7,1.9,12.4,8.1,31.1,ok
20260620,21,4,1.4,2.2,13.0,11.9,30.4,68.4,ok
20260620,21,5,1.7,15.1,3.5,11.8,10.0,4.6,ok
20260620,21,6,1.7,2.7,3.6,15.8,47.6,19.0,ok
20260620,21,7,2.3,2.9,6.1,3.7,26.0,10.4,ok
20260620,21,8,4.7,4.4,1.7,3.7,45.5,37.2,ok
20260620,21,9,2.4,9.4,6.7,1.7,18.4,30.7,ok
20260620,21,10,1.4,10.4,5.6,23.9,3.2,59.8,ok
20260620,21,11,1.4,5.1,4.1,10.2,9.6,40.8,ok
20260620,21,12,1.2,16.3,3.6,14.7,12.3,22.1,ok
20260620,24,1,1.0,8.5,9.3,8.5,21.9,49.3,ok
20260620,24,2,1.2,6.3,5.3,9.4,22.1,66.3,ok
20260620,24,3,1.0,9.2,10.0,41.4,12.7,27.6,ok
20260620,24,4,1.0,43.7,13.8,13.8,29.1,131.2,ok
20260620,24,5,1.2,10.3,5.3,5.6,24.8,16.4,ok
20260620,24,6,1.1,16.5,9.0,5.3,18.6,49.7,ok
20260620,24,7,1.4,5.4,4.7,12.8,11.6,12.3,ok
20260620,24,8,2.2,4.2,4.9,4.3,5.2,26.8,ok
20260620,24,9,1.3,4.4,8.1,6.1,23.2,20.8,ok
20260620,24,10,1.3,12.1,3.3,8.4,20.2,18.9,ok
20260620,24,11,1.5,7.7,6.6,6.4,7.0,8.1,ok
20260620,24,12,1.0,11.4,11.6,7.0,18.5,29.7,ok
20260620,05,8,1.2,3.4,7.3,22.1,14.7,,part
20260620,05,9,1.0,,5.8,,,6.9,part
20260620,06,6,1.4,4.0,4.9,7.7,14.1,,part
20260620,06,8,1.5,46.5,23.2,1.8,10.3,,part
20260620,09,7,1.6,7.2,,,2.7,4.3,part
20260620,09,8,1.0,11.7,14.6,,7.3,,part
20260620,09,9,1.0,17.5,13.1,,,26.2,part
20260620,11,3,2.5,1.6,8.8,4.6,,46.6,part
20260620,11,4,1.0,14.7,32.5,12.5,9.5,,part
20260620,11,8,4.7,3.0,1.8,10.6,6.1,,part
20260620,11,10,1.7,18.7,2.4,18.7,,4.4,part
20260620,13,10,1.0,56.7,,6.8,170.2,56.7,part
20260620,13,11,1.1,5.9,7.2,13.0,13.0,,part
20260620,15,3,4.2,26.6,1.0,8.8,26.6,,part
20260620,17,1,1.0,10.0,13.7,6.2,16.7,,part
20260620,17,3,3.4,4.9,6.3,2.6,3.2,,part
20260620,17,8,9.4,5.4,1.0,56.7,10.0,,part
20260620,17,10,1.4,3.7,4.9,8.3,,21.7,part
20260621,02,1,2.3,10.1,10.1,2.2,12.6,5.2,ok
20260621,02,2,9.6,3.3,1.3,19.3,9.4,24.9,ok
20260621,02,3,1.7,5.3,5.9,24.4,5.5,5.7,ok
20260621,02,4,2.0,4.2,3.0,5.5,16.5,25.9,ok
20260621,02,5,1.3,4.0,8.5,7.0,16.5,39.0,ok
20260621,02,6,2.3,2.6,3.6,6.1,13.8,41.6,ok
20260621,02,7,1.0,9.1,14.7,21.1,19.9,10.9,ok
20260621,02,8,1.1,9.4,7.9,13.8,12.1,9.0,ok
20260621,02,9,1.5,5.0,5.2,5.0,12.7,23.5,ok
20260621,02,10,1.5,32.1,3.3,26.7,4.2,12.3,ok
20260621,02,11,1.0,14.3,14.3,31.9,123.1,43.0,ok
20260621,02,12,1.1,5.4,10.4,10.0,20.5,18.5,ok
20260621,04,1,2.7,2.2,22.9,2.2,19.2,160.5,ok
20260621,04,2,5.5,5.6,2.4,2.4,7.0,44.6,ok
20260621,04,3,2.2,3.1,4.6,10.7,4.1,75.0,ok
20260621,04,4,6.6,4.4,2.5,5.5,4.8,5.5,ok
20260621,04,5,1.3,6.3,4.4,21.5,6.5,71.7,ok
20260621,04,6,2.6,3.1,3.9,6.5,5.1,24.6,ok
20260621,04,7,3.5,2.5,4.1,5.6,8.4,8.4,ok
20260621,04,8,6.0,2.0,2.0,18.2,8.7,50.0,ok
20260621,04,9,1.0,12.3,7.0,13.1,16.7,30.7,ok
20260621,04,10,1.1,7.1,8.3,11.5,10.5,17.3,ok
20260621,04,11,1.8,5.2,2.9,10.7,6.6,27.4,ok
20260621,04,12,1.1,5.9,6.0,14.9,21.8,33.9,ok
20260621,05,1,1.3,6.3,4.0,18.0,13.5,15.4,ok
20260621,05,2,1.7,6.7,6.0,7.7,13.5,4.1,ok
20260621,05,3,2.8,3.1,2.4,4.4,29.7,89.2,ok
20260621,05,4,3.3,13.7,10.5,1.2,13.7,137.2,ok
20260621,05,6,1.0,23.4,6.9,37.5,93.7,18.7,ok
20260621,05,7,1.7,8.4,4.9,12.0,7.0,4.4,ok
20260621,05,8,1.0,10.9,29.6,15.9,17.3,6.2,ok
20260621,05,9,1.1,20.8,7.9,5.3,9.7,166.5,ok
20260621,05,11,1.1,5.4,6.4,15.0,30.0,90.0,ok
20260621,05,12,1.2,8.7,8.0,9.4,14.4,8.9,ok
20260621,06,1,1.9,7.5,4.4,10.0,3.4,12.5,ok
20260621,06,2,28.2,1.0,109.5,27.3,73.0,125.2,ok
20260621,06,3,5.0,5.5,1.9,17.3,2.8,28.8,ok
20260621,06,4,1.2,9.0,4.3,19.0,11.0,41.8,ok
20260621,06,5,1.7,15.7,3.9,6.3,47.2,3.7,ok
20260621,06,6,8.7,2.2,4.3,3.8,7.1,6.7,ok
20260621,06,7,5.8,1.2,9.5,10.3,7.0,134.2,ok
20260621,06,8,1.0,33.3,66.7,3.3,22.2,66.7,ok
20260621,06,9,2.8,1.8,13.5,6.9,101.2,4.5,ok
20260621,06,10,1.2,13.0,3.3,11.6,37.0,27.7,ok
20260621,06,11,2.3,2.8,2.1,21.1,63.3,52.7,ok
20260621,06,12,2.3,13.1,1.4,22.1,18.7,37.4,ok
20260621,08,1,1.0,12.5,7.0,9.5,20.3,40.6,ok
20260621,08,2,2.5,3.3,10.3,17.1,3.0,6.1,ok
20260621,08,3,2.9,3.1,10.5,36.7,6.1,2.5,ok
20260621,08,4,3.6,1.6,5.8,10.8,5.8,75.7,ok
20260621,08,8,4.0,1.8,4.6,5.3,8.6,69.0,ok
20260621,08,10,6.9,1.1,18.8,5.0,18.8,33.0,ok
20260621,08,11,1.2,5.1,8.7,15.3,7.6,20.5,ok
20260621,09,1,1.2,13.1,7.1,5.2,11.2,19.6,ok
20260621,09,2,1.5,9.5,2.7,7.8,17.2,21.5,ok
20260621,09,4,1.7,7.5,7.5,2.7,17.5,13.1,ok
20260621,09,5,2.9,8.5,15.3,25.5,1.3,38.2,ok
20260621,09,6,2.5,2.5,260.2,2.0,32.5,37.1,ok
20260621,09,8,1.8,6.3,3.4,19.1,4.2,19.1,ok
20260621,09,9,1.7,3.3,5.5,16.5,6.6,16.5,ok
20260621,09,11,1.0,12.7,25.5,25.5,12.7,25.5,ok
20260621,09,12,1.7,4.2,4.1,4.9,15.7,61.2,ok
20260621,10,1,1.5,14.3,4.2,4.6,8.2,25.5,ok
20260621,10,2,1.3,4.8,8.8,10.5,20.1,8.8,ok
20260621,10,3,1.3,12.6,2.7,16.2,12.6,36.4,ok
20260621,10,4,2.6,16.8,1.7,10.1,11.6,8.4,ok
20260621,10,5,1.1,13.7,5.1,16.1,21.1,10.1,ok
20260621,10,6,3.0,2.1,9.6,21.9,4.2,6.6,ok
20260621,10,7,3.9,1.5,21.7,13.0,5.1,10.3,ok
20260621,10,8,,3.0,2.6,3.5,3.7,13.0,ok
20260621,10,9,1.4,7.7,6.1,14.2,4.2,28.5,ok
20260621,10,10,2.7,3.2,4.1,3.4,9.2,41.6,ok
20260621,10,11,3.0,2.2,3.6,10.2,10.2,12.7,ok
20260621,10,12,1.4,13.2,5.1,7.4,5.3,17.0,ok
20260621,11,1,3.1,4.2,2.8,3.7,14.2,10.6,ok
20260621,11,2,1.7,6.3,7.6,5.4,6.3,7.6,ok
20260621,11,3,3.0,4.7,2.3,94.5,4.5,7.8,ok
20260621,11,4,4.5,6.3,5.2,1.3,63.0,63.0,ok
20260621,11,5,1.5,14.0,3.2,6.0,14.0,16.8,ok
20260621,11,6,8.2,9.2,7.4,1.1,14.8,14.8,ok
20260621,11,8,4.2,3.4,1.6,9.5,12.7,38.2,ok
20260621,11,9,1.2,9.0,3.9,15.1,22.6,18.1,ok
20260621,11,10,1.0,11.8,35.4,47.2,47.2,35.4,ok
20260621,11,11,1.3,6.5,6.5,11.4,6.5,22.8,ok
20260621,11,12,1.7,7.0,8.3,2.7,13.1,18.4,ok
20260621,13,1,1.9,23.0,1.4,15.3,61.5,46.1,ok
20260621,13,2,2.5,2.6,18.7,3.1,7.8,17.6,ok
20260621,13,3,2.7,20.4,54.5,1.3,7.9,109.0,ok
20260621,13,4,1.9,2.2,11.7,3.9,49.8,39.9,ok
20260621,13,5,1.2,3.1,11.0,27.5,22.0,22.0,ok
20260621,13,6,1.4,36.1,50.5,1.8,36.1,36.1,ok
20260621,13,7,1.0,92.5,4.9,21.3,27.7,34.6,ok
20260621,13,8,1.0,16.2,18.2,11.2,14.6,10.4,ok
20260621,13,9,1.2,8.7,5.9,9.7,18.5,8.7,ok
20260621,13,10,1.6,2.8,7.5,6.7,16.8,33.7,ok
20260621,13,11,1.2,8.3,6.5,8.3,10.2,23.0,ok
20260621,13,12,1.0,18.0,16.1,27.8,13.9,38.3,ok
20260621,15,1,2.0,4.1,5.0,4.1,7.8,28.7,ok
20260621,15,2,3.1,7.3,8.5,3.8,2.1,41.1,ok
20260621,15,3,5.4,2.5,4.1,6.3,7.9,4.1,ok
20260621,15,4,4.6,6.0,5.6,9.0,1.8,9.4,ok
20260621,15,5,3.4,7.3,9.8,1.5,8.8,29.5,ok
20260621,15,6,2.1,2.3,7.3,5.2,17.9,17.9,ok
20260621,15,7,1.6,3.2,15.3,5.8,20.8,8.5,ok
20260621,15,8,1.4,16.1,10.2,4.2,4.5,153.3,ok
20260621,15,9,2.3,8.2,1.5,19.7,15.4,32.2,ok
20260621,15,10,1.3,3.2,12.2,6.3,29.0,79.8,ok
20260621,15,11,1.5,2.6,13.2,4.9,22.6,76.9,ok
20260621,15,12,1.2,9.6,11.1,3.9,13.4,29.7,ok
20260621,16,1,1.0,9.6,14.4,16.5,11.5,115.5,ok
20260621,16,2,2.0,2.8,8.4,6.0,7.0,21.0,ok
20260621,16,3,2.6,4.7,5.7,3.5,7.1,6.1,ok
20260621,16,4,1.9,8.6,11.7,1.8,11.7,129.7,ok
20260621,16,5,4.0,12.7,1.0,29.1,25.5,204.0,ok
20260621,16,8,1.4,11.3,3.2,8.5,11.3,22.7,ok
20260621,16,9,1.7,4.5,4.5,7.6,11.4,9.1,ok
20260621,16,10,1.3,3.7,13.2,9.3,15.5,18.6,ok
20260621,16,11,1.0,8.6,17.2,6.0,25.8,103.5,ok
20260621,16,12,1.3,9.0,6.0,8.5,28.9,6.8,ok
20260621,17,1,1.0,14.0,12.0,6.0,21.0,21.0,ok
20260621,17,2,3.0,2.4,6.4,9.3,4.6,8.4,ok
20260621,17,4,5.7,1.9,5.1,5.7,7.1,7.1,ok
20260621,17,5,1.0,21.7,16.3,13.0,65.2,26.1,ok
20260621,17,6,2.8,23.5,13.7,18.3,165.0,1.2,ok
20260621,17,7,1.5,4.2,8.5,10.2,12.7,7.2,ok
20260621,17,8,1.0,30.3,10.1,6.0,20.2,60.7,ok
20260621,17,9,4.0,4.7,6.6,1.9,10.1,10.1,ok
20260621,17,12,1.1,6.6,8.5,7.4,42.6,59.7,ok
20260621,18,1,1.0,9.7,13.0,7.8,13.9,27.9,ok
20260621,18,2,1.7,8.9,4.7,2.9,25.1,21.2,ok
20260621,18,3,1.3,9.5,5.5,6.0,21.4,12.2,ok
20260621,18,4,1.1,7.6,7.2,10.2,19.2,36.3,ok
20260621,18,5,2.1,8.7,2.1,8.1,10.5,14.0,ok
20260621,18,6,1.7,2.7,6.5,13.1,11.5,15.3,ok
20260621,18,7,1.3,7.5,6.3,8.2,17.9,8.2,ok
20260621,18,8,1.2,7.8,5.8,7.8,13.7,36.7,ok
20260621,18,9,1.1,13.3,7.4,13.3,33.3,6.0,ok
20260621,18,10,1.3,17.4,4.1,4.5,37.2,26.1,ok
20260621,18,11,1.2,5.5,5.5,8.7,69.7,15.5,ok
20260621,18,12,1.4,8.1,19.1,6.2,4.1,14.0,ok
20260621,19,1,4.7,1.1,7.1,14.2,16.6,99.7,ok
20260621,19,2,2.1,2.5,18.7,3.7,14.0,11.2,ok
20260621,19,3,1.9,9.3,1.7,21.0,14.0,42.0,ok
20260621,19,4,2.0,3.6,4.1,6.2,94.5,6.4,ok
20260621,19,5,1.0,7.3,21.9,9.6,30.7,19.2,ok
20260621,19,6,2.3,23.3,1.3,13.8,44.3,63.3,ok
20260621,19,7,1.0,49.3,18.1,20.3,24.6,4.8,ok
20260621,19,8,1.2,17.4,9.7,3.0,156.7,104.5,ok
20260621,19,9,1.3,5.2,7.2,5.1,18.2,31.5,ok
20260621,19,10,1.4,7.6,6.7,7.5,5.1,28.2,ok
20260621,19,11,1.5,3.8,5.4,5.8,19.1,23.4,ok
20260621,19,12,1.2,7.4,4.3,14.5,17.1,20.2,ok
20260621,20,1,1.4,5.4,9.2,5.7,7.6,18.4,ok
20260621,20,2,1.8,5.2,9.5,3.8,16.9,5.4,ok
20260621,20,3,5.8,4.0,18.7,23.4,21.6,1.2,ok
20260621,20,4,1.9,4.5,2.6,15.3,10.6,18.8,ok
20260621,20,5,1.2,3.9,27.6,6.2,25.0,34.5,ok
20260621,20,6,1.0,14.2,10.3,20.7,12.0,228.0,ok
20260621,20,7,1.4,12.4,23.3,5.7,3.0,43.0,ok
20260621,20,8,1.5,2.7,29.2,5.7,20.8,21.9,ok
20260621,20,9,1.9,12.5,2.1,6.4,12.7,20.9,ok
20260621,20,10,1.3,5.0,13.4,6.2,9.0,41.3,ok
20260621,20,11,1.3,3.2,12.6,8.5,35.5,11.7,ok
20260621,20,12,1.2,5.1,10.2,10.8,13.0,16.0,ok
20260621,24,1,1.3,13.1,9.8,4.5,59.2,5.1,ok
20260621,24,2,3.5,2.4,2.3,11.0,19.1,13.6,ok
20260621,24,3,1.4,7.7,6.4,12.8,6.4,8.5,ok
20260621,24,4,1.1,16.9,9.6,4.8,12.3,22.6,ok
20260621,24,5,2.2,8.8,2.0,8.2,15.6,9.2,ok
20260621,24,6,1.1,12.6,11.3,12.9,13.4,6.8,ok
20260621,24,7,1.1,16.4,4.7,18.7,131.2,9.7,ok
20260621,24,8,1.2,15.5,17.4,3.8,139.5,6.9,ok
20260621,24,9,1.2,2.3,28.9,19.1,51.8,56.5,ok
20260621,24,10,1.1,7.3,10.2,9.5,12.8,34.2,ok
20260621,24,11,1.0,6.6,11.3,16.6,16.6,16.2,ok
20260621,24,12,1.5,8.2,8.2,7.5,6.2,7.1,ok
20260621,05,5,1.6,3.9,15.1,3.3,8.2,,part
20260621,05,10,1.0,5.7,8.0,18.0,,,part
20260621,08,5,4.8,5.1,19.5,1.1,24.3,,part
20260621,08,6,1.6,8.7,,21.7,2.4,7.2,part
20260621,08,7,2.5,,1.6,4.9,6.5,,part
20260621,08,9,1.0,175.5,175.5,14.6,29.2,,part
20260621,08,12,1.1,29.6,7.4,5.3,9.8,,part
20260621,09,3,2.3,6.5,5.2,3.7,3.2,,part
20260621,09,7,1.5,1.4,,,,,part
20260621,09,10,2.8,1.7,9.0,3.6,54.0,,part
20260621,11,7,9.3,1.3,15.5,2.7,15.5,,part
20260621,16,6,1.5,2.8,4.0,22.1,17.7,,part
20260621,16,7,2.2,,1.4,,6.8,13.7,part
20260621,17,3,1.0,39.4,8.9,49.3,98.6,,part
20260621,17,10,1.0,17.0,12.0,7.0,51.1,,part
20260621,17,11,1.0,12.6,17.7,17.7,22.1,,part
20260622,02,1,2.4,5.1,2.7,3.9,13.3,28.1,ok
20260622,02,2,1.8,11.7,8.2,3.0,4.6,25.5,ok
20260622,02,3,2.1,2.6,9.0,4.1,19.0,11.5,ok
20260622,02,4,1.4,5.2,6.5,7.7,91.1,7.0,ok
20260622,02,5,2.0,16.2,2.6,4.4,6.3,42.8,ok
20260622,02,6,1.9,10.9,3.5,3.9,18.5,7.1,ok
20260622,02,7,3.5,2.0,8.4,10.4,3.0,33.8,ok
20260622,02,8,1.0,19.2,6.5,12.6,60.0,12.6,ok
20260622,02,9,1.2,15.4,10.7,4.2,10.7,13.6,ok
20260622,02,10,1.3,5.6,7.3,6.9,11.5,36.6,ok
20260622,02,11,1.2,4.6,10.3,7.1,13.5,27.1,ok
20260622,02,12,1.2,5.5,12.5,8.5,13.0,14.5,ok
20260622,05,1,1.9,4.4,7.7,4.4,6.3,14.4,ok
20260622,05,2,4.2,3.7,1.8,8.1,9.8,16.3,ok
20260622,05,3,4.8,4.6,3.6,2.4,13.4,6.3,ok
20260622,05,4,1.1,27.5,3.4,55.1,12.2,22.0,ok
20260622,05,5,3.9,1.3,9.4,12.6,9.4,25.2,ok
20260622,05,6,2.5,8.6,1.4,25.8,16.1,21.5,ok
20260622,05,7,1.4,33.5,50.2,20.1,33.5,1.9,ok
20260622,05,8,1.3,3.3,5.5,13.7,18.8,75.3,ok
20260622,05,9,1.3,15.3,3.1,8.2,26.8,35.7,ok
20260622,05,10,1.5,8.2,5.3,9.2,4.9,18.5,ok
20260622,05,12,1.5,14.7,5.6,3.2,10.0,27.8,ok
20260622,06,1,1.3,4.4,5.7,19.5,9.7,24.3,ok
20260622,06,2,7.0,4.3,4.0,1.6,14.0,56.2,ok
20260622,06,3,25.5,1.2,3.9,8.5,8.5,51.0,ok
20260622,06,5,2.4,3.8,2.3,6.3,57.0,14.2,ok
20260622,06,6,1.9,3.8,3.1,17.2,6.9,34.5,ok
20260622,06,7,2.0,7.9,5.1,2.9,10.9,10.9,ok
20260622,06,8,1.2,9.3,11.6,3.4,46.5,18.6,ok
20260622,06,9,2.6,31.2,7.2,23.4,1.4,13.3,ok
20260622,06,10,2.6,72.3,1.6,144.7,3.9,13.1,ok
20260622,06,11,1.8,6.1,4.0,7.3,4.5,36.7,ok
20260622,06,12,1.1,38.7,9.0,4.6,33.9,19.3,ok
20260622,08,1,1.5,4.2,8.1,6.0,14.2,12.6,ok
20260622,08,2,2.8,8.1,2.3,3.2,12.8,22.5,ok
20260622,08,3,5.3,2.3,5.3,4.1,9.3,5.3,ok
20260622,08,4,3.4,6.0,3.0,9.4,13.2,2.7,ok
20260622,08,5,6.0,1.2,7.6,10.6,14.8,13.9,ok
20260622,08,6,1.4,11.1,5.5,9.2,6.1,11.1,ok
20260622,08,7,1.8,17.5,2.9,5.8,8.7,8.7,ok
20260622,08,9,1.1,3.8,44.1,14.7,22.0,11.5,ok
20260622,08,10,2.0,5.5,5.9,2.8,,6.5,ok
20260622,08,11,4.5,18.1,1.4,4.2,14.5,18.1,ok
20260622,08,12,1.7,41.2,5.8,4.5,8.2,4.1,ok
20260622,10,1,1.1,4.2,15.3,13.4,19.5,30.6,ok
20260622,10,2,1.1,3.9,16.4,12.9,12.9,41.1,ok
20260622,10,3,1.1,6.6,8.4,8.1,35.3,42.4,ok
20260622,10,4,1.9,5.2,14.1,4.1,3.7,23.0,ok
20260622,10,5,1.5,22.7,3.1,27.3,3.7,27.3,ok
20260622,10,6,6.0,2.0,5.0,3.4,9.0,12.9,ok
20260622,10,7,4.8,2.1,6.8,2.8,10.2,17.0,ok
20260622,10,8,2.5,2.6,6.4,5.0,5.6,22.6,ok
20260622,10,9,2.2,8.0,20.0,2.8,10.0,3.6,ok
20260622,10,10,4.7,1.6,8.2,3.0,15.9,111.7,ok
20260622,10,11,3.7,2.2,4.5,7.7,3.8,100.5,ok
20260622,10,12,1.4,6.3,9.2,4.8,18.4,7.5,ok
20260622,11,1,1.6,7.8,3.9,10.1,12.3,6.6,ok
20260622,11,2,2.1,1.9,4.1,20.4,68.0,25.5,ok
20260622,11,3,1.6,4.3,8.6,17.2,3.4,23.0,ok
20260622,11,5,2.0,15.4,1.6,61.8,8.8,30.9,ok
20260622,11,6,1.5,9.9,6.8,3.8,25.9,7.6,ok
20260622,11,8,7.1,1.0,10.0,21.6,22.5,41.5,ok
20260622,11,9,1.2,2.6,37.5,37.5,22.5,16.8,ok
20260622,11,10,2.3,8.4,6.3,2.0,21.0,11.4,ok
20260622,11,11,1.5,2.1,6.9,48.7,13.9,97.5,ok
20260622,11,12,1.0,16.3,13.6,8.1,10.2,40.8,ok
20260622,13,1,3.1,26.1,1.1,26.1,28.5,62.7,ok
20260622,13,2,1.5,9.4,7.4,4.2,6.7,17.6,ok
20260622,13,3,1.3,3.0,15.0,25.3,20.6,11.0,ok
20260622,13,4,2.1,4.9,9.6,5.9,8.0,3.7,ok
20260622,13,5,1.8,14.0,19.9,2.6,79.7,3.5,ok
20260622,13,6,1.0,30.9,51.5,8.5,51.5,38.6,ok
20260622,13,7,1.0,16.6,11.1,16.6,22.2,66.7,ok
20260622,13,8,2.1,3.6,4.9,5.2,21.0,7.0,ok
20260622,13,9,1.4,10.0,13.8,3.0,12.3,13.8,ok
20260622,13,10,5.1,5.5,19.3,2.2,2.4,25.7,ok
20260622,13,11,1.5,5.1,3.0,18.0,18.0,36.0,ok
20260622,13,12,1.4,13.7,4.9,4.0,20.6,11.4,ok
20260622,15,1,2.7,2.0,5.2,4.2,28.2,42.3,ok
20260622,15,2,6.6,2.9,5.8,4.2,2.4,46.5,ok
20260622,15,3,4.2,7.0,1.3,29.4,18.3,7.3,ok
20260622,15,4,2.5,2.1,3.1,8.3,54.3,36.2,ok
20260622,15,5,2.4,16.8,10.8,1.5,15.1,23.3,ok
20260622,15,6,5.1,6.5,1.2,20.3,7.4,111.7,ok
20260622,15,7,1.7,8.1,18.8,2.0,19.8,35.7,ok
20260622,15,8,1.2,10.4,15.8,3.7,20.8,30.3,ok
20260622,15,9,1.5,7.9,8.2,10.2,6.6,5.1,ok
20260622,15,10,1.3,17.1,7.4,11.7,4.0,21.2,ok
20260622,15,11,1.7,2.0,38.1,4.4,38.1,76.3,ok
20260622,15,12,1.2,4.7,15.1,10.1,9.0,30.3,ok
20260622,16,1,1.7,3.7,5.8,6.2,35.2,8.1,ok
20260622,16,2,2.3,8.7,2.9,6.5,6.5,6.5,ok
20260622,16,3,2.9,8.0,10.7,1.4,16.1,32.2,ok
20260622,16,6,1.2,7.8,9.2,7.2,34.0,7.8,ok
20260622,16,7,2.3,3.5,4.0,4.0,25.7,11.0,ok
20260622,16,8,9.6,1.0,97.4,292.2,219.1,97.4,ok
20260622,16,11,1.0,11.2,39.3,19.6,39.3,78.7,ok
20260622,17,1,1.2,8.1,3.1,14.0,32.7,49.1,ok
20260622,17,2,1.0,30.5,7.6,11.4,30.5,45.7,ok
20260622,17,3,1.2,5.6,28.3,5.3,18.8,16.1,ok
20260622,17,4,1.3,5.4,9.0,6.7,21.6,10.8,ok
20260622,17,5,1.3,4.5,24.5,14.7,12.2,5.2,ok
20260622,17,6,1.3,5.7,16.7,20.4,30.6,3.4,ok
20260622,17,7,1.0,29.3,44.0,17.6,14.6,88.1,ok
20260622,17,8,1.2,13.7,9.1,4.5,10.3,41.2,ok
20260622,17,9,1.0,22.3,13.4,16.7,9.5,67.1,ok
20260622,17,10,3.1,2.6,10.2,2.9,5.6,56.6,ok
20260622,17,11,1.2,3.2,8.5,25.5,17.0,102.0,ok
20260622,17,12,1.1,8.4,7.0,11.2,14.2,19.5,ok
20260622,19,1,4.6,2.0,11.6,3.1,5.8,23.2,ok
20260622,19,2,8.0,2.0,8.0,8.0,5.3,3.5,ok
20260622,19,5,1.0,11.5,4.3,103.5,34.5,20.7,ok
20260622,19,6,2.2,18.3,4.0,2.4,238.5,5.9,ok
20260622,19,7,2.0,10.5,2.4,12.4,16.2,4.9,ok
20260622,19,8,1.0,11.2,13.7,7.0,19.0,62.0,ok
20260622,19,9,1.6,8.3,2.7,17.8,9.1,13.5,ok
20260622,19,10,1.5,4.5,10.5,3.7,24.7,16.8,ok
20260622,19,11,1.3,12.5,2.9,20.0,19.0,21.0,ok
20260622,19,12,2.4,6.8,5.5,2.2,10.3,20.3,ok
20260622,22,1,1.6,13.0,9.7,13.0,2.2,39.0,ok
20260622,22,2,4.6,3.0,5.6,5.1,2.5,51.0,ok
20260622,22,3,1.8,4.7,2.0,19.8,119.2,29.8,ok
20260622,22,4,1.8,1.9,10.0,8.3,25.1,50.2,ok
20260622,22,5,10.9,1.4,3.1,7.2,16.4,18.7,ok
20260622,22,6,3.0,3.9,5.8,4.8,11.7,3.5,ok
20260622,22,7,1.6,4.6,2.7,17.2,37.9,14.5,ok
20260622,22,8,1.0,32.2,21.5,10.7,64.5,16.1,ok
20260622,22,9,1.3,16.3,9.3,7.2,10.8,5.4,ok
20260622,22,10,2.9,2.9,16.1,2.1,22.6,12.5,ok
20260622,22,11,1.2,14.0,3.6,9.1,13.3,88.7,ok
20260622,22,12,1.4,3.5,9.2,7.7,21.0,14.4,ok
20260622,23,1,1.0,15.5,11.0,9.7,17.2,31.0,ok
20260622,23,2,1.5,3.1,7.0,18.2,13.0,9.1,ok
20260622,23,3,1.8,22.0,1.6,14.9,38.1,24.6,ok
20260622,23,4,2.5,3.5,14.2,3.0,7.7,7.7,ok
20260622,23,5,1.1,17.0,5.6,22.7,9.7,17.0,ok
20260622,23,6,1.4,3.5,19.2,4.9,12.3,43.3,ok
20260622,23,7,1.6,3.4,7.4,11.1,5.2,111.0,ok
20260622,23,9,1.3,2.7,6.6,35.5,35.5,106.5,ok
20260622,23,10,3.4,7.2,1.5,9.0,10.3,18.1,ok
20260622,23,11,1.1,5.2,8.1,14.1,11.1,,ok
20260622,23,12,1.0,9.0,11.4,10.9,13.3,,ok
20260622,24,1,1.2,7.8,16.3,6.0,8.1,15.2,ok
20260622,24,2,1.2,6.8,6.5,10.4,6.8,78.3,ok
20260622,24,3,1.0,12.1,8.9,12.1,133.5,33.3,ok
20260622,24,4,1.7,7.1,11.7,15.6,3.0,6.7,ok
20260622,24,5,1.3,12.9,4.0,8.7,8.7,54.9,ok
20260622,24,6,1.1,7.6,10.6,5.4,19.4,213.7,ok
20260622,24,7,1.0,14.0,16.7,10.8,36.1,31.0,ok
20260622,24,8,1.4,8.1,6.6,6.9,6.3,13.5,ok
20260622,24,9,1.4,6.4,4.1,7.5,12.3,33.3,ok
20260622,24,10,1.3,7.3,5.9,7.3,8.4,18.6,ok
20260622,24,11,1.1,8.1,6.3,17.4,15.2,26.1,ok
20260622,24,12,1.3,5.9,6.2,6.7,15.9,19.0,ok
20260622,05,11,1.4,8.5,10.0,2.5,60.0,,part
20260622,06,4,1.0,39.0,78.0,234.0,,117.0,part
20260622,08,8,3.0,1.3,10.2,15.3,,10.2,part
20260622,11,4,1.4,3.5,14.3,3.7,,31.5,part
20260622,11,7,1.7,,1.4,37.1,37.1,74.2,part
20260622,16,4,3.8,1.9,20.1,1.9,,,part
20260622,16,5,1.0,,11.2,,7.5,11.2,part
20260622,16,9,1.8,,12.8,57.7,1.4,,part
20260622,16,10,5.3,1.1,5.3,,9.3,,part
20260622,16,12,1.0,,11.2,8.4,22.5,,part
20260622,19,3,1.7,3.0,2.6,,14.3,,part
20260622,19,4,1.8,5.0,3.5,,11.5,4.7,part
20260622,23,8,2.2,,5.8,1.5,10.3,,part
20260623,02,1,1.9,3.2,8.0,3.4,15.3,33.7,ok
20260623,02,2,1.8,6.3,5.3,6.9,6.5,6.9,ok
20260623,02,3,9.4,2.5,4.8,4.3,5.0,4.8,ok
20260623,02,4,2.6,3.9,6.9,3.6,7.1,6.5,ok
20260623,02,5,2.4,2.1,8.7,4.5,18.6,13.0,ok
20260623,02,6,3.5,2.4,4.0,5.6,7.5,11.5,ok
20260623,02,7,1.1,11.6,11.3,8.5,12.2,8.0,ok
20260623,02,8,1.6,13.0,3.6,7.1,4.9,19.5,ok
20260623,02,9,1.2,13.8,12.5,14.9,3.9,12.5,ok
20260623,02,10,2.6,1.5,8.9,9.4,24.9,29.3,ok
20260623,02,11,1.8,9.1,4.5,4.6,7.4,9.1,ok
20260623,02,12,1.9,5.5,4.4,4.0,8.8,17.3,ok
20260623,06,1,1.1,26.0,4.7,6.5,26.0,26.0,ok
20260623,06,2,4.3,8.1,5.0,1.6,9.3,13.0,ok
20260623,06,3,16.9,1.7,6.3,2.2,16.9,21.7,ok
20260623,06,4,1.0,6.8,25.5,20.4,20.4,14.5,ok
20260623,06,5,2.8,3.7,5.0,5.8,3.3,23.5,ok
20260623,06,6,4.6,6.1,4.0,3.3,2.5,32.7,ok
20260623,06,7,2.7,7.0,3.1,2.4,42.3,14.1,ok
20260623,06,8,1.9,61.8,30.9,1.4,20.6,123.7,ok
20260623,06,9,2.0,25.5,2.0,12.7,5.1,25.5,ok
20260623,06,10,1.1,7.9,198.0,9.9,8.2,11.0,ok
20260623,06,11,1.4,5.7,4.3,25.8,8.6,12.9,ok
20260623,06,12,1.2,47.0,5.4,7.4,14.1,6.7,ok
20260623,07,1,2.4,4.7,10.0,4.3,4.7,5.6,ok
20260623,07,2,2.7,8.7,1.3,13.0,156.7,156.7,ok
20260623,07,3,2.3,2.8,6.5,10.9,32.7,3.3,ok
20260623,07,4,2.5,1.2,26.3,12.7,74.6,111.9,ok
20260623,07,5,1.8,10.8,2.1,11.6,39.4,7.7,ok
20260623,07,6,3.3,1.4,11.4,8.3,9.7,20.8,ok
20260623,07,7,1.2,9.3,6.3,8.1,8.1,21.9,ok
20260623,07,8,3.5,1.5,7.5,9.4,8.1,27.8,ok
20260623,07,9,1.0,10.4,7.5,9.2,21.2,63.8,ok
20260623,07,10,1.3,9.3,12.8,4.3,9.1,15.4,ok
20260623,07,11,1.1,5.5,14.5,8.8,21.5,30.9,ok
20260623,07,12,1.2,9.6,6.2,9.9,12.9,9.3,ok
20260623,08,1,1.1,5.5,10.4,9.2,41.6,20.8,ok
20260623,08,2,1.8,10.5,8.4,12.1,2.2,21.1,ok
20260623,08,3,1.9,21.7,5.8,2.5,7.2,14.5,ok
20260623,08,4,3.1,5.6,17.0,7.5,5.2,2.1,ok
20260623,08,5,1.8,12.7,8.8,3.0,4.9,14.3,ok
20260623,08,6,2.1,6.2,131.2,3.4,2.5,43.7,ok
20260623,08,7,4.0,3.3,5.7,5.2,3.4,8.0,ok
20260623,08,8,1.4,2.1,67.5,67.5,11.2,22.5,ok
20260623,08,9,1.1,15.1,6.7,34.7,7.3,11.0,ok
20260623,08,11,1.0,14.3,5.5,76.5,45.9,76.5,ok
20260623,08,12,1.2,57.7,11.5,6.1,43.3,4.2,ok
20260623,10,1,1.0,10.2,16.1,22.6,37.7,14.1,ok
20260623,10,2,1.2,3.7,26.4,11.0,26.4,9.4,ok
20260623,10,3,1.9,9.0,2.9,8.1,7.6,8.7,ok
20260623,10,4,1.3,32.1,26.3,3.3,9.0,9.3,ok
20260623,10,5,2.6,4.5,2.7,4.3,14.2,14.8,ok
20260623,10,6,5.0,7.2,3.8,3.8,7.2,2.9,ok
20260623,10,7,2.0,20.7,4.7,2.4,8.8,12.4,ok
20260623,10,8,1.4,5.0,16.5,4.7,9.4,22.0,ok
20260623,10,11,1.2,6.5,9.6,7.1,10.9,27.3,ok
20260623,11,1,2.1,1.5,11.4,20.8,25.5,38.2,ok
20260623,11,2,1.6,11.3,29.4,2.2,7.3,29.4,ok
20260623,11,3,1.7,12.2,5.3,10.6,2.9,17.1,ok
20260623,11,4,1.7,16.8,1.9,19.9,9.9,19.9,ok
20260623,11,5,1.5,4.2,3.7,14.5,14.5,17.0,ok
20260623,11,6,2.9,12.3,3.9,1.6,49.5,29.7,ok
20260623,11,7,3.2,15.6,10.4,1.7,21.9,4.2,ok
20260623,11,8,1.3,8.3,14.8,4.0,12.1,19.0,ok
20260623,11,9,1.5,3.2,11.7,9.9,8.6,18.4,ok
20260623,11,10,1.0,8.6,12.7,17.9,24.4,53.7,ok
20260623,11,12,1.1,9.3,12.4,13.9,5.0,55.8,ok
20260623,14,1,1.4,4.1,6.7,9.0,11.4,18.0,ok
20260623,14,2,1.0,6.9,12.4,10.6,14.0,30.5,ok
20260623,14,3,1.4,5.3,8.4,8.7,5.3,17.9,ok
20260623,14,4,1.2,7.0,8.8,6.9,11.0,37.6,ok
20260623,14,5,1.7,6.8,6.3,2.8,12.4,28.8,ok
20260623,14,6,1.9,3.0,9.4,4.8,9.2,12.3,ok
20260623,14,7,1.2,6.8,11.5,9.6,5.8,21.7,ok
20260623,14,8,1.6,4.6,4.7,7.9,7.1,20.1,ok
20260623,14,9,1.8,2.1,5.6,15.3,15.3,26.6,ok
20260623,14,10,1.2,9.3,3.6,23.1,14.3,28.1,ok
20260623,14,11,1.2,4.8,14.2,5.6,20.5,27.7,ok
20260623,14,12,1.3,3.3,11.6,15.6,17.6,17.9,ok
20260623,15,1,3.4,3.8,11.4,8.9,2.1,8.9,ok
20260623,15,2,2.2,6.4,1.7,6.7,80.6,80.6,ok
20260623,15,4,3.3,3.3,2.1,10.1,16.9,8.2,ok
20260623,15,5,2.3,2.2,7.2,5.0,9.0,50.5,ok
20260623,15,6,1.8,14.8,7.7,6.4,2.9,9.0,ok
20260623,15,7,5.6,3.1,6.7,1.6,21.4,35.7,ok
20260623,15,8,1.4,6.7,7.4,4.6,10.6,13.4,ok
20260623,15,9,1.5,19.7,3.2,10.1,26.8,5.2,ok
20260623,15,10,1.0,25.4,9.0,40.0,43.0,5.8,ok
20260623,15,11,2.1,3.7,7.5,6.2,6.6,5.9,ok
20260623,15,12,1.1,14.2,4.3,12.5,34.3,23.3,ok
20260623,16,1,1.0,11.5,17.2,20.7,25.8,25.8,ok
20260623,16,2,2.3,3.9,5.5,6.3,5.8,6.6,ok
20260623,16,4,3.0,7.5,2.7,3.5,10.7,7.5,ok
20260623,16,7,2.9,2.0,7.2,7.2,4.8,32.8,ok
20260623,16,8,1.0,39.0,9.7,10.6,58.5,117.0,ok
20260623,16,9,1.0,33.6,24.0,33.6,6.4,84.0,ok
20260623,16,10,3.4,1.6,5.5,8.7,10.2,20.5,ok
20260623,16,12,1.5,3.8,15.3,3.8,8.7,123.0,ok
20260623,19,1,1.0,14.5,3.8,29.0,116.2,29.0,ok
20260623,19,2,1.6,12.8,5.9,4.2,6.4,11.0,ok
20260623,19,3,1.9,56.2,2.8,5.1,4.3,56.2,ok
20260623,19,4,2.2,11.4,12.8,2.6,2.9,103.1,ok
20260623,19,5,1.7,3.4,7.7,4.8,9.3,31.0,ok
20260623,19,6,1.6,48.2,4.0,2.9,9.9,128.7,ok
20260623,19,7,2.0,3.1,11.6,2.7,22.0,36.7,ok
20260623,19,8,2.5,2.7,3.2,6.2,10.0,50.2,ok
20260623,19,9,1.1,8.9,10.2,10.0,16.0,17.8,ok
20260623,19,10,1.9,4.7,3.1,5.3,13.9,55.6,ok
20260623,19,11,1.4,4.1,7.1,19.1,5.3,20.7,ok
20260623,19,12,1.4,4.9,3.4,18.9,13.0,189.7,ok
20260623,22,2,1.4,3.5,5.2,6.9,45.0,60.0,ok
20260623,22,3,3.0,4.0,1.6,10.5,52.5,17.5,ok
20260623,22,4,1.0,20.2,10.1,7.5,20.2,60.7,ok
20260623,22,5,3.0,1.4,6.4,16.7,41.8,16.7,ok
20260623,22,6,9.1,1.2,50.1,42.4,110.2,2.7,ok
20260623,22,7,2.4,3.0,14.9,13.4,134.2,2.2,ok
20260623,22,8,1.3,7.0,15.4,77.2,77.2,2.9,ok
20260623,22,10,1.2,8.5,5.0,15.0,6.0,120.0,ok
20260623,22,11,1.5,10.2,11.5,2.6,10.2,48.0,ok
20260623,22,12,1.3,3.8,7.9,8.6,47.6,15.8,ok
20260623,23,1,1.2,9.6,11.1,10.3,9.6,8.5,ok
20260623,23,2,1.2,3.9,7.2,12.0,36.1,48.2,ok
20260623,23,3,1.0,14.6,14.6,11.4,34.2,34.2,ok
20260623,23,4,2.4,3.3,9.4,3.2,16.3,6.6,ok
20260623,23,5,1.4,10.2,3.5,6.2,11.3,37.7,ok
20260623,23,8,3.0,6.8,7.5,1.9,9.3,9.3,ok
20260623,23,9,2.8,9.6,1.3,26.4,11.7,105.7,ok
20260623,23,10,2.6,1.5,4.1,36.2,21.7,54.3,ok
20260623,23,11,6.3,1.5,8.8,4.9,11.0,7.3,ok
20260623,23,12,1.2,19.0,4.5,47.6,6.8,9.5,ok
20260623,08,10,1.5,,4.8,,2.2,32.4,part
20260623,10,9,1.6,3.8,4.9,5.9,11.4,,part
20260623,10,10,1.6,4.5,7.6,2.7,30.5,,part
20260623,10,12,1.1,7.3,12.9,3.9,34.5,,part
20260623,11,11,1.2,5.3,7.5,7.5,18.8,,part
20260623,15,3,3.7,1.6,3.3,6.7,39.0,,part
20260623,16,3,1.9,3.0,4.4,7.7,6.8,,part
20260623,16,5,3.9,5.5,1.6,4.6,13.8,,part
20260623,16,6,1.0,89.4,42.5,42.5,27.9,,part
20260623,16,11,1.0,33.7,6.7,,33.7,,part
20260623,22,1,1.0,4.9,,,24.7,24.7,part
20260623,22,9,1.5,8.0,2.9,32.2,5.3,,part
20260623,23,6,5.2,2.2,3.0,3.0,18.3,,part
20260623,23,7,1.9,2.0,4.9,89.2,7.4,,part
20260624,03,1,2.1,4.7,7.0,2.5,11.6,35.0,ok
20260624,03,2,1.4,4.1,6.8,8.5,9.6,36.1,ok
20260624,03,3,3.1,6.5,1.4,9.8,27.6,34.5,ok
20260624,03,4,2.1,2.7,7.9,6.0,11.4,7.9,ok
20260624,03,5,1.8,5.3,2.4,12.4,24.8,13.5,ok
20260624,03,6,1.3,3.1,16.3,6.1,19.6,98.2,ok
20260624,03,7,2.1,1.4,14.3,14.3,43.1,43.1,ok
20260624,03,8,1.1,7.2,8.1,7.2,21.7,65.2,ok
20260624,03,9,1.4,4.9,4.1,10.8,27.0,13.5,ok
20260624,03,10,1.2,18.0,8.0,4.0,14.4,24.0,ok
20260624,03,11,1.9,3.2,9.0,2.8,40.8,81.7,ok
20260624,03,12,1.2,4.3,9.9,9.9,17.4,23.2,ok
20260624,04,1,1.5,5.5,4.0,30.3,5.0,30.3,ok
20260624,04,2,1.0,11.5,21.8,7.2,14.0,98.2,ok
20260624,04,3,2.9,4.2,2.2,13.5,4.7,30.5,ok
20260624,04,4,2.9,2.4,4.9,3.1,27.1,36.2,ok
20260624,04,5,3.3,4.7,6.0,3.4,7.3,4.4,ok
20260624,04,6,1.7,2.1,5.6,54.9,219.7,10.4,ok
20260624,04,7,1.8,3.7,11.3,15.9,4.6,6.1,ok
20260624,04,8,1.3,7.4,5.2,4.2,37.0,111.0,ok
20260624,04,9,1.7,5.5,4.4,4.4,9.5,66.7,ok
20260624,04,10,2.4,2.7,5.1,20.6,3.7,20.6,ok
20260624,04,11,1.0,10.5,8.4,14.0,21.0,18.0,ok
20260624,04,12,1.4,11.2,4.1,6.8,12.5,11.2,ok
20260624,06,1,1.1,6.2,5.5,18.7,31.2,46.8,ok
20260624,06,2,6.8,10.7,1.0,68.2,204.7,51.1,ok
20260624,06,3,2.3,56.7,1.8,4.3,8.9,85.1,ok
20260624,06,4,1.7,4.6,9.3,2.6,28.1,28.1,ok
20260624,06,5,1.5,7.0,30.0,2.7,24.0,8.0,ok
20260624,06,6,1.7,8.9,4.3,32.2,6.7,4.3,ok
20260624,06,7,1.0,37.1,74.2,12.3,37.1,4.9,ok
20260624,06,8,1.0,17.2,25.8,14.7,20.7,51.7,ok
20260624,06,9,1.1,8.4,8.4,6.7,33.7,33.7,ok
20260624,06,10,1.1,10.3,14.5,7.2,10.3,36.3,ok
20260624,06,11,1.5,4.6,4.2,8.8,16.2,24.3,ok
20260624,06,12,1.7,4.9,4.5,10.3,9.4,6.9,ok
20260624,07,1,4.3,2.5,7.5,2.7,6.5,17.5,ok
20260624,07,2,1.4,6.9,4.7,11.7,7.3,19.6,ok
20260624,07,3,1.7,13.4,2.1,26.9,21.5,6.3,ok
20260624,07,4,2.2,4.6,8.1,182.6,1.8,52.1,ok
20260624,07,5,1.7,12.5,2.5,62.7,47.0,4.1,ok
20260624,07,6,1.5,4.8,10.2,10.7,3.5,39.3,ok
20260624,07,7,1.6,18.2,2.3,4.5,41.1,82.3,ok
20260624,07,8,2.3,11.5,15.9,1.4,13.3,82.5,ok
20260624,07,9,1.6,2.2,54.5,15.5,5.5,65.4,ok
20260624,07,10,1.3,28.2,20.7,2.5,11.9,28.2,ok
20260624,07,11,2.2,30.1,1.3,36.7,20.0,82.7,ok
20260624,07,12,1.1,12.5,14.5,5.2,14.5,15.1,ok
20260624,08,1,2.4,3.6,16.0,2.6,6.8,16.0,ok
20260624,08,2,2.3,3.0,4.8,5.2,10.0,13.3,ok
20260624,08,3,1.7,14.5,6.2,3.1,43.5,5.4,ok
20260624,08,4,1.8,4.3,8.0,3.1,11.2,56.2,ok
20260624,08,5,1.0,6.7,54.2,81.3,32.5,10.8,ok
20260624,08,6,1.0,45.3,11.3,45.3,45.3,6.9,ok
20260624,08,7,1.0,13.8,5.5,83.2,6.9,,ok
20260624,08,8,12.0,4.0,1.6,18.0,18.0,3.6,ok
20260624,08,9,1.5,7.6,4.1,6.6,8.2,24.7,ok
20260624,08,10,1.0,5.1,17.5,24.6,30.7,41.0,ok
20260624,08,12,1.1,15.8,10.5,7.9,10.5,13.6,ok
20260624,09,1,1.0,8.0,10.6,8.7,96.0,19.2,ok
20260624,09,2,1.1,10.9,5.0,10.1,23.6,15.7,ok
20260624,09,3,1.3,7.9,3.9,9.9,39.7,9.9,ok
20260624,09,4,2.3,2.8,9.6,4.8,5.7,14.4,ok
20260624,09,5,1.1,16.5,8.2,8.2,11.0,33.0,ok
20260624,09,6,2.5,20.5,4.7,30.7,12.3,1.7,ok
20260624,09,7,3.9,2.9,17.6,17.6,17.6,1.7,ok
20260624,09,8,3.1,4.9,10.3,1.6,9.5,114.0,ok
20260624,09,9,3.3,1.2,43.7,10.6,11.8,111.3,ok
20260624,09,10,1.8,5.2,2.6,10.5,15.7,15.7,ok
20260624,09,11,1.2,34.5,34.5,6.9,3.8,17.2,ok
20260624,09,12,1.0,4.3,17.2,20.7,34.5,103.5,ok
20260624,10,1,1.0,7.3,27.5,8.4,18.3,36.7,ok
20260624,10,2,1.2,3.4,9.3,43.7,21.8,13.1,ok
20260624,10,3,1.4,13.8,2.4,20.3,17.1,25.1,ok
20260624,10,4,1.8,8.7,7.5,7.8,3.7,6.8,ok
20260624,10,5,2.2,5.3,2.8,17.1,6.6,7.4,ok
20260624,10,6,2.2,9.0,1.9,5.1,60.5,15.1,ok
20260624,10,7,1.3,6.8,10.6,4.4,32.0,8.3,ok
20260624,10,8,4.1,12.3,14.8,1.1,74.2,37.1,ok
20260624,10,9,1.5,4.9,4.9,16.6,7.4,12.1,ok
20260624,10,10,1.6,4.1,3.0,10.0,15.5,140.2,ok
20260624,10,11,1.0,30.5,25.4,65.3,21.7,457.5,ok
20260624,10,12,1.0,10.0,7.3,11.9,14.7,50.1,ok
20260624,11,1,2.0,4.7,4.1,15.5,3.4,31.1,ok
20260624,11,2,1.1,6.3,7.6,19.1,19.1,12.7,ok
20260624,11,3,1.5,21.7,4.9,5.4,15.5,4.9,ok
20260624,11,4,1.1,22.1,9.8,5.9,22.1,14.7,ok
20260624,11,5,1.7,2.3,6.3,12.3,23.0,20.5,ok
20260624,11,6,1.1,4.4,9.5,11.7,25.3,38.0,ok
20260624,11,7,1.5,2.0,13.8,17.2,69.0,23.0,ok
20260624,11,8,1.1,6.5,6.5,10.5,26.2,26.2,ok
20260624,11,11,1.4,3.2,9.8,15.5,6.0,36.2,ok
20260624,11,12,1.0,10.5,14.0,10.0,23.3,15.0,ok
20260624,12,1,2.4,3.9,3.9,3.3,43.8,10.9,ok
20260624,12,2,2.4,5.8,1.9,14.5,7.9,29.0,ok
20260624,12,3,2.1,16.5,1.3,26.0,36.4,60.7,ok
20260624,12,4,3.1,1.6,3.9,18.6,23.0,19.5,ok
20260624,12,5,1.9,10.3,3.7,9.1,13.6,3.5,ok
20260624,12,6,1.9,4.3,2.5,10.4,12.6,59.5,ok
20260624,12,7,3.1,5.8,14.9,1.4,19.5,26.9,ok
20260624,12,8,2.1,1.5,15.0,38.6,16.4,20.8,ok
20260624,12,9,1.2,29.5,3.3,5.6,28.1,53.7,ok
20260624,12,10,2.0,7.0,17.0,1.7,17.0,46.4,ok
20260624,12,11,1.0,26.0,11.3,11.8,28.8,21.2,ok
20260624,12,12,1.1,8.6,5.6,6.9,30.1,38.0,ok
20260624,14,1,1.1,8.2,6.4,9.6,19.5,25.3,ok
20260624,14,2,1.3,3.9,14.8,6.4,12.9,20.9,ok
20260624,14,3,1.3,5.7,5.7,7.2,14.1,48.0,ok
20260624,14,4,1.6,4.3,4.9,11.1,7.0,14.1,ok
20260624,14,5,1.1,19.3,14.1,3.6,17.3,34.6,ok
20260624,14,6,1.7,5.0,5.0,10.2,11.7,5.6,ok
20260624,14,7,1.1,12.0,7.5,10.4,8.5,37.1,ok
20260624,14,8,1.4,6.0,5.7,11.0,5.1,26.7,ok
20260624,14,9,1.3,4.3,7.3,9.6,19.2,16.6,ok
20260624,14,10,1.7,18.0,2.1,8.5,16.6,20.8,ok
20260624,14,11,1.3,8.1,7.0,5.0,10.8,25.2,ok
20260624,14,12,1.2,7.4,11.5,6.2,10.9,20.9,ok
20260624,15,1,3.7,2.5,3.2,3.7,14.1,70.5,ok
20260624,15,2,1.5,11.3,3.5,9.1,5.6,136.5,ok
20260624,15,3,1.4,5.3,6.9,30.1,6.0,7.5,ok
20260624,15,4,1.5,2.8,5.7,32.7,25.5,11.4,ok
20260624,15,5,1.2,16.5,9.9,9.4,6.0,8.2,ok
20260624,15,6,2.5,2.1,11.8,36.7,15.3,3.4,ok
20260624,15,7,1.0,14.4,16.0,13.0,13.0,9.0,ok
20260624,15,8,1.9,7.5,6.8,3.0,8.2,10.3,ok
20260624,15,9,1.1,8.4,5.0,11.8,53.2,39.9,ok
20260624,15,10,1.7,3.1,10.8,6.2,18.6,6.7,ok
20260624,15,11,1.3,9.6,3.1,9.6,21.0,25.4,ok
20260624,15,12,1.5,7.3,12.5,13.9,4.8,5.3,ok
20260624,16,1,1.0,13.8,74.0,31.7,55.5,74.0,ok
20260624,16,2,1.4,3.2,8.8,6.9,31.1,15.5,ok
20260624,16,3,4.5,1.7,2.3,11.4,39.9,53.2,ok
20260624,16,4,2.0,3.1,3.6,7.2,10.5,94.5,ok
20260624,16,5,1.1,18.6,4.9,18.6,9.3,49.7,ok
20260624,16,6,8.0,1.1,8.6,6.9,14.8,104.2,ok
20260624,16,7,5.6,3.5,1.5,5.6,28.0,42.0,ok
20260624,16,8,2.4,1.2,22.8,25.4,25.4,114.3,ok
20260624,16,9,1.2,16.9,21.1,3.1,21.1,21.1,ok
20260624,16,10,1.6,13.2,5.0,8.2,16.5,3.6,ok
20260624,16,11,1.4,6.9,4.7,4.2,19.6,117.7,ok
20260624,16,12,1.2,13.0,2.8,13.0,45.7,30.5,ok
20260624,19,2,2.6,2.2,12.5,3.5,16.7,10.0,ok
20260624,19,3,1.2,38.2,15.3,3.0,15.3,38.2,ok
20260624,19,4,1.1,6.6,11.0,6.6,99.7,12.4,ok
20260624,19,5,1.2,7.0,10.2,7.5,18.7,9.7,ok
20260624,19,6,1.1,12.7,23.6,3.3,165.7,165.7,ok
20260624,19,7,1.0,15.1,8.2,90.7,18.1,181.5,ok
20260624,19,8,1.0,39.5,7.9,25.1,27.6,138.3,ok
20260624,19,9,1.2,9.7,19.5,3.1,31.2,39.0,ok
20260624,19,10,1.0,11.6,13.0,14.9,16.0,29.8,ok
20260624,19,11,1.2,4.2,6.6,24.5,10.5,49.0,ok
20260624,19,12,1.5,4.6,5.2,5.8,25.5,19.1,ok
20260624,22,1,1.0,37.8,6.8,37.8,18.9,75.7,ok
20260624,22,2,2.0,4.9,4.1,6.9,10.3,5.9,ok
20260624,22,3,2.1,69.3,1.2,14.6,92.5,138.7,ok
20260624,22,4,2.8,2.9,3.9,6.9,29.4,4.7,ok
20260624,22,5,2.0,5.9,7.2,3.4,14.5,5.9,ok
20260624,22,6,2.1,9.4,2.1,9.4,15.1,9.4,ok
20260624,22,7,3.8,1.7,7.7,3.6,14.0,51.5,ok
20260624,22,8,1.7,7.7,5.8,5.8,5.8,7.7,ok
20260624,22,10,1.8,1.9,12.1,13.6,21.9,15.6,ok
20260624,22,11,1.7,8.5,12.7,17.0,2.2,25.5,ok
20260624,22,12,1.1,6.9,7.2,11.7,15.3,25.5,ok
20260624,23,2,1.4,2.0,24.7,20.7,32.1,22.9,ok
20260624,23,3,1.4,10.9,7.1,4.0,12.9,10.9,ok
20260624,23,4,2.2,1.9,10.0,22.3,6.4,15.4,ok
20260624,23,5,1.5,3.3,6.1,8.0,15.3,30.7,ok
20260624,23,6,2.4,2.0,3.8,12.2,12.2,73.5,ok
20260624,23,7,1.7,4.0,4.9,3.6,44.2,44.2,ok
20260624,23,8,2.1,6.8,6.0,2.1,20.6,31.0,ok
20260624,23,9,5.2,1.9,13.0,3.5,4.8,15.6,ok
20260624,23,10,1.6,2.3,30.0,4.6,30.0,50.0,ok
20260624,23,11,1.4,5.2,14.0,4.9,9.3,16.8,ok
20260624,23,12,1.2,18.1,18.1,2.6,36.2,21.7,ok
20260624,08,11,1.1,5.7,3.7,31.5,63.0,,part
20260624,11,9,1.1,9.9,4.7,16.6,14.2,,part
20260624,11,10,1.9,2.9,2.7,24.9,15.8,,part
20260624,19,1,1.8,2.2,6.7,8.4,,11.2,part
20260624,22,9,1.3,15.3,2.3,8.5,,,part
20260624,23,1,1.0,12.4,15.8,7.3,,35.7,part
20260625,01,1,1.6,3.1,5.8,5.8,38.2,19.1,ok
20260625,01,2,1.4,4.8,9.0,6.9,6.9,30.7,ok
20260625,01,3,2.2,19.0,2.2,8.3,5.5,12.3,ok
20260625,01,4,1.8,3.7,8.8,20.7,15.5,3.1,ok
20260625,01,5,3.6,1.7,3.7,6.1,19.7,46.5,ok
20260625,01,6,1.3,8.1,12.0,8.1,3.8,180.0,ok
20260625,01,7,4.8,4.9,3.9,1.5,78.9,157.8,ok
20260625,01,8,1.5,20.3,5.7,7.9,5.6,5.9,ok
20260625,01,9,4.2,6.0,1.9,3.6,9.9,18.8,ok
20260625,01,10,2.3,3.0,5.1,3.4,17.9,22.4,ok
20260625,01,11,2.5,4.5,8.7,8.7,18.5,2.2,ok
20260625,01,12,1.1,10.2,6.6,7.1,20.7,51.7,ok
20260625,03,1,2.3,3.8,4.6,3.4,12.4,15.5,ok
20260625,03,2,1.3,5.8,7.8,7.8,14.1,14.1,ok
20260625,03,3,2.7,2.7,3.7,3.7,15.1,60.7,ok
20260625,03,4,2.6,8.3,2.0,4.7,18.1,13.5,ok
20260625,03,5,3.2,2.2,6.0,24.0,3.1,18.0,ok
20260625,03,6,1.1,4.7,12.2,24.4,10.1,40.7,ok
20260625,03,7,2.2,2.1,14.8,9.8,4.2,118.5,ok
20260625,03,8,2.5,5.5,7.5,2.7,7.5,8.2,ok
20260625,03,9,2.5,8.7,8.2,2.4,4.2,17.5,ok
20260625,03,10,1.2,9.4,10.8,7.0,6.4,20.1,ok
20260625,03,11,1.4,4.8,6.4,14.6,7.3,17.1,ok
20260625,03,12,1.8,17.2,2.4,10.3,5.4,20.7,ok
20260625,04,1,3.8,11.5,7.4,2.0,5.7,5.4,ok
20260625,04,2,1.4,4.2,11.8,5.5,15.7,10.5,ok
20260625,04,3,1.9,6.3,17.7,3.5,4.0,14.7,ok
20260625,04,4,2.2,3.0,2.7,10.1,25.3,21.7,ok
20260625,04,5,3.0,12.0,1.4,13.9,8.6,22.5,ok
20260625,04,6,1.8,11.0,2.9,14.1,7.7,6.4,ok
20260625,04,7,6.1,5.5,2.0,4.9,4.2,14.8,ok
20260625,04,8,1.9,6.0,3.3,4.7,16.3,10.4,ok
20260625,04,9,2.7,3.8,15.5,2.9,4.7,10.3,ok
20260625,04,10,1.4,7.9,4.8,8.4,6.3,63.3,ok
20260625,04,11,1.3,4.8,28.1,16.0,18.7,4.0,ok
20260625,04,12,1.3,17.4,4.8,26.2,8.3,6.4,ok
20260625,06,1,1.0,24.0,20.0,20.0,6.6,30.0,ok
20260625,06,2,1.5,10.1,6.0,3.3,30.3,10.1,ok
20260625,06,3,2.1,11.8,1.5,19.7,29.6,29.6,ok
20260625,06,4,1.8,2.9,5.0,10.4,17.8,9.6,ok
20260625,06,5,1.0,86.5,19.6,27.0,72.1,39.3,ok
20260625,06,6,1.7,8.3,2.4,24.9,24.9,7.3,ok
20260625,06,8,1.6,12.3,14.0,2.1,14.0,35.1,ok
20260625,06,10,1.0,11.4,11.9,11.9,16.1,22.8,ok
20260625,06,11,1.1,11.5,17.2,17.2,8.6,6.9,ok
20260625,06,12,1.1,6.1,7.1,14.3,27.1,15.4,ok
20260625,07,1,1.5,2.4,7.5,13.6,12.4,136.5,ok
20260625,07,2,1.9,3.6,3.9,8.4,7.0,32.2,ok
20260625,07,3,5.7,6.6,1.3,3.8,67.1,738.7,ok
20260625,07,4,4.9,1.0,25.1,16.2,17.8,55.2,ok
20260625,07,5,2.0,2.1,9.6,65.2,4.5,18.6,ok
20260625,07,6,1.6,16.4,5.3,78.1,2.4,24.0,ok
20260625,07,7,2.0,18.2,20.5,1.7,6.8,65.8,ok
20260625,07,8,3.4,1.6,3.3,22.1,15.5,25.8,ok
20260625,07,9,2.0,22.1,26.0,3.0,33.2,2.5,ok
20260625,07,10,1.0,14.8,28.4,14.8,8.0,34.7,ok
20260625,07,11,1.2,18.4,3.8,10.6,16.5,29.9,ok
20260625,07,12,1.2,6.8,12.6,7.9,15.4,10.9,ok
20260625,08,1,1.1,9.9,12.3,12.3,16.5,6.1,ok
20260625,08,2,2.4,2.4,9.3,6.6,9.3,6.6,ok
20260625,08,3,2.2,3.1,2.1,26.2,26.2,26.2,ok
20260625,08,4,1.0,24.0,24.0,24.0,72.0,24.0,ok
20260625,08,6,2.2,6.7,22.5,16.8,1.6,22.5,ok
20260625,08,8,2.6,3.1,6.2,4.0,9.7,8.5,ok
20260625,08,9,2.4,4.0,6.0,4.4,28.0,4.2,ok
20260625,08,10,1.4,2.0,16.0,18.3,42.7,128.2,ok
20260625,08,11,1.3,12.4,10.3,12.4,3.2,20.7,ok
20260625,08,12,1.0,12.6,23.2,27.9,69.7,23.2,ok
20260625,09,1,1.0,12.9,12.9,12.9,32.2,64.5,ok
20260625,09,2,2.5,5.0,7.1,6.2,64.2,2.3,ok
20260625,09,3,6.7,11.7,26.9,44.8,89.7,1.0,ok
20260625,09,4,5.2,9.6,2.5,1.7,54.7,23.4,ok
20260625,09,5,1.6,3.9,8.5,5.2,9.4,13.5,ok
20260625,09,6,3.6,39.9,1.0,66.5,28.5,99.7,ok
20260625,09,7,2.6,5.7,2.6,45.7,45.7,2.6,ok
20260625,09,8,2.1,1.6,8.2,9.7,53.6,53.6,ok
20260625,09,9,4.9,1.0,322.5,46.0,322.5,161.2,ok
20260625,09,10,2.0,5.9,15.7,1.8,23.6,47.2,ok
20260625,09,11,1.0,5.4,21.7,10.8,21.7,21.7,ok
20260625,09,12,1.1,7.9,9.9,13.2,13.2,19.8,ok
20260625,12,1,1.7,6.2,2.6,18.2,12.5,14.3,ok
20260625,12,2,1.9,4.9,4.9,4.6,35.8,5.5,ok
20260625,12,3,,3.4,1.5,21.9,3.6,15.3,ok
20260625,12,4,2.5,8.4,2.3,8.4,16.5,4.4,ok
20260625,12,5,1.0,11.7,12.1,39.0,39.0,9.4,ok
20260625,12,6,1.3,2.8,14.0,12.7,22.4,42.1,ok
20260625,12,7,1.9,1.9,,8.3,16.7,7.4,ok
20260625,12,8,3.6,1.7,20.0,34.2,3.8,6.7,ok
20260625,12,9,1.1,6.1,23.9,4.4,17.5,75.8,ok
20260625,12,10,1.3,9.8,3.3,11.6,23.2,19.6,ok
20260625,12,11,1.1,17.2,8.2,7.1,7.1,40.5,ok
20260625,12,12,1.1,8.1,5.4,16.6,13.2,21.2,ok
20260625,13,1,1.3,14.6,2.7,9.1,54.7,109.5,ok
20260625,13,2,3.9,1.2,8.5,7.7,115.5,28.8,ok
20260625,13,3,3.3,15.2,5.2,22.0,1.3,198.0,ok
20260625,13,4,1.7,2.3,7.0,7.8,23.5,70.5,ok
20260625,13,5,3.1,2.9,4.0,5.2,6.0,15.0,ok
20260625,13,7,1.1,7.8,39.2,29.4,3.3,117.7,ok
20260625,13,8,1.8,6.8,3.5,4.1,19.2,12.0,ok
20260625,13,9,1.4,17.4,8.7,2.5,69.7,17.4,ok
20260625,13,10,1.0,8.7,13.0,130.5,130.5,65.2,ok
20260625,13,11,1.3,13.5,8.5,7.8,5.2,11.8,ok
20260625,13,12,1.0,9.1,7.3,16.2,12.1,29.2,ok
20260625,14,1,1.7,13.3,4.6,2.6,22.5,25.4,ok
20260625,14,2,1.0,19.8,12.9,16.2,16.5,47.5,ok
20260625,14,3,1.8,8.3,3.7,4.1,6.4,53.7,ok
20260625,14,4,1.0,8.0,9.6,12.3,17.2,23.4,ok
20260625,14,5,1.1,10.1,7.6,7.1,11.7,41.9,ok
20260625,14,6,1.7,9.4,3.1,13.0,4.4,40.9,ok
20260625,14,7,2.5,2.6,8.8,10.1,3.1,24.2,ok
20260625,14,8,1.1,17.3,8.4,9.9,7.0,29.7,ok
20260625,14,9,2.5,6.1,2.5,7.5,10.9,6.3,ok
20260625,14,10,1.3,3.6,5.5,13.6,15.2,50.4,ok
20260625,14,11,1.3,6.2,4.3,11.4,11.4,38.8,ok
20260625,14,12,1.0,12.4,9.9,12.4,17.1,19.1,ok
20260625,15,1,1.3,7.8,9.4,23.6,4.2,11.8,ok
20260625,15,2,1.4,11.8,3.9,7.9,10.9,10.9,ok
20260625,15,3,7.3,4.9,3.4,4.0,2.7,10.6,ok
20260625,15,4,2.8,4.8,3.7,4.0,76.2,4.0,ok
20260625,15,5,1.6,19.3,8.2,10.2,2.4,19.3,ok
20260625,15,6,2.2,3.4,61.3,2.4,76.6,6.1,ok
20260625,15,7,1.6,17.0,17.0,3.3,27.6,3.8,ok
20260625,15,8,1.7,2.0,38.6,18.4,18.4,7.8,ok
20260625,15,9,3.0,1.2,7.0,31.3,35.2,70.5,ok
20260625,15,10,5.1,6.5,30.4,1.1,28.1,72.2,ok
20260625,15,11,1.5,2.2,8.0,30.4,79.2,16.5,ok
20260625,15,12,1.6,2.7,14.4,4.8,15.0,28.0,ok
20260625,16,2,1.4,4.3,5.1,61.5,5.1,61.5,ok
20260625,16,4,1.3,3.8,11.1,6.1,33.4,41.8,ok
20260625,16,5,2.0,2.5,19.2,16.0,3.3,32.0,ok
20260625,16,6,1.2,12.2,5.2,4.3,73.5,24.5,ok
20260625,16,9,2.0,17.7,5.6,4.1,3.2,14.1,ok
20260625,16,10,1.0,9.3,15.5,23.2,46.5,11.6,ok
20260625,16,11,1.1,8.0,10.6,9.1,9.8,21.3,ok
20260625,16,12,1.5,2.0,7.6,25.0,35.1,43.8,ok
20260625,18,1,1.0,8.7,12.2,12.2,17.4,30.5,ok
20260625,18,2,1.4,19.9,3.9,3.6,16.8,39.9,ok
20260625,18,3,1.2,8.8,6.6,8.1,6.6,52.8,ok
20260625,18,4,1.4,2.0,19.0,17.0,29.4,162.0,ok
20260625,18,5,1.8,3.0,5.6,10.3,8.1,14.3,ok
20260625,18,6,2.3,7.9,19.8,6.1,39.7,1.8,ok
20260625,18,7,1.4,2.4,18.5,11.1,13.8,55.5,ok
20260625,18,8,6.8,1.0,13.3,37.7,15.1,56.6,ok
20260625,18,9,1.1,11.9,5.3,22.1,38.8,11.9,ok
20260625,18,10,1.6,33.7,3.0,3.2,16.8,67.5,ok
20260625,18,11,1.0,8.6,9.4,11.5,17.3,104.2,ok
20260625,18,12,1.0,18.0,6.0,7.5,22.5,45.0,ok
20260625,21,1,1.4,6.8,4.1,8.7,10.5,17.5,ok
20260625,21,2,1.4,26.7,19.1,3.6,12.1,5.0,ok
20260625,21,3,1.1,17.0,4.9,20.0,8.3,341.2,ok
20260625,21,4,1.0,6.1,11.1,11.7,37.1,111.3,ok
20260625,21,5,1.4,15.4,17.6,13.7,4.3,4.3,ok
20260625,21,6,1.3,22.5,28.1,3.4,14.0,6.2,ok
20260625,21,7,1.3,6.2,5.0,10.6,7.6,35.5,ok
20260625,21,8,1.5,3.0,4.9,12.9,25.8,25.8,ok
20260625,21,9,1.0,13.3,12.0,5.4,24.0,40.0,ok
20260625,21,10,1.0,17.6,9.3,11.3,31.8,79.5,ok
20260625,21,11,1.1,13.1,8.0,13.1,10.5,15.0,ok
20260625,21,12,1.2,5.3,11.2,7.2,15.4,30.9,ok
20260625,22,1,1.0,7.8,10.5,10.5,31.5,15.7,ok
20260625,22,2,1.3,14.9,6.7,4.0,13.4,26.8,ok
20260625,22,3,2.0,7.4,1.6,37.0,222.0,13.8,ok
20260625,22,4,1.0,5.4,23.7,71.2,71.2,71.2,ok
20260625,22,5,1.9,8.2,3.7,10.0,3.1,141.0,ok
20260625,22,7,1.0,5.5,20.5,7.6,30.7,30.7,ok
20260625,22,9,1.8,4.3,10.2,4.3,6.1,15.3,ok
20260625,22,10,1.1,7.2,36.0,24.0,4.0,72.0,ok
20260625,22,11,1.6,3.0,3.9,28.7,11.7,26.3,ok
20260625,22,12,1.3,3.3,6.0,18.8,18.8,30.1,ok
20260625,23,1,1.0,16.2,20.0,15.4,37.8,48.6,ok
20260625,23,2,1.0,6.0,15.4,11.1,15.4,33.5,ok
20260625,23,3,1.9,1.7,13.1,7.0,24.1,96.5,ok
20260625,23,4,2.3,4.4,2.2,13.6,17.9,9.2,ok
20260625,23,5,1.1,16.9,15.6,3.6,40.6,101.6,ok
20260625,23,6,2.5,3.1,7.7,2.5,15.4,27.0,ok
20260625,23,7,3.0,6.3,6.3,7.2,2.6,5.6,ok
20260625,23,8,1.8,34.0,11.3,14.5,1.7,51.0,ok
20260625,23,9,4.6,14.7,,1.0,23.2,63.2,ok
20260625,23,10,1.0,52.5,15.0,11.6,7.5,35.0,ok
20260625,23,11,1.5,14.0,18.7,1.9,37.5,112.5,ok
20260625,23,12,1.7,8.7,,2.4,6.5,13.1,ok
20260625,06,7,1.0,9.8,9.8,36.2,5.7,,part
20260625,06,9,1.1,65.2,5.6,8.1,5.9,,part
20260625,08,5,1.8,1.3,58.5,,58.5,58.5,part
20260625,08,7,1.0,13.5,,5.4,13.5,,part
20260625,13,6,1.1,17.5,26.2,6.5,4.7,,part
20260625,16,1,1.4,15.3,1.8,91.8,61.2,,part
20260625,16,3,1.1,6.0,4.6,42.0,14.0,,part
20260625,16,7,1.1,16.8,9.6,3.5,,,part
20260625,16,8,1.1,11.2,,2.8,,,part
20260625,22,6,3.6,5.4,7.2,1.3,151.5,,part
20260625,22,8,2.7,4.5,9.0,1.6,,54.0,part
20260626,01,1,1.6,4.0,5.3,5.9,8.8,53.2,ok
20260626,01,2,3.6,10.6,2.1,8.8,3.5,8.8,ok
20260626,01,3,4.8,6.0,7.2,3.6,2.9,4.8,ok
20260626,01,4,2.0,2.8,16.0,3.2,9.5,41.8,ok
20260626,01,5,2.3,47.8,3.3,2.7,17.9,5.8,ok
20260626,01,6,1.0,10.5,10.5,22.0,22.0,44.1,ok
20260626,01,7,2.3,6.1,3.3,6.1,3.9,30.0,ok
20260626,01,8,1.2,9.5,7.6,19.1,4.4,38.2,ok
20260626,01,9,1.4,4.8,21.0,4.2,13.3,10.5,ok
20260626,01,10,3.6,1.5,3.4,56.7,25.7,17.7,ok
20260626,01,11,1.2,5.5,8.2,7.5,22.0,17.7,ok
20260626,01,12,1.2,4.0,9.7,10.3,20.1,21.4,ok
20260626,03,1,2.9,3.0,4.3,7.6,3.6,30.7,ok
20260626,03,2,2.0,5.8,7.0,7.0,3.2,11.7,ok
20260626,03,3,1.1,8.0,13.0,11.5,8.6,20.8,ok
20260626,03,4,3.7,8.3,4.0,1.6,36.2,13.5,ok
20260626,03,5,9.7,1.4,3.2,7.3,14.3,91.0,ok
20260626,03,6,2.3,2.9,3.5,5.5,16.7,16.7,ok
20260626,03,7,1.5,9.0,2.5,14.5,10.3,72.7,ok
20260626,03,8,3.3,5.4,4.1,2.9,17.8,4.7,ok
20260626,03,9,3.8,1.0,19.1,17.9,44.7,89.5,ok
20260626,03,10,2.2,21.1,7.7,3.0,3.3,12.1,ok
20260626,03,11,1.1,7.5,19.5,8.1,8.1,97.5,ok
20260626,03,12,1.5,2.9,10.6,9.2,10.1,40.5,ok
20260626,04,1,7.1,7.1,7.3,10.0,1.3,13.8,ok
20260626,04,2,1.5,2.3,12.5,11.1,11.1,50.2,ok
20260626,04,3,6.0,1.1,7.0,13.8,12.9,29.5,ok
20260626,04,4,3.5,2.9,41.0,24.6,61.5,1.5,ok
20260626,04,5,1.8,2.7,14.8,11.8,10.7,5.1,ok
20260626,04,7,1.7,9.8,5.4,2.9,7.5,98.2,ok
20260626,04,8,1.7,21.5,3.3,3.3,10.7,28.7,ok
20260626,04,9,4.8,5.0,1.3,17.0,17.0,21.2,ok
20260626,04,10,1.9,5.9,12.8,2.8,9.6,8.5,ok
20260626,04,11,2.0,10.2,11.6,14.0,11.6,1.9,ok
20260626,04,12,1.6,14.0,8.6,2.0,,16.7,ok
20260626,07,1,7.4,4.0,3.7,3.4,2.7,29.7,ok
20260626,07,2,6.6,6.0,44.5,2.9,7.4,1.9,ok
20260626,07,3,5.4,7.2,12.5,3.4,1.6,26.5,ok
20260626,07,4,4.2,9.4,1.2,7.3,20.3,264.7,ok
20260626,07,5,4.6,3.2,19.6,1.6,8.1,32.7,ok
20260626,07,6,2.0,21.6,2.7,4.7,4.6,97.5,ok
20260626,07,7,2.1,63.3,1.4,11.7,17.4,29.8,ok
20260626,07,8,1.6,2.8,3.5,28.5,39.9,66.5,ok
20260626,07,9,1.5,6.0,23.0,3.2,5.7,72.8,ok
20260626,07,10,1.3,3.3,16.9,7.6,10.0,32.5,ok
20260626,07,11,1.2,8.5,12.8,7.3,5.9,19.7,ok
20260626,07,12,1.1,12.8,7.5,8.8,9.1,19.1,ok
20260626,09,1,1.0,17.6,26.4,17.6,11.7,13.2,ok
20260626,09,2,2.3,20.5,1.6,10.2,14.6,10.2,ok
20260626,09,3,1.3,11.5,17.2,34.5,2.8,17.2,ok
20260626,09,4,5.6,4.3,5.3,1.7,15.1,11.3,ok
20260626,09,5,1.4,3.7,4.8,11.2,33.7,16.8,ok
20260626,09,6,1.9,7.3,3.9,5.1,6.2,14.6,ok
20260626,09,7,2.3,1.3,33.7,25.3,12.6,50.6,ok
20260626,09,8,2.5,10.2,4.2,5.1,8.5,3.4,ok
20260626,09,9,2.1,10.8,2.4,7.2,5.0,43.5,ok
20260626,09,10,2.0,5.1,2.0,8.9,26.8,26.8,ok
20260626,09,11,1.1,9.6,8.4,33.7,5.1,67.5,ok
20260626,09,12,1.0,21.0,21.0,21.0,10.5,21.0,ok
20260626,12,1,1.9,2.1,26.2,11.6,6.1,15.0,ok
20260626,12,2,2.3,1.6,6.8,10.5,29.7,59.5,ok
20260626,12,3,3.0,1.2,8.2,14.6,33.6,73.0,ok
20260626,12,4,7.3,1.0,10.8,14.2,17.4,90.0,ok
20260626,12,5,1.2,8.8,9.4,6.3,20.5,7.7,ok
20260626,12,6,3.6,1.8,5.9,3.5,18.2,33.1,ok
20260626,12,7,1.5,8.3,3.5,4.1,27.8,47.7,ok
20260626,12,8,1.6,4.4,10.1,14.5,67.7,3.0,ok
20260626,12,9,1.7,22.9,2.3,17.4,4.4,36.6,ok
20260626,12,10,1.8,7.0,3.2,8.9,9.3,8.5,ok
20260626,12,11,1.6,4.0,10.2,12.6,3.9,31.0,ok
20260626,12,12,1.0,33.1,10.6,26.4,23.0,79.2,ok
20260626,13,1,2.2,6.7,1.5,29.6,16.9,118.7,ok
20260626,13,2,2.3,1.9,37.0,55.5,2.9,74.0,ok
20260626,13,3,10.2,1.0,8.3,13.3,44.5,22.2,ok
20260626,13,4,3.1,1.3,27.0,7.2,9.8,108.0,ok
20260626,13,5,1.1,9.4,6.8,151.5,7.5,21.6,ok
20260626,13,6,1.0,14.7,162.0,4.9,40.5,81.0,ok
20260626,13,7,1.7,6.4,4.3,4.5,30.2,7.5,ok
20260626,13,9,2.2,12.2,9.4,2.0,5.8,28.2,ok
20260626,13,10,1.1,13.9,12.5,5.6,125.2,6.2,ok
20260626,13,11,1.4,13.7,5.7,3.6,13.7,18.8,ok
20260626,13,12,2.0,8.3,17.7,7.3,2.0,31.1,ok
20260626,14,1,1.3,8.5,5.6,10.2,6.8,18.3,ok
20260626,14,2,1.5,6.6,12.1,3.9,6.9,18.9,ok
20260626,14,3,1.4,9.1,7.7,4.2,7.7,15.5,ok
20260626,14,4,1.6,4.3,5.5,7.4,8.1,13.9,ok
20260626,14,5,1.2,6.2,9.8,21.0,6.2,12.6,ok
20260626,14,6,1.4,5.7,7.7,6.5,6.8,25.2,ok
20260626,14,7,1.0,16.1,18.2,16.9,7.5,12.6,ok
20260626,14,8,1.5,7.3,11.5,7.8,9.6,4.2,ok
20260626,14,9,1.6,4.6,3.7,9.7,13.8,16.5,ok
20260626,14,10,2.3,3.5,5.1,3.5,8.8,25.0,ok
20260626,14,11,1.9,5.7,3.3,12.5,4.7,17.6,ok
20260626,14,12,1.2,9.8,5.2,8.4,17.2,16.2,ok
20260626,16,1,1.2,8.5,10.0,6.0,20.0,15.0,ok
20260626,16,2,1.6,7.5,2.5,10.2,14.1,37.7,ok
20260626,16,3,1.4,5.5,4.4,11.1,11.1,22.2,ok
20260626,16,4,1.3,4.6,8.4,10.5,8.4,21.0,ok
20260626,16,5,1.1,11.1,6.6,13.3,8.3,66.7,ok
20260626,16,6,1.3,16.1,10.7,2.9,16.1,32.2,ok
20260626,16,8,1.3,9.0,4.8,6.6,18.1,14.5,ok
20260626,16,9,1.6,6.7,5.4,4.1,9.0,18.0,ok
20260626,16,10,1.9,2.1,11.9,5.3,15.5,51.7,ok
20260626,16,11,1.0,11.0,11.7,13.7,12.6,16.5,ok
20260626,16,12,1.7,4.6,4.2,11.1,5.5,31.4,ok
20260626,17,1,1.1,22.7,4.2,34.1,22.7,13.6,ok
20260626,17,2,1.8,8.0,4.4,2.4,40.2,120.7,ok
20260626,17,3,1.8,3.4,3.4,24.0,8.0,24.0,ok
20260626,17,4,11.1,1.1,7.4,9.1,17.3,19.5,ok
20260626,17,5,2.5,7.5,6.8,1.8,19.6,15.7,ok
20260626,17,7,1.5,6.3,5.1,3.8,19.1,25.5,ok
20260626,17,8,1.2,34.1,8.5,6.2,7.5,13.6,ok
20260626,17,9,1.4,13.4,20.1,2.2,24.1,17.2,ok
20260626,17,10,1.2,5.2,4.0,21.0,42.0,28.0,ok
20260626,17,11,1.0,13.8,13.8,11.1,55.5,55.5,ok
20260626,17,12,1.2,5.4,15.4,6.7,12.1,42.3,ok
20260626,18,1,1.2,10.4,8.8,8.1,4.9,57.3,ok
20260626,18,2,1.1,5.2,9.7,36.5,9.1,146.2,ok
20260626,18,3,1.7,5.2,7.5,2.8,13.8,41.6,ok
20260626,18,4,2.0,2.0,16.3,10.1,5.2,86.0,ok
20260626,18,5,2.6,22.7,1.7,3.2,49.2,98.5,ok
20260626,18,6,1.6,7.0,10.3,33.5,2.2,67.1,ok
20260626,18,7,1.5,3.0,5.7,8.5,11.8,,ok
20260626,18,8,2.4,3.7,18.7,3.9,3.0,75.0,ok
20260626,18,9,1.5,6.7,15.7,7.2,5.5,5.9,ok
20260626,18,10,1.2,6.8,13.6,27.3,4.5,27.3,ok
20260626,18,11,2.0,3.5,2.6,11.7,11.7,82.5,ok
20260626,18,12,1.0,15.1,60.7,4.6,30.3,15.1,ok
20260626,21,1,1.6,4.3,7.6,43.0,3.1,43.0,ok
20260626,21,2,1.2,19.1,4.7,4.4,23.0,76.7,ok
20260626,21,4,1.0,17.6,10.3,27.5,30.9,5.6,ok
20260626,21,5,1.0,15.5,7.7,34.8,7.3,15.5,ok
20260626,21,6,1.2,10.5,13.4,5.0,8.6,36.9,ok
20260626,21,7,1.3,2.2,34.5,69.0,17.2,34.5,ok
20260626,21,8,1.1,5.8,17.6,6.9,31.8,13.2,ok
20260626,21,9,1.9,5.7,9.6,11.0,2.5,22.0,ok
20260626,21,10,1.5,10.7,2.4,19.9,25.8,10.3,ok
20260626,21,11,1.1,11.0,19.3,19.3,5.1,25.7,ok
20260626,22,1,1.8,10.1,5.0,10.1,3.3,10.1,ok
20260626,22,2,2.2,22.5,1.6,16.0,22.5,9.3,ok
20260626,22,3,4.4,68.6,1.0,9.8,68.6,68.6,ok
20260626,22,5,1.6,10.6,12.3,3.5,4.3,18.5,ok
20260626,22,6,1.6,5.1,4.3,9.6,5.8,29.0,ok
20260626,22,7,1.2,6.3,25.5,8.5,12.7,8.5,ok
20260626,22,8,1.0,16.3,10.8,13.0,32.6,32.6,ok
20260626,22,10,1.5,4.1,5.5,4.6,36.1,72.3,ok
20260626,22,11,2.1,2.4,11.8,3.3,67.0,15.4,ok
20260626,22,12,1.3,5.8,7.5,6.5,8.7,22.6,ok
20260626,23,1,1.9,3.1,7.6,35.5,4.6,8.8,ok
20260626,23,2,1.0,8.0,48.5,48.5,72.7,29.1,ok
20260626,23,3,1.2,23.8,6.3,9.5,5.9,15.8,ok
20260626,23,4,10.9,3.4,20.1,1.3,60.3,7.5,ok
20260626,23,5,1.6,8.8,7.3,6.5,7.6,5.3,ok
20260626,23,6,1.3,3.7,17.7,8.0,35.4,10.4,ok
20260626,23,7,2.5,7.0,12.3,7.0,123.0,1.7,ok
20260626,23,8,1.7,17.1,8.5,8.5,15.4,2.4,ok
20260626,23,9,1.0,15.5,10.6,13.4,50.4,8.0,ok
20260626,23,10,1.0,7.1,13.5,5.6,75.7,75.7,ok
20260626,23,11,1.0,15.1,8.4,18.9,25.2,25.2,ok
20260626,23,12,1.1,12.7,9.9,4.6,89.2,22.3,ok
20260626,24,1,2.3,1.4,15.9,19.8,19.8,19.8,ok
20260626,24,3,2.8,6.6,20.0,20.0,1.3,60.0,ok
20260626,24,4,3.4,1.5,9.2,4.3,19.5,39.0,ok
20260626,24,5,1.6,2.1,25.2,11.3,8.7,227.2,ok
20260626,24,6,2.5,11.4,1.9,4.7,15.2,12.4,ok
20260626,24,7,1.0,89.7,21.6,23.2,104.7,23.2,ok
20260626,24,8,1.9,1.8,7.4,11.1,19.5,39.1,ok
20260626,24,9,2.0,4.5,3.0,8.7,11.9,9.4,ok
20260626,24,10,1.2,6.0,19.8,5.3,19.8,15.4,ok
20260626,24,11,1.0,17.9,8.9,8.9,12.1,20.3,ok
20260626,24,12,1.4,5.1,16.9,3.9,11.7,42.2,ok
20260626,04,6,2.8,2.5,3.0,4.3,,28.5,part
20260626,13,8,3.3,1.4,5.4,,9.5,21.1,part
20260626,16,7,1.3,7.4,11.5,8.6,,3.7,part
20260626,17,6,5.8,1.1,23.2,8.6,6.4,,part
20260626,21,3,1.5,13.5,3.4,6.4,5.9,,part
20260626,21,12,1.3,7.1,10.0,,3.1,50.2,part
20260626,22,4,1.6,4.2,22.3,2.2,89.2,,part
20260626,22,9,1.2,5.0,7.5,6.0,30.0,,part
20260626,24,2,1.4,5.4,9.6,2.8,41.7,,part
20260627,01,1,8.5,9.9,5.9,3.1,1.8,11.9,ok
20260627,01,2,2.7,1.9,16.1,3.6,12.2,21.8,ok
20260627,01,3,2.3,2.1,27.6,6.5,6.9,9.6,ok
20260627,01,4,7.9,4.6,20.2,1.3,15.0,7.0,ok
20260627,01,5,3.3,8.0,7.3,2.1,4.6,11.1,ok
20260627,01,6,2.0,6.1,13.5,2.0,14.5,23.7,ok
20260627,01,7,1.6,2.0,6.4,28.2,34.5,62.1,ok
20260627,01,8,1.4,4.3,18.3,16.0,4.3,17.1,ok
20260627,01,9,1.5,4.1,4.4,11.3,17.7,12.9,ok
20260627,01,10,1.4,2.9,11.2,14.0,7.9,25.7,ok
20260627,01,11,1.5,5.4,2.9,11.7,30.6,19.1,ok
20260627,01,12,1.7,2.1,7.5,28.4,14.7,19.9,ok
20260627,02,1,4.4,12.1,3.0,3.0,3.2,15.1,ok
20260627,02,2,3.6,1.2,12.0,8.2,22.1,44.2,ok
20260627,02,3,2.6,9.0,9.9,16.5,1.8,7.0,ok
20260627,02,4,3.4,1.8,6.4,7.9,5.4,34.5,ok
20260627,02,5,1.6,15.6,4.1,4.1,6.5,39.0,ok
20260627,02,6,1.8,12.1,3.1,15.4,14.1,3.9,ok
20260627,02,7,1.1,18.2,8.1,6.9,16.2,18.2,ok
20260627,02,8,3.1,3.7,2.5,7.2,5.6,27.0,ok
20260627,02,9,1.8,6.8,6.4,5.2,3.7,28.5,ok
20260627,02,10,2.1,6.7,4.9,2.5,8.5,47.2,ok
20260627,02,11,2.4,4.2,2.4,9.3,10.7,15.5,ok
20260627,02,12,1.6,4.1,5.5,10.8,5.9,24.7,ok
20260627,03,1,1.2,6.5,5.0,10.8,16.3,21.7,ok
20260627,03,2,2.0,3.6,3.3,11.4,13.3,8.9,ok
20260627,03,3,1.6,5.4,3.2,16.3,6.0,57.3,ok
20260627,03,4,2.2,6.1,5.5,2.5,12.3,16.5,ok
20260627,03,5,6.4,1.1,7.8,8.2,12.8,70.5,ok
20260627,03,6,1.4,6.8,5.0,19.0,19.0,4.7,ok
20260627,03,7,1.3,9.1,4.5,10.5,5.6,73.5,ok
20260627,03,8,1.8,5.0,2.7,6.2,33.5,20.1,ok
20260627,03,10,1.6,4.6,9.2,4.0,23.0,10.2,ok
20260627,03,12,1.1,5.0,12.2,8.7,15.2,122.2,ok
20260627,07,1,7.9,22.1,1.0,66.5,33.2,49.8,ok
20260627,07,2,2.4,6.1,1.7,11.9,13.6,27.2,ok
20260627,07,3,2.3,2.2,7.4,13.7,16.2,4.9,ok
20260627,07,4,2.1,2.5,22.8,13.8,3.8,12.1,ok
20260627,07,5,1.8,2.3,20.4,19.0,4.0,40.8,ok
20260627,07,6,1.5,3.8,8.3,12.6,26.3,5.3,ok
20260627,07,7,1.0,14.9,10.2,7.5,24.0,46.0,ok
20260627,07,8,1.7,4.4,3.1,25.6,6.1,61.6,ok
20260627,07,9,1.2,5.0,6.2,7.0,36.0,28.2,ok
20260627,07,10,1.2,9.0,4.7,7.9,11.6,32.7,ok
20260627,07,11,1.3,7.2,5.1,4.9,38.5,33.7,ok
20260627,07,12,1.0,8.9,12.2,5.9,30.6,48.1,ok
20260627,09,1,1.1,20.6,3.1,20.6,82.5,27.5,ok
20260627,09,2,6.1,3.0,4.4,4.1,4.1,7.2,ok
20260627,09,3,1.5,4.0,28.6,3.1,12.7,114.7,ok
20260627,09,4,7.3,7.9,1.0,55.3,17.0,73.7,ok
20260627,09,5,1.0,16.5,11.0,33.0,33.0,8.2,ok
20260627,09,6,6.0,1.0,,8.0,13.3,40.0,ok
20260627,09,7,4.5,10.6,1.3,10.6,9.1,10.6,ok
20260627,09,8,3.3,4.9,5.6,4.4,13.2,2.8,ok
20260627,09,9,1.7,15.7,3.9,5.2,4.2,47.2,ok
20260627,09,11,1.8,6.5,5.2,4.3,6.5,13.1,ok
20260627,09,12,1.2,8.5,10.0,7.0,9.2,10.9,ok
20260627,12,1,1.3,3.8,9.9,14.9,7.4,42.7,ok
20260627,12,2,1.2,16.3,12.8,2.9,24.5,98.2,ok
20260627,12,3,4.7,2.2,6.1,2.1,27.9,39.1,ok
20260627,12,4,5.4,3.7,3.5,2.6,5.4,25.8,ok
20260627,12,5,3.5,9.7,6.1,11.5,110.5,1.4,ok
20260627,12,6,5.7,2.7,1.6,7.1,32.7,36.0,ok
20260627,12,7,1.4,10.3,3.4,7.6,68.4,9.5,ok
20260627,12,8,1.1,5.1,11.6,8.9,19.0,24.1,ok
20260627,12,9,1.1,4.7,13.1,11.7,13.1,27.9,ok
20260627,12,10,1.4,5.3,5.6,6.6,14.0,22.8,ok
20260627,12,11,1.1,5.4,8.2,8.4,20.3,36.3,ok
20260627,12,12,1.1,10.3,3.9,11.5,49.8,29.5,ok
20260627,13,1,3.3,7.9,1.6,12.7,5.7,15.9,ok
20260627,13,2,4.0,1.4,6.1,7.2,61.9,15.4,ok
20260627,13,3,2.2,2.2,4.9,5.9,15.2,137.2,ok
20260627,13,4,1.7,2.9,10.1,5.9,6.3,172.5,ok
20260627,13,6,1.0,21.3,16.4,6.4,,71.2,ok
20260627,13,7,5.9,5.9,8.0,7.5,1.4,22.5,ok
20260627,13,8,7.4,2.5,4.5,5.9,14.8,2.8,ok
20260627,13,9,1.7,6.6,9.6,9.6,2.9,21.0,ok
20260627,13,10,1.5,11.1,,4.4,8.0,3.9,ok
20260627,13,11,1.5,19.6,2.7,11.3,13.5,10.2,ok
20260627,13,12,1.1,13.2,8.1,4.5,48.7,29.2,ok
20260627,14,1,1.2,7.0,10.2,7.4,9.0,17.4,ok
20260627,14,2,1.0,12.2,4.6,21.9,23.5,43.8,ok
20260627,14,3,1.2,10.4,9.6,12.7,24.9,4.8,ok
20260627,14,4,1.3,9.2,5.6,8.1,10.2,13.0,ok
20260627,14,5,1.6,5.3,4.5,6.8,6.8,26.8,ok
20260627,14,6,1.1,9.8,11.8,5.6,14.4,15.5,ok
20260627,14,7,1.3,6.0,10.2,7.0,8.3,17.7,ok
20260627,14,8,1.3,10.6,6.0,5.7,9.4,23.8,ok
20260627,14,9,1.1,9.1,11.5,6.5,15.9,18.5,ok
20260627,14,10,1.1,8.7,9.5,9.7,8.9,19.4,ok
20260627,14,11,1.1,7.0,7.2,13.5,11.6,37.9,ok
20260627,14,12,1.3,8.3,3.6,9.1,15.3,20.6,ok
20260627,17,1,1.0,33.7,5.0,33.7,33.7,33.7,ok
20260627,17,2,3.2,2.3,4.5,3.6,15.4,27.0,ok
20260627,17,4,2.0,3.9,58.7,2.0,13.5,58.7,ok
20260627,17,5,1.0,27.7,9.2,13.8,10.4,11.8,ok
20260627,17,6,4.3,16.5,2.4,2.2,20.6,7.5,ok
20260627,17,7,1.7,4.0,8.0,7.2,5.1,19.0,ok
20260627,17,8,2.7,13.9,15.7,1.3,27.9,30.2,ok
20260627,17,9,2.7,2.5,3.3,57.7,19.2,4.8,ok
20260627,17,10,1.1,6.9,3.7,48.7,48.7,48.7,ok
20260627,17,11,4.2,1.4,15.4,61.8,3.0,,ok
20260627,17,12,1.2,4.1,25.0,13.5,7.3,35.1,ok
20260627,18,1,1.1,24.5,4.9,29.0,7.4,26.6,ok
20260627,18,2,1.9,6.4,6.7,5.9,13.2,3.7,ok
20260627,18,3,1.2,4.7,9.2,6.4,22.7,62.4,ok
20260627,18,4,1.2,4.2,6.8,17.0,23.1,14.1,ok
20260627,18,5,4.0,8.7,2.9,2.2,6.2,39.1,ok
20260627,18,6,3.1,3.1,2.5,6.6,9.5,16.6,ok
20260627,18,7,3.6,3.8,2.7,5.7,15.8,4.9,ok
20260627,18,8,2.5,1.7,6.7,6.7,15.4,61.6,ok
20260627,18,9,2.3,1.9,9.1,6.6,23.8,9.9,ok
20260627,18,10,1.2,15.1,8.2,3.4,30.2,,ok
20260627,18,11,3.8,21.1,1.1,10.5,11.2,95.2,ok
20260627,18,12,1.3,7.8,5.7,7.5,11.0,11.0,ok
20260627,21,1,1.4,7.9,7.6,5.4,9.3,12.4,ok
20260627,21,2,1.3,18.5,20.2,2.8,13.9,27.8,ok
20260627,21,3,1.3,18.5,2.5,25.2,10.3,39.7,ok
20260627,21,4,1.0,43.8,16.8,31.2,13.6,109.5,ok
20260627,21,5,1.5,5.4,5.3,7.0,8.5,21.8,ok
20260627,21,6,3.1,60.0,8.5,8.5,2.0,3.5,ok
20260627,21,7,1.7,8.1,3.2,9.6,17.6,5.8,ok
20260627,21,8,3.3,1.6,4.7,9.0,16.2,23.2,ok
20260627,21,9,1.3,9.2,11.9,5.4,40.6,5.3,ok
20260627,21,10,1.1,27.9,13.9,4.6,9.3,37.2,ok
20260627,21,12,1.0,6.0,15.3,21.0,12.0,56.2,ok
20260627,22,2,1.5,9.9,5.3,39.7,3.3,19.8,ok
20260627,22,3,3.1,12.4,1.3,6.8,17.4,87.0,ok
20260627,22,5,1.4,13.8,2.3,11.8,41.6,27.7,ok
20260627,22,6,1.2,7.8,3.5,26.2,19.6,78.7,ok
20260627,22,7,1.4,81.7,10.2,81.7,1.9,81.7,ok
20260627,22,8,1.9,4.8,7.3,8.3,2.8,62.6,ok
20260627,22,9,1.9,2.2,5.9,28.1,6.6,56.2,ok
20260627,22,10,2.4,2.6,2.6,13.2,13.2,36.5,ok
20260627,22,11,1.2,7.4,6.1,7.7,10.6,33.6,ok
20260627,22,12,1.4,8.6,7.6,4.2,8.3,32.0,ok
20260627,23,1,1.2,7.1,5.4,12.6,38.0,7.6,ok
20260627,23,2,2.7,2.0,5.7,8.0,7.5,24.0,ok
20260627,23,3,1.7,6.5,4.5,3.3,34.1,17.0,ok
20260627,23,4,1.5,5.4,4.3,5.9,19.3,27.1,ok
20260627,23,5,1.3,11.0,4.2,7.3,9.8,88.5,ok
20260627,23,6,1.7,3.8,5.1,7.1,46.6,7.4,ok
20260627,23,7,1.5,5.1,28.2,3.3,7.0,94.0,ok
20260627,23,8,1.7,9.3,2.6,5.5,15.6,31.2,ok
20260627,23,9,1.1,5.4,7.0,12.6,15.7,47.2,ok
20260627,23,10,1.5,4.8,23.0,4.6,5.1,30.7,ok
20260627,23,11,1.4,3.8,11.2,5.1,12.5,56.2,ok
20260627,23,12,1.3,5.4,3.9,10.6,33.4,46.8,ok
20260627,24,1,2.0,4.3,8.7,3.6,7.2,10.8,ok
20260627,24,2,,6.1,3.4,3.2,3.4,3.5,ok
20260627,24,3,2.0,3.6,6.0,7.8,5.4,10.9,ok
20260627,24,4,4.6,4.5,5.0,9.5,63.7,1.7,ok
20260627,24,5,2.9,8.1,6.5,1.9,5.3,98.2,ok
20260627,24,6,2.3,4.7,11.9,23.9,47.8,1.8,ok
20260627,24,7,1.0,11.2,6.2,7.8,53.2,42.6,ok
20260627,24,8,1.0,12.2,10.2,17.8,48.1,125.1,ok
20260627,24,9,1.3,10.7,9.2,7.0,4.7,34.0,ok
20260627,24,10,1.0,11.6,5.0,23.3,23.3,64.1,ok
20260627,24,11,1.3,15.6,6.3,6.1,24.3,5.2,ok
20260627,24,12,1.4,7.6,3.9,6.2,22.9,21.4,ok
20260627,03,9,1.3,5.3,3.3,10.7,96.7,,part
20260627,03,11,1.0,6.3,8.4,12.6,,75.7,part
20260627,09,10,1.2,2.4,9.6,87.0,29.0,,part
20260627,13,5,1.1,14.7,24.5,3.3,14.7,,part
20260627,17,3,4.4,1.6,22.2,,2.3,55.5,part
20260627,21,11,2.0,1.8,29.2,6.5,7.3,,part
20260627,22,1,1.8,3.8,4.9,6.7,5.4,,part
20260627,22,4,1.4,9.9,15.9,39.7,2.2,,part
20260628,01,1,4.1,9.4,1.3,16.1,22.6,8.0,ok
20260628,01,2,2.5,7.4,4.7,3.0,4.0,44.8,ok
20260628,01,3,1.9,3.0,4.6,12.0,7.5,20.0,ok
20260628,01,4,4.2,7.5,2.7,4.8,3.0,13.5,ok
20260628,01,5,2.2,2.7,10.3,2.9,33.1,20.7,ok
20260628,01,6,1.0,14.0,15.0,10.3,16.7,10.1,ok
20260628,01,7,1.4,46.0,3.3,38.3,3.5,57.5,ok
20260628,01,8,1.0,22.6,19.4,8.0,6.1,68.0,ok
20260628,01,9,1.7,1.9,11.3,13.8,19.3,38.7,ok
20260628,01,10,1.2,5.4,13.1,9.0,16.8,7.6,ok
20260628,01,11,2.1,8.4,43.6,4.3,2.2,23.4,ok
20260628,01,12,1.2,10.1,6.9,10.4,11.5,9.0,ok
20260628,02,1,2.1,3.6,9.4,3.5,6.4,20.7,ok
20260628,02,2,2.8,9.4,7.2,10.2,15.3,1.7,ok
20260628,02,3,4.4,3.3,5.1,6.8,6.2,3.2,ok
20260628,02,4,4.0,1.7,6.9,4.4,12.1,13.9,ok
20260628,02,6,4.3,2.5,6.7,2.6,6.1,35.6,ok
20260628,02,7,1.7,3.1,20.0,4.3,7.7,23.3,ok
20260628,02,8,1.4,4.6,4.9,27.6,9.8,11.5,ok
20260628,02,9,1.1,4.1,15.3,25.6,16.1,25.6,ok
20260628,02,10,1.3,12.5,3.2,13.2,19.8,10.8,ok
20260628,02,11,1.6,4.2,5.7,5.9,16.6,9.2,ok
20260628,02,12,1.2,7.5,14.4,24.0,5.7,8.4,ok
20260628,03,1,2.8,4.6,2.5,9.3,9.3,6.5,ok
20260628,03,2,4.0,6.6,5.0,3.8,12.1,2.5,ok
20260628,03,3,2.5,1.4,11.9,15.9,14.3,20.4,ok
20260628,03,4,1.8,3.1,7.5,5.4,8.4,18.9,ok
20260628,03,5,1.5,5.4,4.9,9.0,9.0,18.0,ok
20260628,03,6,5.6,17.4,1.0,32.0,19.2,38.4,ok
20260628,03,7,1.5,5.6,12.2,3.3,12.2,18.3,ok
20260628,03,8,1.5,4.7,3.0,8.5,29.8,119.2,ok
20260628,03,9,2.5,1.5,13.5,5.6,67.5,67.5,ok
20260628,03,11,1.3,6.3,6.3,14.7,8.0,9.8,ok
20260628,03,12,1.3,7.2,4.4,8.4,16.8,37.8,ok
20260628,04,1,2.6,4.2,2.1,10.9,6.9,38.2,ok
20260628,04,2,1.9,7.0,15.9,5.7,2.5,21.2,ok
20260628,04,3,2.6,10.5,3.6,4.5,3.5,13.5,ok
20260628,04,4,2.1,5.3,8.0,24.1,2.3,13.8,ok
20260628,04,5,1.0,6.4,31.1,7.1,46.6,20.7,ok
20260628,04,6,1.0,11.2,26.2,15.7,19.6,19.6,ok
20260628,04,7,8.0,1.7,5.6,3.7,9.5,10.1,ok
20260628,04,8,1.4,11.4,5.3,3.9,19.9,22.8,ok
20260628,04,9,1.3,2.6,14.6,17.9,23.0,13.4,ok
20260628,04,10,1.9,3.6,4.9,14.1,16.5,4.5,ok
20260628,04,11,1.4,5.4,5.1,10.0,21.2,10.0,ok
20260628,04,12,1.2,7.9,7.2,17.4,22.0,7.3,ok
20260628,05,1,1.7,7.0,8.0,3.5,6.2,28.1,ok
20260628,05,2,3.7,18.9,1.8,5.4,3.6,37.8,ok
20260628,05,3,3.1,1.7,5.1,11.9,7.1,53.6,ok
20260628,05,4,3.8,1.9,2.0,40.0,55.0,40.0,ok
20260628,05,5,1.7,4.3,8.2,3.1,22.6,22.6,ok
20260628,05,6,1.2,9.4,3.9,10.8,25.2,15.1,ok
20260628,05,7,1.0,45.9,9.1,61.2,16.7,61.2,ok
20260628,05,8,1.7,7.6,11.7,2.0,19.5,88.1,ok
20260628,05,9,1.3,3.2,23.7,5.4,71.2,23.7,ok
20260628,05,10,1.1,12.5,3.4,125.2,25.0,25.0,ok
20260628,05,11,1.0,5.0,56.7,13.0,34.0,85.1,ok
20260628,05,12,1.0,10.4,17.6,8.0,24.4,29.3,ok
20260628,07,1,3.0,3.8,3.8,6.7,3.1,42.7,ok
20260628,07,2,1.4,9.8,3.3,9.3,11.3,31.6,ok
20260628,07,3,1.4,5.5,11.0,5.9,7.4,16.0,ok
20260628,07,4,6.9,7.6,12.0,1.1,19.0,38.0,ok
20260628,07,5,1.2,11.5,7.7,11.5,5.1,47.7,ok
20260628,07,6,1.0,9.1,11.1,8.0,40.0,50.0,ok
20260628,07,7,2.1,10.0,1.6,12.5,23.1,25.0,ok
20260628,07,8,1.0,10.9,11.8,8.9,23.7,17.8,ok
20260628,07,9,1.0,9.7,9.5,11.7,14.1,29.3,ok
20260628,07,10,1.4,17.8,2.3,12.7,29.6,20.5,ok
20260628,07,11,1.1,8.0,6.6,19.0,19.0,11.7,ok
20260628,07,12,1.0,9.2,6.0,25.7,12.5,34.3,ok
20260628,09,1,1.2,2.4,28.7,20.1,50.2,67.0,ok
20260628,09,2,1.3,14.4,4.0,14.4,5.5,24.0,ok
20260628,09,3,2.5,9.9,4.6,1.9,15.9,15.9,ok
20260628,09,4,1.6,6.0,11.0,6.0,3.3,66.0,ok
20260628,09,5,1.4,15.1,2.1,20.2,30.3,60.7,ok
20260628,09,9,1.1,5.8,32.2,8.0,12.9,16.1,ok
20260628,09,10,1.1,7.5,17.0,8.5,11.3,22.7,ok
20260628,09,11,1.2,5.8,9.0,9.0,12.4,19.8,ok
20260628,09,12,1.1,11.4,13.0,6.1,15.2,18.3,ok
20260628,10,1,1.0,16.3,8.9,9.5,23.1,92.7,ok
20260628,10,2,1.2,3.0,12.5,23.7,17.8,213.7,ok
20260628,10,3,1.5,7.1,4.0,16.7,5.2,21.3,ok
20260628,10,4,1.4,3.7,6.3,10.2,16.5,22.1,ok
20260628,10,5,1.5,11.0,3.5,3.8,19.8,49.5,ok
20260628,10,6,3.9,1.8,4.3,5.6,11.3,22.6,ok
20260628,10,7,4.0,6.0,6.2,1.3,75.0,37.5,ok
20260628,10,8,2.5,8.6,8.6,2.1,4.3,64.8,ok
20260628,10,9,2.5,1.4,7.5,60.7,15.1,20.2,ok
20260628,10,10,3.2,3.4,2.8,9.3,6.2,8.3,ok
20260628,10,11,2.4,4.2,6.6,5.1,3.5,15.5,ok
20260628,10,12,1.5,5.6,14.7,14.7,2.8,24.6,ok
20260628,12,1,3.4,4.3,1.8,7.5,8.4,36.0,ok
20260628,12,2,1.1,13.1,7.3,5.4,12.6,50.5,ok
20260628,12,3,8.1,7.1,1.1,36.4,5.8,58.3,ok
20260628,12,4,1.3,17.9,10.4,4.1,6.2,26.0,ok
20260628,12,5,1.2,8.5,6.8,15.3,27.9,5.4,ok
20260628,12,6,1.6,16.6,8.7,2.5,9.9,18.6,ok
20260628,12,7,1.6,12.1,4.9,3.7,10.9,11.7,ok
20260628,12,8,1.3,4.5,10.1,4.9,14.8,33.7,ok
20260628,12,9,1.2,6.0,6.5,9.1,10.5,54.8,ok
20260628,12,10,1.0,11.2,14.9,22.6,35.3,46.7,ok
20260628,12,11,1.4,3.7,10.5,5.5,20.5,25.6,ok
20260628,12,12,1.2,7.4,5.2,11.8,22.9,20.6,ok
20260628,13,1,1.9,9.6,1.8,20.6,30.9,11.0,ok
20260628,13,2,2.4,44.1,1.3,22.0,30.9,9.6,ok
20260628,13,4,2.4,2.3,3.6,15.4,33.9,7.7,ok
20260628,13,5,3.9,2.9,3.2,3.5,10.0,18.6,ok
20260628,13,6,1.5,8.9,10.4,4.3,8.5,8.5,ok
20260628,13,7,1.0,69.3,6.4,39.6,8.9,277.5,ok
20260628,13,8,1.0,4.9,116.0,12.5,10.7,116.0,ok
20260628,13,9,1.1,10.5,6.3,8.8,30.0,27.3,ok
20260628,13,10,1.0,16.2,9.1,11.2,83.5,21.6,ok
20260628,13,11,1.2,12.9,25.9,4.2,12.9,8.1,ok
20260628,13,12,1.5,5.9,4.8,10.1,8.9,10.5,ok
20260628,14,1,1.2,8.9,6.5,5.6,17.1,31.1,ok
20260628,14,2,1.4,4.6,6.8,10.0,11.8,10.7,ok
20260628,14,3,1.1,14.8,6.2,14.3,7.8,25.8,ok
20260628,14,4,1.0,10.7,9.5,14.6,12.6,22.8,ok
20260628,14,5,1.2,6.0,7.9,10.1,17.2,9.9,ok
20260628,14,6,1.0,11.5,9.8,12.3,20.3,23.0,ok
20260628,14,7,1.1,7.8,7.5,7.1,15.3,34.9,ok
20260628,14,8,1.3,10.7,8.5,12.5,10.8,4.6,ok
20260628,14,9,1.5,4.5,5.3,5.9,17.5,25.5,ok
20260628,14,10,1.2,10.4,7.4,7.7,15.6,7.1,ok
20260628,14,11,1.3,5.1,9.7,8.3,10.3,11.0,ok
20260628,14,12,1.3,5.2,5.7,14.7,10.6,16.7,ok
20260628,17,1,1.5,8.3,4.1,13.3,5.1,22.2,ok
20260628,17,2,2.4,2.0,3.2,9.3,60.7,60.7,ok
20260628,17,3,4.8,1.7,2.2,20.4,81.7,20.4,ok
20260628,17,4,4.7,1.1,6.1,16.6,166.5,55.5,ok
20260628,17,5,1.7,15.0,3.1,4.2,8.5,60.0,ok
20260628,17,6,2.0,1.9,8.9,6.1,58.1,23.2,ok
20260628,17,7,1.1,13.3,8.3,5.5,33.3,22.2,ok
20260628,17,8,1.8,20.6,2.0,10.3,11.7,13.7,ok
20260628,17,9,1.1,18.7,9.3,7.8,9.3,15.0,ok
20260628,17,12,1.9,12.3,28.7,2.0,4.9,86.2,ok
20260628,18,1,1.0,7.0,10.5,15.0,11.0,105.0,ok
20260628,18,2,1.0,14.0,9.2,10.3,19.5,58.6,ok
20260628,18,3,1.0,37.2,8.1,6.7,12.8,67.0,ok
20260628,18,4,1.0,5.2,114.7,16.3,22.9,22.9,ok
20260628,18,5,1.8,4.6,3.3,5.9,24.7,13.5,ok
20260628,18,6,2.5,9.9,13.2,4.4,1.9,49.5,ok
20260628,18,7,1.2,5.3,5.5,13.9,18.6,18.6,ok
20260628,18,8,2.0,10.3,5.9,2.8,4.5,65.5,ok
20260628,18,9,1.6,8.7,2.3,7.6,30.7,30.7,ok
20260628,18,10,2.0,1.5,9.3,13.9,69.7,69.7,ok
20260628,18,11,1.0,15.0,6.3,12.0,17.2,17.2,ok
20260628,18,12,1.0,7.6,26.8,6.7,26.8,21.4,ok
20260628,20,1,2.0,3.7,5.0,4.2,10.4,22.6,ok
20260628,20,2,2.6,2.9,3.8,9.0,7.4,9.5,ok
20260628,20,4,2.2,3.5,9.9,2.6,9.9,53.0,ok
20260628,20,5,1.6,3.2,17.9,3.1,38.0,50.7,ok
20260628,20,6,2.1,10.4,1.8,7.8,25.0,17.8,ok
20260628,20,7,1.1,13.6,7.2,17.5,12.6,7.6,ok
20260628,20,8,1.3,3.0,8.6,37.6,21.0,10.5,ok
20260628,20,9,1.6,13.6,2.8,9.4,26.6,7.1,ok
20260628,20,10,1.1,17.0,6.8,13.1,6.8,17.0,ok
20260628,20,11,1.4,16.1,3.0,10.0,25.2,10.5,ok
20260628,20,12,1.1,8.3,8.6,8.6,15.0,14.7,ok
20260628,21,1,1.0,18.2,14.0,4.8,16.5,60.7,ok
20260628,21,2,1.2,16.7,8.0,3.7,27.1,13.5,ok
20260628,21,3,1.3,20.1,2.8,11.8,8.7,57.1,ok
20260628,21,4,1.1,9.1,18.2,6.7,10.3,21.6,ok
20260628,21,5,1.2,30.7,9.5,13.8,3.5,25.1,ok
20260628,21,6,1.8,7.6,2.9,18.1,16.1,4.8,ok
20260628,21,7,1.7,2.0,22.6,8.2,12.9,45.3,ok
20260628,21,8,2.4,5.6,2.5,7.6,5.4,20.8,ok
20260628,21,9,2.2,3.1,4.1,4.4,125.2,10.4,ok
20260628,21,10,1.0,4.0,14.3,25.1,25.1,100.5,ok
20260628,21,11,1.3,12.0,5.8,27.5,3.7,96.3,ok
20260628,21,12,1.1,3.4,17.6,19.6,20.7,58.8,ok
20260628,24,2,1.6,6.1,6.1,3.6,18.4,11.5,ok
20260628,24,3,2.1,9.3,1.9,7.5,14.3,22.6,ok
20260628,24,4,3.0,1.4,10.6,16.5,8.0,33.0,ok
20260628,24,5,2.9,2.1,5.7,20.5,3.6,41.1,ok
20260628,24,6,2.2,9.4,1.7,23.0,12.1,12.9,ok
20260628,24,7,1.2,8.4,12.6,3.3,25.3,,ok
20260628,24,8,1.1,24.0,3.8,18.0,54.1,21.6,ok
20260628,24,9,1.0,16.6,9.2,5.6,66.7,19.0,ok
20260628,24,10,1.2,6.2,11.3,4.0,22.6,45.3,ok
20260628,24,11,1.2,7.7,7.7,10.6,5.3,48.4,ok
20260628,24,12,1.2,4.4,4.6,36.4,28.1,30.9,ok
20260628,02,5,1.9,5.9,6.7,2.1,25.3,,part
20260628,03,10,1.6,10.3,15.5,1.8,31.1,,part
20260628,09,6,5.0,5.3,27.9,1.1,55.8,,part
20260628,09,7,1.4,13.8,32.2,1.8,,32.2,part
20260628,09,8,1.3,5.5,3.4,55.5,9.2,,part
20260628,13,3,1.7,3.8,3.2,6.1,,42.7,part
20260628,17,10,1.2,6.7,13.5,16.8,3.5,,part
20260628,17,11,1.0,8.1,17.8,14.8,9.9,,part
20260628,20,3,3.0,1.2,9.1,79.0,11.2,,part
20260628,24,1,1.1,13.5,3.9,16.8,16.8,,part
20260629,01,1,2.3,2.7,13.8,3.2,23.0,8.6,ok
20260629,01,2,3.7,2.4,7.0,8.0,3.1,14.0,ok
20260629,01,3,1.3,9.2,6.6,15.0,6.3,8.5,ok
20260629,01,4,1.6,4.7,9.5,10.9,3.8,15.8,ok
20260629,01,5,1.1,26.1,17.4,15.6,4.3,15.6,ok
20260629,01,6,1.0,9.4,23.3,8.4,33.6,23.3,ok
20260629,01,7,1.0,13.2,9.4,,7.5,20.3,ok
20260629,01,8,1.0,11.5,6.2,40.3,26.8,14.6,ok
20260629,01,9,2.8,5.1,2.8,8.0,5.4,7.4,ok
20260629,01,10,1.1,6.3,7.2,16.3,15.0,21.2,ok
20260629,01,11,1.3,3.8,9.3,24.3,10.5,12.6,ok
20260629,01,12,1.3,12.7,11.3,4.0,6.8,17.0,ok
20260629,02,1,3.5,1.2,8.8,12.3,30.9,24.7,ok
20260629,02,2,4.3,2.4,5.0,3.0,10.1,13.0,ok
20260629,02,3,11.0,4.0,2.2,3.0,7.3,13.2,ok
20260629,02,4,4.2,5.7,4.8,2.7,3.6,13.9,ok
20260629,02,5,2.9,3.2,13.5,4.9,3.0,13.5,ok
20260629,02,6,10.9,10.3,2.2,2.0,5.1,36.3,ok
20260629,02,7,1.0,19.7,17.2,15.3,14.5,21.2,ok
20260629,02,8,2.1,2.4,6.6,5.5,11.1,29.7,ok
20260629,02,9,2.1,4.1,3.4,5.6,7.6,50.7,ok
20260629,02,10,2.0,4.1,7.1,3.2,8.2,33.0,ok
20260629,02,11,2.6,5.2,3.0,4.5,6.1,20.1,ok
20260629,02,12,1.9,4.8,4.9,4.9,5.4,27.2,ok
20260629,03,2,2.6,7.3,2.3,3.9,8.3,58.5,ok
20260629,03,3,2.6,1.4,10.5,16.5,16.5,14.4,ok
20260629,03,4,2.7,9.7,12.5,12.5,1.5,17.5,ok
20260629,03,5,2.5,6.6,2.2,5.3,26.5,7.9,ok
20260629,03,6,1.4,6.4,6.8,7.2,5.8,24.6,ok
20260629,03,7,3.4,1.7,6.1,14.7,4.3,39.2,ok
20260629,03,8,3.0,4.2,2.9,3.8,7.7,19.3,ok
20260629,03,9,2.2,3.7,2.7,6.7,18.5,18.5,ok
20260629,03,11,1.8,5.0,3.2,4.8,15.8,31.6,ok
20260629,03,12,1.1,5.4,6.0,13.9,45.4,27.9,ok
20260629,05,1,2.5,4.7,14.2,5.7,2.5,9.5,ok
20260629,05,2,1.3,4.6,4.3,32.6,13.0,21.7,ok
20260629,05,3,1.2,3.9,14.5,20.4,6.3,34.0,ok
20260629,05,4,3.5,3.9,9.2,25.5,6.8,2.0,ok
20260629,05,6,4.7,3.5,4.1,3.8,3.0,103.5,ok
20260629,05,7,1.6,20.7,3.8,4.8,4.6,114.0,ok
20260629,05,8,1.2,4.4,14.5,24.8,34.8,6.0,ok
20260629,05,10,1.0,7.4,11.1,22.2,22.2,33.3,ok
20260629,05,11,1.1,14.9,9.1,23.8,6.2,9.1,ok
20260629,05,12,1.8,5.8,1.9,18.7,25.7,34.3,ok
20260629,08,1,1.4,3.9,8.7,7.2,8.7,87.0,ok
20260629,08,2,1.4,10.6,2.3,21.2,15.9,63.7,ok
20260629,08,5,1.0,63.0,189.0,15.7,94.5,189.0,ok
20260629,08,6,1.6,24.0,24.0,3.7,2.8,36.0,ok
20260629,08,7,2.7,2.1,6.1,10.2,61.5,4.3,ok
20260629,08,8,8.7,6.5,2.1,5.2,7.5,3.5,ok
20260629,08,9,9.3,2.4,2.1,7.7,6.6,15.5,ok
20260629,08,11,1.0,39.3,65.5,14.0,21.8,65.5,ok
20260629,08,12,1.1,7.2,12.9,12.9,6.1,32.4,ok
20260629,09,1,1.0,18.7,9.3,18.7,18.7,9.3,ok
20260629,09,2,1.6,7.2,5.4,8.7,21.7,3.9,ok
20260629,09,3,2.5,2.8,7.1,3.1,14.2,14.2,ok
20260629,09,4,1.1,25.2,7.0,4.3,126.0,25.2,ok
20260629,09,6,1.1,10.6,12.3,9.2,9.2,24.7,ok
20260629,09,7,2.0,10.4,3.8,10.4,6.0,4.4,ok
20260629,09,8,1.4,20.6,5.8,20.6,13.7,3.4,ok
20260629,09,9,1.4,6.1,6.7,6.1,8.4,22.5,ok
20260629,09,10,1.4,2.4,7.8,28.7,28.7,17.2,ok
20260629,09,12,1.0,9.4,18.3,13.2,66.1,330.7,ok
20260629,10,1,1.5,26.6,2.1,19.3,8.1,213.0,ok
20260629,10,2,1.2,2.5,31.5,23.6,18.9,47.2,ok
20260629,10,3,1.1,12.3,4.1,12.3,24.7,74.2,ok
20260629,10,4,1.2,7.7,8.7,5.4,13.1,43.7,ok
20260629,10,5,1.7,7.4,7.1,20.4,2.5,23.3,ok
20260629,10,6,3.7,1.9,3.3,31.5,5.2,42.0,ok
20260629,10,7,2.7,13.2,6.6,2.3,3.5,24.3,ok
20260629,10,8,2.9,5.2,2.6,4.7,5.0,110.2,ok
20260629,10,9,8.4,3.6,2.5,7.0,3.0,14.0,ok
20260629,10,10,6.1,1.1,11.8,7.7,11.1,177.7,ok
20260629,10,11,3.3,3.9,10.5,1.6,21.0,31.5,ok
20260629,11,1,1.7,6.6,5.3,5.3,5.3,17.7,ok
20260629,11,2,1.8,6.7,6.7,2.5,17.5,29.2,ok
20260629,11,4,2.2,4.8,6.8,7.9,7.6,3.5,ok
20260629,11,5,1.4,4.7,3.1,19.1,38.2,25.5,ok
20260629,11,6,2.6,2.4,3.7,4.6,31.2,31.2,ok
20260629,11,7,1.4,13.6,5.4,3.5,13.6,40.8,ok
20260629,11,9,1.0,9.5,12.7,6.3,114.7,14.3,ok
20260629,11,10,13.8,20.7,1.0,12.7,41.4,165.7,ok
20260629,11,11,1.1,17.7,9.4,8.3,8.8,15.7,ok
20260629,12,1,2.3,2.3,3.5,7.8,21.5,43.1,ok
20260629,12,2,1.6,5.5,4.1,4.1,17.8,44.6,ok
20260629,12,3,3.1,1.6,3.5,33.3,11.6,124.8,ok
20260629,12,4,2.3,4.3,4.5,7.8,3.3,24.3,ok
20260629,12,5,1.8,14.2,5.3,5.0,9.5,4.2,ok
20260629,12,6,1.6,5.9,5.1,10.8,4.2,27.4,ok
20260629,12,7,3.7,1.4,14.4,5.8,10.2,55.6,ok
20260629,12,8,1.3,7.8,4.5,13.1,8.7,27.9,ok
20260629,12,9,1.6,26.9,4.2,3.3,24.1,9.4,ok
20260629,12,10,2.7,1.6,5.0,8.1,39.0,26.0,ok
20260629,12,11,1.2,5.7,13.9,5.7,13.9,37.1,ok
20260629,12,12,1.3,7.3,3.6,11.8,16.4,30.5,ok
20260629,13,1,1.3,7.5,3.0,11.4,97.5,195.0,ok
20260629,13,2,1.2,22.2,2.4,16.6,33.3,133.5,ok
20260629,13,3,2.2,3.2,8.0,4.0,24.0,6.0,ok
20260629,13,4,1.0,144.0,24.0,14.4,144.0,28.8,ok
20260629,13,7,1.1,14.0,21.0,12.0,10.5,5.6,ok
20260629,13,9,1.7,4.8,7.4,5.2,11.5,6.3,ok
20260629,13,10,1.0,16.8,12.9,16.8,15.2,12.0,ok
20260629,13,11,1.2,11.2,18.3,15.1,4.3,13.3,ok
20260629,13,12,1.1,7.8,14.7,5.7,22.1,22.1,ok
20260629,17,1,1.5,4.0,12.2,9.1,9.1,7.3,ok
20260629,17,2,3.6,2.9,2.8,2.9,102.7,51.3,ok
20260629,17,3,1.6,3.7,4.7,4.4,70.5,70.5,ok
20260629,17,4,1.6,1.6,46.8,29.2,58.5,78.0,ok
20260629,17,5,1.3,4.2,18.3,8.0,7.5,21.3,ok
20260629,17,6,1.0,69.7,27.9,34.8,34.8,139.5,ok
20260629,17,7,2.1,2.2,13.9,11.6,3.8,69.7,ok
20260629,17,8,3.0,1.9,11.9,2.6,35.7,53.6,ok
20260629,17,10,1.8,2.0,10.4,31.2,6.6,93.7,ok
20260629,17,11,1.6,7.7,8.4,7.7,7.7,4.4,ok
20260629,17,12,1.6,18.7,2.3,14.0,8.0,28.1,ok
20260629,18,1,1.0,12.3,15.6,9.5,15.6,34.5,ok
20260629,18,2,1.6,9.2,3.5,8.0,7.1,12.9,ok
20260629,18,3,1.4,6.2,5.9,8.4,9.8,13.1,ok
20260629,18,4,1.0,9.0,8.4,15.0,19.2,27.0,ok
20260629,18,5,1.6,13.5,10.8,3.0,15.4,5.4,ok
20260629,18,7,3.9,2.0,2.0,29.9,15.9,119.6,ok
20260629,18,9,1.5,10.1,3.7,20.2,5.0,15.1,ok
20260629,18,10,1.7,12.9,17.0,1.7,38.8,38.8,ok
20260629,18,11,1.1,12.2,6.5,12.2,6.1,49.1,ok
20260629,18,12,1.0,10.8,19.2,8.9,31.3,25.0,ok
20260629,20,1,1.1,10.3,7.0,24.7,16.5,7.5,ok
20260629,20,2,1.8,3.2,35.2,8.2,28.2,3.3,ok
20260629,20,3,5.8,7.0,5.6,11.6,1.4,14.0,ok
20260629,20,4,2.2,3.4,8.9,3.1,20.0,8.1,ok
20260629,20,5,1.2,4.2,74.2,5.5,12.8,371.2,ok
20260629,20,6,2.6,27.8,2.8,27.8,2.1,14.8,ok
20260629,20,7,1.0,16.7,20.5,10.2,12.7,14.7,ok
20260629,20,8,1.7,4.5,2.4,33.2,14.2,49.8,ok
20260629,20,9,1.8,5.2,4.2,4.1,12.4,19.9,ok
20260629,20,10,1.9,8.3,2.0,17.9,8.7,28.9,ok
20260629,20,11,1.1,6.1,43.8,4.4,18.5,75.6,ok
20260629,20,12,1.3,8.1,4.5,7.9,8.5,42.6,ok
20260629,21,1,1.3,7.7,6.5,5.9,14.4,16.8,ok
20260629,21,2,1.0,13.5,29.7,5.1,18.5,29.7,ok
20260629,21,3,1.8,19.0,2.0,8.6,12.7,19.0,ok
20260629,21,4,1.2,11.3,10.2,7.8,7.8,17.0,ok
20260629,21,5,1.0,13.7,9.7,11.0,10.3,27.5,ok
20260629,21,6,2.1,3.4,3.9,4.5,17.4,21.7,ok
20260629,21,7,2.4,2.7,4.6,4.4,12.1,24.3,ok
20260629,21,8,2.9,4.7,2.8,11.9,5.4,6.2,ok
20260629,21,9,1.6,5.5,3.1,5.5,44.2,44.2,ok
20260629,21,10,1.2,4.6,16.8,4.6,30.8,61.7,ok
20260629,21,11,1.1,10.1,7.3,12.5,12.5,16.2,ok
20260629,21,12,1.0,9.0,9.9,11.4,17.3,19.9,ok
20260629,24,1,1.2,5.4,22.8,5.1,9.5,28.5,ok
20260629,24,2,1.4,2.9,9.7,8.7,14.6,87.7,ok
20260629,24,3,1.5,2.5,18.7,8.6,14.0,28.1,ok
20260629,24,4,1.6,8.7,3.1,26.2,4.1,131.2,ok
20260629,24,5,5.6,29.0,1.0,26.1,52.2,16.3,ok
20260629,24,6,1.6,5.4,4.7,4.6,21.9,15.8,ok
20260629,24,7,1.1,10.9,18.8,4.1,29.6,103.8,ok
20260629,24,8,1.6,2.6,6.5,7.7,23.3,42.0,ok
20260629,24,9,1.4,14.7,7.7,16.3,3.0,21.0,ok
20260629,24,10,1.0,11.3,15.9,18.3,19.8,119.2,ok
20260629,24,11,1.1,6.4,40.8,3.8,35.0,81.7,ok
20260629,24,12,1.3,7.5,8.0,4.3,13.1,157.8,ok
20260629,03,1,1.2,11.6,4.2,6.6,11.6,,part
20260629,03,10,1.8,2.6,8.0,4.8,12.0,,part
20260629,05,5,3.5,1.1,22.5,7.5,,,part
20260629,05,9,1.0,3.6,17.2,17.2,69.0,,part
20260629,08,3,1.4,3.6,,11.5,3.3,,part
20260629,08,4,2.3,4.6,3.0,,3.0,27.7,part
20260629,08,10,3.5,3.6,1.3,128.2,51.3,,part
20260629,09,5,1.0,3.9,,9.2,,27.7,part
20260629,09,11,1.6,3.0,3.8,11.9,26.8,,part
20260629,10,12,1.2,32.4,5.4,3.2,129.7,,part
20260629,11,3,1.8,3.2,6.0,9.7,4.4,,part
20260629,11,8,2.1,2.6,3.8,4.9,39.3,,part
20260629,11,12,1.9,6.3,3.5,4.5,6.3,,part
20260629,13,5,1.6,7.5,19.6,2.4,8.7,,part
20260629,13,6,1.0,31.1,,4.4,62.2,62.2,part
20260629,13,8,1.0,14.6,34.2,17.1,20.5,,part
20260629,17,9,4.5,1.3,11.9,5.5,7.6,,part
20260629,18,6,1.3,11.3,3.0,11.3,15.1,,part
20260629,18,8,1.2,34.8,8.7,3.0,,13.9,part
20260630,01,1,1.4,5.1,6.0,12.7,5.3,51.0,ok
20260630,01,2,1.9,16.0,2.5,3.4,32.0,24.0,ok
20260630,01,3,1.4,6.5,9.8,16.3,8.1,5.1,ok
20260630,01,4,1.3,11.7,7.3,7.1,9.3,7.5,ok
20260630,01,5,1.0,13.9,28.8,13.9,20.9,12.1,ok
20260630,01,6,1.0,8.2,16.5,16.5,18.7,20.0,ok
20260630,01,7,1.1,14.8,4.5,9.8,29.6,35.5,ok
20260630,01,8,1.5,7.4,6.6,13.0,7.4,4.8,ok
20260630,01,9,3.2,10.8,1.3,10.0,36.9,22.6,ok
20260630,01,10,1.1,7.7,11.1,9.7,12.8,13.5,ok
20260630,01,11,1.2,3.4,15.8,9.6,17.0,49.3,ok
20260630,01,12,1.1,7.0,10.7,19.2,7.7,26.4,ok
20260630,02,1,1.8,6.1,5.2,4.9,9.2,8.3,ok
20260630,02,2,2.4,11.4,5.7,4.9,4.2,4.5,ok
20260630,02,3,2.8,11.8,2.1,13.1,3.5,13.1,ok
20260630,02,4,1.6,3.2,17.1,6.6,10.0,10.0,ok
20260630,02,5,1.4,7.5,3.1,45.5,12.4,11.3,ok
20260630,02,6,2.0,25.6,44.8,3.0,17.9,2.4,ok
20260630,02,7,2.3,2.2,17.5,28.7,2.6,315.7,ok
20260630,02,8,1.6,30.1,4.5,2.8,25.8,10.6,ok
20260630,02,9,1.4,3.3,12.9,14.5,7.9,12.3,ok
20260630,02,10,1.5,10.7,2.8,10.7,150.7,6.8,ok
20260630,02,11,1.6,3.2,6.0,5.5,36.0,28.8,ok
20260630,02,12,1.2,6.7,12.0,4.8,15.2,22.8,ok
20260630,05,1,3.9,27.1,1.0,45.2,15.0,67.8,ok
20260630,05,2,1.1,5.3,14.3,21.5,14.3,12.3,ok
20260630,05,3,5.4,1.8,46.9,1.7,65.7,82.1,ok
20260630,05,5,2.0,5.9,3.3,21.7,3.2,32.6,ok
20260630,05,6,1.6,21.5,1.5,86.2,172.5,172.5,ok
20260630,05,7,3.3,2.3,2.7,5.9,12.3,154.5,ok
20260630,05,8,1.8,4.1,5.2,5.0,5.9,180.0,ok
20260630,05,9,1.9,5.3,6.1,4.4,8.0,8.0,ok
20260630,05,10,1.3,3.6,4.5,25.8,51.7,51.7,ok
20260630,05,11,1.3,6.8,5.1,7.6,13.1,18.0,ok
20260630,05,12,1.0,3.5,19.2,38.4,35.2,84.6,ok
20260630,06,1,1.3,17.7,53.2,10.6,23.6,2.6,ok
20260630,06,4,3.5,1.5,17.3,5.5,8.6,23.1,ok
20260630,06,5,1.5,49.5,2.3,16.5,5.5,49.5,ok
20260630,06,7,3.9,7.8,1.7,7.8,7.3,9.0,ok
20260630,06,8,4.0,8.9,6.8,1.3,20.4,71.6,ok
20260630,06,9,1.8,2.6,16.2,15.1,4.8,13.2,ok
20260630,06,10,1.9,4.8,8.0,7.2,14.5,3.6,ok
20260630,06,11,1.7,7.2,5.6,9.8,3.4,21.6,ok
20260630,06,12,1.0,25.5,7.5,14.1,7.9,25.5,ok
20260630,08,1,2.3,3.0,12.3,2.4,16.5,24.7,ok
20260630,08,2,4.3,1.7,10.3,17.2,3.4,12.9,ok
20260630,08,3,2.4,3.4,2.8,5.8,12.3,37.0,ok
20260630,08,4,3.5,3.5,12.7,4.9,63.7,2.1,ok
20260630,08,5,1.0,9.7,13.4,13.4,35.7,53.6,ok
20260630,08,6,1.0,80.2,11.4,13.3,8.0,80.2,ok
20260630,08,8,1.6,1.6,19.7,63.1,15.7,105.2,ok
20260630,08,9,2.8,3.9,2.3,3.5,64.1,149.7,ok
20260630,08,10,1.6,13.3,2.3,9.5,9.5,66.7,ok
20260630,08,11,1.0,17.0,85.1,6.3,85.1,170.2,ok
20260630,08,12,1.2,30.2,3.7,7.5,18.1,12.9,ok
20260630,10,1,1.2,9.5,3.2,19.1,27.3,47.8,ok
20260630,10,2,1.6,5.1,5.1,4.1,14.5,54.3,ok
20260630,10,3,1.8,11.0,2.0,9.0,22.0,19.3,ok
20260630,10,4,1.7,2.0,19.8,7.0,20.8,37.9,ok
20260630,10,5,1.7,11.2,7.4,4.0,14.1,4.6,ok
20260630,10,6,2.5,6.4,16.1,2.6,3.5,12.9,ok
20260630,10,7,1.7,17.2,46.0,1.5,27.6,138.0,ok
20260630,10,8,3.8,1.7,16.8,5.2,6.4,9.3,ok
20260630,10,9,2.3,5.0,5.8,2.4,10.0,35.2,ok
20260630,10,11,1.2,10.3,26.7,2.6,160.5,45.8,ok
20260630,10,12,1.0,22.2,6.1,9.6,44.4,55.5,ok
20260630,11,1,1.0,25.6,21.3,128.2,42.7,128.2,ok
20260630,11,2,4.4,9.4,6.8,1.5,25.2,6.3,ok
20260630,11,3,1.8,3.2,16.1,16.1,32.2,2.9,ok
20260630,11,5,5.9,1.1,12.8,17.4,49.3,7.2,ok
20260630,11,6,4.6,26.0,1.0,234.0,26.0,58.5,ok
20260630,11,7,2.5,1.8,4.2,16.8,22.5,22.5,ok
20260630,11,9,1.6,10.6,2.6,10.6,12.8,14.2,ok
20260630,11,10,1.0,12.0,12.0,8.0,24.0,24.0,ok
20260630,11,12,1.0,12.6,7.5,9.4,75.7,75.7,ok
20260630,13,1,1.3,7.6,4.3,10.2,15.3,15.3,ok
20260630,13,2,2.1,74.2,2.7,3.9,4.6,74.2,ok
20260630,13,3,1.5,3.3,8.6,7.9,7.6,66.2,ok
20260630,13,5,1.3,6.0,6.0,25.3,5.6,38.0,ok
20260630,13,6,1.0,37.5,9.3,6.6,18.7,37.5,ok
20260630,13,7,1.2,3.7,20.3,15.8,35.6,7.1,ok
20260630,13,9,1.0,71.6,29.5,17.9,38.5,100.3,ok
20260630,13,10,1.6,2.9,7.6,9.7,6.8,184.5,ok
20260630,13,12,1.2,15.3,3.0,16.7,14.7,24.0,ok
20260630,16,1,1.0,18.6,12.8,12.8,22.8,8.2,ok
20260630,16,2,2.1,2.5,6.6,4.7,11.4,34.3,ok
20260630,16,3,1.6,4.8,3.7,6.8,25.5,12.7,ok
20260630,16,4,1.2,6.0,24.3,10.6,7.5,11.3,ok
20260630,16,5,1.6,4.5,5.6,11.6,7.3,10.7,ok
20260630,16,6,1.5,5.8,7.6,22.8,3.2,25.1,ok
20260630,16,7,1.7,2.2,10.1,9.8,17.5,16.6,ok
20260630,16,8,1.2,16.9,2.2,148.8,49.6,372.0,ok
20260630,16,9,1.0,7.2,11.7,35.2,8.2,23.5,ok
20260630,16,10,1.3,15.9,4.9,12.8,27.7,4.9,ok
20260630,16,11,1.1,13.6,9.1,5.1,12.9,35.1,ok
20260630,16,12,1.4,5.8,7.3,7.5,8.8,11.5,ok
20260630,17,2,3.2,1.7,3.5,13.8,32.2,13.8,ok
20260630,17,4,1.4,13.1,7.2,10.9,5.2,6.2,ok
20260630,17,5,1.2,9.3,4.4,10.7,15.0,25.0,ok
20260630,17,7,6.0,1.3,8.7,5.2,9.8,78.7,ok
20260630,17,8,1.0,20.7,8.3,7.3,13.8,41.5,ok
20260630,17,9,1.2,7.8,5.9,4.6,43.1,86.2,ok
20260630,17,11,1.0,15.5,10.3,9.3,31.0,31.0,ok
20260630,17,12,1.1,10.8,21.7,21.7,3.9,43.5,ok
20260630,19,1,1.1,8.9,6.8,5.9,22.3,89.2,ok
20260630,19,2,1.0,28.5,9.5,15.8,71.2,20.3,ok
20260630,19,3,1.8,6.0,16.0,3.0,16.0,5.7,ok
20260630,19,4,1.7,2.5,4.8,11.8,25.6,23.7,ok
20260630,19,5,1.0,6.7,15.9,28.4,7.3,85.2,ok
20260630,19,6,3.0,8.2,1.9,16.4,4.3,14.7,ok
20260630,19,7,4.7,2.9,1.5,14.1,70.5,35.2,ok
20260630,19,8,1.1,34.5,11.5,5.7,7.6,34.5,ok
20260630,19,9,1.7,6.0,9.2,7.5,6.9,4.4,ok
20260630,19,10,1.0,11.7,16.6,14.8,20.1,14.8,ok
20260630,19,11,1.1,6.3,26.7,5.1,42.0,14.0,ok
20260630,19,12,1.4,10.1,4.6,9.0,9.0,11.0,ok
20260630,20,1,1.7,15.7,3.2,4.7,8.3,15.7,ok
20260630,20,2,1.4,13.2,12.7,9.8,4.6,5.4,ok
20260630,20,3,2.4,3.2,4.5,8.1,6.7,8.3,ok
20260630,20,4,4.3,5.4,18.0,3.4,1.9,16.8,ok
20260630,20,5,1.1,13.5,22.5,4.1,37.5,15.3,ok
20260630,20,6,21.8,13.7,46.0,74.2,1.0,74.2,ok
20260630,20,7,1.0,15.2,12.8,10.6,15.2,244.5,ok
20260630,20,8,1.3,2.6,6.2,48.7,22.3,82.8,ok
20260630,20,9,1.1,8.1,10.4,5.3,51.3,23.5,ok
20260630,20,10,1.1,4.2,27.4,9.7,31.0,36.6,ok
20260630,20,11,1.9,11.4,4.7,2.2,16.8,34.9,ok
20260630,20,12,1.1,5.9,9.1,7.8,26.0,21.3,ok
20260630,23,1,1.0,20.1,5.6,15.6,17.6,47.0,ok
20260630,23,2,1.0,14.5,27.1,18.1,19.7,217.5,ok
20260630,23,3,1.1,21.8,5.9,11.8,6.7,31.5,ok
20260630,23,4,2.7,4.3,18.4,1.9,17.3,9.2,ok
20260630,23,5,1.8,8.2,4.4,4.4,5.8,15.8,ok
20260630,23,6,1.3,6.6,6.0,4.4,21.4,64.2,ok
20260630,23,7,2.0,2.0,22.5,15.0,4.6,54.1,ok
20260630,23,8,2.2,8.0,1.6,10.6,19.2,96.0,ok
20260630,23,9,3.3,9.4,1.3,15.4,7.7,85.1,ok
20260630,23,10,1.2,5.9,3.7,11.9,39.7,119.2,ok
20260630,23,11,1.1,5.5,9.0,33.0,11.0,24.7,ok
20260630,23,12,1.0,14.7,9.0,9.3,11.8,35.4,ok
20260630,24,2,1.1,12.3,19.8,5.8,5.8,49.5,ok
20260630,24,3,1.1,18.6,13.2,3.5,46.5,23.2,ok
20260630,24,4,1.7,14.0,9.3,4.9,3.0,30.9,ok
20260630,24,5,1.1,14.2,13.1,24.4,42.7,3.6,ok
20260630,24,6,1.9,25.6,2.0,15.9,14.4,6.3,ok
20260630,24,7,1.0,21.9,13.9,4.5,16.1,51.1,ok
20260630,24,8,1.4,6.2,4.7,7.5,10.0,45.1,ok
20260630,24,9,1.0,13.9,16.1,6.3,19.1,306.7,ok
20260630,24,10,1.3,3.9,8.1,8.5,11.4,28.6,ok
20260630,24,11,1.0,16.7,13.9,25.1,4.5,55.8,ok
20260630,24,12,1.2,5.7,9.1,20.8,13.8,7.9,ok
20260630,05,4,3.0,1.6,8.5,3.6,,,part
20260630,06,2,3.8,3.8,6.1,3.4,2.7,,part
20260630,06,3,1.0,17.1,9.5,14.2,42.7,,part
20260630,06,6,1.5,7.1,8.1,,2.3,,part
20260630,08,7,1.3,3.3,7.7,6.9,,132.0,part
20260630,10,10,1.9,6.4,2.1,7.1,17.4,,part
20260630,11,4,2.1,3.8,8.2,3.3,5.5,,part
20260630,11,8,1.6,10.1,9.0,5.7,2.7,,part
20260630,11,11,1.6,2.1,5.1,,,18.0,part
20260630,13,4,1.0,104.2,104.2,5.7,52.1,,part
20260630,13,8,1.0,68.2,13.6,68.2,17.0,,part
20260630,13,11,1.4,2.7,5.6,17.7,17.7,,part
20260630,17,1,1.0,11.1,20.6,6.5,,48.2,part
20260630,17,3,1.8,2.1,19.9,4.5,,17.4,part
20260630,17,6,1.0,19.2,6.8,,48.0,9.6,part
20260630,17,10,1.0,9.2,,55.5,111.0,,part
20260630,24,1,1.6,14.2,2.7,3.5,,57.0,part
20260701,02,1,4.1,3.6,3.2,5.8,6.8,5.2,ok
20260701,02,2,3.3,6.0,1.3,39.5,31.6,15.8,ok
20260701,02,3,2.7,6.4,1.9,8.5,12.8,9.6,ok
20260701,02,4,1.6,8.2,8.4,7.3,5.5,6.2,ok
20260701,02,5,1.4,11.2,10.4,3.7,10.4,12.7,ok
20260701,02,6,1.8,10.9,13.9,3.3,3.8,14.4,ok
20260701,02,7,1.3,4.6,17.8,9.6,9.6,9.6,ok
20260701,02,8,1.1,9.0,56.4,12.5,7.2,10.7,ok
20260701,02,9,1.0,19.5,10.0,9.7,14.8,13.5,ok
20260701,02,10,3.0,3.2,3.6,7.1,6.8,6.8,ok
20260701,02,11,1.0,6.3,13.9,24.0,13.2,15.5,ok
20260701,02,12,1.1,8.0,11.6,10.8,13.4,20.3,ok
20260701,05,1,3.7,3.4,1.6,8.3,41.7,104.2,ok
20260701,05,2,1.1,9.7,19.5,39.0,3.9,26.0,ok
20260701,05,3,3.2,5.1,8.5,3.8,13.2,2.6,ok
20260701,05,4,1.6,4.8,4.4,21.4,8.9,7.1,ok
20260701,05,5,1.8,3.3,5.8,17.4,17.4,4.6,ok
20260701,05,6,1.7,6.6,8.6,4.0,7.3,9.5,ok
20260701,05,7,3.2,9.2,18.5,3.2,13.8,2.0,ok
20260701,05,8,2.6,3.0,9.5,12.8,11.1,2.7,ok
20260701,05,9,1.0,37.3,14.3,18.6,93.3,62.2,ok
20260701,05,10,1.6,8.5,4.6,15.6,15.6,3.7,ok
20260701,05,11,1.5,3.0,9.0,9.0,9.0,90.0,ok
20260701,05,12,1.4,4.8,4.9,9.7,12.5,17.5,ok
20260701,06,1,1.5,6.3,15.0,20.1,13.4,2.9,ok
20260701,06,2,2.3,10.5,2.1,3.8,42.2,21.1,ok
20260701,06,3,1.2,3.8,13.2,9.3,15.5,46.5,ok
20260701,06,4,4.0,1.1,12.1,90.7,16.5,45.3,ok
20260701,06,5,2.2,6.2,31.0,1.5,51.7,22.1,ok
20260701,06,6,2.0,7.3,5.1,7.3,2.8,29.2,ok
20260701,06,7,4.2,1.2,18.0,21.8,5.0,38.2,ok
20260701,06,8,3.7,76.0,42.2,1.0,31.6,54.3,ok
20260701,06,9,1.5,4.2,15.8,14.3,4.3,12.1,ok
20260701,06,10,1.4,51.2,3.8,15.7,7.8,6.1,ok
20260701,06,11,2.3,21.0,1.3,58.8,16.3,73.5,ok
20260701,06,12,1.0,9.6,11.5,15.1,12.0,16.9,ok
20260701,07,1,2.6,3.9,5.4,8.6,3.9,6.6,ok
20260701,07,2,2.1,2.9,2.5,19.8,14.7,79.5,ok
20260701,07,3,3.0,2.4,12.9,2.5,18.8,13.8,ok
20260701,07,4,1.8,4.5,4.7,8.1,5.7,16.5,ok
20260701,07,5,1.8,8.2,13.3,2.1,20.4,12.0,ok
20260701,07,6,1.6,15.1,2.5,33.3,6.1,11.5,ok
20260701,07,7,1.2,14.1,16.9,3.2,22.3,20.1,ok
20260701,07,8,1.5,6.7,7.2,2.9,14.5,65.4,ok
20260701,07,9,1.1,20.8,23.9,4.8,9.9,13.2,ok
20260701,07,10,1.7,4.7,2.6,13.1,18.6,26.3,ok
20260701,07,11,1.4,4.4,6.0,19.0,6.1,30.1,ok
20260701,07,12,1.5,7.4,3.9,10.4,9.2,12.8,ok
20260701,08,1,1.0,17.3,10.4,11.5,34.7,52.1,ok
20260701,08,3,2.0,7.6,3.0,5.2,16.1,7.6,ok
20260701,08,4,1.4,12.2,6.7,3.2,18.8,25.9,ok
20260701,08,5,3.2,1.1,20.8,16.6,41.6,66.6,ok
20260701,08,6,1.1,6.6,14.5,5.4,87.0,21.7,ok
20260701,08,7,2.0,2.1,4.8,11.3,141.7,12.3,ok
20260701,08,8,1.4,4.5,3.4,63.7,21.2,12.7,ok
20260701,08,9,1.5,41.0,5.6,27.3,2.3,27.3,ok
20260701,08,10,1.3,37.7,3.0,9.4,11.3,37.7,ok
20260701,08,11,1.2,42.7,21.3,2.6,17.1,42.7,ok
20260701,08,12,1.0,10.5,11.4,8.9,17.8,23.8,ok
20260701,10,1,1.1,11.4,7.6,8.1,9.6,27.9,ok
20260701,10,2,1.2,7.2,12.2,9.3,7.0,21.8,ok
20260701,10,3,1.2,10.6,5.7,13.5,6.4,32.0,ok
20260701,10,4,1.4,5.3,7.9,8.2,6.6,15.9,ok
20260701,10,5,1.0,6.5,12.7,16.6,10.2,53.4,ok
20260701,10,6,1.5,9.0,6.8,5.5,4.0,42.9,ok
20260701,10,7,1.6,3.9,7.8,9.1,4.4,52.0,ok
20260701,10,8,,2.4,2.1,5.9,5.9,8.5,ok
20260701,10,9,3.9,1.1,10.9,29.2,29.2,43.8,ok
20260701,10,10,1.2,5.3,7.0,29.2,10.3,21.9,ok
20260701,10,11,1.7,4.3,31.6,3.9,7.1,7.9,ok
20260701,10,12,2.5,8.4,3.1,3.2,11.3,9.0,ok
20260701,11,1,1.3,6.1,8.4,5.9,9.9,22.8,ok
20260701,11,2,4.3,1.9,7.6,4.1,5.1,46.1,ok
20260701,11,3,2.5,1.7,7.3,10.4,11.4,22.8,ok
20260701,11,4,1.6,8.3,2.6,19.0,7.0,44.5,ok
20260701,11,5,3.7,2.1,24.3,3.3,4.3,29.2,ok
20260701,11,6,1.3,16.6,12.5,10.5,13.3,3.3,ok
20260701,11,7,1.8,14.3,3.0,9.8,3.4,158.2,ok
20260701,11,8,2.5,4.2,2.9,6.8,6.3,16.7,ok
20260701,11,9,1.8,4.5,2.7,30.5,8.9,14.5,ok
20260701,11,10,1.0,81.7,4.4,20.4,54.5,,ok
20260701,11,11,1.7,3.2,25.8,7.3,12.9,4.7,ok
20260701,11,12,1.0,36.6,26.1,7.0,22.8,61.0,ok
20260701,16,1,1.2,17.3,12.1,4.4,11.3,19.3,ok
20260701,16,2,1.4,7.2,11.7,6.3,10.8,5.4,ok
20260701,16,3,4.2,15.6,1.0,25.1,18.8,125.5,ok
20260701,16,5,1.3,15.9,5.5,6.6,6.4,19.9,ok
20260701,16,6,1.4,10.2,4.4,9.1,5.6,19.3,ok
20260701,16,7,1.6,7.4,2.6,15.6,8.2,22.2,ok
20260701,16,8,1.5,5.5,4.3,10.3,7.1,18.4,ok
20260701,16,9,1.0,13.0,18.1,10.9,14.8,15.5,ok
20260701,16,10,1.2,6.4,7.1,8.3,22.3,14.3,ok
20260701,16,11,1.4,7.5,6.7,7.2,6.5,15.8,ok
20260701,16,12,1.4,5.4,5.1,18.8,4.7,49.0,ok
20260701,17,1,1.2,5.5,9.1,22.1,5.9,22.1,ok
20260701,17,2,1.0,19.9,28.5,133.0,99.7,14.7,ok
20260701,17,3,1.0,6.4,21.3,45.7,160.1,40.0,ok
20260701,17,4,1.4,4.4,22.3,5.2,8.1,17.8,ok
20260701,17,5,1.0,11.7,18.7,23.4,13.3,13.3,ok
20260701,17,6,1.0,17.3,8.6,11.5,13.0,20.8,ok
20260701,17,8,1.7,6.0,5.2,4.5,9.7,11.1,ok
20260701,17,9,1.2,6.0,16.5,8.2,13.2,7.3,ok
20260701,17,10,1.0,9.9,29.8,19.9,14.9,44.8,ok
20260701,17,11,1.3,5.6,5.6,5.0,45.0,45.0,ok
20260701,17,12,1.1,9.5,7.2,9.8,19.6,22.0,ok
20260701,19,1,1.4,3.8,5.5,6.2,50.2,25.1,ok
20260701,19,2,3.4,6.9,11.3,15.1,30.2,1.3,ok
20260701,19,3,2.8,4.1,5.2,3.5,7.3,7.3,ok
20260701,19,4,3.8,13.7,6.6,10.6,1.5,9.3,ok
20260701,19,5,1.7,9.5,11.4,7.6,3.1,9.5,ok
20260701,19,6,2.2,10.9,8.4,2.1,5.0,54.7,ok
20260701,19,7,1.2,12.9,6.0,22.6,10.0,6.4,ok
20260701,19,8,2.6,21.9,18.8,1.2,26.3,56.4,ok
20260701,19,9,1.1,38.9,11.4,38.9,29.9,3.1,ok
20260701,19,10,1.0,15.0,11.1,17.3,16.5,8.4,ok
20260701,19,11,1.4,2.8,14.5,10.1,10.6,22.7,ok
20260701,19,12,1.8,,4.6,6.4,4.7,5.0,ok
20260701,20,1,1.9,8.2,2.4,8.7,12.7,11.8,ok
20260701,20,2,2.1,17.5,1.8,10.7,10.7,13.8,ok
20260701,20,3,7.8,1.0,24.0,22.7,48.0,61.7,ok
20260701,20,4,1.9,3.2,9.9,8.0,3.8,65.7,ok
20260701,20,5,1.1,8.1,16.3,7.2,8.4,77.8,ok
20260701,20,6,4.4,11.0,2.5,1.7,,16.6,ok
20260701,20,7,1.1,11.9,15.0,9.9,8.2,9.6,ok
20260701,20,8,1.4,3.6,8.8,27.0,7.8,10.1,ok
20260701,20,9,1.6,11.5,16.1,2.1,20.8,16.7,ok
20260701,20,10,1.3,8.0,9.8,7.1,7.3,13.6,ok
20260701,20,11,1.8,8.4,2.1,8.0,22.4,31.4,ok
20260701,20,12,1.3,8.1,3.2,19.0,33.7,12.9,ok
20260701,22,2,9.9,1.2,7.0,5.2,16.5,49.5,ok
20260701,22,3,2.1,9.0,1.7,10.2,20.4,32.7,ok
20260701,22,4,3.3,3.8,3.6,2.5,20.2,16.2,ok
20260701,22,5,2.1,2.0,3.0,90.3,45.1,60.2,ok
20260701,22,6,3.1,3.6,4.5,17.6,11.0,2.6,ok
20260701,22,7,1.6,9.5,4.9,3.5,10.2,33.3,ok
20260701,22,8,1.2,4.7,5.2,45.0,15.0,30.0,ok
20260701,22,9,1.5,4.8,4.6,7.6,43.5,10.0,ok
20260701,22,10,1.1,4.9,28.6,6.8,15.9,23.8,ok
20260701,22,11,1.0,23.4,16.9,33.9,23.4,12.7,ok
20260701,22,12,1.3,6.1,5.6,8.2,13.7,30.9,ok
20260701,23,1,1.0,13.3,7.3,13.3,17.7,44.3,ok
20260701,23,2,1.0,10.0,4.6,28.8,30.7,25.6,ok
20260701,23,3,1.5,17.7,10.0,2.7,5.9,60.4,ok
20260701,23,4,1.6,2.4,12.0,6.3,34.5,18.6,ok
20260701,23,5,1.1,7.0,4.9,13.0,29.0,65.2,ok
20260701,23,6,2.1,3.4,3.0,9.9,26.6,8.8,ok
20260701,23,7,1.7,2.3,9.1,11.5,9.1,63.7,ok
20260701,23,8,2.9,11.4,14.8,1.3,16.8,19.4,ok
20260701,23,9,6.9,5.9,1.2,6.9,83.2,16.6,ok
20260701,23,10,3.8,3.1,5.1,4.3,5.8,5.8,ok
20260701,23,11,5.5,1.0,16.2,17.5,13.4,32.5,ok
20260701,23,12,1.2,6.9,8.2,13.2,7.3,18.9,ok
20260701,24,1,1.4,7.5,22.5,4.7,4.7,18.0,ok
20260701,24,2,2.4,5.9,2.1,8.0,7.1,45.5,ok
20260701,24,3,2.9,9.0,9.6,38.4,1.4,19.2,ok
20260701,24,4,1.2,3.7,7.5,22.7,22.7,25.2,ok
20260701,24,5,1.8,5.4,6.0,12.0,4.0,10.0,ok
20260701,24,6,2.3,4.3,9.8,8.7,2.3,40.5,ok
20260701,24,7,1.1,4.8,15.3,9.7,53.8,19.5,ok
20260701,24,8,1.3,5.1,6.0,13.4,24.0,7.3,ok
20260701,24,9,1.0,9.5,9.1,23.7,14.8,21.6,ok
20260701,24,10,1.5,5.5,3.2,6.5,26.1,52.2,ok
20260701,24,11,1.2,6.4,5.5,20.3,10.1,27.0,ok
20260701,24,12,1.3,7.4,8.0,5.2,13.9,12.0,ok
20260701,08,2,2.6,1.7,48.3,,3.3,16.1,part
20260701,17,7,1.3,4.8,6.3,4.5,,63.0,part
20260701,22,1,1.2,3.2,36.0,18.0,,9.0,part
20260702,04,1,1.8,13.7,2.9,3.1,33.3,19.4,ok
20260702,04,2,1.1,5.6,5.9,12.4,24.9,31.1,ok
20260702,04,3,1.8,40.5,1.9,6.7,40.5,11.5,ok
20260702,04,4,3.8,25.2,1.1,16.8,14.7,50.5,ok
20260702,04,5,2.1,9.0,10.6,7.4,1.9,61.3,ok
20260702,04,6,1.8,1.5,21.4,32.1,16.7,128.7,ok
20260702,04,7,3.1,5.6,5.1,1.9,32.8,9.5,ok
20260702,04,8,2.0,4.0,5.2,3.4,11.0,88.5,ok
20260702,04,9,1.1,6.6,16.9,15.5,11.6,8.8,ok
20260702,04,10,1.3,7.9,3.7,10.5,14.8,18.5,ok
20260702,04,11,1.6,5.4,2.8,9.5,16.4,36.1,ok
20260702,04,12,1.3,9.1,11.6,16.0,3.9,16.6,ok
20260702,05,1,2.8,21.0,11.0,1.4,9.5,35.1,ok
20260702,05,2,1.6,9.3,3.0,8.5,10.4,15.6,ok
20260702,05,3,1.7,2.7,8.6,17.8,5.8,24.7,ok
20260702,05,4,1.7,5.4,5.3,3.4,12.6,50.4,ok
20260702,05,5,1.0,5.3,18.6,13.2,23.2,23.2,ok
20260702,05,6,1.2,30.7,5.7,4.0,18.4,30.7,ok
20260702,05,7,1.0,13.4,38.6,15.4,30.9,77.2,ok
20260702,05,8,1.3,5.2,9.0,6.8,10.9,15.7,ok
20260702,05,9,1.2,21.5,3.3,9.2,32.2,86.0,ok
20260702,05,10,1.2,3.9,7.9,14.6,12.5,43.8,ok
20260702,05,11,1.2,14.0,5.7,7.5,24.5,10.9,ok
20260702,05,12,1.4,10.6,9.4,13.9,18.4,3.0,ok
20260702,06,1,2.1,9.5,19.1,6.9,25.5,1.8,ok
20260702,06,3,1.1,5.7,8.1,15.4,22.0,25.7,ok
20260702,06,4,2.2,1.6,32.7,6.8,18.1,27.2,ok
20260702,06,5,1.9,8.6,4.6,2.8,20.4,12.5,ok
20260702,06,6,2.6,4.7,13.4,14.0,1.7,29.5,ok
20260702,06,7,3.8,9.4,1.3,16.7,36.2,7.5,ok
20260702,06,8,1.8,7.9,4.6,2.3,45.2,67.8,ok
20260702,06,10,2.2,11.6,5.8,7.1,31.0,2.1,ok
20260702,06,11,6.1,14.3,1.0,39.9,89.8,179.6,ok
20260702,06,12,1.0,11.4,19.8,9.9,31.1,109.1,ok
20260702,07,1,3.2,1.9,2.1,26.2,131.2,65.6,ok
20260702,07,2,8.9,1.8,2.6,5.0,11.7,51.7,ok
20260702,07,3,3.4,2.2,3.7,10.7,6.6,11.3,ok
20260702,07,4,3.0,1.6,4.2,14.2,42.8,15.7,ok
20260702,07,5,1.6,17.3,15.0,2.0,9.4,56.4,ok
20260702,07,6,1.9,2.6,5.0,19.1,13.9,7.7,ok
20260702,07,7,1.4,12.0,9.7,8.0,4.5,9.5,ok
20260702,07,8,1.8,7.5,2.1,11.5,14.8,23.0,ok
20260702,07,9,1.2,3.7,28.8,53.9,16.5,5.9,ok
20260702,07,10,2.2,2.2,15.1,4.7,12.4,11.0,ok
20260702,07,11,1.0,16.6,22.5,10.7,21.1,21.1,ok
20260702,07,12,1.7,6.3,4.1,9.8,4.3,26.3,ok
20260702,08,1,1.5,5.2,5.8,13.8,5.8,10.1,ok
20260702,08,2,3.8,11.8,7.1,2.3,2.4,71.2,ok
20260702,08,3,2.8,5.3,2.8,2.7,118.5,14.8,ok
20260702,08,4,3.2,3.4,3.2,14.8,3.9,8.9,ok
20260702,08,5,5.4,2.0,1.9,68.6,9.1,45.7,ok
20260702,08,6,1.0,14.7,29.5,17.7,17.7,22.1,ok
20260702,08,7,1.3,20.6,14.7,8.5,3.3,15.8,ok
20260702,08,8,1.0,10.7,30.0,8.3,150.0,150.0,ok
20260702,08,9,1.6,8.3,2.3,8.8,15.0,50.2,ok
20260702,08,10,1.0,72.3,24.1,8.0,18.0,24.1,ok
20260702,08,11,1.0,12.4,21.7,8.2,19.3,24.8,ok
20260702,08,12,1.4,38.1,10.9,3.9,6.3,10.5,ok
20260702,11,1,1.2,6.8,4.8,16.5,13.7,27.5,ok
20260702,11,3,1.5,9.5,7.7,2.6,124.5,13.8,ok
20260702,11,5,5.1,1.7,9.1,3.3,6.7,67.0,ok
20260702,11,6,7.8,6.2,1.3,15.0,4.5,75.0,ok
20260702,11,7,3.2,4.1,3.8,4.1,8.3,6.1,ok
20260702,11,8,2.6,1.7,7.0,5.1,19.1,191.2,ok
20260702,11,9,2.3,7.7,4.6,15.5,2.0,62.2,ok
20260702,11,11,1.5,6.0,3.6,36.0,5.1,72.0,ok
20260702,11,12,1.0,43.0,43.0,32.2,129.0,129.0,ok
20260702,16,1,1.3,10.5,6.3,4.5,21.0,11.4,ok
20260702,16,2,3.7,12.4,2.7,2.5,6.8,11.4,ok
20260702,16,3,1.3,9.5,4.9,5.6,38.2,15.9,ok
20260702,16,4,2.7,4.8,2.1,10.0,6.0,30.1,ok
20260702,16,5,2.4,3.4,10.1,2.3,16.0,24.0,ok
20260702,16,6,2.1,12.5,2.5,3.9,6.7,87.7,ok
20260702,16,7,1.4,4.5,5.7,10.3,12.9,14.7,ok
20260702,16,8,1.3,9.2,3.2,9.7,12.5,42.7,ok
20260702,16,9,1.0,8.9,11.5,23.0,27.6,15.3,ok
20260702,16,10,2.5,3.0,4.5,6.2,6.1,15.5,ok
20260702,16,11,1.4,6.4,8.1,3.5,17.4,61.2,ok
20260702,16,12,1.2,7.5,6.0,7.4,12.8,19.7,ok
20260702,19,1,1.5,12.6,5.9,5.9,6.3,10.1,ok
20260702,19,2,1.7,4.5,4.3,8.6,8.6,12.3,ok
20260702,19,3,1.4,13.5,3.0,36.2,5.1,54.3,ok
20260702,19,4,4.3,3.3,1.6,17.8,10.4,31.3,ok
20260702,19,7,3.3,1.9,3.9,5.6,12.6,107.2,ok
20260702,19,8,1.0,15.8,7.0,8.8,22.1,49.2,ok
20260702,19,9,1.5,2.0,10.8,15.2,45.7,45.7,ok
20260702,19,11,1.1,54.4,10.0,5.6,11.3,19.4,ok
20260702,19,12,1.0,18.3,12.7,6.6,14.1,23.6,ok
20260702,20,1,3.2,5.3,13.4,3.8,2.1,26.8,ok
20260702,20,2,3.7,8.3,3.3,5.0,13.6,2.6,ok
20260702,20,3,2.3,3.5,14.9,4.7,59.8,3.0,ok
20260702,20,4,1.2,10.1,5.4,7.6,13.6,54.5,ok
20260702,20,5,1.9,3.7,25.5,2.3,19.3,23.0,ok
20260702,20,6,2.1,51.0,2.6,16.2,2.8,16.2,ok
20260702,20,7,1.4,9.6,10.5,3.6,12.4,14.5,ok
20260702,20,8,1.2,6.0,20.9,4.5,23.1,25.1,ok
20260702,20,9,1.5,3.2,8.0,6.7,17.1,26.2,ok
20260702,20,10,1.1,10.9,11.9,6.0,12.6,22.1,ok
20260702,20,11,1.1,5.6,10.0,11.2,11.1,29.1,ok
20260702,20,12,1.2,12.5,3.9,16.8,16.2,9.5,ok
20260702,21,1,1.1,10.5,7.8,11.2,11.2,26.2,ok
20260702,21,2,1.2,29.7,19.8,2.7,33.9,39.6,ok
20260702,21,3,1.3,7.5,4.0,13.3,6.6,83.4,ok
20260702,21,4,1.0,13.9,20.4,20.4,7.5,29.5,ok
20260702,21,5,1.1,18.8,7.8,6.8,20.5,9.8,ok
20260702,21,6,2.0,3.3,10.0,7.2,8.7,5.2,ok
20260702,21,7,1.4,13.0,6.7,3.3,12.0,39.0,ok
20260702,21,8,2.4,1.3,8.9,18.8,42.3,67.8,ok
20260702,21,9,1.1,56.6,6.6,7.0,12.5,12.5,ok
20260702,21,10,1.4,2.7,12.1,10.5,158.2,13.1,ok
20260702,21,11,1.2,5.9,3.5,15.7,94.5,47.2,ok
20260702,21,12,1.2,7.1,6.7,6.5,20.8,31.3,ok
20260702,22,2,1.8,11.9,2.0,25.5,25.5,8.5,ok
20260702,22,3,2.1,7.3,1.5,31.6,73.7,24.5,ok
20260702,22,4,1.5,3.4,5.0,6.2,25.1,100.5,ok
20260702,22,5,2.0,2.1,5.0,102.2,43.8,6.2,ok
20260702,22,6,1.6,10.4,2.9,34.8,34.8,4.1,ok
20260702,22,7,1.0,10.2,20.5,20.5,20.5,7.6,ok
20260702,22,8,1.4,5.1,7.6,5.1,10.9,38.2,ok
20260702,22,9,1.5,10.6,12.0,3.8,6.8,10.6,ok
20260702,22,10,1.0,12.6,25.3,11.2,50.6,40.5,ok
20260702,22,11,1.6,9.5,4.5,3.5,20.0,20.0,ok
20260702,22,12,1.2,7.4,9.3,8.1,16.2,12.7,ok
20260702,23,1,2.5,1.3,31.3,9.9,39.1,22.3,ok
20260702,23,2,1.5,12.8,2.3,29.8,10.5,19.9,ok
20260702,23,3,1.0,14.7,7.7,14.7,12.4,27.0,ok
20260702,23,4,6.1,1.6,16.8,9.7,2.4,146.0,ok
20260702,23,5,1.6,12.5,4.1,5.1,9.7,8.8,ok
20260702,23,6,3.2,1.5,7.5,7.3,30.2,15.1,ok
20260702,23,7,2.2,4.9,5.6,3.9,5.2,18.4,ok
20260702,23,9,2.9,1.7,3.4,23.7,19.0,25.9,ok
20260702,23,10,1.1,16.7,9.8,11.1,6.1,27.8,ok
20260702,23,11,1.0,8.6,30.3,6.7,12.1,30.3,ok
20260702,23,12,1.4,12.0,12.0,2.2,28.8,48.0,ok
20260702,24,1,1.7,9.8,3.1,8.8,6.3,14.7,ok
20260702,24,2,1.1,7.9,8.3,6.5,17.5,26.3,ok
20260702,24,3,1.4,4.6,11.1,3.3,44.5,33.3,ok
20260702,24,4,2.0,6.0,2.6,8.9,21.7,6.9,ok
20260702,24,5,2.4,1.8,5.9,21.7,8.1,16.3,ok
20260702,24,6,1.3,8.8,5.5,17.7,19.5,5.4,ok
20260702,24,7,1.1,5.6,6.5,16.5,15.3,26.8,ok
20260702,24,8,1.4,6.0,4.6,8.5,17.6,13.9,ok
20260702,24,9,1.7,3.8,9.1,8.5,5.1,12.7,ok
20260702,24,10,1.1,7.2,8.1,7.4,17.8,53.5,ok
20260702,24,11,1.3,2.4,22.9,15.3,24.3,29.5,ok
20260702,24,12,1.4,9.3,9.4,3.4,10.8,26.5,ok
20260702,06,2,3.3,19.0,6.1,1.2,24.4,,part
20260702,06,9,5.5,10.1,1.0,30.3,60.7,,part
20260702,11,2,2.2,5.0,7.9,2.3,6.7,,part
20260702,11,4,3.5,2.0,5.4,17.2,,3.0,part
20260702,11,10,1.3,6.1,7.4,4.5,14.8,,part
20260702,19,5,1.0,11.5,69.0,13.8,11.5,,part
20260702,19,6,1.8,2.6,10.1,3.3,,53.2,part
20260702,19,10,1.3,6.5,3.9,14.1,8.4,,part
20260702,22,1,1.0,18.2,32.8,,82.1,,part
20260702,23,8,4.2,18.8,15.2,1.0,40.0,,part
20260703,04,1,1.9,6.7,8.2,5.5,3.0,21.2,ok
20260703,04,2,1.3,4.3,17.6,3.9,75.6,58.8,ok
20260703,04,3,4.3,3.1,5.2,13.8,4.3,3.3,ok
20260703,04,4,1.3,9.3,4.2,14.3,16.9,8.1,ok
20260703,04,5,1.2,13.6,3.3,12.5,17.4,39.2,ok
20260703,04,6,2.2,11.0,3.7,15.2,3.6,5.3,ok
20260703,04,7,1.7,5.5,11.7,21.2,2.6,19.5,ok
20260703,04,8,1.7,6.5,6.3,4.2,8.1,12.2,ok
20260703,04,9,1.5,3.8,2.8,36.1,43.3,30.9,ok
20260703,04,10,1.3,3.7,7.7,20.8,9.0,29.7,ok
20260703,04,11,1.0,5.6,25.8,8.1,20.6,73.7,ok
20260703,04,12,1.0,8.2,8.2,7.5,58.0,43.5,ok
20260703,06,2,1.8,15.0,2.5,9.4,10.0,8.3,ok
20260703,06,3,1.0,14.0,12.3,10.9,32.8,98.5,ok
20260703,06,4,1.0,23.6,9.4,23.6,47.2,11.8,ok
20260703,06,5,2.4,7.5,7.0,16.0,1.8,22.5,ok
20260703,06,6,1.2,6.1,8.4,33.7,4.8,22.5,ok
20260703,06,7,5.7,1.1,5.5,11.0,51.7,77.6,ok
20260703,06,8,7.5,20.8,16.6,1.0,15.1,15.1,ok
20260703,06,9,5.0,1.0,22.2,50.7,355.5,19.7,ok
20260703,06,11,1.0,8.7,21.8,21.8,26.1,37.3,ok
20260703,06,12,1.0,20.2,8.4,13.8,,6.6,ok
20260703,07,1,1.5,7.3,6.4,3.4,18.9,22.1,ok
20260703,07,2,2.0,1.4,23.7,32.7,21.8,43.6,ok
20260703,07,3,3.2,1.3,9.5,20.3,20.3,11.8,ok
20260703,07,4,1.9,8.7,2.6,5.1,11.1,20.6,ok
20260703,07,5,1.0,6.8,20.4,14.6,409.5,10.5,ok
20260703,07,6,2.7,16.0,1.4,9.1,11.5,26.5,ok
20260703,07,7,4.3,1.9,2.4,27.0,39.0,8.1,ok
20260703,07,8,1.4,5.8,3.3,13.5,13.5,37.9,ok
20260703,07,9,1.9,22.1,1.7,16.8,21.0,11.3,ok
20260703,07,10,1.7,3.9,15.2,13.5,41.6,2.8,ok
20260703,07,11,1.2,7.9,16.9,5.8,18.7,6.4,ok
20260703,07,12,1.2,4.4,15.3,7.3,11.8,29.8,ok
20260703,08,2,1.4,2.2,11.4,28.5,21.3,85.5,ok
20260703,08,3,3.0,5.3,4.3,5.9,14.0,2.8,ok
20260703,08,4,1.6,51.0,6.8,51.0,102.0,1.8,ok
20260703,08,6,1.2,13.5,27.0,13.5,18.0,3.6,ok
20260703,08,7,1.3,89.6,6.1,11.2,29.8,3.1,ok
20260703,08,8,1.0,8.5,8.5,8.5,42.7,21.3,ok
20260703,08,9,1.1,11.7,11.7,16.5,7.1,7.8,ok
20260703,08,10,2.3,5.5,2.5,7.0,11.1,9.5,ok
20260703,08,11,1.6,1.9,21.1,11.3,13.4,147.7,ok
20260703,08,12,1.3,4.0,8.2,14.7,13.2,12.0,ok
20260703,09,1,1.0,18.4,46.1,6.5,6.1,92.2,ok
20260703,09,2,2.7,8.7,8.0,1.5,14.4,33.6,ok
20260703,09,3,1.2,4.6,7.2,9.8,20.9,41.8,ok
20260703,09,4,1.0,11.7,28.2,35.2,47.0,5.6,ok
20260703,09,5,1.1,3.9,14.2,19.9,14.2,19.9,ok
20260703,09,6,3.9,2.7,4.7,17.9,2.7,13.0,ok
20260703,09,7,3.1,1.9,9.6,16.5,19.2,3.3,ok
20260703,09,8,1.9,21.5,2.2,8.6,10.7,9.5,ok
20260703,09,9,2.1,5.0,4.8,3.8,5.9,32.1,ok
20260703,09,10,1.0,9.2,6.1,27.7,18.5,55.5,ok
20260703,09,12,1.0,15.4,7.4,12.7,30.9,43.3,ok
20260703,11,1,1.1,5.5,9.2,11.1,13.8,27.7,ok
20260703,11,2,1.3,3.6,5.8,11.7,15.0,82.5,ok
20260703,11,3,1.7,3.7,2.2,28.7,43.1,86.2,ok
20260703,11,4,1.1,22.8,10.1,7.0,7.0,18.3,ok
20260703,11,5,2.2,7.6,2.5,15.2,3.7,34.4,ok
20260703,11,6,1.0,58.7,22.0,5.6,22.0,88.1,ok
20260703,11,9,1.9,2.2,19.2,8.2,5.7,57.7,ok
20260703,11,10,2.2,2.9,5.0,5.3,8.1,22.0,ok
20260703,11,11,1.5,4.4,2.9,17.7,26.6,26.6,ok
20260703,11,12,1.3,3.5,7.1,15.6,19.1,24.6,ok
20260703,12,1,1.6,3.7,4.3,6.9,10.3,186.7,ok
20260703,12,2,1.5,9.7,9.0,6.5,7.8,5.3,ok
20260703,12,3,3.9,2.0,8.6,4.8,8.9,6.3,ok
20260703,12,4,3.6,5.4,1.6,13.0,11.4,10.8,ok
20260703,12,5,1.0,22.9,17.8,16.0,160.5,14.5,ok
20260703,12,6,2.0,2.6,7.7,8.9,6.3,17.1,ok
20260703,12,7,3.0,12.8,8.9,2.2,3.1,27.4,ok
20260703,12,8,2.8,34.2,1.9,2.8,16.2,28.5,ok
20260703,12,9,1.7,7.1,5.8,4.4,4.7,70.0,ok
20260703,12,10,1.1,12.7,8.9,4.0,71.2,29.6,ok
20260703,12,11,1.4,5.9,3.1,20.2,15.6,26.5,ok
20260703,12,12,1.2,4.0,14.5,12.6,8.4,19.0,ok
20260703,13,1,1.3,8.7,4.0,17.9,8.9,17.9,ok
20260703,13,2,2.5,5.5,7.6,2.0,10.1,30.5,ok
20260703,13,3,3.4,1.3,7.8,24.9,6.5,124.8,ok
20260703,13,4,3.2,1.8,20.8,2.6,17.8,62.6,ok
20260703,13,5,2.2,2.4,16.6,10.7,3.4,37.5,ok
20260703,13,6,1.0,19.1,9.9,5.0,26.8,44.7,ok
20260703,13,7,1.3,6.0,12.6,3.4,25.3,25.3,ok
20260703,13,8,2.3,1.9,8.5,6.0,11.3,28.3,ok
20260703,13,9,1.2,12.9,18.3,3.4,8.8,36.7,ok
20260703,13,10,1.4,7.8,5.2,7.4,6.0,26.0,ok
20260703,13,11,1.0,16.0,20.5,9.0,14.4,36.0,ok
20260703,13,12,1.1,8.2,7.5,9.1,17.4,21.7,ok
20260703,16,1,1.3,9.6,8.2,6.0,7.2,14.5,ok
20260703,16,2,2.5,4.7,11.7,2.5,4.8,21.2,ok
20260703,16,3,1.6,3.8,5.0,11.6,6.1,65.2,ok
20260703,16,4,1.8,4.4,4.9,3.6,27.5,21.7,ok
20260703,16,5,1.2,8.0,9.4,5.0,15.7,25.4,ok
20260703,16,6,3.7,5.5,6.0,1.6,17.0,20.4,ok
20260703,16,7,2.1,6.3,4.1,3.2,12.0,13.5,ok
20260703,16,8,1.5,4.4,7.8,3.7,22.6,25.9,ok
20260703,16,9,1.3,7.7,7.1,7.1,14.8,9.3,ok
20260703,16,10,2.0,3.1,4.0,25.5,4.7,25.5,ok
20260703,16,11,1.2,7.6,4.2,16.8,9.3,42.1,ok
20260703,16,12,1.1,6.4,17.0,10.8,8.1,16.2,ok
20260703,19,1,1.7,4.9,3.6,6.5,13.1,15.3,ok
20260703,19,2,2.4,12.6,2.6,4.0,88.5,4.9,ok
20260703,19,3,1.4,5.6,26.5,5.3,4.4,39.7,ok
20260703,19,4,2.5,3.6,3.2,4.3,15.5,15.5,ok
20260703,19,5,1.2,9.3,11.6,4.8,31.0,7.7,ok
20260703,19,6,1.1,11.7,13.0,9.8,6.5,58.8,ok
20260703,19,7,6.4,3.2,1.5,13.9,23.8,8.2,ok
20260703,19,8,1.4,13.3,2.9,18.9,9.8,17.4,ok
20260703,19,9,1.3,8.5,9.1,4.8,7.5,22.5,ok
20260703,19,10,1.0,5.3,11.5,21.5,15.6,43.1,ok
20260703,19,11,2.1,4.9,5.4,2.9,28.2,9.4,ok
20260703,19,12,1.2,8.7,5.1,11.6,8.0,69.7,ok
20260703,20,1,2.4,6.3,4.3,3.3,10.5,7.0,ok
20260703,20,2,2.4,6.7,8.3,3.6,3.6,9.2,ok
20260703,20,3,2.4,1.6,9.3,10.7,27.9,12.6,ok
20260703,20,4,1.0,12.6,9.9,7.3,17.6,21.1,ok
20260703,20,5,1.2,6.4,18.0,4.3,22.0,66.2,ok
20260703,20,6,1.1,7.7,16.9,18.8,8.9,7.3,ok
20260703,20,7,1.4,2.5,11.4,14.3,15.9,31.8,ok
20260703,20,8,1.3,8.4,5.3,6.3,9.6,31.2,ok
20260703,20,9,2.0,2.3,12.7,21.1,9.0,5.3,ok
20260703,20,10,2.1,1.9,5.0,10.5,30.9,22.8,ok
20260703,20,11,1.2,5.8,5.9,10.6,12.2,38.7,ok
20260703,20,12,1.4,7.7,2.9,14.3,17.0,19.1,ok
20260703,21,1,1.1,10.9,14.9,21.9,4.9,31.1,ok
20260703,21,2,1.6,15.0,20.1,1.9,20.1,24.1,ok
20260703,21,3,1.4,11.9,3.7,11.9,7.3,18.9,ok
20260703,21,4,1.0,15.7,17.5,6.9,24.8,21.3,ok
20260703,21,5,1.3,4.6,14.6,12.4,17.9,5.5,ok
20260703,21,6,2.3,5.7,2.1,13.6,27.3,5.7,ok
20260703,21,7,1.7,4.0,19.3,3.3,9.6,12.8,ok
20260703,21,8,1.9,16.8,9.4,1.6,21.6,75.7,ok
20260703,21,9,1.5,5.6,3.5,15.2,15.2,8.8,ok
20260703,21,10,1.2,2.9,26.5,79.5,15.9,11.3,ok
20260703,21,11,1.0,60.0,10.0,90.0,10.5,22.5,ok
20260703,21,12,1.0,20.4,16.3,5.1,23.3,13.6,ok
20260703,22,1,1.2,3.5,9.9,24.7,24.7,24.7,ok
20260703,22,2,2.4,26.6,2.8,5.3,5.9,5.9,ok
20260703,22,3,2.4,10.2,1.4,11.8,24.5,33.4,ok
20260703,22,4,1.3,3.3,11.1,5.8,61.5,30.7,ok
20260703,22,6,2.7,7.2,2.5,19.2,6.4,4.4,ok
20260703,22,7,2.5,5.7,4.8,13.9,2.0,97.5,ok
20260703,22,8,1.4,2.4,13.6,17.0,14.6,29.2,ok
20260703,22,9,2.1,10.7,8.2,1.8,9.3,70.1,ok
20260703,22,10,1.0,16.5,9.3,29.8,16.5,16.5,ok
20260703,22,11,1.5,3.2,3.8,22.7,17.4,59.2,ok
20260703,22,12,1.1,8.6,6.4,10.6,11.6,20.9,ok
20260703,23,1,1.1,11.4,12.4,5.9,7.6,34.3,ok
20260703,23,2,1.7,3.5,7.6,4.8,17.7,11.5,ok
20260703,23,3,1.0,20.3,10.1,12.2,17.4,10.6,ok
20260703,23,4,2.2,4.4,13.1,2.3,11.7,13.1,ok
20260703,23,5,1.1,10.0,9.5,8.1,10.0,23.4,ok
20260703,23,6,1.3,8.9,3.6,7.2,32.5,43.3,ok
20260703,23,7,1.9,7.1,7.7,5.0,3.4,17.1,ok
20260703,23,8,1.3,3.0,15.0,18.4,8.2,23.6,ok
20260703,23,9,3.3,1.5,8.7,6.1,61.1,12.2,ok
20260703,23,10,2.4,1.5,7.9,13.2,,14.8,ok
20260703,23,11,1.0,36.0,11.0,20.5,4.6,48.0,ok
20260703,23,12,1.2,3.6,8.1,18.3,12.2,73.5,ok
20260703,06,1,2.7,2.9,11.1,16.6,2.0,,part
20260703,06,10,1.1,4.5,14.2,12.2,,14.2,part
20260703,08,1,1.0,48.5,24.2,24.2,24.2,,part
20260703,08,5,1.7,5.7,4.5,15.8,,3.2,part
20260703,09,11,1.0,,5.0,16.7,8.3,25.1,part
20260703,11,7,1.0,43.8,5.6,35.1,,58.5,part
20260703,11,8,2.5,16.5,1.7,4.2,12.0,,part
20260703,22,5,2.7,7.7,15.4,1.3,,19.3,part
20260704,01,1,2.4,2.3,8.7,21.7,7.9,4.8,ok
20260704,01,2,2.2,6.3,4.1,7.4,4.5,6.8,ok
20260704,01,3,1.0,37.5,4.3,10.4,46.8,46.8,ok
20260704,01,4,2.0,4.3,12.0,2.3,12.5,72.1,ok
20260704,01,5,1.9,2.2,16.8,3.5,117.9,36.2,ok
20260704,01,6,1.0,14.6,14.6,10.2,20.4,17.0,ok
20260704,01,7,1.3,15.5,2.7,12.3,25.6,18.8,ok
20260704,01,8,1.6,7.8,4.8,7.2,4.6,25.8,ok
20260704,01,9,1.7,3.6,19.9,7.5,4.3,12.2,ok
20260704,01,10,1.1,13.0,6.8,9.9,16.4,15.7,ok
20260704,01,11,1.3,5.4,6.6,12.0,9.6,16.9,ok
20260704,01,12,1.7,5.4,8.8,7.5,5.1,7.5,ok
20260704,04,1,2.8,6.6,4.1,4.3,5.2,5.9,ok
20260704,04,2,1.1,11.5,11.9,8.0,11.9,20.5,ok
20260704,04,3,2.7,8.3,3.6,4.3,6.9,4.8,ok
20260704,04,4,4.3,1.5,5.9,5.9,14.6,24.8,ok
20260704,04,5,4.0,5.1,14.0,2.8,8.1,2.9,ok
20260704,04,6,3.5,1.3,10.1,8.6,30.4,22.0,ok
20260704,04,7,1.2,10.6,3.4,8.5,72.1,72.1,ok
20260704,04,8,1.3,10.5,10.3,2.9,35.9,38.4,ok
20260704,04,9,1.0,5.6,8.2,17.0,20.7,95.5,ok
20260704,04,10,1.4,14.4,2.6,21.4,7.0,37.9,ok
20260704,04,11,1.5,2.0,10.0,11.6,74.4,46.5,ok
20260704,04,12,1.9,11.7,2.4,7.6,5.9,65.7,ok
20260704,06,1,3.4,41.7,1.1,15.6,15.6,31.3,ok
20260704,06,2,1.0,21.9,13.6,12.1,9.9,18.2,ok
20260704,06,3,1.0,8.1,15.4,15.4,46.2,46.2,ok
20260704,06,4,1.0,12.6,16.8,11.2,25.3,16.8,ok
20260704,06,5,3.6,4.6,20.8,5.9,20.8,1.7,ok
20260704,06,6,1.0,4.8,16.8,24.1,18.7,33.7,ok
20260704,06,7,2.4,5.1,25.0,25.0,50.0,1.6,ok
20260704,06,8,5.8,23.9,38.3,1.0,29.4,47.9,ok
20260704,06,9,1.0,8.4,6.0,18.2,21.9,109.5,ok
20260704,06,10,1.2,5.9,7.8,15.7,16.8,9.8,ok
20260704,06,11,1.0,6.5,16.1,22.2,25.3,25.3,ok
20260704,06,12,1.0,19.6,6.0,14.3,39.3,31.5,ok
20260704,07,1,1.2,2.9,49.5,16.5,16.5,14.8,ok
20260704,07,2,6.3,1.9,3.0,29.7,3.7,24.7,ok
20260704,07,3,5.4,1.3,7.4,8.6,6.3,124.5,ok
20260704,07,4,1.8,9.0,7.1,2.1,27.5,35.4,ok
20260704,07,5,2.2,2.5,10.0,5.8,17.0,6.2,ok
20260704,07,6,2.7,9.1,1.8,6.3,12.7,11.4,ok
20260704,07,7,1.2,10.3,7.1,20.1,16.7,6.1,ok
20260704,07,8,1.0,50.3,9.6,4.9,41.1,18.8,ok
20260704,07,9,1.0,27.7,12.1,8.3,50.8,10.8,ok
20260704,07,10,1.1,9.0,21.6,5.4,12.0,21.6,ok
20260704,07,11,1.2,6.2,12.2,19.1,4.7,49.1,ok
20260704,07,12,1.6,3.1,19.6,4.3,16.4,16.4,ok
20260704,08,1,1.0,47.2,21.8,25.7,56.7,141.7,ok
20260704,08,2,1.7,4.1,7.8,3.2,15.7,26.2,ok
20260704,08,4,1.0,17.3,95.2,23.8,31.7,11.9,ok
20260704,08,5,1.3,14.2,14.2,19.0,3.3,9.5,ok
20260704,08,6,1.0,8.0,26.2,7.5,52.5,10.5,ok
20260704,08,7,1.3,7.8,8.8,25.0,4.1,18.7,ok
20260704,08,8,1.5,4.5,6.1,8.7,9.2,16.7,ok
20260704,08,9,1.1,19.1,7.2,16.3,6.2,63.0,ok
20260704,08,12,1.1,5.8,6.9,18.2,14.8,80.2,ok
20260704,09,1,1.2,9.7,4.5,11.7,19.5,14.6,ok
20260704,09,2,2.0,2.1,9.1,9.7,10.9,14.5,ok
20260704,09,3,2.6,2.0,2.9,90.7,18.1,15.1,ok
20260704,09,4,3.0,4.6,4.3,13.8,2.2,20.8,ok
20260704,09,5,1.0,23.3,70.1,28.0,46.7,20.0,ok
20260704,09,6,1.6,5.3,3.2,42.7,10.6,8.5,ok
20260704,09,7,1.8,2.0,8.1,9.5,22.9,57.3,ok
20260704,09,8,5.1,3.4,10.3,11.7,1.7,11.7,ok
20260704,09,9,11.7,7.6,82.0,1.0,30.7,246.0,ok
20260704,09,10,1.9,13.9,1.6,18.1,45.3,13.9,ok
20260704,09,11,1.3,4.5,8.8,4.4,114.7,28.6,ok
20260704,09,12,1.4,2.4,13.6,18.1,23.3,23.3,ok
20260704,12,1,1.0,5.1,66.3,12.0,66.3,33.1,ok
20260704,12,2,2.0,4.2,7.1,6.8,4.5,9.3,ok
20260704,12,3,1.1,8.0,5.4,9.2,20.0,34.3,ok
20260704,12,4,1.8,6.4,2.1,22.3,,8.2,ok
20260704,12,5,1.0,11.2,17.9,14.9,8.9,17.9,ok
20260704,12,6,1.9,1.8,33.0,8.5,11.0,35.7,ok
20260704,12,7,3.0,5.6,2.3,3.1,37.0,16.2,ok
20260704,12,8,3.7,4.4,2.8,2.4,29.5,26.8,ok
20260704,12,9,3.1,1.6,29.5,6.2,6.0,25.8,ok
20260704,12,10,1.3,10.4,5.8,12.5,11.0,7.2,ok
20260704,12,11,1.2,7.5,4.8,15.2,9.7,45.6,ok
20260704,12,12,1.0,,7.1,9.6,13.8,14.0,ok
20260704,13,1,1.9,9.7,1.7,13.2,23.6,47.2,ok
20260704,13,2,2.3,2.0,4.7,29.8,11.2,11.2,ok
20260704,13,3,2.0,4.2,5.6,12.3,19.3,3.3,ok
20260704,13,4,1.4,7.5,17.9,8.9,3.4,17.9,ok
20260704,13,5,5.0,10.3,1.6,4.6,7.2,10.3,ok
20260704,13,6,1.2,8.4,7.1,7.3,16.9,20.0,ok
20260704,13,7,2.5,22.6,1.4,15.0,45.2,8.2,ok
20260704,13,8,1.8,33.7,16.8,11.2,1.7,16.8,ok
20260704,13,9,1.6,2.4,17.0,11.3,10.9,14.3,ok
20260704,13,10,1.0,24.3,16.2,12.1,8.1,48.7,ok
20260704,13,11,1.6,2.7,26.1,8.1,7.2,13.0,ok
20260704,13,12,1.1,5.3,28.3,5.9,37.7,56.6,ok
20260704,16,1,1.3,7.2,4.7,8.3,11.6,29.1,ok
20260704,16,2,1.0,18.5,19.8,10.6,23.1,34.6,ok
20260704,16,3,1.0,18.9,18.9,12.9,16.1,40.3,ok
20260704,16,4,1.3,5.2,7.7,10.9,5.9,34.7,ok
20260704,16,5,1.2,16.8,5.3,20.0,12.0,6.9,ok
20260704,16,6,1.3,5.6,4.2,13.4,12.3,29.5,ok
20260704,16,7,1.1,5.4,8.7,16.3,26.1,18.6,ok
20260704,16,8,1.4,4.8,8.7,13.0,7.3,8.7,ok
20260704,16,9,1.4,8.0,6.7,5.2,11.3,14.1,ok
20260704,16,10,1.2,6.3,8.4,8.4,10.4,44.7,ok
20260704,16,11,1.1,12.1,7.7,7.6,16.1,24.2,ok
20260704,16,12,1.2,6.9,4.8,14.5,34.2,15.7,ok
20260704,18,1,1.2,18.1,7.2,6.3,7.7,13.5,ok
20260704,18,2,1.0,17.1,9.8,10.8,68.7,29.4,ok
20260704,18,3,1.9,137.2,9.8,10.5,68.6,1.6,ok
20260704,18,4,1.0,9.6,77.2,25.7,8.5,22.0,ok
20260704,18,5,1.3,10.2,3.6,5.3,56.6,113.2,ok
20260704,18,6,1.1,6.5,12.5,29.1,14.5,9.7,ok
20260704,18,7,3.4,6.3,5.8,10.1,18.0,1.7,ok
20260704,18,8,2.2,3.2,7.4,11.8,3.7,10.7,ok
20260704,18,9,1.1,28.3,10.2,4.1,28.3,28.3,ok
20260704,18,10,1.7,1.7,17.2,51.7,17.2,25.8,ok
20260704,18,11,2.2,2.4,4.0,6.9,24.3,24.3,ok
20260704,18,12,1.2,16.7,3.3,19.3,12.5,35.8,ok
20260704,19,1,2.2,6.0,4.3,5.7,6.5,6.0,ok
20260704,19,2,1.7,4.7,3.8,21.3,7.1,8.5,ok
20260704,19,3,1.3,3.3,4.5,63.3,42.2,63.3,ok
20260704,19,4,2.3,11.8,1.4,19.8,49.5,13.5,ok
20260704,19,5,1.3,22.3,12.0,2.8,12.5,20.8,ok
20260704,19,6,1.2,13.5,16.1,3.1,33.4,14.5,ok
20260704,19,7,2.7,2.1,8.3,5.1,6.6,19.9,ok
20260704,19,8,2.2,,1.9,7.1,8.7,8.4,ok
20260704,19,9,1.4,7.1,5.7,11.0,6.3,11.0,ok
20260704,19,10,1.5,4.7,6.4,13.8,5.3,14.5,ok
20260704,19,11,1.2,6.7,3.2,18.8,27.8,58.1,ok
20260704,19,12,1.3,6.2,5.0,7.5,15.6,23.8,ok
20260704,21,1,1.1,15.9,8.3,26.5,4.9,31.8,ok
20260704,21,2,1.1,24.0,9.0,3.4,32.0,288.7,ok
20260704,21,4,1.3,31.9,2.4,12.4,13.1,223.5,ok
20260704,21,5,1.0,26.3,13.6,39.5,28.2,4.8,ok
20260704,21,6,3.1,5.4,8.7,1.6,43.5,10.8,ok
20260704,21,7,1.7,4.9,5.7,8.8,9.2,6.6,ok
20260704,21,8,1.6,2.6,11.0,7.6,28.3,12.4,ok
20260704,21,9,1.0,14.8,7.4,22.3,89.2,8.1,ok
20260704,21,10,1.0,43.1,3.9,9.2,43.1,129.3,ok
20260704,21,11,1.0,4.9,9.9,31.8,53.0,39.7,ok
20260704,21,12,1.1,20.7,5.0,16.5,27.6,8.7,ok
20260704,22,1,1.1,4.0,28.5,9.5,28.5,28.5,ok
20260704,22,3,1.5,4.9,3.2,44.2,6.8,44.2,ok
20260704,22,4,1.9,3.8,6.1,35.0,2.9,26.2,ok
20260704,22,5,1.7,4.5,15.0,12.0,3.2,13.8,ok
20260704,22,6,2.9,3.4,5.6,17.0,2.2,68.2,ok
20260704,22,7,1.3,4.2,12.0,8.0,10.2,24.0,ok
20260704,22,8,1.2,3.3,9.5,11.4,38.0,57.0,ok
20260704,22,9,1.2,4.3,12.5,11.3,9.0,32.3,ok
20260704,22,10,1.3,6.8,6.8,12.2,6.1,19.0,ok
20260704,22,11,1.1,7.2,16.8,8.4,8.7,20.1,ok
20260704,22,12,1.2,3.4,17.0,10.0,24.1,36.2,ok
20260704,23,1,1.0,11.7,13.3,8.7,10.2,19.1,ok
20260704,23,2,1.9,1.4,17.3,138.9,21.7,30.1,ok
20260704,23,3,1.0,55.6,27.8,5.0,37.0,33.3,ok
20260704,23,4,1.9,9.1,3.0,9.1,4.6,13.6,ok
20260704,23,5,1.0,36.0,16.2,8.5,20.2,9.2,ok
20260704,23,6,1.4,3.6,13.4,7.4,44.7,7.0,ok
20260704,23,7,2.5,1.7,7.1,9.7,13.4,15.3,ok
20260704,23,8,1.1,10.3,96.2,12.0,57.7,3.5,ok
20260704,23,9,1.4,11.0,14.2,5.2,4.1,14.2,ok
20260704,23,10,1.0,6.0,10.5,36.0,60.0,45.0,ok
20260704,23,11,1.0,9.3,5.1,15.5,39.9,39.9,ok
20260704,23,12,1.2,4.2,10.1,10.1,13.5,40.5,ok
20260704,08,3,1.1,81.0,16.2,2.8,16.2,,part
20260704,08,10,1.0,11.4,7.9,51.3,9.3,,part
20260704,08,11,1.0,5.3,15.6,17.3,13.0,,part
20260704,21,3,1.5,10.6,2.6,6.6,15.9,,part
20260704,22,2,1.8,3.7,24.0,2.4,12.0,,part
20260705,01,1,4.7,7.9,11.8,1.7,5.9,5.9,ok
20260705,01,2,3.3,3.8,5.7,3.2,13.2,4.7,ok
20260705,01,3,4.8,4.0,1.4,21.6,25.9,11.7,ok
20260705,01,4,3.6,3.8,7.3,1.8,16.4,18.4,ok
20260705,01,5,4.4,5.9,11.4,4.2,10.8,1.8,ok
20260705,01,6,1.7,2.0,9.0,10.0,22.5,45.0,ok
20260705,01,7,1.7,10.6,2.8,6.8,11.3,13.9,ok
20260705,01,8,1.0,13.1,14.0,14.0,6.5,28.0,ok
20260705,01,9,4.5,1.2,8.1,7.5,16.2,42.3,ok
20260705,01,10,2.9,1.9,4.8,7.5,8.4,47.6,ok
20260705,01,11,1.2,4.5,8.6,9.9,17.3,82.3,ok
20260705,01,12,1.2,4.2,9.7,10.7,19.4,13.2,ok
20260705,04,1,2.2,3.3,3.1,4.3,67.5,33.7,ok
20260705,04,2,1.0,12.2,10.1,12.9,14.5,17.8,ok
20260705,04,3,4.8,1.3,25.2,5.8,14.7,7.6,ok
20260705,04,4,2.4,5.4,3.0,8.4,5.8,7.5,ok
20260705,04,5,4.2,4.7,1.9,39.4,43.0,2.9,ok
20260705,04,6,1.2,4.5,5.6,18.6,17.3,26.9,ok
20260705,04,7,1.7,8.3,2.6,22.7,42.5,5.3,ok
20260705,04,8,1.4,9.2,12.9,2.5,13.6,86.2,ok
20260705,04,9,1.0,13.7,12.2,22.7,50.5,90.9,ok
20260705,04,10,1.8,8.0,2.5,8.3,8.0,31.2,ok
20260705,04,11,1.3,3.2,12.0,21.6,14.4,14.4,ok
20260705,04,12,1.2,5.2,5.5,6.2,94.4,70.8,ok
20260705,05,1,1.3,4.1,7.5,19.3,8.4,33.9,ok
20260705,05,2,2.3,4.8,2.4,12.0,15.2,6.7,ok
20260705,05,3,3.9,5.9,1.9,18.8,3.0,34.6,ok
20260705,05,4,1.3,8.2,6.6,6.1,8.2,24.7,ok
20260705,05,6,3.9,21.1,3.4,1.8,7.0,16.4,ok
20260705,05,7,1.4,17.3,15.8,4.7,3.5,23.8,ok
20260705,05,8,1.0,8.4,9.0,22.6,8.4,33.9,ok
20260705,05,10,1.1,9.7,8.2,6.3,21.4,21.4,ok
20260705,05,11,1.5,12.7,4.9,12.7,3.4,22.9,ok
20260705,05,12,1.8,4.1,7.2,5.9,20.0,5.3,ok
20260705,06,1,1.2,9.1,9.1,10.6,15.9,7.9,ok
20260705,06,2,1.5,10.0,17.6,5.8,17.6,3.3,ok
20260705,06,3,2.4,1.9,10.7,6.1,7.5,43.0,ok
20260705,06,4,3.2,15.6,1.7,6.2,6.2,18.7,ok
20260705,06,5,2.3,3.3,3.7,4.3,27.7,15.4,ok
20260705,06,6,1.7,9.0,5.2,15.7,4.5,6.3,ok
20260705,06,7,1.0,19.8,13.7,16.2,17.8,22.3,ok
20260705,06,8,1.2,14.1,7.7,17.0,21.2,4.7,ok
20260705,06,9,1.6,4.5,4.1,7.0,14.9,23.8,ok
20260705,06,10,1.9,16.9,16.9,1.5,50.7,38.0,ok
20260705,06,11,1.0,9.3,28.1,9.3,56.2,56.2,ok
20260705,06,12,1.3,5.8,4.3,9.9,15.1,64.5,ok
20260705,07,1,4.1,5.3,2.9,2.3,9.9,30.2,ok
20260705,07,2,1.4,19.0,4.2,3.3,38.0,76.1,ok
20260705,07,3,1.8,15.5,2.3,9.5,6.0,27.1,ok
20260705,07,4,1.1,11.2,16.1,5.8,6.2,129.0,ok
20260705,07,5,1.0,26.5,8.0,14.3,33.8,124.0,ok
20260705,07,6,1.1,6.3,14.0,8.8,15.3,16.8,ok
20260705,07,7,1.1,11.9,4.7,13.6,15.4,43.5,ok
20260705,07,8,1.7,10.9,2.4,9.3,11.2,21.4,ok
20260705,07,9,1.2,6.8,6.5,11.7,8.0,23.4,ok
20260705,07,10,1.5,2.9,6.4,13.1,15.7,14.5,ok
20260705,07,11,1.1,6.7,8.1,10.8,13.0,37.1,ok
20260705,07,12,1.2,5.7,7.1,7.3,26.4,24.1,ok
20260705,09,1,1.0,66.0,12.0,13.2,132.0,66.0,ok
20260705,09,2,1.2,9.7,29.2,4.5,19.5,9.7,ok
20260705,09,3,5.6,9.0,4.1,1.4,18.0,25.7,ok
20260705,09,4,1.0,6.3,25.5,19.8,10.5,29.7,ok
20260705,09,5,1.9,3.9,2.6,11.1,27.7,18.5,ok
20260705,09,6,2.5,5.7,4.0,9.0,108.7,2.4,ok
20260705,09,7,3.0,3.6,4.5,18.0,2.4,27.0,ok
20260705,09,8,1.3,6.7,3.1,27.1,81.3,18.0,ok
20260705,09,9,2.2,2.4,5.2,12.7,9.9,8.9,ok
20260705,09,11,1.3,2.9,21.2,9.8,21.2,15.9,ok
20260705,09,12,1.0,14.6,73.0,5.7,9.5,43.8,ok
20260705,12,1,1.7,8.4,8.4,5.3,8.4,4.2,ok
20260705,12,2,1.9,1.7,7.1,19.7,35.5,22.2,ok
20260705,12,3,1.9,4.3,1.9,67.8,45.2,22.6,ok
20260705,12,4,4.1,3.6,2.0,4.6,11.1,50.0,ok
20260705,12,5,1.7,3.7,18.5,4.4,12.3,8.5,ok
20260705,12,6,5.0,3.7,3.8,3.6,3.0,135.2,ok
20260705,12,7,3.3,6.4,2.8,2.6,8.1,40.7,ok
20260705,12,8,2.8,1.5,4.8,14.9,16.4,82.1,ok
20260705,12,9,1.1,8.9,8.4,6.9,17.3,39.7,ok
20260705,12,10,1.1,12.7,4.9,16.2,8.3,32.4,ok
20260705,12,11,1.2,7.0,10.4,4.4,17.3,86.7,ok
20260705,12,12,1.1,4.9,41.9,9.5,46.5,8.7,ok
20260705,13,1,1.9,4.4,2.4,7.6,42.7,53.4,ok
20260705,13,2,1.2,13.1,4.1,6.5,45.1,39.4,ok
20260705,13,4,1.8,11.2,3.0,18.0,3.9,22.5,ok
20260705,13,5,1.4,6.3,4.5,29.2,6.3,18.2,ok
20260705,13,6,1.1,6.2,29.6,6.6,14.0,38.1,ok
20260705,13,7,3.5,6.1,2.8,4.6,14.6,3.9,ok
20260705,13,8,1.6,3.1,22.7,34.1,34.1,3.4,ok
20260705,13,9,1.2,20.7,11.3,4.2,7.7,15.5,ok
20260705,13,10,1.0,5.6,5.9,28.1,56.2,56.2,ok
20260705,13,11,1.3,4.9,3.5,14.8,74.2,37.1,ok
20260705,13,12,1.0,9.4,10.8,6.9,36.4,97.2,ok
20260705,16,1,1.0,9.4,11.4,7.7,18.1,31.1,ok
20260705,16,2,1.0,12.0,13.2,6.9,14.7,18.9,ok
20260705,16,3,1.4,11.9,12.6,3.0,16.2,15.1,ok
20260705,16,4,1.3,9.7,3.8,87.7,7.3,14.6,ok
20260705,16,5,1.3,5.5,8.8,21.3,5.4,17.6,ok
20260705,16,6,2.2,5.7,9.5,2.1,15.6,13.2,ok
20260705,16,7,1.2,5.5,10.3,6.8,16.2,22.7,ok
20260705,16,8,1.1,11.0,7.3,7.6,20.1,17.0,ok
20260705,16,9,1.5,4.0,10.3,5.3,17.6,11.7,ok
20260705,16,10,1.4,8.5,5.3,7.3,18.0,6.0,ok
20260705,16,11,1.7,3.3,5.8,14.0,7.8,12.0,ok
20260705,16,12,1.1,6.5,8.8,15.3,12.8,25.6,ok
20260705,18,1,1.0,26.8,10.7,10.7,9.4,32.2,ok
20260705,18,2,1.5,17.3,38.1,1.8,63.5,31.7,ok
20260705,18,3,1.5,6.5,14.2,3.0,42.7,8.5,ok
20260705,18,4,1.3,2.6,22.7,10.5,17.0,27.3,ok
20260705,18,5,3.0,2.0,2.9,9.3,65.2,21.7,ok
20260705,18,6,2.5,12.0,6.0,9.8,13.5,1.9,ok
20260705,18,8,3.0,2.3,2.0,66.7,22.2,33.3,ok
20260705,18,9,1.5,12.5,2.4,15.0,7.5,75.0,ok
20260705,18,10,2.1,2.0,179.2,3.1,89.6,17.9,ok
20260705,18,11,1.3,16.8,7.0,5.6,16.8,7.6,ok
20260705,18,12,1.0,8.8,22.8,22.8,8.8,53.2,ok
20260705,21,1,1.1,23.1,3.6,25.6,12.1,46.2,ok
20260705,21,2,1.5,16.3,26.1,1.8,18.6,65.4,ok
20260705,21,3,2.0,11.5,1.7,7.9,24.9,166.2,ok
20260705,21,4,1.0,20.0,16.6,20.0,9.0,21.4,ok
20260705,21,5,2.7,2.6,9.9,13.8,11.7,3.0,ok
20260705,21,6,1.1,5.3,20.6,41.2,6.6,82.5,ok
20260705,21,7,1.0,27.8,21.6,24.3,32.5,48.7,ok
20260705,21,8,1.6,19.1,2.7,8.0,76.5,6.1,ok
20260705,21,9,1.8,4.4,5.6,4.1,19.5,9.7,ok
20260705,21,10,1.3,6.7,4.8,9.2,10.3,22.0,ok
20260705,21,11,1.0,9.8,7.1,14.2,16.0,21.3,ok
20260705,21,12,1.0,14.4,22.7,26.5,53.0,4.9,ok
20260705,22,1,1.1,6.4,5.6,22.5,15.0,45.0,ok
20260705,22,4,1.5,20.8,4.6,3.6,20.8,11.8,ok
20260705,22,5,2.1,3.2,2.0,15.7,126.0,126.0,ok
20260705,22,6,1.2,5.4,7.6,8.3,13.1,30.7,ok
20260705,22,7,2.2,4.7,1.8,17.6,16.0,35.2,ok
20260705,22,8,1.2,5.7,5.7,21.0,9.0,31.5,ok
20260705,22,9,1.0,15.8,19.0,47.5,25.9,142.5,ok
20260705,22,10,1.1,35.6,3.9,16.6,16.6,19.2,ok
20260705,22,11,1.0,16.0,18.0,57.7,41.2,72.1,ok
20260705,22,12,1.3,4.9,12.1,4.6,17.2,19.2,ok
20260705,23,1,1.0,7.0,16.0,16.0,17.6,17.6,ok
20260705,23,2,1.3,3.5,12.9,10.9,7.9,142.8,ok
20260705,23,3,1.2,6.1,10.9,19.2,5.4,38.4,ok
20260705,23,4,1.4,5.0,3.9,27.3,12.7,14.7,ok
20260705,23,5,1.4,4.5,5.4,11.2,10.6,21.3,ok
20260705,23,6,2.1,3.2,6.7,4.3,33.6,7.0,ok
20260705,23,7,1.5,11.5,2.7,8.3,10.2,46.1,ok
20260705,23,8,1.0,11.1,14.4,16.0,20.6,72.3,ok
20260705,23,10,1.1,9.8,7.7,7.7,18.0,21.6,ok
20260705,23,11,1.9,3.2,11.9,2.8,25.1,20.5,ok
20260705,23,12,1.0,10.3,12.0,10.5,15.5,17.3,ok
20260705,24,1,1.9,7.7,3.0,17.7,35.5,3.6,ok
20260705,24,2,1.5,2.6,7.6,20.8,22.0,14.1,ok
20260705,24,3,2.6,13.0,1.7,6.6,13.0,13.7,ok
20260705,24,4,1.7,5.8,6.5,6.1,13.0,4.9,ok
20260705,24,5,3.5,7.0,1.6,4.3,23.5,35.2,ok
20260705,24,6,3.5,2.4,8.0,4.6,5.2,10.0,ok
20260705,24,7,1.2,12.6,4.6,9.8,11.4,29.6,ok
20260705,24,8,1.3,10.4,3.8,8.5,13.4,20.2,ok
20260705,24,9,1.1,7.2,34.5,9.3,44.7,6.2,ok
20260705,24,10,1.0,14.2,18.9,6.9,14.8,16.6,ok
20260705,24,11,1.1,8.4,20.4,5.0,11.1,22.8,ok
20260705,24,12,1.4,3.8,8.3,9.7,20.7,9.5,ok
20260705,05,5,2.2,1.9,6.5,10.5,8.4,,part
20260705,05,9,1.0,10.4,6.5,29.5,25.2,,part
20260705,09,10,1.7,3.6,8.0,2.8,120.7,,part
20260705,13,3,1.9,3.7,4.1,,3.2,,part
20260705,18,7,1.5,14.1,5.0,2.8,,17.6,part
20260705,22,2,1.4,15.4,3.2,4.5,15.4,,part
20260705,22,3,1.0,30.0,4.4,120.0,80.0,,part
20260705,23,9,1.3,3.9,6.5,14.6,11.7,,part
20260706,01,1,1.9,4.1,5.7,12.9,3.9,11.5,ok
20260706,01,2,7.6,1.0,15.3,12.9,12.0,33.7,ok
20260706,01,3,2.9,22.3,10.1,5.8,2.8,3.0,ok
20260706,01,4,1.7,2.9,8.5,32.5,5.8,10.1,ok
20260706,01,5,2.1,5.9,11.4,5.1,4.0,6.1,ok
20260706,01,6,1.0,16.5,8.9,26.8,10.2,23.8,ok
20260706,01,7,2.3,6.3,1.9,6.9,19.6,21.6,ok
20260706,01,8,2.1,6.8,13.7,20.6,1.7,41.2,ok
20260706,01,9,3.0,10.7,2.0,2.5,48.2,193.1,ok
20260706,01,10,4.8,2.9,1.6,22.2,9.1,39.0,ok
20260706,01,11,1.5,4.8,6.0,5.2,18.9,17.7,ok
20260706,01,12,1.2,18.7,4.4,18.2,6.6,42.9,ok
20260706,04,1,1.8,3.1,4.1,6.5,15.5,41.5,ok
20260706,04,2,1.5,5.3,5.6,7.5,5.6,28.3,ok
20260706,04,3,4.4,4.3,1.5,25.5,11.4,8.3,ok
20260706,04,4,1.8,3.7,12.8,4.5,7.0,10.9,ok
20260706,04,5,1.2,9.9,22.7,3.8,19.8,12.2,ok
20260706,04,6,1.5,17.6,16.6,3.7,3.3,47.1,ok
20260706,04,8,1.1,5.8,19.1,7.2,30.6,21.8,ok
20260706,04,9,1.4,8.4,18.9,3.0,9.4,25.2,ok
20260706,04,11,1.4,3.2,19.5,9.4,10.9,9.4,ok
20260706,04,12,1.8,5.6,5.1,5.7,5.0,25.3,ok
20260706,05,1,3.3,4.9,1.6,8.1,14.0,19.6,ok
20260706,05,2,2.0,11.1,5.1,2.0,33.3,19.0,ok
20260706,05,3,1.8,3.9,2.6,14.8,22.2,22.2,ok
20260706,05,4,2.8,9.6,1.5,8.0,13.1,36.1,ok
20260706,05,5,2.0,16.5,1.8,7.6,18.0,18.0,ok
20260706,05,6,2.8,14.3,1.4,4.6,29.9,,ok
20260706,05,7,1.9,4.0,6.1,3.1,67.5,11.2,ok
20260706,05,8,1.7,1.4,47.0,23.5,94.1,37.6,ok
20260706,05,9,2.0,,2.9,6.8,6.8,5.0,ok
20260706,05,10,1.7,2.1,5.4,,13.6,20.5,ok
20260706,05,11,1.3,5.2,10.1,6.9,10.1,13.2,ok
20260706,05,12,1.1,7.7,11.4,14.1,16.1,9.3,ok
20260706,07,1,1.0,13.3,9.9,15.9,7.9,17.7,ok
20260706,07,2,1.5,8.0,3.5,6.2,19.6,15.2,ok
20260706,07,3,1.4,12.0,6.4,3.4,14.0,21.0,ok
20260706,07,4,2.8,2.3,8.0,8.3,4.1,12.8,ok
20260706,07,5,1.5,5.3,5.9,8.0,5.9,32.1,ok
20260706,07,6,1.5,13.2,7.8,7.1,7.1,4.4,ok
20260706,07,7,3.2,2.8,5.6,3.4,11.1,7.9,ok
20260706,07,8,1.2,11.5,18.7,6.2,17.6,5.3,ok
20260706,07,9,1.1,10.0,3.8,29.4,15.2,44.1,ok
20260706,07,10,1.1,12.2,16.3,5.6,16.3,19.5,ok
20260706,07,11,1.4,4.7,5.9,4.8,,16.0,ok
20260706,07,12,1.1,7.8,20.0,18.0,7.5,15.1,ok
20260706,09,2,1.9,5.8,3.7,5.1,6.0,46.5,ok
20260706,09,3,2.2,3.6,4.2,6.3,5.6,25.3,ok
20260706,09,4,1.0,21.4,21.4,24.0,48.1,64.2,ok
20260706,09,5,1.0,18.2,20.5,6.5,25.9,70.3,ok
20260706,09,6,1.8,5.7,3.0,5.0,25.0,18.7,ok
20260706,09,7,2.6,2.7,5.6,12.8,4.0,9.7,ok
20260706,09,8,1.3,5.3,8.9,8.0,5.7,80.2,ok
20260706,09,9,1.0,12.3,15.0,35.0,19.0,19.0,ok
20260706,09,10,2.8,5.6,13.8,1.5,13.8,30.0,ok
20260706,09,11,1.2,5.1,4.8,12.5,16.0,56.2,ok
20260706,09,12,1.3,4.9,6.4,6.1,90.8,24.7,ok
20260706,12,1,1.1,4.4,5.9,26.6,106.5,35.5,ok
20260706,12,2,2.4,5.3,5.0,2.6,7.8,39.0,ok
20260706,12,3,3.8,3.4,2.1,5.0,27.7,12.3,ok
20260706,12,4,1.3,39.3,6.5,3.7,11.2,15.7,ok
20260706,12,5,1.6,8.4,4.2,7.2,8.9,8.9,ok
20260706,12,6,3.6,8.2,1.4,16.4,4.9,123.3,ok
20260706,12,7,2.0,1.9,3.5,55.1,55.1,110.2,ok
20260706,12,8,4.7,1.2,7.5,18.1,11.6,21.7,ok
20260706,12,9,1.1,9.4,6.8,7.4,24.9,21.1,ok
20260706,12,10,1.1,9.2,5.8,12.6,9.6,40.1,ok
20260706,12,11,1.1,7.3,22.8,10.2,8.2,18.6,ok
20260706,12,12,1.0,15.8,9.3,17.6,38.3,7.1,ok
20260706,13,1,1.2,26.6,2.4,106.5,35.5,35.5,ok
20260706,13,2,1.9,2.2,4.1,18.5,17.6,47.7,ok
20260706,13,3,4.1,3.7,6.1,3.0,17.2,3.6,ok
20260706,13,4,2.0,3.7,6.3,25.5,5.1,5.3,ok
20260706,13,5,1.6,4.5,42.2,8.4,21.1,3.0,ok
20260706,13,6,1.4,10.8,5.4,3.3,21.7,43.5,ok
20260706,13,7,1.3,12.0,3.5,30.0,60.0,6.0,ok
20260706,13,9,1.0,17.4,17.4,21.3,64.0,12.8,ok
20260706,13,10,1.0,70.7,30.3,35.3,26.5,28.3,ok
20260706,13,11,1.4,40.7,1.7,26.1,91.6,183.3,ok
20260706,13,12,1.0,9.4,10.0,15.0,37.6,8.3,ok
20260706,18,1,1.3,10.2,7.0,5.1,9.8,22.5,ok
20260706,18,2,1.0,20.0,11.2,45.0,45.0,16.3,ok
20260706,18,3,1.0,13.3,26.6,7.2,22.8,79.8,ok
20260706,18,4,1.3,3.0,26.7,18.7,11.0,14.4,ok
20260706,18,5,2.8,3.6,7.1,32.2,12.9,2.1,ok
20260706,18,6,2.0,5.6,7.9,2.5,7.5,45.2,ok
20260706,18,7,2.5,3.9,3.6,4.2,8.5,16.2,ok
20260706,18,8,1.7,6.7,5.4,5.1,11.1,7.7,ok
20260706,18,9,1.7,5.5,6.0,6.6,3.9,66.7,ok
20260706,18,10,4.7,1.0,10.8,63.0,24.2,35.0,ok
20260706,18,11,6.6,1.0,13.3,26.6,35.5,106.5,ok
20260706,18,12,1.3,5.3,9.9,5.6,11.3,79.5,ok
20260706,21,1,1.3,9.4,4.1,8.2,13.6,30.7,ok
20260706,21,2,1.2,8.9,7.3,5.0,15.6,31.3,ok
20260706,21,3,1.1,15.8,5.6,11.8,10.8,31.6,ok
20260706,21,4,1.3,4.1,13.8,5.5,15.0,26.6,ok
20260706,21,5,1.5,4.6,9.8,14.3,4.1,12.4,ok
20260706,21,6,1.7,3.1,7.3,8.1,13.8,8.1,ok
20260706,21,7,1.5,6.4,7.2,5.1,5.6,29.1,ok
20260706,21,8,1.7,3.8,8.3,3.9,11.8,17.7,ok
20260706,21,9,1.2,10.2,10.6,7.6,8.4,12.9,ok
20260706,21,10,2.5,2.1,2.7,11.4,80.2,53.5,ok
20260706,21,11,1.2,5.3,18.3,6.4,9.8,16.0,ok
20260706,21,12,1.1,8.5,9.4,7.6,22.2,37.6,ok
20260706,22,2,2.2,3.2,2.9,11.5,11.5,15.0,ok
20260706,22,3,4.1,3.3,1.6,22.9,10.0,22.9,ok
20260706,22,4,2.0,3.8,3.3,5.3,13.5,40.7,ok
20260706,22,5,1.3,10.5,5.7,21.0,4.2,31.5,ok
20260706,22,6,1.2,3.5,13.0,8.4,39.2,19.6,ok
20260706,22,7,1.0,10.4,23.9,18.4,10.8,59.8,ok
20260706,22,8,1.0,12.0,9.1,19.2,21.4,38.5,ok
20260706,22,9,1.1,11.8,6.9,9.2,11.8,41.6,ok
20260706,22,10,1.2,9.3,7.7,10.0,9.0,13.5,ok
20260706,22,11,1.6,5.2,4.4,4.4,57.7,19.2,ok
20260706,22,12,1.1,4.3,6.7,20.6,36.9,24.6,ok
20260706,24,1,3.0,5.2,2.6,11.5,18.1,3.4,ok
20260706,24,2,2.0,5.6,12.4,2.4,31.7,6.3,ok
20260706,24,3,3.6,2.9,2.9,5.4,5.2,87.2,ok
20260706,24,4,2.1,2.7,3.4,9.9,10.5,44.6,ok
20260706,24,5,2.4,1.4,7.8,90.7,15.7,40.3,ok
20260706,24,6,2.4,1.9,12.9,5.2,14.4,16.3,ok
20260706,24,7,1.2,30.0,9.7,3.6,7.5,90.0,ok
20260706,24,8,3.3,17.6,16.0,1.2,10.1,26.2,ok
20260706,24,9,1.0,31.9,4.4,14.8,23.6,19.9,ok
20260706,24,10,1.1,28.9,7.9,6.2,11.5,22.2,ok
20260706,24,11,1.0,7.6,15.8,7.3,34.9,19.5,ok
20260706,24,12,1.3,7.7,9.3,11.3,12.7,5.8,ok
20260706,04,7,1.3,7.1,5.1,,,3.8,part
20260706,04,10,2.1,7.2,1.8,,7.7,15.9,part
20260706,09,1,1.0,14.2,5.9,,17.8,8.9,part
20260706,13,8,1.2,,3.6,21.1,,5.2,part
20260706,22,1,1.1,4.5,7.0,16.5,,49.5,part
20260707,01,1,4.1,1.8,3.5,4.6,74.2,24.7,ok
20260707,01,2,1.5,23.2,3.3,11.6,93.0,4.0,ok
20260707,01,3,2.0,2.1,9.0,13.6,7.4,16.3,ok
20260707,01,4,4.3,2.0,3.9,5.0,9.5,21.5,ok
20260707,01,5,2.7,2.0,17.5,9.4,7.6,5.3,ok
20260707,01,6,1.0,18.9,8.4,20.2,23.3,23.3,ok
20260707,01,7,1.0,15.2,7.9,19.4,15.8,30.5,ok
20260707,01,8,1.1,18.0,11.1,6.5,6.8,20.6,ok
20260707,01,9,1.8,15.9,2.1,6.2,39.8,12.0,ok
20260707,01,10,1.3,5.8,5.7,24.2,22.3,6.4,ok
20260707,01,11,1.2,11.6,5.8,12.2,6.4,116.2,ok
20260707,01,12,1.2,8.9,19.5,5.6,12.6,10.7,ok
20260707,02,1,1.4,5.1,15.9,5.1,7.3,15.9,ok
20260707,02,2,1.4,3.9,7.8,12.0,9.0,22.5,ok
20260707,02,3,3.3,8.6,4.4,2.4,5.9,8.0,ok
20260707,02,4,1.9,5.2,5.5,6.3,4.4,15.6,ok
20260707,02,5,1.8,2.5,17.7,3.9,16.8,27.2,ok
20260707,02,6,3.6,1.2,44.6,10.4,10.7,41.6,ok
20260707,02,7,1.3,20.9,6.3,4.8,7.2,26.8,ok
20260707,02,8,1.2,15.5,5.1,16.0,10.3,9.7,ok
20260707,02,9,1.4,12.8,3.8,11.8,7.5,13.3,ok
20260707,02,10,1.4,7.9,6.2,5.7,8.2,17.7,ok
20260707,02,11,1.6,7.7,3.8,5.3,14.3,16.8,ok
20260707,02,12,1.0,10.9,10.1,12.7,11.8,15.6,ok
20260707,04,1,2.0,4.9,4.7,11.2,6.3,5.2,ok
20260707,04,2,1.6,5.5,4.3,5.3,13.9,13.9,ok
20260707,04,3,2.7,9.4,2.8,5.2,9.4,4.5,ok
20260707,04,4,3.7,12.3,1.4,6.0,13.1,31.8,ok
20260707,04,5,3.6,1.0,25.0,39.5,39.5,187.8,ok
20260707,04,6,1.1,10.6,20.3,17.1,5.1,24.8,ok
20260707,04,7,2.6,8.2,8.7,9.8,9.8,1.9,ok
20260707,04,8,1.7,9.5,24.7,8.2,3.2,5.3,ok
20260707,04,9,1.1,15.7,7.2,5.5,14.4,21.6,ok
20260707,04,10,1.1,6.1,22.2,7.9,6.9,111.0,ok
20260707,04,11,1.3,4.1,128.2,4.0,25.6,18.3,ok
20260707,04,12,1.0,18.2,13.7,6.3,20.0,40.0,ok
20260707,05,1,2.7,2.9,4.3,8.7,3.9,39.3,ok
20260707,05,2,2.4,2.1,17.0,5.1,5.5,68.0,ok
20260707,05,3,1.4,5.2,6.3,37.8,3.7,75.7,ok
20260707,05,4,2.2,2.5,12.4,4.4,20.7,7.3,ok
20260707,05,5,1.5,5.3,4.3,4.5,30.2,30.2,ok
20260707,05,6,2.4,7.4,3.0,2.8,20.4,20.4,ok
20260707,05,7,2.5,2.0,10.8,7.3,10.1,8.5,ok
20260707,05,8,1.4,8.5,2.7,32.6,27.9,9.3,ok
20260707,05,9,1.8,11.5,3.9,4.0,14.0,6.6,ok
20260707,05,10,1.2,10.0,4.0,8.4,19.2,35.2,ok
20260707,05,11,1.3,22.3,2.5,44.7,17.1,12.4,ok
20260707,05,12,,2.0,5.7,6.2,2.7,6.2,ok
20260707,08,1,1.0,14.0,8.5,17.9,32.8,49.3,ok
20260707,08,2,2.2,2.2,11.6,3.3,25.2,37.8,ok
20260707,08,3,1.6,4.7,5.2,23.6,9.4,5.2,ok
20260707,08,4,2.0,26.6,3.4,4.2,7.6,7.1,ok
20260707,08,5,1.7,1.8,9.6,30.2,35.2,26.4,ok
20260707,08,6,1.0,32.0,19.2,9.6,24.0,24.0,ok
20260707,08,7,3.3,3.1,5.3,14.3,21.5,2.3,ok
20260707,08,8,6.4,1.0,17.2,20.7,25.8,20.7,ok
20260707,08,9,2.0,2.3,27.7,3.3,13.8,83.2,ok
20260707,08,10,1.5,8.9,5.5,14.8,8.3,4.9,ok
20260707,08,11,1.0,13.3,21.0,14.8,14.8,22.9,ok
20260707,08,12,1.4,10.2,2.8,9.4,18.8,22.6,ok
20260707,10,1,1.2,10.7,4.7,16.5,12.1,16.5,ok
20260707,10,2,1.5,2.2,10.4,28.3,15.2,14.1,ok
20260707,10,3,2.1,5.8,2.3,5.5,25.1,19.5,ok
20260707,10,4,1.8,9.7,48.7,14.6,1.7,48.7,ok
20260707,10,5,4.0,1.2,17.7,53.2,11.4,7.8,ok
20260707,10,6,2.6,10.9,19.5,19.5,1.4,21.9,ok
20260707,10,7,4.5,8.0,8.0,12.1,14.9,1.3,ok
20260707,10,8,3.5,2.2,6.1,6.1,4.9,14.7,ok
20260707,10,9,3.8,1.4,7.4,12.3,27.7,9.2,ok
20260707,10,10,2.8,4.2,2.2,6.7,7.7,50.6,ok
20260707,10,11,2.1,2.8,7.5,4.5,15.0,9.6,ok
20260707,10,12,1.1,13.1,11.9,6.5,9.3,16.4,ok
20260707,11,1,2.2,5.1,9.9,6.2,9.2,3.0,ok
20260707,11,2,2.0,4.3,25.1,4.3,5.5,5.9,ok
20260707,11,3,1.7,11.8,3.1,4.2,11.8,25.3,ok
20260707,11,4,1.1,14.8,9.2,8.2,37.0,9.6,ok
20260707,11,5,1.1,11.5,11.8,6.0,7.1,46.3,ok
20260707,11,6,5.6,1.4,3.4,11.0,17.0,25.5,ok
20260707,11,7,2.3,2.1,6.6,9.3,6.0,50.5,ok
20260707,11,8,2.3,13.8,6.4,1.8,10.2,21.2,ok
20260707,11,9,1.1,12.1,16.0,8.5,5.9,44.5,ok
20260707,11,10,2.1,12.6,1.3,24.3,42.5,68.1,ok
20260707,11,11,1.3,4.7,7.1,5.2,37.8,26.4,ok
20260707,11,12,1.1,11.3,6.2,14.9,21.9,14.9,ok
20260707,12,1,1.3,7.5,13.1,3.9,8.7,78.7,ok
20260707,12,2,1.8,6.6,8.9,10.2,19.0,2.6,ok
20260707,12,3,1.2,12.0,18.0,4.0,36.0,9.0,ok
20260707,12,4,1.0,5.4,11.6,15.5,186.7,26.6,ok
20260707,12,5,1.1,11.9,12.8,9.8,27.8,5.3,ok
20260707,12,6,1.1,44.5,14.8,7.4,4.6,33.3,ok
20260707,12,7,1.0,20.7,9.4,11.9,9.7,12.4,ok
20260707,12,8,1.5,17.1,11.4,2.5,10.9,16.0,ok
20260707,12,9,1.2,5.2,17.1,5.8,32.7,13.8,ok
20260707,12,10,1.0,7.4,20.1,25.7,10.5,35.7,ok
20260707,12,11,1.3,12.0,4.3,4.2,29.0,31.5,ok
20260707,12,12,1.8,4.1,4.1,6.0,13.2,17.6,ok
20260707,13,1,1.4,10.5,4.4,9.7,8.5,10.5,ok
20260707,13,2,1.3,2.5,17.4,11.1,21.2,28.8,ok
20260707,13,3,2.1,4.8,3.6,5.5,6.0,24.8,ok
20260707,13,4,1.6,8.3,7.8,2.4,31.3,25.0,ok
20260707,13,5,1.4,20.5,2.3,8.9,38.8,23.3,ok
20260707,13,6,1.6,2.9,11.8,4.3,36.9,23.7,ok
20260707,13,7,3.3,50.1,50.1,1.0,117.0,70.2,ok
20260707,13,8,1.2,15.8,18.5,7.4,5.8,9.2,ok
20260707,13,9,1.3,18.7,3.4,6.5,18.7,18.7,ok
20260707,13,10,1.5,4.1,5.1,9.3,12.5,18.7,ok
20260707,13,11,1.0,16.5,16.5,5.6,99.0,99.0,ok
20260707,13,12,1.0,5.9,38.3,47.9,27.3,95.8,ok
20260707,18,1,1.2,7.3,13.9,4.8,13.9,19.9,ok
20260707,18,2,1.3,35.5,2.6,12.6,19.7,14.8,ok
20260707,18,3,2.0,18.4,1.6,19.6,11.6,17.4,ok
20260707,18,4,1.0,17.4,29.0,43.5,18.6,37.2,ok
20260707,18,5,1.1,21.5,21.5,16.1,4.3,9.2,ok
20260707,18,7,6.2,4.5,2.8,3.6,3.3,27.0,ok
20260707,18,8,1.4,8.0,3.3,10.2,9.3,56.2,ok
20260707,18,9,1.0,14.0,10.0,23.3,8.7,46.7,ok
20260707,18,11,1.2,5.4,11.6,11.6,13.6,13.6,ok
20260707,18,12,1.0,14.0,28.0,12.0,7.6,84.0,ok
20260707,20,1,1.3,3.9,7.8,14.7,8.4,23.5,ok
20260707,20,2,1.7,3.4,3.4,13.3,38.5,13.3,ok
20260707,20,3,2.0,2.5,9.9,19.8,15.9,3.9,ok
20260707,20,4,2.9,7.5,1.5,9.6,9.6,35.7,ok
20260707,20,5,1.5,2.7,9.5,8.9,28.6,20.4,ok
20260707,20,6,1.5,24.9,1.9,21.8,43.6,14.5,ok
20260707,20,7,2.3,8.3,8.0,1.8,17.8,16.6,ok
20260707,20,8,1.3,4.7,4.6,11.0,27.0,27.0,ok
20260707,20,9,1.1,4.4,15.7,25.1,12.5,15.7,ok
20260707,20,10,1.8,8.5,8.9,2.6,12.5,9.8,ok
20260707,20,11,1.0,10.9,8.7,9.3,26.1,37.3,ok
20260707,20,12,1.4,11.6,3.1,7.5,18.5,22.7,ok
20260707,24,1,1.5,2.4,8.5,25.5,9.3,44.6,ok
20260707,24,2,1.4,10.5,3.0,7.2,12.1,46.3,ok
20260707,24,3,9.7,1.5,4.8,4.4,6.7,71.5,ok
20260707,24,4,3.9,2.7,36.6,2.0,6.8,18.3,ok
20260707,24,5,1.6,5.9,4.8,8.0,5.4,28.4,ok
20260707,24,6,3.7,1.8,4.5,3.6,61.9,54.1,ok
20260707,24,7,1.1,9.3,12.6,4.0,30.1,90.3,ok
20260707,24,8,1.5,2.5,6.1,11.5,23.7,42.1,ok
20260707,24,9,1.3,3.2,15.0,7.5,12.5,64.4,ok
20260707,24,10,1.5,7.1,3.0,13.3,11.3,13.9,ok
20260707,24,11,1.2,17.4,4.6,22.0,24.4,6.4,ok
20260707,24,12,4.5,1.7,8.8,3.3,33.9,8.7,ok
20260707,18,6,1.4,7.4,5.9,9.8,4.5,,part
20260707,18,10,1.1,3.5,15.7,9.1,36.7,,part
20260708,01,1,1.9,3.7,9.7,2.5,24.3,48.7,ok
20260708,01,3,2.6,3.3,7.7,2.7,14.4,10.5,ok
20260708,01,4,1.2,11.6,10.2,11.6,9.1,6.9,ok
20260708,01,5,1.5,4.6,13.3,15.2,5.3,6.2,ok
20260708,01,6,1.0,15.0,15.0,11.3,9.2,19.0,ok
20260708,01,7,1.2,36.2,3.6,12.0,15.5,12.0,ok
20260708,01,8,1.5,4.8,4.8,14.0,6.6,15.8,ok
20260708,01,9,1.4,4.5,4.6,8.8,33.1,19.6,ok
20260708,01,10,1.1,8.2,8.1,10.5,25.9,17.6,ok
20260708,01,11,1.0,7.8,9.1,16.4,18.2,20.5,ok
20260708,01,12,2.4,5.7,11.9,17.4,1.6,122.2,ok
20260708,02,1,1.1,4.5,9.7,13.5,20.3,24.4,ok
20260708,02,2,1.5,5.6,4.3,27.3,10.2,7.1,ok
20260708,02,3,2.9,6.2,4.9,2.3,5.3,43.9,ok
20260708,02,4,1.7,9.2,2.4,21.1,9.5,11.3,ok
20260708,02,5,1.0,61.2,27.3,45.5,36.9,197.2,ok
20260708,02,6,2.1,7.2,2.3,15.5,6.1,13.0,ok
20260708,02,7,3.1,3.9,3.6,3.4,6.7,21.3,ok
20260708,02,8,2.4,5.5,2.3,12.2,12.2,6.5,ok
20260708,02,9,2.3,8.6,33.5,1.8,16.7,5.8,ok
20260708,02,10,1.3,5.0,10.6,4.3,22.0,27.5,ok
20260708,02,11,1.7,9.1,6.5,2.1,41.7,48.7,ok
20260708,02,12,1.4,8.1,4.3,11.2,7.0,24.9,ok
20260708,05,1,2.5,2.6,2.3,33.3,10.4,83.2,ok
20260708,05,2,7.6,5.6,9.6,10.6,1.4,8.1,ok
20260708,05,3,1.9,15.7,7.8,7.0,12.6,2.5,ok
20260708,05,4,1.6,3.3,13.9,4.8,22.3,10.1,ok
20260708,05,5,1.2,13.1,8.7,6.5,10.5,13.1,ok
20260708,05,6,1.0,8.5,15.0,12.0,15.0,12.0,ok
20260708,05,7,1.4,12.3,7.6,3.3,9.9,99.0,ok
20260708,05,8,1.7,3.2,7.4,4.3,14.0,126.0,ok
20260708,05,10,1.6,8.3,2.5,6.7,28.3,47.2,ok
20260708,05,11,2.2,3.8,3.6,3.3,54.0,27.0,ok
20260708,05,12,1.1,11.3,8.9,15.5,26.8,7.2,ok
20260708,08,1,1.0,16.5,16.5,10.3,13.7,11.7,ok
20260708,08,2,11.5,1.1,8.1,8.6,6.6,69.3,ok
20260708,08,3,2.0,4.7,8.5,14.2,2.6,14.2,ok
20260708,08,4,6.5,16.3,1.2,5.9,10.8,13.0,ok
20260708,08,5,5.5,15.2,2.2,15.2,20.9,1.9,ok
20260708,08,7,2.6,6.9,2.5,13.8,3.2,27.7,ok
20260708,08,8,2.2,4.3,7.1,12.9,2.5,21.5,ok
20260708,08,9,1.5,3.2,13.5,7.2,9.8,15.4,ok
20260708,08,10,2.1,2.1,49.8,49.8,3.6,11.0,ok
20260708,08,11,1.4,36.5,1.9,73.1,12.7,73.1,ok
20260708,08,12,1.1,20.1,13.9,5.6,7.2,25.9,ok
20260708,10,1,1.0,13.7,15.6,15.6,33.4,58.5,ok
20260708,10,2,1.3,6.0,14.0,12.0,4.0,28.1,ok
20260708,10,3,3.9,1.3,5.8,15.3,9.4,81.7,ok
20260708,10,4,1.7,6.3,3.2,20.0,4.8,23.7,ok
20260708,10,5,2.3,2.2,9.7,4.7,24.0,8.5,ok
20260708,10,6,4.2,9.8,1.4,11.0,22.1,5.5,ok
20260708,10,7,2.0,3.0,8.2,6.1,4.6,74.2,ok
20260708,10,8,4.3,1.0,16.8,17.6,17.6,48.4,ok
20260708,10,9,1.9,2.7,,11.7,21.0,3.1,ok
20260708,10,10,5.5,8.2,1.5,12.9,4.9,10.6,ok
20260708,10,11,1.9,4.3,6.4,4.9,9.9,7.1,ok
20260708,10,12,1.3,6.8,6.2,5.7,17.9,35.8,ok
20260708,11,1,1.6,5.2,4.2,7.4,6.0,63.3,ok
20260708,11,2,3.8,1.6,18.7,5.3,7.7,10.2,ok
20260708,11,4,7.7,1.0,26.3,19.9,16.0,96.5,ok
20260708,11,5,1.1,15.9,9.4,5.4,34.5,9.4,ok
20260708,11,6,2.9,2.4,3.1,9.4,8.2,24.8,ok
20260708,11,7,6.0,2.4,4.2,2.3,50.7,10.8,ok
20260708,11,8,2.9,1.6,10.2,15.4,5.4,15.4,ok
20260708,11,9,1.8,3.2,2.9,12.1,20.1,52.9,ok
20260708,11,10,1.7,9.7,15.1,4.6,13.7,3.2,ok
20260708,11,11,1.3,8.7,11.0,4.3,7.2,23.6,ok
20260708,11,12,1.0,10.7,22.1,17.9,25.5,41.4,ok
20260708,12,1,1.0,10.7,9.2,64.5,7.1,21.5,ok
20260708,12,2,1.2,6.5,24.0,10.2,5.5,36.0,ok
20260708,12,3,1.6,5.1,12.1,14.5,2.9,18.1,ok
20260708,12,4,1.6,4.4,3.7,14.2,14.2,9.1,ok
20260708,12,5,1.3,9.3,8.2,22.9,18.7,3.4,ok
20260708,12,6,1.2,15.4,3.9,5.9,30.8,46.3,ok
20260708,12,7,1.2,14.3,3.4,10.2,23.8,20.4,ok
20260708,12,8,2.0,5.4,2.3,9.2,11.5,20.9,ok
20260708,12,9,1.3,12.8,8.8,3.2,14.1,20.1,ok
20260708,12,10,2.1,2.5,5.2,4.9,13.1,52.7,ok
20260708,12,11,1.0,14.3,7.8,18.7,15.2,12.8,ok
20260708,12,12,1.0,10.4,12.3,15.6,46.0,33.0,ok
20260708,13,1,1.3,5.7,3.0,16.6,33.3,55.5,ok
20260708,13,2,1.0,18.2,5.3,11.0,25.8,31.0,ok
20260708,13,3,1.3,8.4,9.2,4.9,48.3,8.0,ok
20260708,13,4,1.4,17.3,22.2,2.2,15.6,52.0,ok
20260708,13,5,1.4,8.4,7.1,4.3,9.3,16.9,ok
20260708,13,6,1.6,12.8,10.6,2.3,16.0,18.3,ok
20260708,13,7,1.4,13.0,26.0,2.2,13.8,58.6,ok
20260708,13,8,1.5,11.6,14.5,3.8,19.3,4.1,ok
20260708,13,9,1.0,8.4,12.6,14.4,12.6,16.8,ok
20260708,13,10,2.5,2.2,5.7,4.4,12.9,47.5,ok
20260708,13,11,1.5,5.7,10.8,3.7,10.3,18.8,ok
20260708,13,12,1.0,18.3,17.6,4.9,20.8,91.9,ok
20260708,18,1,1.1,16.5,12.3,4.9,24.7,9.9,ok
20260708,18,2,1.7,5.1,22.7,3.1,22.7,5.6,ok
20260708,18,3,1.0,5.1,22.6,25.1,22.6,15.1,ok
20260708,18,4,1.5,4.3,3.2,15.6,13.6,109.5,ok
20260708,18,5,1.3,14.3,3.0,19.4,38.8,7.0,ok
20260708,18,6,2.7,3.0,8.1,4.0,6.0,9.7,ok
20260708,18,7,1.5,2.1,15.0,30.0,15.0,30.0,ok
20260708,18,8,1.9,6.7,12.0,4.7,7.7,4.1,ok
20260708,18,9,1.0,9.8,11.8,11.8,11.8,14.8,ok
20260708,18,10,1.4,4.2,11.5,7.3,7.3,20.2,ok
20260708,18,11,1.0,17.7,17.7,12.4,12.4,124.5,ok
20260708,20,1,1.5,7.2,5.5,8.5,4.6,31.2,ok
20260708,20,2,3.9,11.5,1.1,17.3,24.7,43.3,ok
20260708,20,3,2.6,6.6,6.2,1.7,21.7,29.0,ok
20260708,20,4,6.8,4.9,2.8,4.5,3.5,7.6,ok
20260708,20,5,1.4,6.8,10.3,6.8,5.0,25.7,ok
20260708,20,6,3.5,4.5,4.5,19.0,2.1,11.0,ok
20260708,20,7,1.8,5.3,3.1,23.5,41.2,4.8,ok
20260708,20,8,5.2,4.5,1.2,13.3,38.4,307.5,ok
20260708,20,9,2.1,12.5,4.8,2.4,37.5,6.8,ok
20260708,20,10,2.4,4.5,3.2,3.2,21.5,21.5,ok
20260708,20,11,1.6,3.9,13.5,4.3,5.6,135.0,ok
20260708,20,12,1.0,15.8,8.7,12.4,10.9,34.9,ok
20260708,24,1,1.4,3.3,18.2,8.5,11.5,10.6,ok
20260708,24,2,2.2,2.6,5.5,19.1,6.3,8.7,ok
20260708,24,3,1.6,8.3,5.5,11.3,3.7,14.9,ok
20260708,24,4,1.4,7.4,3.9,19.3,5.6,21.0,ok
20260708,24,5,1.1,38.5,28.8,6.0,4.6,28.8,ok
20260708,24,6,1.1,7.5,13.6,15.6,4.9,102.0,ok
20260708,24,7,1.0,23.2,15.0,4.4,18.6,77.6,ok
20260708,24,8,1.3,5.1,10.8,4.0,,21.7,ok
20260708,24,9,1.0,5.7,16.3,10.6,22.7,27.4,ok
20260708,24,10,1.0,8.2,19.1,9.8,12.3,30.6,ok
20260708,24,11,1.0,8.0,8.4,11.2,21.0,26.9,ok
20260708,24,12,1.0,25.5,10.7,29.5,43.0,18.3,ok
20260708,01,2,1.3,14.0,5.6,4.6,7.0,,part
20260708,05,9,1.2,8.3,16.7,3.5,12.5,,part
20260708,08,6,1.0,8.2,6.6,33.0,33.0,,part
20260708,11,3,3.1,2.1,9.0,4.2,,5.0,part
20260708,18,12,1.0,7.4,33.3,33.3,16.6,,part
20260709,01,1,1.9,19.9,1.8,8.7,11.6,23.2,ok
20260709,01,2,1.1,6.2,13.9,20.8,8.9,20.8,ok
20260709,01,3,2.2,68.2,5.6,2.3,5.2,13.6,ok
20260709,01,4,2.1,1.8,7.2,37.5,31.2,7.2,ok
20260709,01,5,1.4,19.3,5.3,8.7,4.8,10.7,ok
20260709,01,6,1.2,12.1,6.8,7.8,7.5,17.5,ok
20260709,01,7,1.1,14.6,3.9,19.5,25.0,14.6,ok
20260709,01,8,1.3,7.7,9.7,5.9,7.7,14.1,ok
20260709,01,9,1.5,8.2,19.3,2.5,8.5,46.3,ok
20260709,01,10,2.1,18.6,5.5,4.3,2.9,14.9,ok
20260709,01,11,1.4,9.9,2.5,24.1,9.9,48.3,ok
20260709,01,12,1.1,6.6,7.7,6.5,24.0,62.8,ok
20260709,02,1,1.9,9.2,3.2,3.1,12.5,71.0,ok
20260709,02,2,6.3,1.7,9.2,5.5,5.8,6.6,ok
20260709,02,3,5.8,1.9,2.6,7.0,15.5,14.5,ok
20260709,02,4,1.5,7.5,16.0,3.0,55.0,7.7,ok
20260709,02,5,3.0,1.8,7.7,4.9,11.9,23.1,ok
20260709,02,6,5.2,9.3,2.1,3.5,7.6,6.3,ok
20260709,02,7,1.3,37.1,5.7,26.2,4.4,8.5,ok
20260709,02,8,1.1,26.1,5.4,10.4,9.5,73.2,ok
20260709,02,9,2.0,16.4,3.7,9.1,12.6,3.0,ok
20260709,02,10,1.3,2.4,11.3,19.9,30.8,30.8,ok
20260709,02,11,1.6,8.4,7.6,2.5,24.9,16.6,ok
20260709,02,12,1.3,11.7,4.9,9.0,14.8,9.0,ok
20260709,05,1,3.0,1.7,6.8,8.3,10.7,18.7,ok
20260709,05,2,1.3,5.3,3.9,12.3,14.3,43.1,ok
20260709,05,3,1.6,5.3,16.1,4.0,12.9,5.8,ok
20260709,05,4,2.5,14.0,1.2,25.7,30.9,77.2,ok
20260709,05,5,1.8,6.1,2.3,13.1,9.5,52.5,ok
20260709,05,6,2.0,12.5,2.6,7.4,6.2,10.5,ok
20260709,05,7,3.0,2.1,3.8,6.8,47.6,9.5,ok
20260709,05,8,1.8,3.2,11.2,5.9,4.8,37.5,ok
20260709,05,9,2.5,8.6,23.5,1.4,15.0,27.5,ok
20260709,05,10,1.1,8.1,18.6,4.0,14.5,130.5,ok
20260709,05,11,1.4,7.3,9.3,5.0,8.7,14.0,ok
20260709,05,12,1.2,13.5,10.1,4.8,10.6,14.4,ok
20260709,08,1,1.3,6.6,3.4,12.4,24.9,24.9,ok
20260709,08,2,4.5,1.7,5.3,4.5,14.6,19.5,ok
20260709,08,4,3.8,10.0,3.5,1.7,10.0,25.1,ok
20260709,08,5,1.6,27.7,6.9,11.8,3.4,5.5,ok
20260709,08,6,1.3,8.0,12.0,24.0,4.0,12.0,ok
20260709,08,7,1.5,1.6,29.6,51.9,69.2,51.9,ok
20260709,08,8,3.2,2.1,6.8,3.0,18.2,54.7,ok
20260709,08,9,1.0,26.7,6.6,32.1,9.4,160.5,ok
20260709,08,10,1.3,4.4,4.1,64.5,12.9,129.0,ok
20260709,08,11,1.0,46.5,4.8,23.2,23.2,31.0,ok
20260709,10,1,1.2,6.9,6.9,6.4,20.9,27.8,ok
20260709,10,2,1.2,8.1,4.7,9.2,17.3,69.3,ok
20260709,10,3,1.0,8.7,14.4,7.2,22.4,25.2,ok
20260709,10,4,1.3,6.5,5.0,9.1,18.3,11.4,ok
20260709,10,5,5.2,17.8,10.2,6.3,1.5,5.3,ok
20260709,10,6,2.1,2.2,5.7,10.6,15.9,10.6,ok
20260709,10,7,2.4,3.8,3.4,6.9,4.9,34.5,ok
20260709,10,8,2.1,2.3,6.8,8.8,8.8,14.7,ok
20260709,10,9,2.9,2.2,11.1,5.0,16.7,5.0,ok
20260709,10,10,3.3,13.1,1.4,8.7,10.7,19.6,ok
20260709,10,11,1.7,2.5,5.0,8.5,27.9,39.1,ok
20260709,10,12,1.1,9.4,5.0,8.1,39.2,47.1,ok
20260709,11,1,1.5,13.8,8.7,2.9,10.3,13.8,ok
20260709,11,2,2.6,8.3,8.3,22.7,1.5,26.5,ok
20260709,11,3,4.1,3.7,1.9,13.8,5.7,15.1,ok
20260709,11,4,3.7,2.4,2.5,23.4,6.5,13.0,ok
20260709,11,5,1.0,13.1,10.2,23.0,5.4,46.0,ok
20260709,11,6,1.0,25.2,30.9,18.0,17.4,26.4,ok
20260709,11,7,4.5,1.4,5.1,7.3,14.1,68.3,ok
20260709,11,8,2.1,3.2,3.1,6.4,12.0,102.7,ok
20260709,11,9,2.5,2.1,7.8,6.9,14.9,6.9,ok
20260709,11,10,1.1,21.8,4.6,9.0,23.8,13.8,ok
20260709,11,11,1.2,18.2,9.1,9.8,5.5,18.2,ok
20260709,11,12,1.7,7.6,7.5,2.3,16.2,55.8,ok
20260709,14,1,1.0,9.1,10.4,25.5,10.9,32.7,ok
20260709,14,2,2.5,4.0,2.7,13.1,5.8,13.1,ok
20260709,14,3,1.1,5.6,13.0,6.6,18.7,149.6,ok
20260709,14,4,1.5,3.3,8.8,10.2,7.3,44.2,ok
20260709,14,5,1.7,5.7,11.0,6.8,48.0,2.9,ok
20260709,14,6,4.0,1.9,3.6,4.9,93.7,11.7,ok
20260709,14,7,3.4,7.0,10.1,1.3,16.3,106.1,ok
20260709,14,8,1.4,3.9,5.7,12.5,8.6,138.0,ok
20260709,14,10,3.3,20.6,6.3,6.3,2.0,5.8,ok
20260709,14,11,1.7,4.9,3.3,8.5,10.2,25.5,ok
20260709,14,12,1.2,12.6,5.4,4.3,34.1,170.6,ok
20260709,15,1,6.1,1.8,6.9,2.8,12.0,16.3,ok
20260709,15,2,2.7,6.1,4.8,2.4,11.5,10.2,ok
20260709,15,3,2.5,13.5,36.2,1.3,13.5,36.2,ok
20260709,15,4,3.4,6.6,3.8,2.0,7.6,106.5,ok
20260709,15,5,3.0,4.8,2.1,7.9,5.8,29.2,ok
20260709,15,6,1.5,14.2,8.5,12.2,4.2,5.0,ok
20260709,15,7,1.4,5.6,6.1,4.7,30.5,18.3,ok
20260709,15,8,3.6,31.8,159.3,1.0,24.5,318.7,ok
20260709,15,9,1.1,7.9,5.8,14.5,29.0,43.5,ok
20260709,15,10,1.7,2.1,20.5,7.8,9.3,102.5,ok
20260709,15,11,1.1,4.7,8.1,14.9,28.3,21.8,ok
20260709,15,12,1.3,6.1,6.1,8.8,11.2,14.5,ok
20260709,16,1,1.5,2.7,17.8,14.2,11.8,8.9,ok
20260709,16,2,2.6,19.0,33.3,1.2,33.3,26.7,ok
20260709,16,3,5.7,11.3,2.4,5.1,2.4,15.3,ok
20260709,16,4,2.4,10.1,3.4,3.0,5.8,27.1,ok
20260709,16,5,6.7,34.6,1.8,1.8,14.2,121.1,ok
20260709,16,6,1.4,2.5,8.0,18.6,21.0,33.6,ok
20260709,16,8,1.4,19.3,24.1,7.4,3.4,8.7,ok
20260709,16,9,1.3,33.0,26.4,3.1,22.0,6.9,ok
20260709,16,10,1.0,27.1,16.7,43.5,6.7,43.5,ok
20260709,16,11,1.1,14.8,4.6,24.7,148.5,8.2,ok
20260709,16,12,1.1,10.5,5.8,10.5,12.1,24.2,ok
20260709,18,1,1.1,6.7,9.0,18.1,27.1,12.0,ok
20260709,18,2,1.3,11.0,11.0,5.0,16.5,6.3,ok
20260709,18,3,1.1,9.7,8.0,7.0,13.1,26.3,ok
20260709,18,5,1.9,4.0,3.4,5.6,45.0,11.2,ok
20260709,18,6,3.4,46.6,31.1,1.2,14.3,10.9,ok
20260709,18,7,1.3,13.3,6.1,4.6,12.2,26.6,ok
20260709,18,9,1.6,6.0,8.0,3.8,8.5,24.0,ok
20260709,18,10,1.0,5.9,12.5,12.5,28.3,56.6,ok
20260709,18,12,1.5,2.6,9.3,8.7,21.8,32.8,ok
20260709,20,1,1.2,4.5,7.1,12.7,14.3,28.6,ok
20260709,20,2,5.3,2.7,4.9,3.2,8.2,6.7,ok
20260709,20,3,5.9,2.1,9.4,5.7,6.4,3.8,ok
20260709,20,4,1.5,3.9,6.1,66.0,5.8,11.0,ok
20260709,20,5,1.7,2.3,9.5,5.0,86.2,43.1,ok
20260709,20,6,2.9,2.1,7.8,3.1,32.1,20.1,ok
20260709,20,7,1.4,8.1,16.7,5.5,8.3,5.4,ok
20260709,20,8,1.4,4.3,3.1,24.8,53.8,40.4,ok
20260709,20,9,1.7,7.6,9.0,5.5,28.1,3.4,ok
20260709,20,11,1.0,15.3,7.3,12.6,14.3,35.7,ok
20260709,20,12,1.4,12.0,2.6,9.7,42.1,25.2,ok
20260709,24,1,1.0,10.7,9.8,8.6,13.2,56.4,ok
20260709,24,2,1.2,2.9,12.1,15.1,90.7,60.5,ok
20260709,24,3,1.3,10.8,5.7,8.1,9.7,12.2,ok
20260709,24,4,1.3,3.0,19.6,17.5,7.1,111.2,ok
20260709,24,5,1.4,2.8,17.9,22.4,6.8,17.9,ok
20260709,24,6,1.1,7.0,21.2,33.0,13.5,5.6,ok
20260709,24,7,8.2,14.7,128.0,1.0,33.3,153.6,ok
20260709,24,8,1.1,17.5,8.7,5.0,17.5,24.1,ok
20260709,24,9,2.1,22.9,6.4,1.8,11.2,53.5,ok
20260709,24,10,1.0,12.8,6.0,14.9,15.4,25.7,ok
20260709,24,11,1.6,7.8,2.7,10.8,18.4,9.2,ok
20260709,24,12,1.0,11.1,12.2,20.7,16.8,54.9,ok
20260709,08,3,2.5,3.4,6.2,2.5,12.5,,part
20260709,08,12,1.2,49.1,3.5,6.5,,19.6,part
20260709,14,9,2.4,3.0,6.5,4.7,4.2,,part
20260709,16,7,2.9,3.6,2.1,4.5,43.5,,part
20260709,18,4,1.1,12.3,15.4,3.5,41.2,,part
20260709,18,8,2.1,,1.3,22.7,22.7,17.0,part
20260709,18,11,1.1,,3.6,7.3,66.0,16.5,part
20260709,20,10,1.0,8.1,13.5,8.3,14.1,,part
20260710,02,1,1.7,5.0,6.0,10.3,8.0,5.3,ok
20260710,02,2,3.0,2.2,17.3,3.3,6.8,16.0,ok
20260710,02,3,4.1,1.7,11.4,18.4,3.1,13.6,ok
20260710,02,4,1.6,4.1,31.2,29.4,3.6,6.8,ok
20260710,02,5,2.2,3.1,3.6,6.7,9.4,25.6,ok
20260710,02,6,1.6,44.3,13.5,2.9,5.1,11.5,ok
20260710,02,7,1.9,4.0,5.4,4.8,9.3,11.2,ok
20260710,02,8,2.5,4.2,28.4,1.8,12.0,22.3,ok
20260710,02,9,1.4,7.2,4.9,16.8,5.6,13.3,ok
20260710,02,10,1.3,3.2,13.1,8.3,14.3,24.3,ok
20260710,02,11,1.8,7.8,6.0,3.3,7.8,12.1,ok
20260710,02,12,2.3,5.2,3.3,5.6,4.5,39.4,ok
20260710,06,1,3.7,5.3,1.7,15.9,5.6,15.9,ok
20260710,06,2,2.9,12.7,3.3,2.8,19.1,4.7,ok
20260710,06,3,1.5,24.0,4.8,4.8,6.0,24.0,ok
20260710,06,4,2.5,1.8,17.0,3.5,18.9,56.7,ok
20260710,06,5,2.1,10.9,7.1,7.1,24.1,2.2,ok
20260710,06,6,1.2,31.0,3.3,15.5,6.6,93.0,ok
20260710,06,7,1.6,3.8,9.9,9.9,4.5,33.0,ok
20260710,06,8,1.0,23.8,29.7,5.9,29.7,119.0,ok
20260710,06,9,1.7,3.5,5.6,9.3,14.0,7.6,ok
20260710,06,10,1.4,11.7,4.1,9.0,10.2,8.5,ok
20260710,06,11,4.0,4.9,5.7,14.8,1.5,104.2,ok
20260710,06,12,1.5,7.2,3.8,8.7,7.8,14.8,ok
20260710,08,2,2.8,4.2,2.6,12.7,3.6,51.0,ok
20260710,08,3,1.8,12.5,9.3,6.2,2.2,75.0,ok
20260710,08,4,1.7,9.0,3.1,4.1,12.0,36.2,ok
20260710,08,5,1.0,15.4,5.5,17.1,20.5,61.6,ok
20260710,08,6,1.2,61.1,6.4,5.3,6.4,40.7,ok
20260710,08,8,2.2,4.5,9.0,2.4,13.5,13.5,ok
20260710,08,9,1.1,42.9,,6.7,3.4,29.7,ok
20260710,08,10,1.8,9.3,20.5,1.8,17.1,34.2,ok
20260710,08,11,1.1,11.7,16.8,9.8,5.2,33.6,ok
20260710,09,2,1.3,8.7,4.3,13.1,17.5,10.5,ok
20260710,09,4,7.8,2.2,3.3,4.2,5.7,21.0,ok
20260710,09,5,1.1,5.3,13.2,13.2,15.9,26.5,ok
20260710,09,7,2.2,5.6,5.6,18.7,56.2,2.1,ok
20260710,09,8,6.5,40.6,1.0,8.7,34.8,34.8,ok
20260710,09,9,1.2,3.9,7.8,10.5,31.5,31.5,ok
20260710,09,10,2.7,1.5,9.7,6.8,52.2,22.3,ok
20260710,09,11,1.0,78.3,12.0,7.1,26.1,156.7,ok
20260710,09,12,1.0,13.6,10.9,18.2,18.2,54.7,ok
20260710,10,1,1.2,23.5,3.2,9.8,13.0,39.2,ok
20260710,10,2,2.5,2.2,24.3,2.8,12.1,32.5,ok
20260710,10,3,2.3,5.3,7.1,4.2,3.4,20.3,ok
20260710,10,4,1.3,29.6,5.9,10.7,3.9,23.7,ok
20260710,10,5,3.3,3.8,2.8,5.3,24.4,5.0,ok
20260710,10,6,3.3,7.0,5.8,4.5,2.0,42.3,ok
20260710,10,7,1.0,10.4,10.4,48.7,48.7,11.2,ok
20260710,10,8,4.2,4.6,2.8,10.4,2.5,23.4,ok
20260710,10,9,1.6,2.8,5.9,10.1,14.2,17.8,ok
20260710,10,10,2.5,2.0,7.8,4.2,37.5,21.4,ok
20260710,10,11,3.4,3.0,4.3,6.1,18.4,3.6,ok
20260710,10,12,1.8,6.2,4.6,8.1,5.2,8.8,ok
20260710,11,1,2.6,1.6,5.4,7.1,120.7,40.2,ok
20260710,11,2,3.3,3.0,4.5,2.4,18.0,36.0,ok
20260710,11,3,3.2,7.9,3.4,2.9,5.4,12.8,ok
20260710,11,4,4.3,1.5,4.9,20.7,19.0,6.3,ok
20260710,11,5,1.2,14.3,3.7,5.7,37.7,43.1,ok
20260710,11,6,6.6,1.1,14.3,4.3,93.3,74.7,ok
20260710,11,7,2.6,21.5,1.4,9.0,16.4,34.5,ok
20260710,11,8,2.2,4.5,2.0,13.6,,9.2,ok
20260710,11,9,1.2,10.8,11.4,9.8,27.1,4.5,ok
20260710,11,10,1.1,7.0,12.6,16.0,9.2,18.4,ok
20260710,11,11,1.4,8.9,31.0,3.6,40.4,5.0,ok
20260710,11,12,1.4,6.7,8.7,4.2,11.2,26.1,ok
20260710,14,1,1.0,14.6,8.1,18.2,24.3,29.2,ok
20260710,14,2,3.5,9.3,1.4,16.1,88.8,5.5,ok
20260710,14,4,1.5,5.0,5.7,14.7,4.1,63.7,ok
20260710,14,5,3.9,2.4,1.7,18.1,45.3,90.7,ok
20260710,14,6,4.7,3.1,2.5,12.5,3.1,50.2,ok
20260710,14,8,2.2,1.3,11.1,55.8,27.9,27.9,ok
20260710,14,10,2.6,7.3,2.7,3.3,24.9,8.3,ok
20260710,14,11,2.0,12.1,7.4,1.7,133.5,22.2,ok
20260710,14,12,1.4,6.2,6.2,4.3,99.7,14.2,ok
20260710,15,1,4.1,2.0,3.3,4.8,16.1,32.3,ok
20260710,15,2,3.4,1.4,7.6,8.0,76.8,13.9,ok
20260710,15,3,1.5,9.8,3.1,21.7,8.3,12.0,ok
20260710,15,4,3.2,3.0,5.5,20.1,2.7,9.4,ok
20260710,15,5,9.4,15.2,1.8,1.7,44.1,28.3,ok
20260710,15,6,2.2,4.5,4.5,7.2,5.1,9.0,ok
20260710,15,7,2.9,9.3,3.7,9.6,2.2,13.1,ok
20260710,15,8,1.5,5.7,10.5,5.4,5.5,27.8,ok
20260710,15,9,1.3,4.3,4.6,23.8,20.1,15.4,ok
20260710,15,10,1.4,8.2,3.2,12.7,25.5,10.3,ok
20260710,15,11,1.3,7.7,10.2,5.1,13.0,14.2,ok
20260710,15,12,1.2,4.6,18.5,21.5,6.0,26.6,ok
20260710,16,1,1.0,10.1,10.1,11.5,32.4,23.1,ok
20260710,16,3,2.0,1.7,38.0,4.3,57.0,114.0,ok
20260710,16,4,8.8,1.6,17.6,4.7,35.2,3.2,ok
20260710,16,5,8.0,7.2,3.3,1.9,4.5,24.2,ok
20260710,16,6,3.1,1.4,17.6,5.3,13.5,35.2,ok
20260710,16,7,2.9,26.1,1.1,78.5,157.1,16.5,ok
20260710,16,8,1.0,7.5,9.2,10.0,30.1,120.7,ok
20260710,16,9,1.2,3.3,21.9,14.6,7.6,87.7,ok
20260710,16,10,3.3,12.0,10.7,1.3,11.4,30.7,ok
20260710,16,11,1.2,3.0,21.1,18.1,18.1,21.1,ok
20260710,16,12,1.9,3.0,18.0,2.8,13.9,38.3,ok
20260710,19,1,1.2,6.7,7.4,10.3,18.8,7.6,ok
20260710,19,2,2.3,11.8,16.0,11.2,13.1,1.6,ok
20260710,19,3,1.7,19.6,4.1,3.0,8.5,31.9,ok
20260710,19,4,1.2,35.0,9.2,16.5,3.3,39.3,ok
20260710,19,5,1.3,17.4,8.1,4.0,69.7,8.1,ok
20260710,19,6,1.2,13.7,5.8,5.3,38.5,12.0,ok
20260710,19,7,1.5,9.0,4.3,6.3,24.8,7.3,ok
20260710,19,8,1.1,7.8,7.5,7.9,11.9,33.7,ok
20260710,19,9,1.2,8.8,7.2,7.7,10.5,12.4,ok
20260710,19,10,1.6,15.1,3.6,4.9,12.8,9.4,ok
20260710,19,11,1.3,8.7,15.4,3.4,22.0,14.5,ok
20260710,19,12,1.0,16.4,12.3,26.5,24.6,39.0,ok
20260710,20,1,2.1,8.6,2.2,6.4,10.9,20.9,ok
20260710,20,2,4.5,7.6,4.0,11.8,19.2,1.6,ok
20260710,20,3,4.1,12.5,10.9,1.6,4.1,12.5,ok
20260710,20,4,3.9,2.2,8.2,4.2,11.2,5.2,ok
20260710,20,5,1.2,7.6,26.7,3.6,30.5,35.6,ok
20260710,20,6,6.0,1.0,15.6,29.2,46.8,39.0,ok
20260710,20,7,1.8,10.2,2.9,13.5,4.3,16.0,ok
20260710,20,8,2.1,5.3,3.8,6.9,7.1,7.1,ok
20260710,20,9,1.9,5.3,12.1,21.0,3.3,4.8,ok
20260710,20,10,1.1,12.8,5.3,9.0,15.4,22.0,ok
20260710,20,11,1.2,8.1,9.2,7.2,15.1,13.6,ok
20260710,20,12,3.6,3.1,9.9,7.1,3.3,4.9,ok
20260710,22,2,2.7,4.5,1.6,15.2,24.4,40.7,ok
20260710,22,4,5.6,1.2,9.4,7.7,14.1,42.3,ok
20260710,22,5,2.5,2.5,4.1,4.3,13.9,139.5,ok
20260710,22,6,2.0,2.1,9.8,5.1,14.8,59.2,ok
20260710,22,7,2.0,6.6,9.3,8.0,22.5,2.3,ok
20260710,22,9,1.0,30.5,30.5,61.1,30.5,40.7,ok
20260710,22,10,1.2,2.8,27.8,12.8,33.4,55.7,ok
20260710,22,11,1.5,3.4,5.3,9.3,18.7,37.5,ok
20260710,22,12,1.5,7.5,4.2,5.7,17.1,11.8,ok
20260710,23,1,1.3,7.8,27.5,3.1,55.1,13.7,ok
20260710,23,2,1.5,2.6,6.1,16.5,18.4,27.6,ok
20260710,23,3,2.3,22.3,1.3,11.1,35.7,178.5,ok
20260710,23,4,1.1,4.5,13.8,12.0,60.0,15.0,ok
20260710,23,5,1.3,7.1,7.7,6.1,14.2,10.6,ok
20260710,23,6,4.3,2.5,2.5,14.6,4.3,102.7,ok
20260710,23,7,3.1,3.7,4.6,2.6,14.8,11.1,ok
20260710,23,8,15.4,54.0,54.0,216.3,1.0,108.1,ok
20260710,23,9,1.1,7.5,8.5,15.9,21.2,7.5,ok
20260710,23,10,2.6,9.3,1.4,13.2,23.2,46.5,ok
20260710,23,11,3.5,23.1,2.8,1.6,26.0,41.7,ok
20260710,23,12,1.1,6.6,6.3,11.8,27.0,24.7,ok
20260710,08,1,1.6,10.5,52.5,2.6,4.0,,part
20260710,08,7,3.5,2.8,23.7,1.6,23.7,,part
20260710,08,12,1.6,3.0,3.6,13.2,,19.8,part
20260710,09,1,1.0,12.9,6.4,12.9,12.9,,part
20260710,09,3,4.4,5.3,17.7,1.2,26.6,,part
20260710,09,6,2.1,4.2,3.7,3.5,11.2,,part
20260710,14,3,1.3,6.7,3.7,7.4,18.5,,part
20260710,14,7,2.0,6.6,9.1,2.7,4.7,,part
20260710,14,9,1.7,1.8,6.9,17.4,,34.8,part
20260710,16,2,2.4,9.9,29.7,1.3,14.8,,part
20260710,22,1,1.0,9.5,15.8,47.6,8.6,,part
20260710,22,3,8.2,16.5,1.0,24.1,,88.5,part
20260710,22,8,1.0,13.0,11.1,19.5,19.5,,part
20260711,02,1,1.6,16.5,3.1,9.3,11.4,6.7,ok
20260711,02,2,1.4,7.5,5.5,6.1,14.5,12.9,ok
20260711,02,3,1.1,11.5,14.4,20.6,18.0,5.6,ok
20260711,02,4,1.0,9.7,18.0,14.5,12.6,12.2,ok
20260711,02,5,3.3,2.0,6.6,5.3,12.0,7.7,ok
20260711,02,6,1.4,14.3,5.5,38.6,8.9,3.9,ok
20260711,02,7,1.1,38.1,8.9,5.6,13.3,15.7,ok
20260711,02,8,3.7,8.8,1.6,5.8,14.4,10.8,ok
20260711,02,9,3.8,2.5,3.4,4.8,11.7,11.3,ok
20260711,02,10,1.3,10.3,10.1,6.4,8.5,8.5,ok
20260711,02,11,1.2,5.0,11.8,13.1,22.6,9.7,ok
20260711,02,12,1.2,6.3,9.3,12.8,7.8,20.5,ok
20260711,03,1,1.8,2.1,11.2,7.5,11.2,67.5,ok
20260711,03,2,5.6,1.1,24.0,4.8,32.0,48.0,ok
20260711,03,3,1.8,3.2,22.5,7.5,5.6,7.5,ok
20260711,03,4,1.1,4.9,8.2,24.7,24.7,24.7,ok
20260711,03,5,4.8,9.0,5.1,6.6,1.5,24.2,ok
20260711,03,6,26.3,115.4,1.0,30.7,230.8,461.6,ok
20260711,03,7,1.5,3.5,6.6,26.6,17.7,6.6,ok
20260711,03,8,1.5,8.5,4.2,12.7,6.3,12.7,ok
20260711,03,9,1.0,15.2,35.5,8.8,17.7,35.5,ok
20260711,03,10,2.0,5.6,3.7,11.2,5.6,7.5,ok
20260711,03,12,1.6,4.3,12.0,9.6,4.8,9.6,ok
20260711,04,1,4.8,2.0,6.4,5.6,12.9,4.1,ok
20260711,04,2,1.0,13.8,8.3,27.7,11.8,27.7,ok
20260711,04,3,2.6,11.7,1.9,9.3,10.4,6.2,ok
20260711,04,4,3.9,1.7,14.1,2.9,12.5,28.3,ok
20260711,04,5,1.6,5.5,8.7,6.5,11.4,4.9,ok
20260711,04,6,1.7,3.3,3.6,10.6,12.3,76.8,ok
20260711,04,7,2.0,3.0,3.3,17.8,29.7,7.4,ok
20260711,04,8,1.5,3.9,8.2,3.7,29.9,119.6,ok
20260711,04,9,2.0,3.7,5.6,5.2,5.8,30.3,ok
20260711,04,10,2.0,1.9,5.2,15.7,36.7,22.0,ok
20260711,04,11,1.5,2.5,22.7,7.2,10.6,26.5,ok
20260711,04,12,1.9,3.7,3.7,5.8,20.1,17.1,ok
20260711,06,1,3.3,2.3,2.1,22.3,13.9,37.2,ok
20260711,06,2,4.8,1.2,15.0,7.5,22.5,9.0,ok
20260711,06,3,5.4,2.0,2.8,7.3,21.9,7.9,ok
20260711,06,4,2.1,4.8,2.4,12.4,21.7,7.9,ok
20260711,06,5,1.0,18.7,46.8,10.4,15.6,6.2,ok
20260711,06,6,1.7,5.4,3.9,17.6,4.7,23.5,ok
20260711,06,7,4.5,1.4,12.0,4.1,18.0,32.0,ok
20260711,06,8,1.6,2.7,25.1,3.4,29.7,54.5,ok
20260711,06,9,1.3,13.6,17.5,2.9,12.3,30.7,ok
20260711,06,10,1.5,5.4,9.7,3.7,20.8,14.6,ok
20260711,06,11,1.0,25.7,77.2,5.7,11.0,22.0,ok
20260711,06,12,1.8,14.9,8.8,2.1,12.6,17.2,ok
20260711,08,2,1.2,5.5,13.8,18.5,13.8,5.5,ok
20260711,08,3,2.0,2.7,12.3,6.1,8.2,8.2,ok
20260711,08,4,2.6,3.9,2.2,21.0,15.7,6.6,ok
20260711,08,5,1.0,36.0,108.0,4.5,27.0,18.0,ok
20260711,08,6,1.5,18.5,11.1,4.6,27.7,3.4,ok
20260711,08,7,1.5,6.5,18.1,43.5,3.9,4.9,ok
20260711,08,8,1.0,50.2,40.2,33.5,28.7,67.0,ok
20260711,08,9,1.0,20.5,19.6,21.3,19.6,18.9,ok
20260711,08,10,1.3,4.3,6.3,13.2,13.2,29.2,ok
20260711,08,11,1.0,5.2,13.6,14.8,25.3,35.5,ok
20260711,08,12,1.2,12.6,7.2,8.4,10.1,9.2,ok
20260711,09,2,2.7,2.8,4.4,5.6,5.1,41.5,ok
20260711,09,3,3.9,2.7,2.9,11.7,35.2,3.9,ok
20260711,09,4,18.6,1.0,32.6,9.3,65.2,16.3,ok
20260711,09,5,1.4,12.9,8.0,8.0,4.9,10.7,ok
20260711,09,7,4.4,1.2,17.2,9.2,7.1,60.3,ok
20260711,09,8,3.6,3.5,6.5,1.7,31.1,62.2,ok
20260711,09,9,2.7,15.9,3.1,6.3,31.8,2.4,ok
20260711,09,10,1.6,14.6,8.7,2.8,7.3,14.6,ok
20260711,09,11,1.8,34.0,1.9,34.0,11.3,6.8,ok
20260711,09,12,1.0,12.7,7.6,19.1,12.7,19.1,ok
20260711,10,1,1.5,4.1,9.5,5.9,11.8,12.9,ok
20260711,10,2,1.5,8.2,4.2,7.3,9.7,10.2,ok
20260711,10,3,7.5,14.1,2.4,32.4,1.4,90.7,ok
20260711,10,4,3.2,8.4,5.4,4.6,11.7,2.3,ok
20260711,10,5,1.7,4.6,12.6,9.8,9.3,3.6,ok
20260711,10,6,4.7,2.4,7.9,3.4,3.4,103.5,ok
20260711,10,7,1.3,14.2,3.5,12.6,22.8,9.5,ok
20260711,10,8,1.6,7.8,7.8,2.9,13.3,13.3,ok
20260711,10,9,1.3,7.7,7.7,6.2,15.5,7.7,ok
20260711,10,10,1.5,5.0,10.7,9.5,3.8,34.5,ok
20260711,10,11,1.0,9.5,17.6,10.3,15.4,61.8,ok
20260711,10,12,1.1,3.9,19.6,16.3,9.8,49.1,ok
20260711,11,1,1.0,15.7,17.1,21.0,9.0,47.2,ok
20260711,11,2,1.6,11.3,6.6,7.5,5.6,5.8,ok
20260711,11,3,3.0,4.7,5.6,15.0,5.0,2.9,ok
20260711,11,4,1.3,9.8,21.3,10.6,5.5,5.4,ok
20260711,11,5,1.6,8.6,2.8,5.8,32.4,25.9,ok
20260711,11,6,1.2,17.3,3.4,10.9,24.4,34.6,ok
20260711,11,7,1.1,13.1,10.9,9.7,16.4,6.2,ok
20260711,11,8,4.5,9.7,8.4,1.1,37.3,33.1,ok
20260711,11,9,1.1,8.0,5.6,15.0,33.0,12.7,ok
20260711,11,10,1.2,6.9,9.0,5.8,33.5,20.7,ok
20260711,11,11,1.5,8.7,10.9,7.5,2.8,48.5,ok
20260711,11,12,1.1,7.2,5.9,17.6,18.5,23.8,ok
20260711,14,1,1.1,13.5,11.5,4.4,62.5,10.7,ok
20260711,14,3,1.5,2.5,12.6,18.2,7.0,25.3,ok
20260711,14,4,1.0,58.8,9.0,10.7,23.5,58.8,ok
20260711,14,5,1.7,10.3,7.3,3.0,5.7,51.7,ok
20260711,14,6,3.6,4.6,3.4,2.8,5.9,29.5,ok
20260711,14,7,4.1,3.5,2.2,12.5,4.6,12.5,ok
20260711,14,8,2.1,2.4,4.3,6.7,15.1,60.7,ok
20260711,14,9,2.0,28.2,47.0,1.5,8.2,47.0,ok
20260711,14,10,4.2,3.2,5.2,2.2,12.8,12.8,ok
20260711,14,11,1.2,5.4,6.2,,5.9,23.8,ok
20260711,14,12,1.0,21.3,15.1,17.3,30.3,36.3,ok
20260711,15,1,1.2,7.5,11.0,8.1,8.1,20.2,ok
20260711,15,2,1.8,5.2,3.4,13.3,10.4,7.2,ok
20260711,15,3,1.5,2.3,15.5,8.8,62.2,15.5,ok
20260711,15,4,1.7,9.0,2.5,5.6,19.3,33.9,ok
20260711,15,5,2.0,3.3,2.6,7.0,94.5,94.5,ok
20260711,15,6,4.0,8.3,2.3,23.4,58.5,2.0,ok
20260711,15,7,3.3,60.8,3.7,1.8,7.3,15.2,ok
20260711,15,8,1.2,8.3,10.3,4.0,21.6,43.2,ok
20260711,15,9,4.3,1.6,22.8,2.4,32.8,65.7,ok
20260711,15,10,1.3,4.0,13.4,6.1,12.2,41.7,ok
20260711,15,11,1.5,2.8,11.0,14.9,7.3,38.1,ok
20260711,15,12,1.0,15.0,6.2,30.8,27.1,45.2,ok
20260711,16,1,1.2,8.2,9.1,9.1,7.5,27.5,ok
20260711,16,2,2.3,4.6,1.7,16.1,32.2,32.2,ok
20260711,16,3,4.5,3.2,1.8,4.8,26.0,39.0,ok
20260711,16,4,5.5,2.7,16.5,2.2,5.5,11.0,ok
20260711,16,6,3.5,2.9,2.4,4.3,27.5,27.5,ok
20260711,16,7,1.2,11.5,11.5,3.5,21.2,31.8,ok
20260711,16,8,2.9,1.5,8.1,7.5,30.0,30.0,ok
20260711,16,9,1.6,4.9,4.7,4.3,13.7,35.8,ok
20260711,16,10,2.4,3.9,3.7,11.2,3.4,45.0,ok
20260711,16,11,1.6,5.5,4.9,10.5,4.2,31.5,ok
20260711,16,12,1.2,11.9,6.4,10.4,6.4,50.1,ok
20260711,19,1,1.1,6.3,16.8,13.0,23.5,7.8,ok
20260711,19,2,1.3,3.2,8.3,19.7,15.8,14.3,ok
20260711,19,3,1.3,17.5,4.4,15.2,6.7,8.1,ok
20260711,19,4,1.7,25.4,6.2,9.1,71.2,2.2,ok
20260711,19,5,1.1,8.5,6.3,18.4,33.2,7.2,ok
20260711,19,6,1.8,1.6,20.2,12.6,42.0,22.7,ok
20260711,19,7,1.3,10.1,6.0,28.7,53.4,3.3,ok
20260711,19,8,1.2,14.4,11.1,4.3,9.5,20.5,ok
20260711,19,9,2.1,1.9,40.9,81.8,3.6,30.7,ok
20260711,19,10,1.1,15.4,15.6,5.4,14.6,18.0,ok
20260711,19,11,1.2,9.4,6.5,6.6,20.4,15.5,ok
20260711,19,12,1.2,3.9,11.2,16.6,17.2,20.8,ok
20260711,20,1,1.6,10.7,9.7,7.8,3.0,13.3,ok
20260711,20,2,1.3,10.1,5.8,10.1,5.6,48.0,ok
20260711,20,4,1.1,15.5,20.7,7.7,62.2,4.3,ok
20260711,20,5,1.0,5.4,25.2,14.8,16.8,63.1,ok
20260711,20,6,2.7,9.8,1.8,6.3,6.7,36.0,ok
20260711,20,7,1.5,11.0,8.5,5.1,37.7,3.6,ok
20260711,20,8,1.1,5.2,7.8,22.9,9.8,55.0,ok
20260711,20,9,1.1,4.5,10.7,26.9,14.6,46.1,ok
20260711,20,10,1.3,4.3,13.1,6.8,12.0,20.6,ok
20260711,20,11,1.0,8.1,12.7,19.1,8.2,57.5,ok
20260711,20,12,1.5,9.1,8.5,14.9,13.7,3.1,ok
20260711,22,1,1.0,9.7,9.7,7.3,58.5,29.2,ok
20260711,22,2,2.6,4.2,3.6,29.4,29.4,2.6,ok
20260711,22,3,2.0,32.5,1.4,13.9,32.5,32.5,ok
20260711,22,4,2.3,8.2,8.2,2.9,3.3,49.5,ok
20260711,22,5,1.4,4.1,4.8,8.2,27.5,27.5,ok
20260711,22,6,2.3,2.4,9.6,67.8,45.2,2.7,ok
20260711,22,7,1.5,10.0,18.1,2.3,18.1,30.2,ok
20260711,22,8,1.3,14.9,14.9,10.2,17.6,3.2,ok
20260711,22,10,1.2,3.8,6.6,10.7,48.5,32.3,ok
20260711,22,11,1.4,3.6,8.3,91.5,5.7,15.2,ok
20260711,22,12,1.1,6.4,7.0,9.5,30.7,39.5,ok
20260711,23,1,1.0,9.8,7.4,21.6,16.6,36.1,ok
20260711,23,2,1.9,30.1,1.4,30.1,41.4,36.8,ok
20260711,23,3,1.1,8.3,18.4,6.3,13.1,46.1,ok
20260711,23,4,1.2,7.3,4.2,18.2,109.5,10.9,ok
20260711,23,5,1.2,8.6,9.9,6.4,10.7,17.2,ok
20260711,23,6,1.8,7.6,22.0,2.7,9.7,7.0,ok
20260711,23,7,4.4,3.3,2.2,7.0,6.0,21.0,ok
20260711,23,9,1.8,8.4,6.0,10.5,3.0,14.0,ok
20260711,23,10,2.8,4.2,14.0,1.8,21.0,14.0,ok
20260711,23,12,1.2,5.5,13.0,7.8,13.0,19.5,ok
20260711,03,11,2.1,2.3,5.2,7.0,10.5,,part
20260711,08,1,1.2,4.8,24.0,8.0,,8.0,part
20260711,09,1,1.0,56.2,112.5,168.7,67.5,,part
20260711,09,6,2.4,2.2,3.8,4.4,,,part
20260711,14,2,2.0,3.7,4.6,3.6,11.5,,part
20260711,16,5,3.6,1.4,6.0,,6.0,48.0,part
20260711,20,3,1.5,23.2,2.5,4.6,46.5,,part
20260711,22,9,1.0,51.3,12.8,7.9,51.3,,part
20260711,23,8,2.6,11.0,11.0,4.1,1.8,,part
20260711,23,11,2.4,2.3,3.0,11.7,11.7,,part
20260712,02,1,1.2,12.7,6.3,6.1,14.7,16.8,ok
20260712,02,2,1.7,5.1,3.8,21.4,5.2,13.1,ok
20260712,02,3,1.3,11.5,3.7,10.5,13.5,20.2,ok
20260712,02,4,1.5,11.9,21.9,4.4,4.7,8.7,ok
20260712,02,5,1.3,5.7,18.8,10.7,25.1,3.9,ok
20260712,02,6,1.3,4.2,11.4,9.7,15.4,10.5,ok
20260712,02,7,1.2,8.3,6.7,7.8,8.0,88.1,ok
20260712,02,8,1.5,4.7,17.6,6.3,5.0,13.7,ok
20260712,02,9,1.5,4.7,2.9,46.6,11.9,27.4,ok
20260712,02,10,1.4,13.9,3.7,12.0,6.4,20.8,ok
20260712,02,11,1.2,7.3,10.0,10.4,11.6,11.1,ok
20260712,02,12,1.5,4.8,4.8,5.5,17.0,22.6,ok
20260712,03,1,2.2,25.7,4.0,4.9,2.6,51.5,ok
20260712,03,2,1.9,4.5,4.2,20.2,3.8,20.2,ok
20260712,03,3,1.8,2.2,9.9,7.9,19.8,19.8,ok
20260712,03,4,4.2,1.8,3.8,6.9,76.5,7.6,ok
20260712,03,5,1.8,5.7,5.1,7.3,3.9,25.8,ok
20260712,03,6,1.9,3.0,4.7,5.5,15.3,30.7,ok
20260712,03,7,2.1,18.5,1.4,14.8,37.1,74.2,ok
20260712,03,10,1.0,7.7,9.6,7.7,25.7,77.2,ok
20260712,03,11,1.8,9.4,2.1,11.8,9.4,23.6,ok
20260712,03,12,2.0,6.5,13.0,3.9,5.5,5.5,ok
20260712,04,1,2.0,2.6,12.5,15.3,3.5,23.0,ok
20260712,04,2,1.0,3.6,49.2,21.1,36.9,21.1,ok
20260712,04,3,1.6,3.1,3.4,16.0,59.0,44.2,ok
20260712,04,4,1.6,9.7,17.6,6.7,2.8,19.5,ok
20260712,04,5,3.1,1.7,16.9,4.9,6.0,76.1,ok
20260712,04,6,3.1,1.5,5.1,34.0,21.2,12.4,ok
20260712,04,7,3.3,6.1,21.8,1.6,5.4,30.0,ok
20260712,04,8,3.0,33.8,12.3,1.3,10.8,18.0,ok
20260712,04,9,1.8,8.3,2.1,13.8,9.2,55.5,ok
20260712,04,10,1.0,14.5,15.9,159.7,8.8,19.9,ok
20260712,04,11,1.9,52.8,1.8,8.8,35.2,7.5,ok
20260712,04,12,1.1,28.1,8.5,5.4,8.3,35.8,ok
20260712,05,1,1.4,4.5,6.9,7.5,9.0,45.0,ok
20260712,05,2,1.5,23.4,7.4,2.5,12.6,32.8,ok
20260712,05,3,2.0,3.0,10.5,6.6,8.1,6.6,ok
20260712,05,4,2.1,4.6,3.7,24.6,3.0,49.2,ok
20260712,05,5,1.4,18.7,3.9,43.7,9.3,5.0,ok
20260712,05,6,2.0,5.9,2.2,29.7,5.9,29.7,ok
20260712,05,7,1.2,18.4,5.7,23.0,4.8,13.1,ok
20260712,05,8,1.0,40.3,26.8,32.2,9.4,23.0,ok
20260712,05,9,1.0,26.8,17.8,17.8,7.6,10.7,ok
20260712,05,10,1.8,5.1,3.8,7.3,7.3,17.2,ok
20260712,05,11,1.5,1.9,47.6,95.2,12.9,12.9,ok
20260712,05,12,1.6,7.5,4.6,5.9,11.8,6.9,ok
20260712,06,1,1.4,4.4,6.6,4.6,39.7,39.7,ok
20260712,06,2,2.4,7.2,2.4,4.1,15.7,14.4,ok
20260712,06,3,2.7,2.7,40.5,2.0,40.5,20.2,ok
20260712,06,4,2.4,3.0,5.6,3.0,12.0,54.0,ok
20260712,06,5,1.2,8.2,4.1,10.3,41.2,20.6,ok
20260712,06,6,3.6,6.5,2.6,7.3,4.1,6.5,ok
20260712,06,7,1.4,20.2,7.5,30.3,3.5,6.7,ok
20260712,06,8,3.4,27.8,10.1,1.2,11.1,55.6,ok
20260712,06,9,1.0,14.6,51.1,12.7,68.2,5.3,ok
20260712,06,10,1.0,9.6,9.6,28.8,9.6,28.8,ok
20260712,06,11,1.1,21.5,7.1,5.3,32.2,10.7,ok
20260712,06,12,1.0,8.2,14.0,26.5,21.6,14.9,ok
20260712,08,1,1.2,20.0,20.0,3.0,20.0,60.0,ok
20260712,08,2,1.5,7.7,9.9,2.5,34.8,17.4,ok
20260712,08,3,1.4,5.5,5.5,6.2,8.3,50.2,ok
20260712,08,5,2.5,8.4,2.5,3.1,14.0,28.0,ok
20260712,08,6,1.1,14.7,6.0,32.5,7.3,32.5,ok
20260712,08,7,3.7,1.4,6.3,7.2,18.9,31.5,ok
20260712,08,8,1.8,4.4,2.8,15.5,10.3,18.6,ok
20260712,08,9,2.0,4.1,4.5,4.5,11.4,13.0,ok
20260712,08,10,1.1,6.8,6.3,7.3,88.5,22.1,ok
20260712,08,11,2.0,6.9,2.3,4.7,15.3,153.0,ok
20260712,08,12,1.2,4.9,6.3,11.7,24.6,61.5,ok
20260712,09,1,1.1,16.3,7.2,7.2,13.0,65.2,ok
20260712,09,2,1.2,8.7,4.3,19.3,19.3,13.8,ok
20260712,09,3,3.7,4.1,2.5,5.5,7.5,8.3,ok
20260712,09,4,3.0,3.0,6.4,4.4,3.6,57.7,ok
20260712,09,5,1.0,23.8,20.4,28.6,14.3,71.6,ok
20260712,09,6,3.8,3.4,17.2,8.6,6.9,2.1,ok
20260712,09,8,4.2,45.7,1.6,45.7,2.5,12.4,ok
20260712,09,9,1.4,16.3,2.7,7.2,32.6,32.6,ok
20260712,09,10,1.1,4.5,43.7,8.7,11.9,32.8,ok
20260712,09,11,1.3,17.8,6.3,7.4,4.9,44.6,ok
20260712,10,1,2.3,9.3,9.6,1.5,29.0,38.7,ok
20260712,10,2,2.1,10.0,7.1,2.9,5.5,10.5,ok
20260712,10,3,1.4,18.6,3.1,9.6,11.4,14.9,ok
20260712,10,4,1.7,8.8,7.6,2.9,7.2,18.5,ok
20260712,10,5,1.3,4.7,6.5,7.0,17.1,31.5,ok
20260712,10,6,2.0,11.3,5.9,9.1,2.3,19.5,ok
20260712,10,7,1.4,5.2,8.7,3.2,31.5,,ok
20260712,10,8,1.7,7.0,4.4,5.1,8.9,10.9,ok
20260712,10,9,1.5,13.3,3.5,7.9,22.8,6.6,ok
20260712,10,10,1.8,3.9,3.4,4.9,23.7,59.2,ok
20260712,10,11,1.3,7.8,4.0,6.8,31.5,26.2,ok
20260712,10,12,1.1,8.2,9.5,6.7,10.1,36.4,ok
20260712,11,1,1.4,9.6,7.1,4.2,8.4,27.1,ok
20260712,11,2,1.1,8.2,10.6,14.9,8.7,29.8,ok
20260712,11,3,1.9,9.8,8.7,2.7,49.0,4.7,ok
20260712,11,4,1.8,16.5,13.0,6.0,2.2,17.7,ok
20260712,11,5,1.0,12.2,12.2,7.2,21.1,38.7,ok
20260712,11,6,1.1,14.3,6.3,13.1,9.8,22.5,ok
20260712,11,7,1.0,7.8,20.8,6.9,93.7,23.4,ok
20260712,11,8,1.3,5.5,5.0,7.0,44.0,29.3,ok
20260712,11,9,1.2,9.8,14.5,4.0,15.3,23.0,ok
20260712,11,10,2.1,1.5,11.6,20.1,18.4,31.6,ok
20260712,11,11,1.3,4.6,5.5,7.0,28.6,53.7,ok
20260712,11,12,1.1,5.9,6.0,15.2,16.4,32.1,ok
20260712,14,1,1.1,26.7,4.8,10.4,15.6,26.7,ok
20260712,14,2,3.3,2.4,18.2,2.5,50.2,6.2,ok
20260712,14,3,1.0,23.8,10.9,14.5,87.5,9.7,ok
20260712,14,4,1.8,2.5,9.7,26.8,53.6,4.2,ok
20260712,14,5,4.1,4.2,2.3,3.5,40.0,8.5,ok
20260712,14,6,1.6,9.8,3.7,3.6,16.3,32.7,ok
20260712,14,7,1.3,6.8,23.8,23.8,3.0,23.8,ok
20260712,14,8,1.8,3.2,14.2,2.6,42.7,42.7,ok
20260712,14,9,1.9,2.4,8.2,6.1,24.7,11.0,ok
20260712,14,10,1.0,6.8,7.8,27.3,27.3,27.3,ok
20260712,14,11,1.1,9.3,8.6,5.7,24.3,60.7,ok
20260712,14,12,1.6,13.3,2.3,6.9,22.8,31.9,ok
20260712,15,1,1.8,3.5,5.6,5.9,34.1,7.1,ok
20260712,15,2,2.0,5.7,5.2,5.7,8.2,5.2,ok
20260712,15,3,7.8,3.2,1.9,4.1,8.8,35.2,ok
20260712,15,4,3.9,53.2,6.6,1.2,30.4,12.5,ok
20260712,15,5,1.0,5.8,53.0,31.8,11.3,159.0,ok
20260712,15,6,1.3,37.2,24.8,2.1,22.3,37.2,ok
20260712,15,7,1.6,3.6,6.2,12.7,4.9,40.5,ok
20260712,15,8,1.1,5.5,22.0,8.6,16.8,26.0,ok
20260712,15,9,1.3,6.5,5.8,11.3,16.7,9.2,ok
20260712,15,10,1.0,16.8,67.5,13.5,10.2,84.3,ok
20260712,15,11,1.4,4.5,25.9,18.8,15.3,4.1,ok
20260712,15,12,1.5,6.6,6.6,4.6,13.3,11.1,ok
20260712,16,1,1.0,10.2,34.2,5.7,12.8,34.2,ok
20260712,16,2,2.1,31.1,2.4,6.9,15.5,4.2,ok
20260712,16,3,1.0,25.0,6.2,6.2,75.0,75.0,ok
20260712,16,4,1.5,14.4,57.7,1.9,11.5,57.7,ok
20260712,16,5,2.5,3.0,3.8,30.0,3.2,120.0,ok
20260712,16,6,3.4,2.5,9.5,7.6,2.5,38.2,ok
20260712,16,7,1.9,11.5,5.7,19.2,28.8,2.1,ok
20260712,16,8,1.0,24.0,10.6,24.0,16.0,48.0,ok
20260712,16,10,1.0,10.8,15.2,114.3,57.1,228.7,ok
20260712,16,11,1.8,2.2,5.8,8.7,32.8,32.8,ok
20260712,16,12,1.1,4.2,12.5,9.4,15.8,75.3,ok
20260712,19,1,1.5,4.0,5.1,5.3,38.4,51.2,ok
20260712,19,2,3.2,3.9,5.2,5.0,3.0,19.3,ok
20260712,19,3,1.6,9.6,7.8,4.1,6.9,8.3,ok
20260712,19,4,2.8,2.2,17.0,13.6,3.5,7.8,ok
20260712,19,5,1.2,8.5,62.2,10.3,6.2,6.0,ok
20260712,19,6,3.7,1.8,3.5,5.7,74.2,18.5,ok
20260712,19,7,1.4,5.4,4.0,11.9,16.3,20.7,ok
20260712,19,8,1.0,8.6,16.8,31.2,52.0,138.7,ok
20260712,19,9,1.1,5.6,10.0,11.3,21.9,61.4,ok
20260712,19,10,1.3,6.4,11.9,4.5,15.1,21.1,ok
20260712,19,11,1.1,4.6,11.9,20.2,18.5,35.1,ok
20260712,19,12,1.3,6.4,12.1,9.6,6.3,11.8,ok
20260712,20,1,1.3,6.5,5.5,8.1,17.2,17.2,ok
20260712,20,2,1.8,6.0,7.8,5.4,4.5,10.9,ok
20260712,20,3,1.7,3.5,23.2,31.9,2.6,51.1,ok
20260712,20,4,1.2,6.8,6.1,9.4,17.5,20.5,ok
20260712,20,5,2.3,2.1,21.0,3.3,16.8,33.6,ok
20260712,20,6,1.8,6.9,4.5,6.0,5.1,12.0,ok
20260712,20,7,1.4,8.1,18.4,17.4,3.1,10.3,ok
20260712,20,8,1.2,7.0,5.6,9.2,23.1,28.8,ok
20260712,20,9,1.2,9.2,13.9,14.5,19.6,4.3,ok
20260712,20,10,2.2,3.5,5.2,3.4,32.9,10.5,ok
20260712,20,11,1.5,3.2,10.1,11.8,7.4,12.8,ok
20260712,20,12,1.1,5.4,9.3,10.0,16.4,47.3,ok
20260712,22,1,1.0,25.5,7.6,6.3,12.7,76.5,ok
20260712,22,2,3.9,6.8,10.8,2.4,2.3,75.7,ok
20260712,22,3,1.6,7.4,3.1,6.2,8.5,55.8,ok
20260712,22,4,3.0,2.6,3.8,3.3,20.6,41.2,ok
20260712,22,5,1.8,5.1,1.8,31.6,189.7,189.7,ok
20260712,22,6,2.6,6.3,4.6,3.4,3.8,23.2,ok
20260712,22,7,3.3,19.0,15.2,1.2,12.6,25.3,ok
20260712,22,8,2.0,4.4,7.3,4.4,4.4,33.0,ok
20260712,22,9,1.3,3.3,8.7,22.6,10.2,113.2,ok
20260712,22,10,1.1,7.3,16.8,9.8,13.1,11.8,ok
20260712,22,11,1.1,4.0,17.1,19.6,19.6,27.4,ok
20260712,22,12,1.2,10.1,3.1,,19.1,13.2,ok
20260712,23,1,1.0,18.7,12.5,17.0,13.3,187.5,ok
20260712,23,2,1.2,4.5,5.5,19.9,12.6,34.8,ok
20260712,23,3,1.1,12.2,8.0,10.8,12.2,21.6,ok
20260712,23,4,5.6,7.1,10.1,87.4,1.1,16.1,ok
20260712,23,5,4.0,1.0,68.0,51.0,40.8,102.0,ok
20260712,23,6,1.1,37.0,8.0,4.7,23.1,37.0,ok
20260712,23,7,3.8,2.1,18.3,2.7,6.1,36.7,ok
20260712,23,8,2.7,11.2,1.6,19.1,7.6,11.2,ok
20260712,23,9,1.8,1.7,138.0,6.2,27.6,69.0,ok
20260712,23,10,1.5,20.0,13.3,13.3,2.2,40.1,ok
20260712,23,11,2.1,22.9,7.1,1.7,12.7,22.9,ok
20260712,23,12,2.5,2.9,5.6,2.4,79.5,79.5,ok
20260712,03,8,1.3,9.1,9.1,25.5,,3.1,part
20260712,03,9,1.0,8.1,20.2,6.7,,,part
20260712,08,4,1.6,,2.6,16.0,6.8,8.0,part
20260712,09,7,1.7,1.9,26.2,78.7,4.9,,part
20260712,09,12,1.0,12.2,12.2,24.5,36.7,,part
20260712,16,9,1.3,6.4,3.7,5.8,64.5,,part
20260713,03,2,3.3,9.3,3.7,2.1,24.8,6.7,ok
20260713,03,3,3.7,11.3,1.9,9.0,3.1,30.2,ok
20260713,03,4,2.9,1.9,6.4,5.2,12.2,27.5,ok
20260713,03,5,2.4,1.8,3.4,69.7,23.2,23.2,ok
20260713,03,6,4.0,1.2,21.7,6.5,13.0,65.2,ok
20260713,03,7,9.8,1.0,6.2,19.7,16.9,23.7,ok
20260713,03,8,3.7,1.7,5.8,16.9,21.7,4.4,ok
20260713,03,9,1.9,10.1,6.7,4.0,16.2,3.8,ok
20260713,03,10,1.8,43.0,1.7,6.7,32.2,43.0,ok
20260713,03,11,1.6,29.0,8.9,3.0,4.3,29.0,ok
20260713,03,12,2.0,5.5,6.3,3.6,8.8,8.8,ok
20260713,04,1,4.8,7.8,26.0,1.6,8.6,4.3,ok
20260713,04,3,4.5,5.6,2.8,2.9,10.5,6.6,ok
20260713,04,4,3.5,4.2,3.4,7.5,4.2,6.6,ok
20260713,04,5,2.1,15.6,13.3,2.6,9.3,4.0,ok
20260713,04,6,2.1,1.9,4.4,27.9,12.2,39.1,ok
20260713,04,7,4.2,1.6,7.6,3.8,,10.0,ok
20260713,04,8,1.7,27.7,27.7,1.8,11.8,15.1,ok
20260713,04,9,1.0,5.3,31.8,7.9,39.7,159.0,ok
20260713,04,10,1.2,7.8,16.7,3.9,16.7,67.1,ok
20260713,04,11,1.2,7.7,19.9,23.2,3.7,46.5,ok
20260713,04,12,1.1,14.9,24.2,8.0,5.3,16.1,ok
20260713,05,1,4.4,8.2,2.5,5.5,2.6,33.0,ok
20260713,05,2,2.3,19.0,16.5,1.5,27.5,10.7,ok
20260713,05,3,6.4,6.0,8.7,7.3,19.2,1.4,ok
20260713,05,4,1.7,3.7,2.5,14.0,56.2,112.5,ok
20260713,05,5,1.7,3.7,18.5,3.2,24.7,12.3,ok
20260713,05,6,10.0,6.4,1.2,15.7,5.0,36.7,ok
20260713,05,7,1.8,9.8,17.7,2.8,5.5,8.8,ok
20260713,05,8,1.2,6.4,22.0,18.3,4.2,27.5,ok
20260713,05,9,1.1,9.4,15.1,6.8,8.4,18.9,ok
20260713,05,10,1.0,7.2,15.7,13.5,47.2,15.7,ok
20260713,05,11,1.5,6.1,4.1,9.0,8.2,19.8,ok
20260713,05,12,1.8,8.5,2.5,6.9,14.4,18.7,ok
20260713,06,3,5.7,1.5,2.3,28.7,28.7,34.5,ok
20260713,06,4,2.2,2.8,5.6,5.7,5.4,63.5,ok
20260713,06,5,1.4,14.2,8.9,8.9,3.2,23.7,ok
20260713,06,6,1.0,3.8,27.5,27.5,22.0,36.7,ok
20260713,06,7,6.4,17.1,17.1,31.1,1.0,38.3,ok
20260713,06,8,1.7,5.5,6.9,3.8,6.6,26.4,ok
20260713,06,9,1.7,3.9,3.9,7.5,12.5,18.8,ok
20260713,06,10,1.5,7.3,6.9,11.3,12.4,4.6,ok
20260713,06,11,2.8,47.6,1.2,23.8,7.9,95.2,ok
20260713,06,12,1.0,25.3,11.5,4.8,63.3,25.3,ok
20260713,07,1,1.5,3.3,6.0,9.5,16.6,22.2,ok
20260713,07,2,2.6,3.6,3.4,9.5,35.8,3.8,ok
20260713,07,3,2.5,1.6,5.0,7.9,66.2,99.3,ok
20260713,07,4,1.3,7.1,5.8,6.2,8.5,37.3,ok
20260713,07,5,2.3,3.0,7.9,9.1,3.5,16.9,ok
20260713,07,6,1.7,5.4,3.8,14.2,6.7,11.4,ok
20260713,07,7,1.3,4.5,10.5,6.0,10.5,48.3,ok
20260713,07,8,2.3,10.5,1.5,10.8,15.6,453.7,ok
20260713,07,9,1.5,2.8,20.0,11.5,14.4,8.6,ok
20260713,07,10,1.1,4.5,6.6,23.6,40.9,17.5,ok
20260713,07,11,1.2,15.0,8.4,8.4,18.3,6.8,ok
20260713,07,12,1.0,11.7,16.3,6.6,26.6,22.3,ok
20260713,09,2,1.6,6.9,3.1,5.3,41.5,18.8,ok
20260713,09,3,1.4,1.7,47.2,47.2,47.2,47.2,ok
20260713,09,4,2.1,21.7,3.4,65.2,2.0,65.2,ok
20260713,09,5,1.0,31.1,15.5,12.4,62.2,62.2,ok
20260713,09,6,3.5,2.0,2.8,16.3,8.9,24.5,ok
20260713,09,7,3.4,2.0,7.0,5.9,4.9,22.6,ok
20260713,09,9,1.2,6.0,7.3,10.2,102.7,10.2,ok
20260713,09,10,1.1,7.8,14.5,6.0,20.4,17.0,ok
20260713,09,11,1.7,6.1,13.8,2.6,18.5,11.1,ok
20260713,09,12,1.1,16.6,7.8,16.6,7.0,26.7,ok
20260713,13,1,2.3,2.2,6.3,4.6,46.1,15.3,ok
20260713,13,2,1.0,17.6,5.4,8.3,41.9,55.8,ok
20260713,13,3,2.0,9.3,2.4,5.1,10.5,22.1,ok
20260713,13,4,2.7,3.2,3.7,19.1,7.8,4.4,ok
20260713,13,5,1.7,2.0,22.1,7.2,29.5,19.7,ok
20260713,13,6,1.1,15.0,5.1,27.0,11.2,10.3,ok
20260713,13,7,3.8,1.7,5.0,29.1,3.8,133.9,ok
20260713,13,8,3.9,12.3,2.0,2.5,11.2,24.7,ok
20260713,13,9,1.4,8.6,13.9,5.7,4.4,14.7,ok
20260713,13,10,1.3,139.5,4.1,4.1,13.9,27.9,ok
20260713,13,11,1.3,7.7,10.7,18.3,3.4,23.9,ok
20260713,13,12,1.6,4.2,3.7,10.9,19.5,10.0,ok
20260713,14,1,1.1,13.1,65.6,8.7,32.8,4.6,ok
20260713,14,2,1.7,5.1,20.4,3.0,7.8,20.4,ok
20260713,14,3,1.1,8.7,5.8,8.7,23.2,69.7,ok
20260713,14,4,1.0,5.5,13.1,9.2,20.5,92.2,ok
20260713,14,5,1.6,6.5,5.6,10.7,3.2,117.7,ok
20260713,14,6,1.2,5.8,4.7,12.1,44.5,44.5,ok
20260713,14,7,2.1,9.9,2.1,6.4,9.2,43.0,ok
20260713,14,8,2.3,5.4,1.8,11.3,12.1,34.0,ok
20260713,14,9,1.2,9.5,5.1,15.1,20.1,7.8,ok
20260713,14,10,1.4,10.8,4.1,7.2,10.8,12.4,ok
20260713,14,12,1.2,9.8,6.7,6.9,12.0,24.0,ok
20260713,15,1,2.3,3.3,7.5,5.0,4.2,30.0,ok
20260713,15,2,2.2,9.7,14.6,2.9,3.6,9.7,ok
20260713,15,4,2.0,3.9,51.7,3.4,25.8,3.9,ok
20260713,15,5,2.3,9.5,3.7,8.3,3.1,11.1,ok
20260713,15,6,3.1,8.0,3.1,5.0,5.1,5.7,ok
20260713,15,7,1.9,17.2,3.4,6.9,17.2,3.6,ok
20260713,15,8,1.5,4.8,13.3,9.0,28.5,3.5,ok
20260713,15,9,1.7,5.4,3.1,8.4,7.6,49.2,ok
20260713,15,10,1.7,3.2,8.4,6.7,7.9,20.2,ok
20260713,15,11,1.0,10.5,10.1,10.8,20.2,26.1,ok
20260713,15,12,1.2,13.5,11.9,4.5,23.9,7.1,ok
20260713,16,1,1.1,9.0,7.6,14.2,16.6,16.6,ok
20260713,16,3,1.2,18.4,21.5,3.0,11.7,43.0,ok
20260713,16,4,1.2,16.4,18.7,2.6,21.8,131.2,ok
20260713,16,5,1.4,10.9,2.9,14.6,7.3,87.7,ok
20260713,16,6,1.3,9.2,14.8,2.6,74.2,74.2,ok
20260713,16,7,1.8,2.6,4.0,20.4,11.6,27.2,ok
20260713,16,8,1.4,7.5,8.5,9.9,7.2,6.3,ok
20260713,16,9,1.0,14.1,12.7,18.2,25.5,25.5,ok
20260713,16,10,1.3,6.6,5.5,4.4,53.2,39.9,ok
20260713,16,11,1.0,7.3,20.0,23.3,46.7,28.0,ok
20260713,16,12,1.5,6.3,5.3,5.0,16.5,13.6,ok
20260713,19,1,1.6,10.4,3.7,18.7,4.9,8.5,ok
20260713,19,2,7.9,9.9,5.3,8.2,1.2,59.8,ok
20260713,19,3,2.5,7.5,3.6,2.9,7.5,16.9,ok
20260713,19,4,2.7,2.5,6.7,2.9,27.5,17.3,ok
20260713,19,5,1.8,4.6,6.0,5.9,7.2,8.8,ok
20260713,19,6,6.1,5.8,1.1,30.8,10.9,32.2,ok
20260713,19,7,1.0,33.9,3.9,73.5,18.3,55.1,ok
20260713,19,8,1.3,7.4,18.3,16.2,18.3,3.8,ok
20260713,19,9,1.4,6.0,18.4,4.6,5.2,36.9,ok
20260713,19,10,1.2,4.9,15.1,5.2,18.1,28.9,ok
20260713,19,11,1.1,6.5,7.3,15.7,10.0,21.9,ok
20260713,19,12,1.7,11.6,5.8,2.4,14.2,24.8,ok
20260713,22,2,4.1,3.8,1.5,6.6,33.3,133.5,ok
20260713,22,3,1.6,25.7,1.6,38.6,25.7,231.7,ok
20260713,22,4,4.1,2.7,8.5,1.7,39.7,39.7,ok
20260713,22,5,2.4,1.5,29.6,14.8,6.5,59.2,ok
20260713,22,6,6.5,1.3,3.3,10.8,18.1,217.5,ok
20260713,22,7,3.2,1.1,7.9,39.5,59.2,39.5,ok
20260713,22,8,1.3,3.4,16.0,7.2,16.0,26.7,ok
20260713,22,9,1.7,1.7,22.5,28.1,11.2,22.5,ok
20260713,22,10,1.5,6.8,11.1,4.3,5.1,123.0,ok
20260713,22,11,1.5,4.8,5.1,18.6,5.4,18.6,ok
20260713,22,12,1.3,6.3,10.2,3.9,25.5,20.4,ok
20260713,23,1,1.1,6.2,12.5,8.3,50.2,10.0,ok
20260713,23,2,1.3,12.7,2.4,12.7,165.7,41.4,ok
20260713,23,3,1.5,16.2,27.6,1.9,17.2,69.0,ok
20260713,23,4,2.7,1.5,14.7,4.4,41.8,41.8,ok
20260713,23,5,1.2,5.4,7.1,12.1,16.4,20.9,ok
20260713,23,7,5.1,2.4,3.5,2.7,22.5,27.0,ok
20260713,23,8,3.0,3.1,1.8,18.0,27.0,18.0,ok
20260713,23,9,2.0,4.0,15.8,6.2,34.8,2.8,ok
20260713,23,10,3.1,4.1,9.9,1.5,39.7,39.7,ok
20260713,23,11,1.2,4.7,12.1,6.0,14.1,42.3,ok
20260713,23,12,1.0,14.0,14.0,21.0,10.5,25.2,ok
20260713,03,1,1.5,3.4,4.6,6.8,,18.7,part
20260713,04,2,1.0,49.5,13.5,12.3,24.7,,part
20260713,06,1,2.4,2.8,4.9,,3.0,27.1,part
20260713,06,2,1.5,5.7,5.1,25.8,3.4,,part
20260713,09,1,2.2,189.7,1.2,21.0,,,part
20260713,09,8,2.5,15.1,12.1,2.7,2.3,,part
20260713,14,11,2.2,3.5,3.3,4.4,10.5,,part
20260713,15,3,1.9,4.8,5.8,5.8,,3.6,part
20260713,16,2,1.0,15.5,10.3,7.7,31.0,,part
20260713,22,1,1.0,9.7,29.2,58.5,,,part
20260713,23,6,1.2,3.2,8.4,13.8,78.5,,part
20260714,01,1,3.8,1.1,27.4,13.7,17.1,68.6,ok
20260714,01,2,2.0,5.8,2.5,46.5,4.2,46.5,ok
20260714,01,3,3.9,4.8,1.6,6.2,10.8,43.5,ok
20260714,01,4,2.2,5.4,5.4,2.5,9.6,36.7,ok
20260714,01,5,1.4,4.5,9.0,11.3,10.6,7.5,ok
20260714,01,6,1.3,15.1,6.7,3.9,8.6,40.5,ok
20260714,01,7,1.5,15.4,3.5,5.5,12.8,15.4,ok
20260714,01,8,1.5,33.7,18.1,13.8,1.9,39.3,ok
20260714,01,9,8.1,2.5,13.8,1.7,9.3,12.7,ok
20260714,01,10,1.7,5.6,7.8,4.1,8.9,8.9,ok
20260714,01,11,1.0,15.0,9.7,8.2,12.2,41.2,ok
20260714,01,12,1.0,6.2,15.7,19.9,14.5,18.0,ok
20260714,03,1,2.8,3.9,2.5,5.1,9.6,29.0,ok
20260714,03,2,1.3,8.9,6.1,7.2,8.9,11.4,ok
20260714,03,3,10.7,1.0,105.7,29.3,25.1,176.2,ok
20260714,03,4,9.3,1.0,17.7,88.8,5.3,22.2,ok
20260714,03,5,2.1,7.7,2.4,8.2,9.6,10.5,ok
20260714,03,6,1.4,7.1,3.4,8.5,21.3,28.5,ok
20260714,03,7,2.6,2.1,3.1,39.0,9.7,26.0,ok
20260714,03,8,1.0,10.5,7.6,21.0,21.0,28.0,ok
20260714,03,9,1.0,14.3,14.3,31.0,10.3,37.2,ok
20260714,03,10,1.3,5.5,9.5,5.1,16.6,22.2,ok
20260714,03,11,1.0,19.6,78.7,52.5,52.5,52.5,ok
20260714,03,12,1.1,9.5,10.3,8.7,14.2,16.2,ok
20260714,04,1,4.7,5.5,3.4,5.5,2.3,26.4,ok
20260714,04,2,3.4,2.1,2.9,7.5,11.8,55.5,ok
20260714,04,3,7.3,1.6,11.7,3.0,7.3,19.5,ok
20260714,04,4,1.0,14.5,8.5,51.0,12.7,14.5,ok
20260714,04,5,9.7,2.3,10.5,1.5,21.1,42.2,ok
20260714,04,6,3.1,1.8,8.7,14.5,4.1,21.7,ok
20260714,04,7,4.7,3.2,7.0,2.0,8.1,14.0,ok
20260714,04,8,6.0,12.0,2.7,2.0,4.5,72.0,ok
20260714,04,9,3.9,2.8,8.2,1.9,16.4,21.8,ok
20260714,04,10,2.8,7.2,1.5,16.3,8.5,30.0,ok
20260714,04,11,2.4,2.7,10.1,7.1,4.7,9.4,ok
20260714,04,12,1.7,6.1,3.8,6.1,9.4,15.7,ok
20260714,05,1,2.2,3.7,6.8,5.2,7.5,6.8,ok
20260714,05,2,1.8,2.6,2.9,30.0,41.3,82.6,ok
20260714,05,3,3.1,3.0,2.0,11.5,11.5,40.5,ok
20260714,05,4,1.7,1.7,22.2,9.2,37.0,111.0,ok
20260714,05,5,1.3,6.3,3.7,16.5,10.3,41.2,ok
20260714,05,6,1.2,18.9,8.4,6.8,5.8,25.2,ok
20260714,05,7,1.3,3.4,38.8,17.2,6.4,22.1,ok
20260714,05,8,2.4,3.5,14.9,4.7,13.2,3.4,ok
20260714,05,9,4.1,1.1,24.3,30.3,11.0,40.5,ok
20260714,05,10,1.1,4.8,5.3,20.3,122.2,40.7,ok
20260714,05,12,1.0,22.2,9.2,15.8,18.5,37.0,ok
20260714,06,1,2.4,4.3,5.5,9.0,3.6,8.2,ok
20260714,06,2,3.6,16.5,1.7,11.0,16.5,3.6,ok
20260714,06,3,2.9,6.4,1.7,10.4,8.3,20.8,ok
20260714,06,4,1.9,5.7,7.9,3.0,16.7,7.9,ok
20260714,06,5,2.9,10.8,9.9,5.1,3.0,3.5,ok
20260714,06,6,3.9,5.9,1.8,5.9,5.9,41.6,ok
20260714,06,7,1.4,6.1,5.6,22.5,11.2,6.7,ok
20260714,06,8,1.7,7.3,9.5,2.1,23.2,40.6,ok
20260714,06,9,1.1,5.4,6.3,28.6,22.9,25.5,ok
20260714,06,10,1.2,5.7,8.3,33.4,5.2,41.8,ok
20260714,06,11,1.0,7.4,10.8,17.0,23.8,19.8,ok
20260714,06,12,1.4,6.1,3.2,10.5,26.2,26.2,ok
20260714,07,1,1.6,8.4,27.5,2.4,7.3,36.7,ok
20260714,07,2,3.0,3.4,5.7,2.8,9.2,13.3,ok
20260714,07,3,2.2,3.4,3.7,4.9,16.3,12.7,ok
20260714,07,4,1.8,5.3,5.8,11.1,27.9,3.1,ok
20260714,07,5,2.6,2.6,6.1,6.9,9.3,6.6,ok
20260714,07,6,1.2,12.2,10.1,12.2,4.4,14.3,ok
20260714,07,7,2.3,7.0,6.7,6.3,2.4,15.3,ok
20260714,07,8,1.7,10.2,3.1,4.9,16.8,10.8,ok
20260714,07,9,1.2,5.7,11.5,5.2,21.9,39.9,ok
20260714,07,10,1.6,17.4,1.8,21.7,19.6,30.4,ok
20260714,07,11,1.5,19.1,1.9,17.6,28.9,45.1,ok
20260714,07,12,1.1,5.5,10.5,10.4,11.9,31.2,ok
20260714,09,1,1.1,13.6,6.3,8.6,19.0,19.0,ok
20260714,09,2,1.4,6.6,6.2,7.1,29.7,5.5,ok
20260714,09,3,1.1,4.4,19.8,39.7,13.2,19.8,ok
20260714,09,4,1.4,1.5,87.1,784.1,224.0,313.6,ok
20260714,09,5,1.2,10.2,8.9,10.2,7.1,11.0,ok
20260714,09,6,1.8,5.6,4.0,8.4,8.4,8.4,ok
20260714,09,7,4.6,1.1,9.5,7.4,85.8,85.8,ok
20260714,09,8,4.7,29.8,24.4,16.7,29.8,1.0,ok
20260714,09,9,1.9,4.2,6.4,4.2,10.9,9.9,ok
20260714,09,10,1.8,8.3,12.8,2.2,12.8,14.7,ok
20260714,09,11,2.3,2.2,6.0,11.0,6.6,18.9,ok
20260714,09,12,1.0,11.8,16.0,40.9,11.5,52.6,ok
20260714,13,1,1.2,17.2,3.2,15.2,13.6,19.9,ok
20260714,13,2,6.5,2.3,5.8,2.1,11.1,27.9,ok
20260714,13,3,3.0,1.4,17.2,5.4,12.9,86.0,ok
20260714,13,4,6.6,2.6,3.1,2.3,26.5,44.2,ok
20260714,13,5,3.5,18.3,2.0,3.2,34.0,5.6,ok
20260714,13,6,1.3,17.1,5.7,14.6,3.8,25.6,ok
20260714,13,7,1.8,24.7,2.3,41.1,3.7,27.4,ok
20260714,13,8,3.3,1.5,10.0,13.2,291.7,5.2,ok
20260714,13,9,1.3,10.3,24.0,13.1,57.7,2.7,ok
20260714,13,10,1.0,10.3,32.3,7.8,51.7,43.1,ok
20260714,13,11,1.2,18.4,2.9,16.4,16.4,49.2,ok
20260714,13,12,1.0,37.6,9.1,5.6,21.1,16.1,ok
20260714,15,1,1.0,15.2,30.5,4.8,11.4,45.7,ok
20260714,15,2,1.6,25.1,8.3,16.7,2.0,25.1,ok
20260714,15,3,1.1,5.1,15.5,15.5,9.3,46.5,ok
20260714,15,4,1.0,8.2,5.7,18.5,24.7,74.2,ok
20260714,15,5,1.2,14.5,3.8,11.6,8.9,38.7,ok
20260714,15,6,1.0,12.9,32.2,12.9,21.5,16.1,ok
20260714,15,7,1.2,2.7,26.6,19.9,31.9,14.5,ok
20260714,15,8,1.7,2.3,7.2,18.0,13.1,14.4,ok
20260714,15,9,1.2,4.7,9.2,14.1,17.6,10.1,ok
20260714,15,10,1.2,6.8,4.8,10.3,20.1,48.8,ok
20260714,15,11,1.3,8.7,7.2,4.0,22.3,32.2,ok
20260714,15,12,1.1,6.6,7.9,11.3,12.0,37.3,ok
20260714,21,1,1.0,8.7,9.3,22.5,11.7,22.5,ok
20260714,21,2,1.3,12.6,8.4,3.6,18.9,15.1,ok
20260714,21,3,2.0,30.0,7.5,15.0,1.6,60.0,ok
20260714,21,4,1.0,42.0,5.9,5.9,65.0,55.0,ok
20260714,21,5,1.3,12.5,4.3,4.6,23.3,163.5,ok
20260714,21,6,1.4,21.0,8.6,2.8,12.2,29.4,ok
20260714,21,7,1.4,3.8,11.8,6.1,10.3,51.5,ok
20260714,21,8,2.4,2.1,15.6,3.9,9.9,27.3,ok
20260714,21,9,1.6,5.0,10.5,5.7,14.4,5.7,ok
20260714,21,10,1.0,10.3,6.7,9.7,19.5,65.2,ok
20260714,21,11,1.3,8.0,3.8,12.3,16.0,26.7,ok
20260714,21,12,1.1,10.4,11.1,6.7,8.2,52.0,ok
20260714,22,1,1.0,7.2,14.5,43.5,21.7,29.0,ok
20260714,22,2,1.2,23.4,16.7,14.6,58.5,2.8,ok
20260714,22,3,1.8,3.4,2.6,22.5,22.5,56.2,ok
20260714,22,4,1.1,35.6,14.2,4.4,7.9,23.7,ok
20260714,22,5,1.5,14.1,4.1,14.1,17.6,4.4,ok
20260714,22,6,1.5,9.9,4.9,15.9,5.3,7.2,ok
20260714,22,7,1.0,13.0,15.2,18.3,7.6,91.5,ok
20260714,22,8,1.0,8.1,36.7,24.5,24.5,24.5,ok
20260714,22,9,1.0,7.0,21.0,15.7,21.0,31.5,ok
20260714,22,10,1.3,3.5,7.3,9.8,36.7,24.5,ok
20260714,22,11,1.1,7.1,8.1,16.8,22.5,12.2,ok
20260714,22,12,1.4,5.6,4.7,15.0,6.9,34.5,ok
20260714,23,1,1.0,8.5,13.7,10.5,22.8,68.6,ok
20260714,23,2,1.4,1.7,22.8,129.5,77.7,194.2,ok
20260714,23,3,1.4,9.3,9.3,3.9,10.2,14.3,ok
20260714,23,4,10.3,12.3,29.5,24.6,20.4,1.0,ok
20260714,23,5,1.1,8.1,8.1,46.8,11.7,9.3,ok
20260714,23,6,2.8,6.7,2.3,5.1,117.3,4.8,ok
20260714,23,7,3.2,3.9,10.8,4.9,86.6,2.1,ok
20260714,23,8,1.4,19.0,2.9,16.2,6.0,114.0,ok
20260714,23,9,1.2,5.7,8.1,28.5,9.5,9.5,ok
20260714,23,10,1.1,8.4,6.4,6.8,93.0,46.5,ok
20260714,23,11,2.6,24.1,1.1,48.2,32.1,193.1,ok
20260714,23,12,1.1,6.1,10.6,14.4,14.4,15.9,ok
20260714,24,1,3.1,2.1,6.2,4.7,9.5,14.3,ok
20260714,24,2,10.4,24.8,1.6,1.9,19.8,66.2,ok
20260714,24,3,3.2,1.9,3.9,22.6,33.9,5.4,ok
20260714,24,4,1.4,4.1,7.5,4.9,15.1,81.0,ok
20260714,24,5,2.3,16.0,3.4,2.8,13.3,7.8,ok
20260714,24,6,5.0,1.3,4.6,13.0,22.8,16.6,ok
20260714,24,7,1.0,12.6,12.1,9.9,21.4,17.4,ok
20260714,24,8,1.0,25.0,20.4,21.7,24.1,7.5,ok
20260714,24,9,1.6,12.4,2.0,21.2,11.6,27.2,ok
20260714,24,10,1.5,5.1,5.6,7.1,12.0,10.0,ok
20260714,24,11,1.2,7.2,8.6,9.1,11.9,15.7,ok
20260714,24,12,1.6,5.5,5.1,18.1,4.0,15.7,ok
20260714,05,11,1.3,2.6,6.1,33.1,165.7,,part
20260715,01,2,3.3,2.0,5.0,3.0,48.0,64.0,ok
20260715,01,3,3.0,1.4,13.0,24.8,17.7,8.2,ok
20260715,01,4,3.1,2.0,5.6,8.1,15.2,5.9,ok
20260715,01,5,2.7,9.4,4.4,3.1,66.1,3.3,ok
20260715,01,6,1.2,16.6,8.7,15.1,7.2,7.2,ok
20260715,01,7,5.2,28.5,1.0,18.2,17.5,41.5,ok
20260715,01,8,1.5,5.2,3.4,22.2,7.4,26.0,ok
20260715,01,9,2.5,3.2,20.4,3.1,10.4,5.5,ok
20260715,01,10,4.0,1.5,22.5,8.5,4.2,36.0,ok
20260715,01,11,1.0,18.1,28.5,35.2,66.5,99.8,ok
20260715,01,12,1.2,7.0,6.1,7.0,14.8,44.4,ok
20260715,03,1,1.3,5.4,7.3,6.0,16.8,27.3,ok
20260715,03,2,2.9,3.9,4.0,3.6,4.8,93.8,ok
20260715,03,3,3.1,7.3,19.8,3.5,3.7,3.5,ok
20260715,03,4,1.7,2.8,7.2,6.9,8.3,41.1,ok
20260715,03,5,1.1,33.0,5.7,,45.3,4.4,ok
20260715,03,6,3.1,2.5,10.4,2.6,9.9,22.0,ok
20260715,03,7,1.6,5.6,6.4,17.7,3.9,12.8,ok
20260715,03,8,1.9,4.9,2.3,9.2,18.5,37.1,ok
20260715,03,9,2.9,4.2,4.0,2.7,8.9,26.7,ok
20260715,03,10,1.6,4.9,8.6,3.8,9.8,23.0,ok
20260715,03,11,1.1,3.6,28.3,15.2,11.6,49.6,ok
20260715,03,12,1.4,6.8,5.6,7.2,8.2,24.7,ok
20260715,05,1,1.1,10.1,5.7,13.2,16.5,14.6,ok
20260715,05,2,2.2,11.1,7.7,2.5,3.8,36.5,ok
20260715,05,3,4.5,1.1,21.5,6.4,19.4,38.8,ok
20260715,05,4,1.0,21.0,34.5,24.1,10.7,25.4,ok
20260715,05,5,3.0,9.7,2.8,4.4,4.0,12.1,ok
20260715,05,6,1.5,9.1,4.1,16.5,10.3,5.1,ok
20260715,05,7,1.4,8.6,6.0,5.0,12.0,12.0,ok
20260715,05,8,1.0,20.6,27.8,23.7,79.0,118.5,ok
20260715,05,9,1.0,12.1,15.4,15.4,42.5,13.0,ok
20260715,05,10,1.0,8.7,10.6,11.4,18.5,74.2,ok
20260715,05,11,1.4,3.3,6.9,11.7,22.2,16.6,ok
20260715,05,12,1.3,5.8,5.8,11.7,18.3,10.3,ok
20260715,06,1,1.4,8.6,10.0,4.8,7.5,11.5,ok
20260715,06,2,1.1,10.6,8.7,25.4,5.8,20.6,ok
20260715,06,3,1.2,9.4,4.9,30.7,8.7,17.5,ok
20260715,06,4,1.8,15.8,1.5,40.7,47.5,35.6,ok
20260715,06,5,1.8,4.6,4.6,9.0,5.0,25.2,ok
20260715,06,6,1.8,7.6,6.1,2.5,20.5,17.5,ok
20260715,06,7,1.2,25.3,4.6,4.6,25.3,126.7,ok
20260715,06,8,1.6,11.7,11.7,3.9,7.5,6.4,ok
20260715,06,9,2.5,11.2,3.2,2.8,6.8,19.2,ok
20260715,06,10,2.0,8.0,2.1,9.0,28.8,10.2,ok
20260715,06,11,1.0,10.1,9.1,17.5,13.7,27.5,ok
20260715,06,12,1.2,5.3,6.0,35.1,7.3,28.7,ok
20260715,07,1,1.2,19.9,3.8,15.5,10.7,11.6,ok
20260715,07,2,2.0,3.1,4.6,23.3,20.7,4.6,ok
20260715,07,3,2.0,3.7,14.5,6.8,2.9,51.0,ok
20260715,07,4,2.2,7.4,4.1,2.9,7.7,29.6,ok
20260715,07,5,1.5,3.1,9.1,22.7,6.9,16.3,ok
20260715,07,6,1.1,10.8,8.8,13.3,22.8,6.3,ok
20260715,07,7,1.1,17.4,9.5,21.3,5.0,16.1,ok
20260715,07,8,1.2,8.5,9.7,5.1,31.9,12.1,ok
20260715,07,9,1.0,19.6,5.8,10.3,35.3,88.3,ok
20260715,07,10,1.2,8.2,5.3,11.2,7.8,33.6,ok
20260715,07,11,1.3,6.1,18.1,12.9,4.7,16.6,ok
20260715,07,12,1.0,12.4,8.4,17.5,19.3,40.0,ok
20260715,08,1,1.2,11.6,6.1,7.5,9.5,13.1,ok
20260715,08,2,2.0,3.4,11.0,6.0,3.7,44.0,ok
20260715,08,3,3.0,7.7,9.5,12.2,1.7,7.7,ok
20260715,08,4,1.1,2.4,98.0,73.5,49.0,294.0,ok
20260715,08,5,7.8,22.5,1.0,67.7,12.7,101.6,ok
20260715,08,6,6.3,3.3,3.5,3.3,3.5,71.5,ok
20260715,08,8,1.5,2.1,78.0,26.0,7.8,19.5,ok
20260715,08,9,1.6,5.6,3.7,11.3,9.9,8.8,ok
20260715,08,10,1.5,14.0,5.0,4.0,14.0,9.5,ok
20260715,08,11,1.2,11.2,5.8,6.0,16.2,48.7,ok
20260715,08,12,1.4,7.4,15.8,7.5,10.7,4.3,ok
20260715,12,1,1.0,13.9,25.1,4.9,27.9,251.2,ok
20260715,12,2,14.1,1.0,13.4,24.4,10.3,89.7,ok
20260715,12,3,2.0,5.0,17.7,2.6,35.4,5.0,ok
20260715,12,4,3.0,1.7,13.5,3.5,16.5,74.2,ok
20260715,12,5,1.7,6.8,5.7,18.0,18.0,3.0,ok
20260715,12,6,2.1,1.5,22.0,12.7,34.6,17.3,ok
20260715,12,7,3.3,3.3,2.1,10.8,8.0,19.7,ok
20260715,12,8,1.1,17.1,11.4,7.4,14.1,8.5,ok
20260715,12,9,1.5,4.0,8.7,8.6,4.9,51.9,ok
20260715,12,10,1.3,4.5,10.3,3.9,61.9,48.1,ok
20260715,12,11,1.4,4.3,14.2,5.5,12.7,16.0,ok
20260715,12,12,1.3,9.5,6.5,7.0,10.6,8.3,ok
20260715,13,1,1.5,8.8,6.7,8.2,3.6,26.4,ok
20260715,13,2,3.0,5.7,11.4,2.1,4.6,21.3,ok
20260715,13,3,5.9,1.4,3.1,13.1,15.1,65.5,ok
20260715,13,4,4.2,2.4,6.7,2.0,51.6,35.7,ok
20260715,13,5,1.3,20.3,2.9,8.3,28.5,20.3,ok
20260715,13,6,3.2,1.7,6.7,5.1,29.7,14.8,ok
20260715,13,7,3.2,2.5,8.4,3.7,4.7,28.1,ok
20260715,13,8,1.0,37.6,14.7,61.5,14.7,21.8,ok
20260715,13,9,1.2,3.6,23.3,23.3,5.6,52.5,ok
20260715,13,10,2.2,1.2,52.8,98.1,14.6,68.7,ok
20260715,13,11,1.2,5.8,12.0,4.9,22.9,31.5,ok
20260715,13,12,1.5,6.0,3.7,12.3,14.7,9.2,ok
20260715,17,1,1.7,4.9,5.5,4.5,14.7,9.4,ok
20260715,17,2,1.9,9.7,2.1,8.2,10.5,34.2,ok
20260715,17,3,2.0,3.9,7.5,2.7,16.5,27.5,ok
20260715,17,4,1.3,3.6,4.6,21.9,87.7,43.8,ok
20260715,17,5,3.8,2.6,6.1,5.6,2.8,97.0,ok
20260715,17,6,2.3,3.4,14.4,2.0,24.0,72.0,ok
20260715,17,7,1.5,4.5,3.4,68.2,9.7,22.7,ok
20260715,17,8,2.5,3.2,2.9,10.6,5.8,42.7,ok
20260715,17,9,1.6,7.3,16.8,16.8,39.3,2.2,ok
20260715,17,10,1.1,12.2,10.0,6.1,18.3,15.7,ok
20260715,17,11,1.2,13.7,4.0,8.7,9.1,73.2,ok
20260715,17,12,1.1,8.2,18.1,6.9,15.1,10.0,ok
20260715,18,1,1.1,12.3,13.7,4.5,23.8,29.7,ok
20260715,18,2,1.1,16.3,7.6,14.3,5.2,22.9,ok
20260715,18,3,1.3,15.2,41.8,3.8,6.1,11.9,ok
20260715,18,4,1.0,9.6,15.4,11.0,9.6,77.0,ok
20260715,18,5,1.0,11.1,9.5,14.8,12.1,20.5,ok
20260715,18,6,4.0,2.1,4.6,5.4,5.1,48.7,ok
20260715,18,7,2.0,2.3,5.8,23.5,7.8,14.1,ok
20260715,18,8,1.0,72.0,4.5,72.0,8.0,72.0,ok
20260715,18,9,1.2,21.9,2.9,29.2,17.5,29.2,ok
20260715,18,10,6.5,3.6,1.2,65.2,13.0,32.6,ok
20260715,18,11,1.9,5.5,7.2,4.8,5.2,9.6,ok
20260715,18,12,1.2,10.8,7.2,6.4,9.2,32.4,ok
20260715,21,1,1.0,8.8,55.3,36.8,13.0,44.2,ok
20260715,21,2,1.9,18.5,18.5,1.6,18.5,23.7,ok
20260715,21,3,1.4,19.6,3.7,7.8,5.3,65.5,ok
20260715,21,4,1.3,10.7,4.6,10.7,7.4,16.1,ok
20260715,21,5,1.4,5.3,6.8,6.6,23.0,8.3,ok
20260715,21,6,2.6,2.0,11.0,6.4,6.8,13.7,ok
20260715,21,7,5.6,5.6,2.2,4.3,4.9,9.1,ok
20260715,21,8,3.3,7.8,2.3,3.0,11.1,15.6,ok
20260715,21,9,2.4,52.7,3.5,19.7,22.6,1.8,ok
20260715,21,10,3.6,3.8,13.4,26.8,1.4,67.1,ok
20260715,21,11,1.0,43.5,10.8,18.6,130.5,13.0,ok
20260715,21,12,1.3,12.8,3.7,8.8,9.4,70.5,ok
20260715,22,1,1.1,7.6,9.5,9.5,12.7,38.2,ok
20260715,22,3,1.5,7.1,2.2,46.5,93.0,23.2,ok
20260715,22,4,1.5,9.9,9.9,2.8,9.9,26.5,ok
20260715,22,6,4.1,49.3,13.4,9.5,1.1,296.2,ok
20260715,22,7,1.5,4.3,8.6,10.3,8.6,8.6,ok
20260715,22,8,1.3,6.4,6.4,5.6,28.0,21.0,ok
20260715,22,9,1.3,7.6,4.2,7.6,14.3,38.2,ok
20260715,22,10,1.8,2.9,5.2,5.0,30.0,30.0,ok
20260715,22,11,1.2,5.5,4.7,26.8,13.4,80.6,ok
20260715,22,12,1.2,5.2,12.6,14.1,9.5,17.7,ok
20260715,23,1,1.2,18.3,4.0,36.7,6.1,55.1,ok
20260715,23,2,2.8,13.6,1.6,4.8,81.7,16.3,ok
20260715,23,3,1.8,4.1,3.3,7.7,8.6,51.7,ok
20260715,23,4,1.6,6.8,4.8,8.5,5.7,14.1,ok
20260715,23,5,1.4,7.7,4.7,6.0,19.8,14.5,ok
20260715,23,6,1.1,14.6,10.2,8.5,5.8,29.3,ok
20260715,23,7,1.6,7.4,29.8,10.8,2.3,39.7,ok
20260715,23,9,1.9,4.5,6.3,7.0,5.7,9.0,ok
20260715,23,10,1.3,22.0,8.4,2.4,27.5,110.2,ok
20260715,23,12,1.0,6.2,10.1,10.1,22.8,54.9,ok
20260715,24,1,1.4,17.5,2.5,12.9,16.1,32.2,ok
20260715,24,2,2.1,5.2,4.6,10.9,3.3,14.8,ok
20260715,24,3,4.9,2.1,6.3,5.8,5.3,6.2,ok
20260715,24,4,1.6,4.6,4.8,4.7,15.0,20.8,ok
20260715,24,5,1.4,20.6,17.0,16.0,3.9,4.3,ok
20260715,24,6,5.9,2.5,5.6,2.7,10.3,7.2,ok
20260715,24,7,2.6,4.4,4.7,3.1,5.1,73.9,ok
20260715,24,8,2.1,1.4,32.3,19.8,18.1,19.8,ok
20260715,24,9,1.2,9.4,12.2,3.4,27.3,38.2,ok
20260715,24,10,1.6,9.7,2.3,23.2,8.3,35.7,ok
20260715,24,11,1.4,21.6,12.8,4.0,3.8,54.8,ok
20260715,24,12,1.2,9.5,7.0,5.7,18.6,11.2,ok
20260715,01,1,2.3,2.6,4.2,3.6,66.7,,part
20260715,08,7,2.3,7.7,1.7,7.7,11.6,,part
20260715,22,2,1.2,5.9,4.7,6.7,100.5,,part
20260715,22,5,1.8,2.1,15.7,6.8,10.0,,part
20260715,23,8,5.7,2.1,6.5,2.7,5.7,,part
20260715,23,11,1.0,3.7,9.7,48.7,48.7,,part
20260716,01,1,21.5,19.2,36.2,32.3,1.0,53.2,ok
20260716,01,2,4.5,4.9,1.7,11.0,14.1,5.8,ok
20260716,01,3,2.4,3.0,2.9,9.2,40.2,7.5,ok
20260716,01,4,4.0,5.7,1.4,9.1,12.1,27.3,ok
20260716,01,5,4.2,3.8,3.8,2.2,60.5,8.6,ok
20260716,01,6,1.2,9.9,17.0,4.2,10.8,29.8,ok
20260716,01,7,1.3,11.5,3.7,6.2,15.0,50.0,ok
20260716,01,8,1.8,12.1,3.8,4.1,5.8,22.6,ok
20260716,01,9,2.8,9.6,10.8,1.6,8.9,17.8,ok
20260716,01,10,3.7,7.1,1.2,17.9,35.8,30.7,ok
20260716,01,11,1.0,29.2,43.8,22.9,48.1,60.2,ok
20260716,01,12,1.3,7.0,10.9,3.9,43.8,10.3,ok
20260716,03,1,1.4,2.8,6.5,28.5,19.0,15.5,ok
20260716,03,2,4.7,3.6,6.3,1.8,95.2,7.3,ok
20260716,03,3,1.3,11.7,3.8,13.5,10.3,16.0,ok
20260716,03,4,1.8,4.6,23.1,2.2,38.5,19.2,ok
20260716,03,5,1.1,18.7,9.3,15.0,4.1,37.5,ok
20260716,03,6,3.2,12.0,1.8,10.2,4.2,12.0,ok
20260716,03,7,5.8,3.7,1.3,14.0,14.0,28.1,ok
20260716,03,8,1.6,2.8,13.3,5.5,13.3,26.7,ok
20260716,03,9,1.1,11.3,14.0,12.1,18.2,7.5,ok
20260716,03,10,1.9,4.4,5.0,3.3,17.0,27.3,ok
20260716,03,11,1.2,20.0,13.0,5.6,4.4,60.1,ok
20260716,03,12,1.9,3.7,8.9,5.9,5.0,12.9,ok
20260716,05,1,3.0,5.6,6.1,2.4,9.1,6.6,ok
20260716,05,2,1.3,14.4,7.9,6.5,8.9,6.9,ok
20260716,05,3,2.5,10.5,1.5,11.2,8.6,190.5,ok
20260716,05,4,3.5,4.9,3.4,4.4,5.8,6.2,ok
20260716,05,5,1.3,7.7,7.3,12.6,6.3,11.6,ok
20260716,05,6,1.1,12.2,15.2,13.5,20.3,6.1,ok
20260716,05,7,1.0,11.4,18.0,7.4,63.0,18.0,ok
20260716,05,8,7.7,1.7,3.3,6.3,15.5,9.0,ok
20260716,05,9,1.5,7.4,3.4,40.8,4.0,163.5,ok
20260716,05,10,1.0,8.1,15.2,21.3,35.5,13.3,ok
20260716,05,11,2.5,12.0,18.0,5.8,30.8,1.6,ok
20260716,05,12,1.1,14.4,6.6,8.3,11.0,18.1,ok
20260716,07,1,1.5,5.0,11.4,7.9,5.0,14.7,ok
20260716,07,2,2.8,1.9,7.3,6.0,18.9,8.2,ok
20260716,07,3,2.5,7.2,3.2,8.7,7.2,4.0,ok
20260716,07,4,1.3,14.3,3.6,12.3,25.8,7.6,ok
20260716,07,5,4.3,4.2,15.1,11.0,51.8,1.4,ok
20260716,07,6,1.1,11.1,5.7,7.8,16.8,39.7,ok
20260716,07,7,1.5,4.1,12.2,10.8,6.7,8.1,ok
20260716,07,8,1.4,4.9,22.8,3.0,27.3,22.8,ok
20260716,07,9,1.4,6.0,5.1,11.0,8.6,11.7,ok
20260716,07,10,1.7,1.5,19.3,26.1,33.5,42.7,ok
20260716,07,11,1.1,9.2,5.0,15.6,11.9,21.2,ok
20260716,07,12,1.0,5.3,17.6,13.0,19.1,28.9,ok
20260716,08,1,1.0,21.0,42.0,14.0,21.0,14.0,ok
20260716,08,2,1.5,23.0,8.3,10.2,2.6,23.0,ok
20260716,08,3,1.8,12.6,2.1,9.4,9.4,25.2,ok
20260716,08,4,3.4,2.4,1.9,11.1,55.5,55.5,ok
20260716,08,5,3.3,1.9,23.0,4.0,46.1,5.1,ok
20260716,08,6,23.0,103.6,1.0,103.6,103.6,414.7,ok
20260716,08,7,2.5,4.6,5.0,5.7,6.7,4.6,ok
20260716,08,8,3.5,14.1,1.5,16.9,16.9,4.2,ok
20260716,08,9,3.3,1.5,11.5,10.8,8.0,15.4,ok
20260716,08,10,1.5,6.7,11.4,6.7,3.9,19.0,ok
20260716,08,11,1.5,2.5,37.3,5.9,16.5,29.8,ok
20260716,11,2,3.9,1.9,2.6,36.1,9.5,22.5,ok
20260716,11,3,2.5,1.4,12.8,15.3,17.0,21.9,ok
20260716,11,4,2.0,9.4,28.2,7.0,1.9,23.5,ok
20260716,11,5,3.9,21.8,8.5,18.4,2.3,2.3,ok
20260716,11,6,2.1,12.5,4.5,2.5,5.9,41.3,ok
20260716,11,7,1.4,7.6,3.3,6.2,28.0,28.0,ok
20260716,11,8,3.1,3.1,1.8,28.0,8.8,56.0,ok
20260716,11,9,1.8,8.7,2.6,30.7,8.7,6.8,ok
20260716,11,10,1.0,11.2,10.5,5.6,31.5,52.5,ok
20260716,11,11,1.2,8.6,9.7,7.8,39.0,6.5,ok
20260716,11,12,1.3,7.8,6.1,8.6,8.6,14.3,ok
20260716,12,1,1.6,3.3,12.7,9.1,7.0,10.6,ok
20260716,12,2,2.3,6.7,5.9,3.6,4.2,11.8,ok
20260716,12,4,6.1,2.6,1.4,16.6,333.7,17.5,ok
20260716,12,5,2.0,11.3,12.4,2.2,10.8,8.3,ok
20260716,12,6,2.2,3.1,7.2,4.4,4.7,180.7,ok
20260716,12,7,1.1,13.4,4.6,9.3,17.1,22.0,ok
20260716,12,8,1.9,9.8,2.4,13.3,5.1,19.7,ok
20260716,12,9,1.4,3.1,12.0,13.1,12.6,13.1,ok
20260716,12,10,1.2,5.8,14.8,28.6,13.3,4.6,ok
20260716,12,11,1.0,17.4,9.6,9.5,14.9,47.5,ok
20260716,12,12,1.0,11.9,10.1,18.1,14.4,34.5,ok
20260716,13,1,4.3,10.2,15.4,22.0,1.3,5.8,ok
20260716,13,2,2.6,1.5,9.0,29.2,6.8,33.4,ok
20260716,13,3,4.1,12.6,1.6,7.2,3.6,246.0,ok
20260716,13,4,3.4,3.2,7.2,3.2,3.7,40.1,ok
20260716,13,5,2.4,2.3,3.6,13.1,8.3,27.6,ok
20260716,13,6,1.8,2.9,36.4,2.7,77.4,18.2,ok
20260716,13,7,4.2,1.9,2.8,5.7,32.3,35.0,ok
20260716,13,8,1.0,15.2,17.1,30.4,19.5,10.9,ok
20260716,13,9,1.2,17.0,3.8,7.6,18.5,37.0,ok
20260716,13,10,1.2,11.6,6.8,12.9,7.6,13.6,ok
20260716,13,11,1.1,19.1,5.9,26.7,24.3,7.4,ok
20260716,13,12,1.2,9.9,4.6,15.7,11.3,14.5,ok
20260716,17,1,1.1,7.9,27.7,11.1,6.9,18.5,ok
20260716,17,2,2.0,3.9,5.5,4.2,18.5,7.9,ok
20260716,17,3,8.0,1.8,5.3,5.7,6.1,6.6,ok
20260716,17,6,2.9,4.1,6.5,2.7,4.9,26.0,ok
20260716,17,7,1.5,34.8,12.1,1.8,38.1,100.1,ok
20260716,17,8,4.1,1.2,9.2,21.5,9.7,24.2,ok
20260716,17,9,1.9,6.5,4.2,5.3,117.7,4.1,ok
20260716,17,10,2.6,32.7,1.2,19.6,12.2,49.1,ok
20260716,17,11,1.5,39.0,1.8,19.5,39.0,39.0,ok
20260716,17,12,1.2,6.8,9.6,9.6,6.0,24.0,ok
20260716,18,1,1.4,3.1,11.2,8.0,12.9,33.7,ok
20260716,18,2,1.8,4.9,6.8,5.6,3.9,51.1,ok
20260716,18,3,2.2,4.7,5.3,2.3,21.8,30.0,ok
20260716,18,4,1.4,3.5,6.3,15.1,14.2,17.4,ok
20260716,18,5,1.2,10.3,5.1,12.1,10.3,25.3,ok
20260716,18,6,2.0,2.0,13.6,19.1,38.2,4.9,ok
20260716,18,7,1.2,4.5,24.0,24.0,14.4,8.0,ok
20260716,18,8,4.2,3.7,1.8,6.6,60.0,7.5,ok
20260716,18,9,2.7,3.1,17.3,4.6,60.7,2.7,ok
20260716,18,10,3.3,14.9,3.1,29.8,1.7,35.8,ok
20260716,18,11,1.0,10.3,21.5,11.8,21.5,16.9,ok
20260716,18,12,1.0,25.6,18.3,7.1,21.3,64.1,ok
20260716,21,1,1.2,9.5,6.9,8.5,8.8,12.2,ok
20260716,21,2,1.4,3.7,13.0,4.4,20.0,150.3,ok
20260716,21,3,2.4,5.7,2.1,6.3,11.5,18.1,ok
20260716,21,4,1.0,8.3,24.9,7.2,22.8,30.5,ok
20260716,21,5,1.5,6.1,9.5,20.0,4.7,5.6,ok
20260716,21,6,2.4,2.1,15.4,9.8,30.8,3.9,ok
20260716,21,7,1.6,3.6,6.5,5.8,13.5,16.6,ok
20260716,21,8,3.1,1.5,10.7,28.7,5.0,28.7,ok
20260716,21,9,1.2,9.3,14.4,7.2,31.2,6.2,ok
20260716,21,10,1.1,17.1,10.5,7.4,18.3,8.8,ok
20260716,21,11,1.6,3.7,5.0,9.7,7.0,63.3,ok
20260716,21,12,1.2,4.7,11.2,11.7,13.0,12.3,ok
20260716,24,1,1.2,8.2,12.8,10.5,5.5,38.5,ok
20260716,24,2,2.4,9.3,1.7,13.1,18.7,7.2,ok
20260716,24,3,1.0,10.4,18.0,38.6,9.3,12.3,ok
20260716,24,4,1.5,9.2,20.5,8.0,6.6,3.7,ok
20260716,24,5,1.0,14.5,21.8,9.3,5.7,65.6,ok
20260716,24,6,2.3,4.7,5.2,4.4,3.8,52.4,ok
20260716,24,7,1.3,6.3,6.1,7.2,10.6,41.7,ok
20260716,24,8,1.6,5.1,3.9,10.5,6.5,59.8,ok
20260716,24,9,1.1,5.9,19.0,6.7,22.5,20.3,ok
20260716,24,10,1.0,9.8,16.4,8.1,42.9,91.0,ok
20260716,24,11,1.4,4.2,5.1,14.2,10.1,24.3,ok
20260716,24,12,2.1,20.3,1.5,14.8,12.4,22.1,ok
20260716,08,12,1.1,21.6,195.0,2.7,27.8,,part
20260716,11,1,2.2,4.5,5.3,3.0,6.5,,part
20260716,12,3,4.7,2.3,15.1,1.7,27.3,,part
20260716,17,4,2.2,2.8,2.9,5.2,116.2,,part
20260716,17,5,1.8,,1.8,25.8,4.7,,part
20260717,01,1,2.3,6.7,9.7,5.6,2.7,8.2,ok
20260717,01,2,2.6,1.7,15.2,4.3,21.0,42.0,ok
20260717,01,3,3.8,21.3,2.4,5.0,2.5,35.5,ok
20260717,01,4,3.9,1.2,21.7,5.8,30.4,30.4,ok
20260717,01,5,10.3,1.0,9.6,37.3,39.5,48.0,ok
20260717,01,6,1.2,12.8,18.9,3.5,9.4,30.0,ok
20260717,01,7,1.1,28.4,3.7,8.4,41.3,90.9,ok
20260717,01,8,4.0,1.6,4.9,4.8,18.8,113.0,ok
20260717,01,9,3.6,2.8,3.0,15.4,3.9,17.6,ok
20260717,01,10,2.1,16.2,2.2,8.1,30.1,5.1,ok
20260717,02,1,2.3,5.4,4.5,3.2,5.8,43.5,ok
20260717,02,2,3.5,1.3,11.7,18.2,11.7,10.0,ok
20260717,02,3,4.2,1.4,7.4,16.8,5.0,61.7,ok
20260717,02,4,3.8,3.6,3.3,6.0,3.0,144.0,ok
20260717,02,5,1.8,13.4,11.5,2.2,6.0,30.2,ok
20260717,02,6,2.6,4.3,2.7,4.2,8.9,50.7,ok
20260717,02,7,1.0,44.2,11.8,9.3,13.6,35.4,ok
20260717,02,8,2.3,10.8,3.1,2.4,24.8,19.3,ok
20260717,02,9,2.5,3.2,5.3,3.1,18.4,12.5,ok
20260717,02,10,1.4,14.5,2.9,5.9,21.7,32.6,ok
20260717,02,11,2.6,6.8,1.7,7.8,15.7,22.0,ok
20260717,02,12,1.2,13.8,14.6,16.4,3.5,23.9,ok
20260717,07,1,2.1,7.6,3.1,5.1,5.4,19.1,ok
20260717,07,2,1.3,6.3,7.1,4.8,12.1,40.5,ok
20260717,07,3,1.6,2.2,6.1,26.1,17.4,52.3,ok
20260717,07,4,2.9,3.1,4.3,3.6,10.8,12.2,ok
20260717,07,5,1.7,16.2,15.4,7.9,20.9,2.1,ok
20260717,07,6,1.0,16.0,10.1,16.0,29.3,9.1,ok
20260717,07,7,2.3,1.3,23.0,25.5,17.7,51.1,ok
20260717,07,8,1.2,10.5,10.1,5.9,8.7,13.7,ok
20260717,07,9,2.0,4.3,4.2,5.1,15.3,8.4,ok
20260717,07,10,1.2,8.7,7.6,9.0,7.2,16.0,ok
20260717,07,11,1.0,11.2,13.1,16.3,20.4,11.9,ok
20260717,07,12,1.2,8.2,8.2,6.5,9.6,15.6,ok
20260717,08,1,1.4,15.7,5.2,9.0,6.3,7.8,ok
20260717,08,2,1.6,4.3,4.1,6.0,12.0,36.2,ok
20260717,08,4,1.9,7.9,11.1,2.5,6.9,13.8,ok
20260717,08,5,2.6,30.0,1.6,10.0,20.0,6.6,ok
20260717,08,6,1.0,80.2,11.4,40.1,13.3,6.1,ok
20260717,08,7,3.7,2.9,3.5,38.7,6.8,3.7,ok
20260717,08,9,13.1,1.0,124.2,43.5,870.0,870.0,ok
20260717,08,10,1.6,16.6,1.9,11.8,16.6,41.6,ok
20260717,08,11,1.2,8.0,5.5,24.2,7.2,14.5,ok
20260717,11,1,1.6,6.8,5.9,5.9,4.4,35.8,ok
20260717,11,2,1.4,5.4,14.1,8.8,4.1,23.5,ok
20260717,11,3,1.9,3.9,3.0,8.8,16.5,16.5,ok
20260717,11,4,1.8,6.0,7.7,4.1,7.4,7.4,ok
20260717,11,5,1.6,10.5,8.8,7.2,3.0,28.8,ok
20260717,11,6,1.8,5.3,9.3,3.1,22.3,7.9,ok
20260717,11,7,4.6,4.7,1.3,8.2,17.2,172.5,ok
20260717,11,8,2.1,2.1,7.3,7.3,9.9,46.5,ok
20260717,11,9,2.5,1.8,4.2,41.1,54.8,8.4,ok
20260717,11,10,2.6,8.6,5.9,1.6,31.7,47.6,ok
20260717,11,11,1.7,4.4,9.9,4.4,7.9,13.2,ok
20260717,11,12,1.8,6.6,5.8,3.6,14.5,8.7,ok
20260717,12,1,1.5,4.3,4.0,10.2,45.9,12.2,ok
20260717,12,2,2.8,67.5,1.2,14.2,11.2,135.0,ok
20260717,12,3,3.7,3.6,1.4,83.2,16.6,41.6,ok
20260717,12,4,3.4,5.7,1.5,14.3,7.1,43.1,ok
20260717,12,5,1.2,11.8,14.1,21.1,15.5,3.8,ok
20260717,12,6,1.7,3.0,3.8,7.3,36.7,61.2,ok
20260717,12,7,1.5,5.1,13.9,2.9,19.1,34.0,ok
20260717,12,8,1.6,7.2,7.3,2.4,46.5,139.5,ok
20260717,12,9,1.1,48.8,56.9,4.6,24.4,5.6,ok
20260717,12,10,3.5,2.2,9.8,3.6,8.9,8.1,ok
20260717,12,11,1.5,5.0,6.7,9.3,5.1,28.6,ok
20260717,12,12,1.4,2.4,9.0,17.6,24.2,22.8,ok
20260717,13,1,4.0,7.2,1.3,8.7,27.2,20.4,ok
20260717,13,2,1.7,4.9,3.6,4.1,66.7,66.7,ok
20260717,13,3,2.0,4.7,2.5,16.3,6.9,22.2,ok
20260717,13,4,2.2,13.6,5.4,2.1,8.5,22.7,ok
20260717,13,5,1.3,8.1,10.0,3.5,19.1,52.6,ok
20260717,13,6,1.5,5.5,20.5,54.0,2.3,108.0,ok
20260717,13,7,1.4,22.6,7.5,3.1,8.0,41.5,ok
20260717,13,8,1.2,8.0,15.6,5.1,14.7,20.4,ok
20260717,13,9,1.5,6.2,5.1,8.6,17.8,5.5,ok
20260717,13,10,1.8,,2.6,13.1,18.3,3.7,ok
20260717,13,11,1.1,4.9,7.6,9.4,34.8,40.1,ok
20260717,13,12,1.7,3.0,3.9,10.1,15.4,29.8,ok
20260717,16,1,1.0,10.3,14.6,7.9,17.3,46.3,ok
20260717,16,2,1.9,4.7,2.4,7.6,23.6,59.0,ok
20260717,16,3,1.3,15.0,6.8,5.8,9.6,10.9,ok
20260717,16,4,1.7,9.1,3.1,5.6,8.0,34.1,ok
20260717,16,5,2.2,5.6,7.8,15.1,2.3,10.9,ok
20260717,16,6,1.0,25.4,9.6,18.4,5.9,33.8,ok
20260717,16,7,1.8,3.8,11.0,66.2,14.1,2.8,ok
20260717,16,8,2.9,1.1,21.9,25.5,34.0,102.2,ok
20260717,16,9,1.7,3.5,6.2,18.7,11.2,6.2,ok
20260717,16,10,1.5,6.4,2.8,13.5,42.0,16.4,ok
20260717,16,11,1.5,3.1,7.0,12.2,14.9,10.3,ok
20260717,16,12,1.4,14.3,2.7,16.7,9.5,30.9,ok
20260717,17,1,1.3,8.7,18.8,2.5,56.6,56.6,ok
20260717,17,2,3.2,2.3,10.5,2.4,14.0,42.0,ok
20260717,17,3,2.5,1.6,7.9,8.3,16.7,75.3,ok
20260717,17,4,1.0,36.5,29.2,36.5,9.7,11.2,ok
20260717,17,5,1.6,3.2,7.5,4.3,30.3,50.5,ok
20260717,17,6,2.6,5.9,2.6,5.0,11.1,7.6,ok
20260717,17,7,2.7,36.3,10.6,15.1,1.3,45.3,ok
20260717,17,8,2.1,1.7,10.7,10.7,32.2,12.9,ok
20260717,17,9,1.0,11.8,6.1,18.3,16.8,100.8,ok
20260717,17,11,3.2,10.8,11.8,1.2,18.6,43.5,ok
20260717,17,12,3.1,8.6,17.9,1.3,9.5,53.7,ok
20260717,18,1,1.5,5.2,6.3,6.3,10.5,14.0,ok
20260717,18,2,1.4,5.3,7.6,9.2,4.6,110.6,ok
20260717,18,3,1.2,4.3,8.0,11.8,16.1,17.7,ok
20260717,18,4,1.0,8.2,17.9,9.8,49.3,16.4,ok
20260717,18,5,1.8,12.2,14.7,6.6,21.0,2.1,ok
20260717,18,6,2.0,10.7,4.3,2.2,27.2,37.5,ok
20260717,18,7,2.1,1.8,6.9,80.2,8.4,32.1,ok
20260717,18,8,5.8,7.6,1.3,5.6,21.9,21.9,ok
20260717,18,9,1.9,6.4,6.8,2.0,58.0,174.0,ok
20260717,18,10,4.5,4.3,2.7,5.1,5.0,7.5,ok
20260717,18,11,1.3,7.7,8.7,6.6,7.7,19.3,ok
20260717,18,12,1.1,7.7,33.5,10.0,12.5,6.7,ok
20260717,21,1,2.3,2.6,2.3,40.7,31.6,21.9,ok
20260717,21,2,1.3,7.6,11.7,2.9,21.5,51.7,ok
20260717,21,3,1.8,5.9,3.6,6.4,6.6,33.3,ok
20260717,21,4,1.6,6.0,6.2,6.4,9.5,7.8,ok
20260717,21,5,1.1,17.0,5.3,14.9,21.6,13.2,ok
20260717,21,6,3.4,3.3,10.5,3.9,7.0,4.0,ok
20260717,21,7,2.7,19.0,3.6,1.7,76.0,13.1,ok
20260717,21,8,1.5,22.1,6.0,18.9,2.3,66.3,ok
20260717,21,9,1.1,8.5,20.2,9.0,18.0,9.5,ok
20260717,21,10,1.2,6.2,13.8,24.9,4.9,20.7,ok
20260717,21,11,3.1,2.6,6.1,6.3,6.6,6.0,ok
20260717,21,12,1.3,8.3,27.0,7.2,5.4,9.8,ok
20260717,24,1,1.1,9.5,7.5,17.5,15.0,7.5,ok
20260717,24,2,6.5,2.9,2.6,15.6,2.5,60.0,ok
20260717,24,3,2.3,2.3,7.2,7.8,5.1,105.3,ok
20260717,24,4,5.2,1.1,7.1,21.1,16.7,16.7,ok
20260717,24,5,2.8,1.6,4.4,13.8,14.7,76.3,ok
20260717,24,6,1.6,6.0,3.9,14.2,11.4,7.2,ok
20260717,24,7,1.1,10.9,17.6,20.8,9.1,7.4,ok
20260717,24,8,1.2,11.2,13.0,6.3,12.0,9.0,ok
20260717,24,9,2.2,4.6,2.7,9.6,8.1,10.5,ok
20260717,24,10,2.4,1.5,20.9,6.6,14.6,31.3,ok
20260717,24,11,1.4,3.3,8.0,10.0,13.1,21.0,ok
20260717,24,12,1.6,3.9,3.4,17.9,17.2,12.8,ok
20260717,08,3,1.4,2.3,9.9,9.3,,46.5,part
20260717,08,8,2.6,7.9,5.6,2.0,5.6,,part
20260717,08,12,1.7,4.6,15.0,2.0,120.7,,part
20260717,17,10,5.3,22.7,1.0,12.9,72.7,,part
20260718,01,1,3.3,4.9,2.0,10.6,5.3,14.8,ok
20260718,01,2,1.3,25.8,10.1,17.8,2.9,19.3,ok
20260718,01,3,1.4,27.7,3.4,20.8,4.8,13.8,ok
20260718,01,4,2.5,5.1,4.1,3.6,7.7,8.8,ok
20260718,01,5,1.5,10.2,6.8,9.0,6.2,5.8,ok
20260718,01,6,1.2,5.7,20.1,9.1,6.0,50.2,ok
20260718,01,7,1.5,4.4,3.7,11.7,16.4,32.8,ok
20260718,01,8,2.0,3.2,4.1,9.3,6.9,17.4,ok
20260718,01,9,1.4,2.7,8.4,18.5,12.3,37.0,ok
20260718,01,10,1.1,6.9,7.0,16.0,50.7,15.2,ok
20260718,01,11,1.0,8.8,13.7,11.3,15.8,28.8,ok
20260718,01,12,1.2,6.4,8.4,5.7,20.6,18.1,ok
20260718,02,1,1.7,6.5,4.8,3.1,19.5,48.7,ok
20260718,02,2,5.8,2.0,9.0,1.9,56.1,28.0,ok
20260718,02,3,1.5,5.0,16.3,3.1,18.3,18.3,ok
20260718,02,4,3.0,12.3,1.8,4.2,11.3,19.3,ok
20260718,02,5,1.7,37.1,8.0,1.9,14.1,74.2,ok
20260718,02,6,2.9,1.6,18.0,15.9,4.4,30.0,ok
20260718,02,7,1.8,4.7,3.6,8.4,10.8,11.7,ok
20260718,02,8,1.9,8.9,2.1,9.2,7.9,74.2,ok
20260718,02,9,4.7,6.1,2.1,4.5,4.0,55.0,ok
20260718,02,10,1.9,2.6,13.0,14.7,4.7,10.7,ok
20260718,02,11,2.7,1.2,12.9,36.3,25.9,25.9,ok
20260718,02,12,1.7,9.7,11.9,3.0,7.5,8.7,ok
20260718,04,1,1.3,15.8,8.7,3.7,24.9,7.5,ok
20260718,04,2,1.5,5.8,4.7,9.1,9.1,13.2,ok
20260718,04,3,4.0,1.9,3.5,7.1,9.8,22.6,ok
20260718,04,4,3.1,9.7,3.2,18.4,1.8,46.1,ok
20260718,04,5,1.5,4.1,6.0,15.5,19.7,6.5,ok
20260718,04,6,3.3,1.5,7.1,8.1,11.8,26.6,ok
20260718,04,7,1.7,12.9,2.1,8.0,24.1,19.0,ok
20260718,04,8,1.5,7.5,5.5,3.4,20.4,28.6,ok
20260718,04,9,2.1,1.8,10.9,12.8,14.1,10.9,ok
20260718,04,10,1.0,6.7,12.5,10.4,19.5,34.7,ok
20260718,04,11,1.8,3.1,4.3,11.2,19.9,8.3,ok
20260718,04,12,1.9,5.2,6.8,4.0,12.0,6.6,ok
20260718,07,1,1.4,26.3,12.4,2.0,23.5,73.1,ok
20260718,07,2,1.3,3.2,5.1,15.9,74.2,37.1,ok
20260718,07,3,1.0,46.0,6.1,46.0,10.6,39.4,ok
20260718,07,4,1.3,11.7,5.1,7.1,5.4,91.1,ok
20260718,07,5,1.3,10.4,5.0,8.9,11.8,13.6,ok
20260718,07,6,1.0,11.6,11.3,9.7,13.3,20.2,ok
20260718,07,7,1.2,11.7,7.5,17.4,16.0,5.9,ok
20260718,07,8,1.3,9.5,8.4,11.6,7.7,7.5,ok
20260718,07,9,1.1,11.0,9.9,8.7,8.5,22.1,ok
20260718,07,10,1.9,3.1,5.4,7.0,11.2,13.1,ok
20260718,07,11,1.3,5.9,7.0,11.1,12.3,11.1,ok
20260718,07,12,1.4,13.0,12.0,2.6,14.4,32.4,ok
20260718,08,1,1.0,12.1,12.1,16.2,12.1,24.3,ok
20260718,08,2,1.5,4.7,6.9,8.8,6.2,15.5,ok
20260718,08,3,3.9,2.2,5.3,2.6,29.6,23.7,ok
20260718,08,4,1.4,7.8,10.5,5.7,4.5,31.5,ok
20260718,08,5,1.6,6.1,8.2,9.9,7.0,4.9,ok
20260718,08,6,1.5,9.9,4.7,9.0,9.0,7.6,ok
20260718,08,7,1.6,5.6,4.4,7.9,7.9,13.2,ok
20260718,08,8,2.7,3.0,4.1,6.0,26.0,5.2,ok
20260718,08,9,2.8,7.2,13.3,1.6,7.2,93.7,ok
20260718,08,10,2.0,2.4,5.9,6.6,10.4,33.4,ok
20260718,08,11,1.0,6.3,12.6,16.2,10.3,57.0,ok
20260718,08,12,1.0,16.1,7.0,21.2,33.6,57.6,ok
20260718,09,1,1.6,2.9,8.0,6.7,9.8,42.7,ok
20260718,09,2,4.0,6.4,9.9,1.5,7.8,21.2,ok
20260718,09,3,4.8,6.8,1.5,7.7,19.3,6.1,ok
20260718,09,4,1.3,4.3,12.0,6.2,8.4,36.0,ok
20260718,09,5,2.6,2.9,5.3,3.8,8.0,26.7,ok
20260718,09,6,1.7,2.6,14.7,4.9,9.8,44.2,ok
20260718,09,7,1.0,55.1,22.7,32.1,77.2,96.5,ok
20260718,09,8,1.6,5.0,6.5,3.5,21.7,32.6,ok
20260718,09,9,1.2,4.5,12.4,6.5,19.5,22.7,ok
20260718,09,11,1.3,3.6,21.6,9.1,8.2,14.4,ok
20260718,09,12,1.2,9.3,5.6,9.5,21.9,13.1,ok
20260718,10,1,1.0,18.3,9.1,22.8,18.3,15.2,ok
20260718,10,2,6.0,1.0,51.5,34.3,65.6,80.2,ok
20260718,10,3,1.3,19.5,3.7,7.5,13.9,24.3,ok
20260718,10,4,1.4,13.3,14.2,2.4,17.8,21.3,ok
20260718,10,5,2.2,11.6,34.9,1.5,8.0,44.8,ok
20260718,10,6,2.7,2.5,3.8,16.0,5.3,13.3,ok
20260718,10,7,4.1,5.3,9.6,55.6,1.3,74.2,ok
20260718,10,8,2.4,3.3,1.9,31.5,21.0,31.5,ok
20260718,10,9,2.4,3.9,2.5,9.3,6.8,37.5,ok
20260718,10,11,1.5,8.4,4.7,5.1,6.6,194.2,ok
20260718,10,12,1.1,7.9,7.7,11.7,10.8,45.1,ok
20260718,11,1,2.7,3.6,5.4,4.8,4.3,12.5,ok
20260718,11,2,2.5,2.2,5.6,10.8,5.4,27.0,ok
20260718,11,3,2.2,4.1,5.8,4.1,5.0,35.2,ok
20260718,11,4,2.2,10.0,3.3,2.9,16.7,10.0,ok
20260718,11,5,1.5,4.7,7.7,3.1,37.2,62.0,ok
20260718,11,6,3.6,4.6,6.3,1.8,8.4,50.7,ok
20260718,11,7,1.0,60.0,12.0,15.0,12.0,12.0,ok
20260718,11,8,1.7,10.1,22.9,5.4,9.1,2.9,ok
20260718,11,9,2.6,5.0,7.3,9.2,2.0,24.6,ok
20260718,11,10,1.0,23.0,54.7,48.6,48.6,25.7,ok
20260718,11,11,1.0,7.9,12.5,29.2,43.8,14.6,ok
20260718,12,1,5.3,1.5,8.5,5.3,5.3,42.7,ok
20260718,12,2,1.9,11.4,3.4,2.5,63.0,31.5,ok
20260718,12,3,4.7,11.1,4.0,1.4,16.7,44.7,ok
20260718,12,4,1.2,19.6,6.2,43.5,3.6,65.3,ok
20260718,12,5,1.0,23.6,13.5,10.5,31.5,9.4,ok
20260718,12,6,2.6,5.5,14.4,13.0,1.6,65.0,ok
20260718,12,7,4.3,1.8,6.1,15.5,8.9,4.3,ok
20260718,12,8,1.0,19.7,65.7,5.1,19.7,49.3,ok
20260718,12,9,1.0,7.5,22.3,31.5,6.7,35.8,ok
20260718,12,10,1.2,7.0,5.4,8.1,10.1,94.5,ok
20260718,12,11,1.3,7.5,9.8,11.0,4.8,15.5,ok
20260718,12,12,1.1,16.6,10.5,15.3,6.8,14.2,ok
20260718,13,1,1.1,16.4,11.4,13.8,7.5,7.7,ok
20260718,13,2,2.4,7.9,2.1,3.7,19.8,39.7,ok
20260718,13,3,2.3,2.5,9.4,3.3,18.8,16.5,ok
20260718,13,4,2.1,7.6,23.5,9.1,1.8,40.3,ok
20260718,13,5,1.6,3.7,9.0,6.4,31.5,6.3,ok
20260718,13,6,1.9,10.1,2.8,12.9,20.2,4.2,ok
20260718,13,7,1.5,6.2,3.9,6.2,15.3,19.6,ok
20260718,13,8,1.0,31.9,10.6,31.9,15.9,21.7,ok
20260718,13,9,1.5,9.5,4.6,5.3,6.7,30.2,ok
20260718,13,10,1.3,4.2,17.3,10.1,6.3,14.2,ok
20260718,13,11,1.0,14.8,9.2,9.6,10.3,44.5,ok
20260718,13,12,1.6,5.4,3.9,8.8,9.1,12.5,ok
20260718,16,1,1.5,4.8,5.5,8.6,8.6,11.1,ok
20260718,16,2,3.2,2.3,5.7,2.5,114.0,38.0,ok
20260718,16,3,2.6,5.8,2.3,4.2,11.1,41.0,ok
20260718,16,4,2.5,14.0,32.2,20.1,24.8,1.3,ok
20260718,16,5,2.6,6.0,2.5,7.5,13.9,5.4,ok
20260718,16,6,1.9,12.2,1.7,22.0,55.1,12.2,ok
20260718,16,8,5.4,1.1,9.8,13.6,12.6,17.5,ok
20260718,16,9,1.3,3.0,13.5,9.0,20.2,40.5,ok
20260718,16,10,1.9,3.2,3.7,8.4,19.2,17.6,ok
20260718,16,11,1.6,4.6,8.2,3.3,15.3,26.8,ok
20260718,16,12,1.0,20.5,5.4,19.1,15.7,20.5,ok
20260718,17,1,1.3,17.4,2.3,46.5,15.5,46.5,ok
20260718,17,2,1.3,2.9,15.3,11.5,30.7,13.1,ok
20260718,17,3,2.3,4.8,2.3,4.8,19.5,39.0,ok
20260718,17,4,2.0,10.2,3.5,11.1,6.4,4.3,ok
20260718,17,5,1.8,32.2,1.6,64.5,32.2,9.2,ok
20260718,17,6,1.3,77.2,19.3,11.0,77.2,2.2,ok
20260718,17,7,1.1,11.3,16.9,3.8,22.6,27.1,ok
20260718,17,8,1.9,1.9,90.0,10.0,6.9,22.5,ok
20260718,17,9,1.1,11.6,5.0,10.7,35.0,14.0,ok
20260718,17,10,3.8,1.6,55.2,18.4,2.6,55.2,ok
20260718,17,11,1.3,4.6,3.6,34.5,23.0,69.0,ok
20260718,17,12,1.0,51.7,9.5,86.2,4.1,43.1,ok
20260718,18,1,1.2,24.1,6.7,5.7,10.0,24.1,ok
20260718,18,2,1.0,7.1,18.5,15.2,23.8,19.6,ok
20260718,18,3,1.7,33.6,11.7,7.8,1.9,39.2,ok
20260718,18,4,1.3,2.6,23.1,27.4,12.5,21.5,ok
20260718,18,5,2.0,4.5,9.5,17.3,21.2,2.4,ok
20260718,18,6,2.6,4.5,3.7,4.3,36.1,4.8,ok
20260718,18,7,3.3,1.9,7.4,3.7,13.0,26.0,ok
20260718,18,8,1.5,2.6,7.8,10.7,19.0,34.3,ok
20260718,18,9,1.7,10.8,7.8,2.5,13.1,13.6,ok
20260718,18,12,1.0,23.1,16.5,28.8,9.6,115.5,ok
20260718,20,1,1.3,11.9,7.3,4.2,10.4,41.8,ok
20260718,20,2,2.5,1.6,11.0,15.1,8.6,13.5,ok
20260718,20,3,1.6,23.9,7.9,38.9,2.1,17.2,ok
20260718,20,4,1.5,8.8,37.8,1.9,44.1,33.0,ok
20260718,20,5,1.1,4.7,25.8,6.6,22.5,30.1,ok
20260718,20,6,1.2,12.4,11.5,4.6,14.7,14.7,ok
20260718,20,7,1.8,21.5,1.7,22.7,35.1,9.9,ok
20260718,20,8,,3.5,1.1,22.7,12.9,47.7,ok
20260718,20,9,1.1,12.8,6.7,12.8,16.0,8.5,ok
20260718,20,10,1.1,10.3,10.9,5.3,31.1,11.4,ok
20260718,20,11,1.3,15.2,2.6,35.3,10.2,47.1,ok
20260718,20,12,1.0,13.9,5.6,14.7,18.5,20.4,ok
20260718,21,1,1.2,7.6,7.6,7.3,16.8,16.8,ok
20260718,21,2,2.6,26.7,83.1,1.1,31.1,106.9,ok
20260718,21,3,2.3,28.5,1.3,10.8,19.5,61.7,ok
20260718,21,4,1.1,9.9,6.3,7.3,28.7,64.6,ok
20260718,21,5,1.1,10.2,7.6,14.3,15.3,8.5,ok
20260718,21,6,2.0,16.2,19.0,4.5,10.3,2.4,ok
20260718,21,7,1.4,10.5,4.7,9.7,6.8,15.1,ok
20260718,21,8,2.4,9.9,6.4,2.0,18.5,7.6,ok
20260718,21,9,2.6,7.1,2.1,3.5,17.3,60.7,ok
20260718,21,10,1.0,7.3,12.3,11.8,16.9,22.6,ok
20260718,21,11,1.1,14.2,8.7,8.2,12.0,14.2,ok
20260718,21,12,1.3,6.5,5.4,11.5,13.0,14.8,ok
20260718,10,10,3.9,9.8,1.1,,12.2,32.7,part
20260718,11,12,1.0,,25.6,25.6,34.2,,part
20260718,16,7,1.2,16.3,81.7,2.1,,40.8,part
20260718,18,10,1.3,3.4,5.1,11.6,,,part
20260718,18,11,1.3,2.0,15.3,25.5,,38.2,part
20260719,01,1,1.5,6.1,3.3,10.5,12.2,14.7,ok
20260719,01,2,2.1,3.2,3.8,16.9,28.2,4.9,ok
20260719,01,3,1.7,2.8,22.7,4.2,34.1,8.5,ok
20260719,01,4,1.4,12.4,7.9,6.5,10.1,4.8,ok
20260719,01,5,1.6,12.1,4.8,3.2,14.5,16.1,ok
20260719,01,6,1.3,29.5,8.8,8.8,6.3,5.5,ok
20260719,01,7,1.3,14.2,2.8,10.0,21.3,28.5,ok
20260719,01,8,1.0,11.2,15.5,40.6,21.7,27.1,ok
20260719,01,9,4.1,11.1,1.5,6.4,5.5,69.9,ok
20260719,01,10,1.3,4.2,6.5,14.3,14.3,16.2,ok
20260719,01,11,1.8,3.7,4.0,9.6,8.0,25.9,ok
20260719,01,12,1.2,5.0,8.4,6.2,21.0,29.4,ok
20260719,02,1,3.0,2.2,2.7,8.6,23.0,34.5,ok
20260719,02,2,2.8,6.5,6.8,4.0,2.4,28.6,ok
20260719,02,3,4.3,3.2,3.2,8.6,3.2,13.8,ok
20260719,02,4,2.6,1.9,8.6,5.0,9.6,57.7,ok
20260719,02,5,3.0,7.8,7.2,2.4,3.7,15.7,ok
20260719,02,6,5.0,3.0,1.9,4.6,38.5,24.5,ok
20260719,02,7,1.0,10.1,13.0,13.0,15.2,30.5,ok
20260719,02,8,2.2,2.6,5.8,7.8,5.8,35.2,ok
20260719,02,9,6.3,9.4,1.2,10.8,25.2,9.4,ok
20260719,02,11,2.2,5.4,2.8,4.1,35.6,10.1,ok
20260719,02,12,1.3,7.7,8.4,4.3,12.6,35.5,ok
20260719,04,1,3.4,10.9,7.1,7.1,1.6,17.2,ok
20260719,04,2,1.2,18.0,30.8,15.4,16.6,3.1,ok
20260719,04,3,4.0,3.5,10.6,7.9,4.8,2.6,ok
20260719,04,4,5.0,1.4,8.1,9.7,8.3,10.5,ok
20260719,04,5,5.6,5.2,2.5,7.0,5.0,4.2,ok
20260719,04,6,1.9,1.8,9.6,12.4,18.3,27.5,ok
20260719,04,7,2.3,17.4,17.4,1.6,7.5,15.5,ok
20260719,04,8,3.1,6.8,10.8,1.4,15.1,272.2,ok
20260719,04,9,4.3,5.7,3.7,12.7,1.7,72.5,ok
20260719,04,10,2.1,5.7,1.8,13.2,28.2,18.8,ok
20260719,04,11,2.7,3.8,2.1,36.2,36.2,5.3,ok
20260719,04,12,1.4,8.0,5.8,9.2,4.4,41.7,ok
20260719,05,1,3.0,19.5,1.2,15.6,15.6,31.3,ok
20260719,05,2,1.5,6.0,3.8,5.6,15.2,34.8,ok
20260719,05,3,1.7,9.5,2.9,23.8,7.3,7.3,ok
20260719,05,4,2.4,7.9,2.1,6.4,10.3,13.5,ok
20260719,05,5,3.3,7.9,1.5,8.9,17.8,8.9,ok
20260719,05,6,1.9,18.0,5.6,2.1,22.9,14.8,ok
20260719,05,7,1.6,20.8,20.8,4.5,2.6,36.5,ok
20260719,05,8,2.2,9.1,29.8,1.5,19.3,20.5,ok
20260719,05,10,1.9,7.1,4.2,4.2,21.3,5.8,ok
20260719,05,11,1.2,8.5,5.3,16.1,10.3,11.1,ok
20260719,05,12,1.0,8.7,19.1,7.8,10.7,34.4,ok
20260719,08,1,1.4,5.1,9.0,4.1,18.0,21.6,ok
20260719,08,2,1.7,5.8,3.3,5.6,18.2,24.3,ok
20260719,08,3,1.4,11.3,12.2,3.9,6.9,17.6,ok
20260719,08,5,3.1,30.7,30.7,1.1,13.9,38.4,ok
20260719,08,6,1.4,9.5,7.1,5.4,10.4,9.5,ok
20260719,08,7,2.2,4.3,2.6,21.7,21.7,5.4,ok
20260719,08,8,2.2,3.2,3.7,8.0,6.0,36.0,ok
20260719,08,9,1.1,7.9,4.0,11.0,71.6,47.7,ok
20260719,08,10,1.4,11.8,8.7,4.8,5.4,26.1,ok
20260719,08,11,1.9,3.1,3.2,24.1,7.6,72.3,ok
20260719,08,12,1.2,7.1,6.1,10.6,12.3,27.9,ok
20260719,09,1,1.7,11.1,2.8,13.1,9.0,6.5,ok
20260719,09,2,1.7,4.0,7.2,6.8,7.7,11.6,ok
20260719,09,3,4.7,1.5,3.1,21.1,10.5,49.2,ok
20260719,09,4,3.1,2.6,6.7,4.2,6.7,9.7,ok
20260719,09,5,2.2,6.2,13.3,3.1,3.6,17.7,ok
20260719,09,6,1.9,5.4,2.8,7.2,8.8,19.8,ok
20260719,09,7,1.1,15.5,7.2,9.9,8.0,19.8,ok
20260719,09,8,2.3,2.5,22.3,9.9,11.1,3.5,ok
20260719,09,9,1.4,15.8,3.0,12.6,10.5,15.8,ok
20260719,09,10,1.5,12.6,2.6,11.5,10.2,39.6,ok
20260719,09,11,1.2,19.4,6.9,5.4,9.7,18.1,ok
20260719,09,12,1.4,5.1,9.5,3.7,24.8,37.2,ok
20260719,10,1,1.0,6.3,25.3,8.4,21.7,50.7,ok
20260719,10,2,2.5,1.2,57.8,28.9,33.7,36.8,ok
20260719,10,3,1.6,8.6,2.6,8.6,10.5,48.4,ok
20260719,10,4,3.3,11.4,4.8,1.6,16.7,11.4,ok
20260719,10,5,1.8,10.6,3.8,26.6,2.6,35.5,ok
20260719,10,6,4.9,5.4,7.6,1.3,30.6,36.8,ok
20260719,10,7,3.6,4.6,5.6,3.3,2.9,39.7,ok
20260719,10,8,10.4,8.1,10.4,1.0,16.9,54.9,ok
20260719,10,9,2.2,13.5,5.7,10.1,1.9,20.2,ok
20260719,10,10,5.4,2.5,3.5,3.6,9.8,9.8,ok
20260719,10,11,1.9,1.8,6.7,26.1,13.9,41.8,ok
20260719,10,12,1.1,6.4,11.8,11.0,7.4,32.1,ok
20260719,11,1,2.1,3.5,4.2,6.7,9.8,9.1,ok
20260719,11,2,1.8,1.8,12.7,20.6,17.9,13.4,ok
20260719,11,3,2.1,9.3,2.5,6.8,22.9,5.2,ok
20260719,11,4,2.2,4.9,2.5,5.7,12.9,23.7,ok
20260719,11,5,1.2,3.7,20.9,9.2,13.5,76.7,ok
20260719,11,6,2.0,3.4,6.6,6.1,5.3,15.9,ok
20260719,11,7,3.2,2.1,3.9,15.0,11.2,6.4,ok
20260719,11,8,2.3,2.2,11.3,11.3,19.8,4.2,ok
20260719,11,10,1.4,3.9,13.6,6.8,9.1,18.2,ok
20260719,11,11,1.5,6.7,4.1,6.7,13.5,18.0,ok
20260719,11,12,2.2,3.5,3.2,7.6,7.1,35.5,ok
20260719,12,3,1.2,6.0,7.9,18.1,12.6,12.6,ok
20260719,12,4,1.2,13.8,15.0,13.8,12.8,4.6,ok
20260719,12,5,2.6,19.5,1.9,26.9,8.9,4.2,ok
20260719,12,6,1.3,7.5,9.9,3.2,37.9,37.9,ok
20260719,12,7,2.9,10.9,18.9,10.9,21.1,1.4,ok
20260719,12,8,1.4,2.7,9.3,8.9,37.5,84.5,ok
20260719,12,9,1.4,4.6,10.6,6.5,12.8,9.5,ok
20260719,12,10,1.3,6.5,4.7,16.1,18.1,11.6,ok
20260719,12,11,1.4,4.7,4.5,5.9,47.9,67.1,ok
20260719,12,12,3.4,19.7,1.1,49.4,30.4,17.1,ok
20260719,16,1,1.4,4.0,6.0,16.8,9.4,18.9,ok
20260719,16,2,1.4,8.0,7.5,4.9,8.5,21.3,ok
20260719,16,3,2.3,3.6,7.1,7.1,17.2,3.4,ok
20260719,16,4,1.2,3.5,27.4,5.8,24.0,48.0,ok
20260719,16,5,1.5,9.7,34.1,3.1,7.5,10.5,ok
20260719,16,6,2.3,5.5,4.6,3.4,9.2,9.2,ok
20260719,16,7,1.3,15.7,9.4,5.9,17.7,4.8,ok
20260719,16,8,2.3,6.5,3.1,6.5,4.5,14.6,ok
20260719,16,10,1.4,8.1,2.7,15.3,30.7,25.1,ok
20260719,16,11,2.1,3.4,8.5,10.9,3.3,17.1,ok
20260719,16,12,1.0,25.2,8.4,22.1,35.4,35.4,ok
20260719,17,1,4.2,3.3,2.7,3.8,9.6,14.4,ok
20260719,17,2,1.2,35.8,2.5,19.5,23.9,23.9,ok
20260719,17,3,2.2,1.6,11.0,14.0,11.0,30.9,ok
20260719,17,4,3.9,1.7,5.4,5.1,10.5,24.1,ok
20260719,17,5,1.3,3.9,13.6,18.2,21.9,5.4,ok
20260719,17,6,2.3,3.4,4.6,6.2,7.5,9.3,ok
20260719,17,7,1.0,22.5,16.8,8.4,6.7,33.7,ok
20260719,17,8,1.5,5.6,8.6,9.3,4.0,37.5,ok
20260719,17,9,2.3,21.6,19.2,1.3,19.2,34.6,ok
20260719,17,10,1.5,2.8,6.3,8.5,18.1,48.5,ok
20260719,17,11,2.9,2.9,13.8,19.3,3.5,4.0,ok
20260719,17,12,1.4,6.9,5.7,8.3,7.8,13.1,ok
20260719,18,1,1.1,10.8,6.6,8.8,14.0,25.9,ok
20260719,18,2,1.6,7.4,2.2,18.6,15.9,27.9,ok
20260719,18,3,1.3,7.9,4.9,10.6,25.5,7.5,ok
20260719,18,4,1.4,3.4,39.5,6.5,5.8,39.5,ok
20260719,18,6,1.3,14.4,6.4,6.2,18.8,5.8,ok
20260719,18,7,1.2,11.3,7.4,6.9,16.6,11.3,ok
20260719,18,8,2.1,2.7,7.9,6.7,33.9,5.0,ok
20260719,18,9,1.3,5.9,7.1,5.9,10.1,23.7,ok
20260719,18,10,1.0,12.4,11.8,19.0,17.7,62.0,ok
20260719,18,11,1.2,6.1,5.5,13.4,19.1,14.9,ok
20260719,18,12,1.0,10.9,14.3,10.0,20.9,38.3,ok
20260719,19,1,1.7,7.3,3.0,8.5,9.5,11.3,ok
20260719,19,2,1.4,2.8,8.7,12.4,58.2,14.5,ok
20260719,19,3,4.4,1.7,7.1,9.3,4.7,11.9,ok
20260719,19,4,4.1,9.2,2.0,15.2,2.5,34.0,ok
20260719,19,5,1.3,14.4,3.1,8.6,15.4,36.0,ok
20260719,19,6,9.6,15.0,1.0,22.0,11.3,75.0,ok
20260719,19,7,5.6,2.8,1.6,7.5,19.7,35.2,ok
20260719,19,8,1.3,14.0,3.5,7.0,16.8,18.0,ok
20260719,19,9,1.4,3.5,5.2,9.7,18.7,30.4,ok
20260719,19,10,1.5,5.1,16.0,17.1,3.0,16.0,ok
20260719,19,11,1.2,4.8,15.9,5.0,22.6,25.9,ok
20260719,19,12,1.3,2.6,14.0,16.6,16.8,21.4,ok
20260719,20,1,1.3,9.6,6.0,7.5,75.4,6.6,ok
20260719,20,2,1.1,4.0,15.4,8.5,38.6,77.2,ok
20260719,20,3,2.0,5.8,1.6,24.2,56.5,84.7,ok
20260719,20,4,1.0,12.1,19.9,14.6,21.9,16.8,ok
20260719,20,5,1.6,3.7,10.7,5.5,12.0,11.3,ok
20260719,20,6,2.4,6.5,2.1,17.3,9.1,7.8,ok
20260719,20,7,1.1,13.4,4.2,67.1,53.7,6.7,ok
20260719,20,9,1.1,13.8,4.4,10.7,235.5,18.1,ok
20260719,20,10,1.0,14.4,11.9,11.2,17.3,15.0,ok
20260719,20,11,1.2,16.4,8.2,4.1,12.7,34.5,ok
20260719,20,12,1.1,15.0,4.7,16.9,15.0,43.4,ok
20260719,21,1,1.1,5.0,15.8,11.5,13.5,29.1,ok
20260719,21,2,1.1,9.0,5.6,21.0,8.6,37.3,ok
20260719,21,3,1.4,14.5,3.5,12.0,5.4,27.1,ok
20260719,21,4,1.2,11.5,7.0,7.8,7.5,43.1,ok
20260719,21,5,1.0,9.1,10.9,24.9,12.9,15.1,ok
20260719,21,6,2.2,10.3,2.4,13.8,13.8,4.2,ok
20260719,21,7,1.9,7.6,2.4,16.8,8.4,9.8,ok
20260719,21,8,1.9,2.4,6.8,16.6,9.3,10.0,ok
20260719,21,9,1.2,13.0,4.6,6.2,32.6,21.7,ok
20260719,21,10,3.7,2.3,3.1,10.1,20.2,5.5,ok
20260719,21,11,1.5,8.0,8.9,4.2,10.0,8.9,ok
20260719,21,12,1.3,6.1,11.7,10.7,13.5,5.2,ok
20260719,22,1,1.4,11.9,4.1,6.1,8.4,18.1,ok
20260719,22,2,1.2,5.5,7.5,7.5,15.1,26.4,ok
20260719,22,3,1.6,4.1,4.1,13.5,10.0,12.7,ok
20260719,22,4,1.6,6.3,6.6,3.9,14.7,12.0,ok
20260719,22,5,1.1,9.2,7.2,9.2,18.5,20.8,ok
20260719,22,6,2.5,10.2,1.6,7.1,31.9,19.6,ok
20260719,22,7,2.1,15.5,3.5,2.2,17.8,39.6,ok
20260719,22,8,1.1,5.3,10.9,14.1,22.5,31.9,ok
20260719,22,9,1.5,6.4,6.2,3.0,29.3,51.3,ok
20260719,22,10,1.6,2.9,5.2,9.3,14.1,31.6,ok
20260719,22,11,1.0,11.6,12.2,14.7,18.4,10.5,ok
20260719,22,12,1.5,3.1,9.8,9.8,7.5,21.7,ok
20260719,02,10,2.4,9.1,1.6,7.3,16.6,,part
20260719,05,9,1.1,7.5,7.5,15.1,8.4,,part
20260719,08,4,2.2,2.9,14.7,3.1,6.3,,part
20260719,11,9,2.0,3.2,3.1,7.2,14.4,,part
20260719,12,1,1.0,9.5,12.6,14.2,22.8,,part
20260719,12,2,1.2,13.1,13.1,6.5,4.6,,part
20260719,16,9,3.5,12.4,3.5,12.4,1.6,,part
20260719,18,5,1.1,22.7,11.3,5.3,,7.2,part
20260719,20,8,1.9,1.5,8.6,21.6,86.6,,part
20260720,02,1,2.3,2.8,4.8,5.5,7.4,37.0,ok
20260720,02,2,2.7,5.5,14.4,1.5,62.7,23.5,ok
20260720,02,3,1.1,17.9,3.5,7.4,44.8,179.2,ok
20260720,02,4,4.5,2.6,6.5,2.4,16.0,8.3,ok
20260720,02,5,1.1,12.1,9.3,4.9,12.7,34.6,ok
20260720,02,6,2.0,2.9,11.4,20.0,2.9,40.1,ok
20260720,02,7,1.4,38.3,30.3,10.2,48.5,2.2,ok
20260720,02,8,9.4,1.9,7.0,1.8,38.3,266.1,ok
20260720,02,9,4.1,2.1,11.4,21.3,58.5,2.1,ok
20260720,02,10,1.9,7.4,8.5,1.9,44.1,24.0,ok
20260720,02,11,1.7,15.2,3.7,3.9,6.1,44.2,ok
20260720,02,12,1.3,8.6,6.6,8.3,8.4,10.2,ok
20260720,04,1,2.0,11.3,10.5,2.2,8.1,9.8,ok
20260720,04,2,1.0,18.3,8.7,15.5,28.8,25.2,ok
20260720,04,3,6.7,4.7,7.2,6.3,2.0,5.4,ok
20260720,04,4,1.7,6.0,4.0,21.5,3.8,19.4,ok
20260720,04,5,5.2,17.6,4.5,2.0,10.9,3.6,ok
20260720,04,6,1.5,65.0,32.5,2.8,10.4,5.0,ok
20260720,04,7,1.7,3.0,12.6,4.2,9.9,86.2,ok
20260720,04,8,2.5,7.4,30.1,2.6,2.5,98.0,ok
20260720,04,9,,1.3,8.3,6.3,5.6,8.8,ok
20260720,04,10,4.0,21.4,1.2,11.2,15.7,14.7,ok
20260720,04,11,4.8,8.6,1.1,18.0,24.7,15.2,ok
20260720,04,12,1.1,6.3,31.8,21.8,5.9,23.1,ok
20260720,05,1,2.6,10.9,120.7,3.2,2.1,13.4,ok
20260720,05,2,2.3,6.7,7.0,1.8,19.1,33.5,ok
20260720,05,4,2.5,2.1,6.1,3.8,36.7,36.7,ok
20260720,05,5,4.5,1.5,7.0,16.0,11.2,6.6,ok
20260720,05,6,2.1,5.4,9.2,2.1,15.3,23.0,ok
20260720,05,7,2.4,6.7,1.5,81.0,13.5,40.5,ok
20260720,05,8,1.3,5.5,9.7,6.1,14.3,11.3,ok
20260720,05,9,2.5,3.1,3.0,6.1,13.0,18.3,ok
20260720,05,10,1.1,11.3,15.1,6.0,9.5,60.5,ok
20260720,05,11,1.0,10.9,8.1,13.2,8.3,106.2,ok
20260720,05,12,1.2,6.0,7.4,7.9,12.4,59.2,ok
20260720,09,1,5.7,9.5,1.5,7.6,4.9,11.7,ok
20260720,09,2,2.2,1.9,11.9,7.6,17.8,8.9,ok
20260720,09,3,3.0,1.6,4.8,22.3,11.1,17.4,ok
20260720,09,4,1.3,4.7,14.8,4.9,44.5,8.9,ok
20260720,09,5,2.3,8.7,2.6,7.1,3.8,64.5,ok
20260720,09,6,4.8,2.4,2.0,7.5,24.0,20.0,ok
20260720,09,7,1.4,5.3,3.6,9.6,19.2,38.5,ok
20260720,09,8,1.9,8.5,7.2,5.0,3.3,15.9,ok
20260720,09,9,1.5,8.9,3.4,8.9,10.2,11.1,ok
20260720,09,10,1.5,15.4,18.3,4.7,4.5,7.5,ok
20260720,09,11,1.8,4.3,4.9,5.5,14.4,8.1,ok
20260720,09,12,1.0,10.4,11.7,14.5,16.0,22.9,ok
20260720,10,1,1.2,6.5,5.7,11.9,21.8,19.0,ok
20260720,10,2,1.2,3.8,9.8,10.7,12.5,45.1,ok
20260720,10,3,1.0,16.6,4.6,12.6,21.5,122.0,ok
20260720,10,4,1.7,6.3,6.3,5.6,4.6,16.9,ok
20260720,10,5,1.6,9.1,7.7,2.5,20.4,21.7,ok
20260720,10,6,3.2,2.1,4.1,9.7,7.0,15.3,ok
20260720,10,7,2.6,14.9,3.9,5.6,2.3,29.8,ok
20260720,10,8,3.8,1.5,3.8,23.2,14.5,23.2,ok
20260720,10,9,3.7,1.4,12.8,6.7,9.6,23.1,ok
20260720,10,10,1.4,6.2,6.2,3.7,29.8,29.8,ok
20260720,10,11,1.4,3.1,7.2,10.1,20.2,20.2,ok
20260720,10,12,2.0,26.9,19.0,1.4,26.9,24.8,ok
20260720,11,1,2.3,5.2,5.5,2.9,7.3,17.7,ok
20260720,11,2,1.4,12.3,5.3,3.4,21.5,17.2,ok
20260720,11,3,1.1,20.7,7.7,15.5,8.8,12.4,ok
20260720,11,4,1.8,7.0,2.4,7.4,25.2,18.0,ok
20260720,11,5,1.2,4.1,49.5,9.9,8.2,16.5,ok
20260720,11,6,2.6,48.7,9.7,1.9,3.3,97.5,ok
20260720,11,7,2.3,5.5,4.6,55.5,7.9,2.7,ok
20260720,11,8,2.0,5.2,15.4,18.2,1.9,50.0,ok
20260720,11,9,1.1,19.1,3.3,25.5,76.5,38.2,ok
20260720,11,10,1.2,3.9,6.3,12.6,21.0,63.0,ok
20260720,11,11,1.0,8.0,15.2,24.0,24.0,168.0,ok
20260720,11,12,1.7,16.0,27.4,1.7,17.4,48.0,ok
20260720,12,1,1.8,2.0,11.7,9.7,44.0,11.0,ok
20260720,12,2,2.9,4.6,6.7,2.3,5.2,45.2,ok
20260720,12,3,4.6,1.9,6.3,2.7,23.2,23.2,ok
20260720,12,4,2.1,64.7,1.9,2.9,144.8,234.0,ok
20260720,12,5,1.2,35.0,8.1,25.0,6.3,6.4,ok
20260720,12,6,2.6,8.4,3.3,3.8,4.5,18.3,ok
20260720,12,7,1.1,6.2,8.8,27.8,30.1,7.3,ok
20260720,12,8,1.4,11.3,4.3,4.6,21.6,23.6,ok
20260720,12,9,4.6,14.4,1.1,25.9,16.9,13.4,ok
20260720,12,10,1.2,7.2,9.4,10.0,8.2,20.8,ok
20260720,12,11,1.0,8.9,18.2,22.3,10.3,13.4,ok
20260720,12,12,1.0,9.3,13.2,11.2,25.1,10.2,ok
20260720,15,1,1.3,6.7,16.3,7.1,7.1,7.6,ok
20260720,15,2,2.4,22.8,4.5,3.5,13.0,3.2,ok
20260720,15,4,3.0,5.8,1.6,16.7,58.5,7.3,ok
20260720,15,5,2.7,3.2,3.9,3.7,7.3,82.7,ok
20260720,15,6,6.3,2.0,2.8,3.2,87.0,49.7,ok
20260720,15,7,3.0,14.2,1.3,18.0,12.2,30.0,ok
20260720,15,8,1.1,7.5,6.4,7.4,37.8,68.1,ok
20260720,15,9,2.2,4.5,2.7,3.8,51.6,35.7,ok
20260720,15,10,1.0,9.4,6.1,16.3,17.4,34.9,ok
20260720,15,11,1.0,15.9,12.5,12.1,12.1,27.0,ok
20260720,15,12,1.1,10.9,13.0,10.1,8.0,21.4,ok
20260720,16,1,2.4,2.5,2.9,6.9,28.8,100.8,ok
20260720,16,2,1.8,10.7,2.6,6.0,13.8,10.7,ok
20260720,16,3,1.9,6.1,2.9,18.5,9.2,6.9,ok
20260720,16,4,1.5,2.7,8.6,5.4,103.5,25.8,ok
20260720,16,5,2.4,2.7,6.2,5.5,10.2,8.4,ok
20260720,16,6,1.7,14.3,9.5,2.0,15.9,35.8,ok
20260720,16,7,1.8,12.1,11.7,7.6,2.3,18.2,ok
20260720,16,8,1.4,5.4,6.3,9.0,9.3,9.6,ok
20260720,16,9,1.9,13.3,17.1,12.0,1.7,30.0,ok
20260720,16,10,1.0,47.1,47.1,52.3,67.3,157.1,ok
20260720,16,11,1.0,15.8,38.1,39.3,53.0,53.0,ok
20260720,16,12,1.0,18.4,11.7,6.7,11.7,25.8,ok
20260720,18,1,1.1,9.6,4.5,15.1,11.7,158.6,ok
20260720,18,2,1.4,6.6,3.7,7.0,11.3,147.0,ok
20260720,18,3,1.4,7.1,4.3,20.6,5.0,29.4,ok
20260720,18,4,1.2,3.6,10.5,25.3,7.9,63.3,ok
20260720,18,5,1.0,17.5,14.4,5.7,49.0,81.7,ok
20260720,18,6,1.6,8.8,5.7,3.9,33.1,6.6,ok
20260720,18,7,1.2,8.8,10.5,7.0,6.2,52.8,ok
20260720,18,8,1.3,6.1,16.8,5.8,45.0,5.4,ok
20260720,18,9,1.5,4.7,14.8,4.0,13.9,11.8,ok
20260720,18,10,1.3,3.7,12.7,8.9,13.7,17.8,ok
20260720,18,11,1.0,7.3,12.2,7.7,29.4,29.4,ok
20260720,18,12,1.0,3.8,17.3,21.9,73.2,65.9,ok
20260720,19,1,2.5,3.6,2.3,10.1,28.7,9.5,ok
20260720,19,2,2.2,2.5,8.0,5.0,9.4,17.9,ok
20260720,19,3,2.8,18.6,1.5,10.2,6.2,40.9,ok
20260720,19,4,1.6,8.8,4.0,4.3,21.2,11.9,ok
20260720,19,5,2.0,17.8,5.8,2.7,14.7,5.5,ok
20260720,19,6,2.4,6.4,1.8,14.5,8.2,36.2,ok
20260720,19,7,3.5,2.3,2.5,47.0,47.0,4.8,ok
20260720,19,8,1.1,48.7,6.2,5.1,31.0,11.3,ok
20260720,19,9,3.1,3.0,12.7,4.0,14.7,3.3,ok
20260720,19,10,1.2,12.2,4.9,8.2,18.2,13.5,ok
20260720,19,11,1.0,20.8,29.6,10.7,37.5,40.2,ok
20260720,19,12,1.1,9.2,9.5,13.8,16.9,12.4,ok
20260720,20,1,1.5,4.0,8.0,6.7,5.3,237.5,ok
20260720,20,2,4.2,5.1,2.0,8.8,3.7,39.9,ok
20260720,20,3,1.6,2.0,8.4,54.7,10.9,109.5,ok
20260720,20,4,2.0,19.8,3.7,5.1,29.8,3.2,ok
20260720,20,5,1.0,10.5,11.1,6.7,28.7,25.1,ok
20260720,20,6,1.3,75.0,5.0,18.7,4.6,9.3,ok
20260720,20,7,1.1,9.3,3.6,23.5,57.2,19.0,ok
20260720,20,8,1.8,3.3,2.8,21.3,35.5,17.7,ok
20260720,20,9,1.3,3.2,25.0,6.2,15.6,62.6,ok
20260720,20,10,1.7,2.9,20.8,4.6,9.0,21.9,ok
20260720,20,11,1.1,8.6,12.2,4.5,26.9,26.9,ok
20260720,20,12,1.0,27.2,14.3,17.9,16.3,20.0,ok
20260720,22,1,1.7,2.9,9.9,4.4,19.8,17.0,ok
20260720,22,2,1.7,3.5,4.9,8.5,9.8,15.2,ok
20260720,22,3,2.8,3.8,4.5,4.4,4.7,15.9,ok
20260720,22,4,2.0,4.6,3.9,16.1,12.4,4.4,ok
20260720,22,5,1.3,7.5,5.7,7.5,12.2,16.9,ok
20260720,22,6,1.5,5.2,3.7,9.0,11.0,41.8,ok
20260720,22,7,3.5,3.8,2.4,8.6,5.0,14.3,ok
20260720,22,8,1.6,6.4,12.5,5.6,4.4,11.0,ok
20260720,22,9,2.6,5.3,7.6,2.7,10.6,5.3,ok
20260720,22,10,1.0,11.0,13.1,34.5,13.1,9.8,ok
20260720,22,11,1.2,4.6,10.2,7.3,12.9,27.7,ok
20260720,22,12,1.3,9.9,18.6,5.0,21.1,5.5,ok
20260720,05,3,3.5,30.6,36.7,,1.5,3.0,part
20260720,15,3,4.0,2.7,4.6,3.6,4.3,,part
20260721,04,1,3.1,11.0,4.5,1.5,22.0,55.1,ok
20260721,04,2,7.8,2.6,2.0,7.1,5.3,43.1,ok
20260721,04,3,4.5,2.9,3.9,2.8,7.1,33.2,ok
20260721,04,4,3.9,4.3,5.2,1.9,12.3,16.4,ok
20260721,04,5,8.9,5.1,1.7,2.7,28.0,24.5,ok
20260721,04,6,2.0,2.5,6.0,10.1,13.5,8.5,ok
20260721,04,7,3.3,4.4,8.0,3.1,7.8,4.1,ok
20260721,04,8,3.2,6.4,5.5,2.4,8.7,5.8,ok
20260721,04,9,1.4,10.1,2.4,16.8,30.3,30.3,ok
20260721,04,10,1.7,5.7,3.2,5.7,10.3,51.7,ok
20260721,04,11,1.8,3.9,10.5,3.1,15.1,21.1,ok
20260721,04,12,1.8,5.7,5.8,5.2,4.7,19.9,ok
20260721,05,1,1.8,4.1,9.8,9.8,3.3,25.5,ok
20260721,05,3,2.9,2.6,5.3,13.3,2.9,53.2,ok
20260721,05,4,1.8,2.0,9.5,12.3,35.1,11.1,ok
20260721,05,5,3.0,2.0,21.7,10.8,3.1,21.7,ok
20260721,05,6,3.9,2.2,5.5,2.2,156.0,78.0,ok
20260721,05,7,1.2,57.0,19.0,2.8,9.5,38.0,ok
20260721,05,8,2.3,4.6,4.1,2.5,28.1,56.2,ok
20260721,05,9,3.5,3.5,2.1,3.8,35.0,105.0,ok
20260721,05,10,2.0,4.3,9.7,2.7,7.8,39.0,ok
20260721,05,11,1.8,6.9,2.2,7.3,34.5,34.5,ok
20260721,05,12,1.1,19.3,2.8,45.6,50.2,71.7,ok
20260721,09,1,1.8,5.7,3.0,17.3,5.5,15.4,ok
20260721,09,2,1.5,4.8,4.5,22.6,11.3,7.1,ok
20260721,09,3,2.1,3.7,3.2,5.1,13.1,29.6,ok
20260721,09,4,4.8,5.2,1.9,5.7,7.2,8.2,ok
20260721,09,5,3.1,6.9,,1.8,28.5,3.4,ok
20260721,09,6,1.6,3.7,4.8,7.5,9.9,24.9,ok
20260721,09,7,1.9,19.8,7.5,5.6,2.4,15.9,ok
20260721,09,8,1.6,1.9,10.9,10.0,76.7,38.3,ok
20260721,09,9,1.3,15.9,3.9,21.6,7.2,12.5,ok
20260721,09,10,1.6,1.6,33.2,17.2,42.3,46.5,ok
20260721,09,11,1.1,8.5,13.5,7.4,9.8,13.5,ok
20260721,09,12,1.3,10.5,12.1,15.7,3.8,9.7,ok
20260721,10,1,1.2,7.9,6.7,6.0,19.5,17.5,ok
20260721,10,2,1.2,8.7,5.1,12.2,6.9,36.6,ok
20260721,10,3,1.6,8.5,2.5,12.8,12.8,17.0,ok
20260721,10,4,1.3,17.6,4.5,8.8,5.8,23.5,ok
20260721,10,5,2.5,5.0,7.6,8.1,3.6,4.6,ok
20260721,10,6,2.5,16.4,2.9,3.1,6.4,13.4,ok
20260721,10,7,3.3,4.7,5.2,9.6,4.5,3.2,ok
20260721,10,8,2.3,3.1,6.0,3.9,11.7,13.0,ok
20260721,10,9,5.6,2.3,8.0,4.0,13.8,3.4,ok
20260721,10,10,2.2,5.6,6.0,4.5,5.2,7.1,ok
20260721,10,11,1.2,10.6,4.6,11.4,14.9,21.3,ok
20260721,10,12,1.2,4.0,8.6,27.6,7.6,55.3,ok
20260721,11,1,2.3,3.9,2.5,14.2,7.5,16.2,ok
20260721,11,2,1.8,7.2,3.0,3.6,27.9,48.9,ok
20260721,11,3,1.6,4.3,5.6,15.6,4.6,20.8,ok
20260721,11,4,1.3,10.3,2.5,19.3,16.1,58.0,ok
20260721,11,5,1.4,7.7,6.2,4.1,20.7,20.7,ok
20260721,11,6,1.0,8.2,37.1,12.3,6.1,37.1,ok
20260721,11,7,1.2,7.5,8.3,17.6,15.9,6.3,ok
20260721,11,8,2.6,3.2,9.2,7.1,2.8,21.5,ok
20260721,11,11,2.7,1.1,16.5,66.3,66.3,132.7,ok
20260721,11,12,1.0,5.1,15.2,13.5,40.6,40.6,ok
20260721,12,1,5.9,5.4,1.2,12.7,12.7,60.7,ok
20260721,12,2,2.0,11.7,5.6,4.8,2.7,141.0,ok
20260721,12,3,1.4,4.5,5.5,8.3,7.7,100.5,ok
20260721,12,4,1.5,2.3,8.8,14.1,40.0,16.0,ok
20260721,12,5,1.2,8.5,11.4,7.1,14.3,8.5,ok
20260721,12,6,4.4,1.2,13.8,20.7,5.4,124.5,ok
20260721,12,7,2.2,2.7,2.2,27.8,61.3,51.1,ok
20260721,12,8,1.2,11.0,3.4,14.1,19.8,33.0,ok
20260721,12,9,3.2,3.4,13.8,1.9,10.5,21.9,ok
20260721,12,10,1.9,7.8,1.9,11.5,24.6,21.5,ok
20260721,12,11,1.1,8.5,9.3,7.9,23.9,19.7,ok
20260721,12,12,1.2,5.4,12.2,5.6,23.5,26.0,ok
20260721,15,1,1.0,10.3,19.1,26.8,26.8,19.1,ok
20260721,15,2,1.6,11.6,9.9,3.8,3.8,69.7,ok
20260721,15,4,1.2,3.8,11.4,7.9,159.7,39.9,ok
20260721,15,5,1.7,3.3,11.2,5.0,6.3,33.7,ok
20260721,15,6,1.2,7.3,10.5,8.4,6.2,84.3,ok
20260721,15,7,2.0,44.4,1.7,4.5,44.4,59.2,ok
20260721,15,8,1.1,14.9,6.7,6.2,20.3,44.7,ok
20260721,15,9,2.2,1.8,28.6,4.4,19.1,28.6,ok
20260721,15,10,2.4,1.6,4.5,13.8,69.0,103.5,ok
20260721,15,11,1.1,5.7,10.0,16.9,13.6,16.2,ok
20260721,15,12,1.0,22.6,7.6,13.2,29.5,32.0,ok
20260721,16,1,2.6,2.9,3.6,5.1,14.8,12.1,ok
20260721,16,2,1.5,10.4,5.2,3.9,13.5,15.0,ok
20260721,16,3,1.7,2.5,8.2,7.2,16.5,30.3,ok
20260721,16,4,2.4,5.7,8.4,5.5,2.7,11.4,ok
20260721,16,5,2.3,10.2,11.4,13.9,3.0,3.0,ok
20260721,16,6,2.2,3.8,8.3,21.8,23.3,2.4,ok
20260721,16,7,2.2,10.0,8.1,2.5,18.8,4.5,ok
20260721,16,8,1.3,9.6,15.7,19.2,2.8,20.3,ok
20260721,16,9,2.1,6.5,26.0,5.8,46.9,2.0,ok
20260721,16,10,1.2,4.1,10.9,11.7,14.9,16.4,ok
20260721,16,11,1.0,11.2,17.3,10.2,25.0,13.2,ok
20260721,16,12,1.3,7.7,19.8,14.3,3.1,23.8,ok
20260721,19,1,3.1,2.5,3.9,4.4,19.2,11.2,ok
20260721,19,2,3.1,5.9,2.6,5.1,4.3,23.6,ok
20260721,19,3,3.1,11.7,2.3,10.1,3.3,9.0,ok
20260721,19,4,2.6,4.8,2.5,4.7,50.1,7.9,ok
20260721,19,5,1.8,27.4,1.5,32.2,39.2,16.6,ok
20260721,19,6,3.4,1.3,10.0,18.0,7.6,48.9,ok
20260721,19,7,1.8,2.9,5.4,11.8,6.6,34.5,ok
20260721,19,8,1.0,19.8,12.0,14.7,25.4,32.6,ok
20260721,19,9,2.8,1.6,11.2,21.7,6.3,11.5,ok
20260721,19,10,1.3,2.7,26.9,11.8,40.4,11.8,ok
20260721,19,11,1.1,6.3,11.3,14.7,26.2,11.3,ok
20260721,19,12,1.0,12.0,6.7,12.7,27.0,24.1,ok
20260721,20,1,2.3,7.3,10.2,1.7,20.5,17.1,ok
20260721,20,2,27.4,47.7,1.0,25.1,8.3,453.3,ok
20260721,20,3,1.0,17.1,14.8,7.6,20.2,222.7,ok
20260721,20,4,1.0,6.8,7.4,17.9,19.1,29.8,ok
20260721,20,5,1.6,5.5,2.6,8.4,40.0,64.0,ok
20260721,20,6,1.0,15.0,20.4,8.6,20.4,45.0,ok
20260721,20,7,1.0,14.6,16.0,11.0,17.6,14.6,ok
20260721,20,8,1.2,7.7,8.5,5.9,10.0,20.6,ok
20260721,20,9,1.5,6.0,2.9,13.1,42.1,15.0,ok
20260721,20,10,1.2,13.7,6.3,5.6,11.6,24.5,ok
20260721,20,11,1.4,6.3,3.9,11.9,12.7,13.5,ok
20260721,20,12,1.1,8.0,14.8,12.9,11.4,11.7,ok
20260721,22,1,1.5,2.6,5.7,15.5,14.8,85.5,ok
20260721,22,2,4.2,9.3,2.8,1.8,16.6,27.0,ok
20260721,22,3,4.4,2.2,5.8,2.7,12.1,21.5,ok
20260721,22,4,2.1,9.8,2.4,10.2,6.2,9.8,ok
20260721,22,5,1.4,5.2,12.8,4.4,10.1,20.2,ok
20260721,22,6,2.0,2.7,3.9,7.5,24.9,20.2,ok
20260721,22,7,2.2,6.2,3.3,10.7,3.2,40.3,ok
20260721,22,8,3.0,13.7,7.9,8.5,12.3,1.6,ok
20260721,22,9,1.6,4.9,6.5,14.1,4.0,23.0,ok
20260721,22,10,1.9,5.0,8.4,5.8,3.3,29.0,ok
20260721,22,11,1.3,9.7,11.4,6.5,7.5,11.4,ok
20260721,22,12,1.4,6.9,5.4,10.6,6.7,21.2,ok
20260721,23,1,1.4,2.7,9.2,14.5,15.3,30.6,ok
20260721,23,2,5.0,1.0,30.0,23.0,69.2,86.5,ok
20260721,23,3,1.1,18.1,3.2,19.6,16.8,117.7,ok
20260721,23,4,2.7,1.7,6.3,11.5,16.3,13.0,ok
20260721,23,5,1.1,10.2,9.2,33.4,6.0,38.2,ok
20260721,23,6,1.8,2.5,4.3,11.7,17.5,42.1,ok
20260721,23,7,2.4,4.4,14.4,9.2,2.8,6.3,ok
20260721,23,8,2.6,6.6,12.3,1.4,37.0,92.6,ok
20260721,23,9,6.3,2.9,7.9,1.4,162.3,64.9,ok
20260721,23,10,1.4,9.4,3.2,20.1,14.1,7.8,ok
20260721,23,11,2.0,2.5,3.0,24.3,24.3,36.5,ok
20260721,23,12,1.5,7.0,7.0,8.0,5.0,12.0,ok
20260721,05,2,2.4,7.3,9.9,18.8,1.5,,part
20260721,11,9,2.2,4.3,2.7,4.3,20.4,,part
20260721,11,10,1.9,2.1,15.5,3.8,21.7,,part
20260721,15,3,6.9,5.2,8.4,30.4,,1.1,part
20260722,05,1,1.1,7.3,6.7,154.5,15.4,14.0,ok
20260722,05,2,3.8,1.4,10.9,4.5,52.1,20.8,ok
20260722,05,3,1.9,5.0,10.1,11.2,10.1,3.0,ok
20260722,05,4,4.4,35.7,3.5,13.4,1.4,17.8,ok
20260722,05,6,1.7,7.8,14.4,8.1,15.6,2.6,ok
20260722,05,7,1.2,16.0,20.0,3.2,16.0,22.9,ok
20260722,05,8,1.5,9.3,2.5,8.5,51.3,25.6,ok
20260722,05,9,1.8,15.4,1.9,8.5,15.4,25.7,ok
20260722,05,10,1.2,3.2,7.7,18.4,24.6,73.8,ok
20260722,05,11,1.1,22.4,13.4,33.6,33.6,3.3,ok
20260722,05,12,1.0,7.4,21.4,42.9,42.9,34.3,ok
20260722,08,1,1.1,13.2,5.9,7.9,10.8,39.7,ok
20260722,08,2,5.9,71.2,1.5,20.3,47.5,2.2,ok
20260722,08,3,1.5,9.9,26.5,2.3,15.9,15.9,ok
20260722,08,5,1.3,2.9,11.6,13.1,17.5,35.0,ok
20260722,08,6,2.3,9.6,8.3,20.8,17.8,1.7,ok
20260722,08,7,2.1,4.0,38.8,1.7,38.8,51.7,ok
20260722,08,8,2.6,1.3,18.0,9.5,40.6,27.1,ok
20260722,08,9,1.8,2.3,6.5,55.8,6.2,22.3,ok
20260722,08,10,1.5,10.0,2.6,8.0,15.0,40.2,ok
20260722,08,12,1.2,13.9,7.7,6.3,13.9,11.6,ok
20260722,09,2,1.1,7.6,8.2,10.4,39.6,19.8,ok
20260722,09,3,1.1,20.3,6.1,10.1,7.0,36.6,ok
20260722,09,4,2.3,25.5,25.5,1.3,38.2,17.6,ok
20260722,09,5,1.8,9.2,3.3,3.7,9.5,33.5,ok
20260722,09,6,1.4,17.0,13.8,4.6,4.1,22.2,ok
20260722,09,7,1.8,4.8,2.4,14.4,16.8,16.8,ok
20260722,09,8,1.0,50.2,25.1,10.0,7.7,100.5,ok
20260722,09,9,1.0,17.2,4.7,28.7,13.2,172.5,ok
20260722,09,11,1.2,12.0,12.8,5.3,12.0,13.7,ok
20260722,09,12,1.0,8.1,12.9,12.3,17.3,43.2,ok
20260722,10,1,1.3,13.5,2.6,12.5,21.9,27.0,ok
20260722,10,2,1.0,6.4,17.3,17.3,22.5,112.8,ok
20260722,10,3,1.2,9.4,5.5,13.2,11.0,22.0,ok
20260722,10,4,1.8,35.0,7.7,2.0,7.7,46.7,ok
20260722,10,5,1.3,3.7,16.2,9.7,8.8,48.6,ok
20260722,10,6,2.4,10.5,6.8,2.1,4.4,137.2,ok
20260722,10,7,1.7,3.0,15.0,9.2,5.0,15.0,ok
20260722,10,8,2.0,5.2,4.7,3.7,6.0,45.0,ok
20260722,10,9,5.1,1.9,13.8,5.5,3.0,17.3,ok
20260722,10,10,1.1,6.6,7.5,13.3,14.4,14.4,ok
20260722,10,11,1.1,15.1,15.1,10.0,15.1,7.5,ok
20260722,10,12,1.0,18.3,7.2,9.8,17.6,105.7,ok
20260722,13,1,1.4,7.0,2.3,24.8,37.2,74.4,ok
20260722,13,2,1.2,8.9,2.9,47.9,17.9,71.8,ok
20260722,13,3,3.4,1.7,3.0,27.7,10.4,83.2,ok
20260722,13,4,1.7,2.0,5.6,21.7,14.9,239.2,ok
20260722,13,5,1.8,3.3,3.2,19.4,9.3,38.8,ok
20260722,13,6,1.0,25.9,43.2,8.6,18.5,32.4,ok
20260722,13,7,1.9,6.1,3.5,19.7,59.2,3.1,ok
20260722,13,8,1.7,12.7,29.0,1.7,33.8,22.5,ok
20260722,13,9,1.6,15.1,3.0,37.8,9.4,5.0,ok
20260722,13,10,1.4,15.3,5.4,8.5,9.6,6.4,ok
20260722,13,11,1.4,6.8,4.7,9.4,7.5,18.9,ok
20260722,13,12,1.1,7.8,9.0,10.5,21.0,21.0,ok
20260722,14,1,1.0,19.3,11.6,4.7,43.5,34.8,ok
20260722,14,2,1.9,3.5,3.3,6.0,20.0,60.0,ok
20260722,14,3,1.4,7.7,11.6,3.0,15.5,46.5,ok
20260722,14,4,2.3,10.9,6.9,17.7,35.4,1.7,ok
20260722,14,5,2.5,18.0,5.0,3.3,6.4,4.2,ok
20260722,14,6,1.9,2.5,14.2,8.9,4.4,71.2,ok
20260722,14,7,9.4,1.3,6.9,3.3,51.7,34.5,ok
20260722,14,9,7.3,2.6,1.8,9.8,17.7,8.0,ok
20260722,14,10,1.9,11.3,2.1,12.7,9.2,12.7,ok
20260722,14,11,1.0,8.3,10.6,16.7,39.0,10.6,ok
20260722,14,12,1.5,7.6,4.3,5.1,15.3,12.3,ok
20260722,15,1,2.8,3.1,4.7,9.5,3.8,11.4,ok
20260722,15,2,1.5,8.2,7.4,12.3,3.8,9.9,ok
20260722,15,3,3.2,6.1,2.4,15.7,18.3,2.9,ok
20260722,15,4,1.5,5.0,9.3,4.1,7.6,55.9,ok
20260722,15,5,1.3,3.3,4.8,23.5,21.6,141.0,ok
20260722,15,6,1.4,22.5,26.5,3.9,3.6,41.7,ok
20260722,15,7,3.5,7.9,8.4,1.5,9.8,21.8,ok
20260722,15,8,1.8,3.9,7.9,2.5,109.2,65.5,ok
20260722,15,9,2.1,11.6,4.4,11.0,26.0,2.3,ok
20260722,15,10,1.6,2.1,16.5,8.2,14.3,39.2,ok
20260722,15,11,1.2,3.3,20.4,13.6,17.7,21.1,ok
20260722,15,12,1.5,4.8,12.3,4.0,11.5,15.4,ok
20260722,16,1,1.6,7.2,4.9,6.2,4.9,46.8,ok
20260722,16,3,1.1,4.7,66.0,13.2,9.4,66.0,ok
20260722,16,4,2.1,3.2,27.8,167.2,2.0,83.6,ok
20260722,16,5,1.7,6.8,6.6,3.6,8.5,16.4,ok
20260722,16,6,1.4,8.4,10.9,3.8,13.6,10.9,ok
20260722,16,7,1.0,25.8,3.8,10.3,77.6,155.2,ok
20260722,16,8,1.0,13.2,12.1,7.4,15.2,17.9,ok
20260722,16,9,1.4,14.2,3.3,7.1,8.9,35.6,ok
20260722,16,10,1.4,2.2,12.5,20.7,18.5,39.1,ok
20260722,16,11,1.2,3.2,9.7,15.5,18.8,37.7,ok
20260722,16,12,1.4,5.5,5.1,4.5,33.4,61.3,ok
20260722,19,1,1.8,4.6,2.3,19.3,20.6,20.6,ok
20260722,19,2,2.5,10.4,5.4,1.6,37.2,20.9,ok
20260722,19,3,1.9,2.5,13.4,3.3,40.3,40.3,ok
20260722,19,4,2.5,11.3,9.3,11.0,1.7,12.7,ok
20260722,19,5,1.5,40.3,2.1,16.1,8.4,40.3,ok
20260722,19,6,1.6,2.8,29.5,35.0,5.2,8.6,ok
20260722,19,7,1.3,24.6,4.7,3.6,30.3,35.8,ok
20260722,19,8,1.2,12.2,4.5,7.0,10.1,68.8,ok
20260722,19,9,1.3,5.3,12.4,14.3,5.3,12.4,ok
20260722,19,10,1.2,3.3,12.2,11.2,14.8,34.4,ok
20260722,19,11,2.7,21.0,1.3,7.1,23.7,136.5,ok
20260722,19,12,1.4,8.0,3.1,22.2,17.4,12.5,ok
20260722,22,1,1.3,15.0,7.5,3.3,19.3,22.6,ok
20260722,22,2,2.1,6.3,2.2,5.5,17.4,46.5,ok
20260722,22,3,1.8,5.0,3.3,5.7,17.2,17.2,ok
20260722,22,4,2.2,1.9,12.4,10.1,13.9,8.5,ok
20260722,22,5,2.7,3.9,4.7,2.5,18.0,21.2,ok
20260722,22,6,1.6,2.5,7.9,38.8,11.5,12.4,ok
20260722,22,7,4.8,1.5,5.9,14.2,5.1,21.4,ok
20260722,22,8,1.6,2.4,7.5,13.1,9.8,78.7,ok
20260722,22,9,1.6,6.4,2.5,13.1,34.4,13.7,ok
20260722,22,10,2.0,3.1,4.8,6.9,13.8,9.4,ok
20260722,22,11,1.7,6.2,6.8,6.2,5.5,8.3,ok
20260722,22,12,1.4,3.5,7.2,9.9,14.5,14.5,ok
20260722,23,1,1.0,23.4,10.8,31.2,25.5,46.8,ok
20260722,23,2,1.1,5.3,13.8,19.2,9.8,26.5,ok
20260722,23,3,1.3,57.5,12.1,2.1,38.3,57.5,ok
20260722,23,4,2.1,2.2,3.4,48.9,12.2,48.9,ok
20260722,23,5,1.5,15.4,25.2,1.7,92.7,278.2,ok
20260722,23,6,2.3,12.5,3.0,13.3,2.5,40.0,ok
20260722,23,7,2.6,3.3,2.4,4.7,32.0,64.1,ok
20260722,23,8,3.6,8.9,5.7,1.5,20.0,13.3,ok
20260722,23,9,3.0,12.0,1.3,16.0,16.0,24.0,ok
20260722,23,10,4.2,15.3,4.7,1.5,14.5,10.8,ok
20260722,23,11,1.0,17.8,9.6,62.6,11.3,125.2,ok
20260722,23,12,2.2,6.0,10.1,3.3,3.3,38.4,ok
20260722,24,1,2.3,57.0,1.4,10.6,16.2,24.4,ok
20260722,24,2,3.0,2.8,3.5,3.8,14.0,22.5,ok
20260722,24,3,3.3,42.2,16.6,3.7,1.4,137.4,ok
20260722,24,4,5.6,2.1,8.3,2.5,10.0,11.9,ok
20260722,24,5,1.5,22.5,13.0,6.3,19.0,2.9,ok
20260722,24,6,2.1,7.2,9.9,2.0,59.6,8.5,ok
20260722,24,7,1.0,9.9,10.9,53.3,15.8,16.4,ok
20260722,24,8,1.2,3.4,10.1,36.5,16.2,19.7,ok
20260722,24,9,1.0,9.3,22.7,18.2,19.1,8.8,ok
20260722,24,10,1.2,8.8,6.9,7.0,8.0,24.2,ok
20260722,24,11,1.0,15.9,14.2,13.3,17.9,9.5,ok
20260722,24,12,1.5,4.7,8.2,18.5,18.2,3.9,ok
20260722,05,5,1.7,8.8,15.6,,35.2,1.7,part
20260722,08,4,3.1,3.6,10.5,16.9,,1.7,part
20260722,08,11,1.0,9.6,,28.8,,38.5,part
20260722,09,1,1.1,11.7,4.7,7.0,35.2,,part
20260722,14,8,1.3,7.4,17.3,8.6,3.4,,part
20260722,16,2,1.7,5.0,5.0,4.1,7.5,,part
20260723,01,1,1.3,11.7,5.8,11.7,17.6,4.7,ok
20260723,01,2,3.9,7.8,1.6,3.6,23.4,46.8,ok
20260723,01,3,1.6,5.2,7.5,5.8,26.2,4.7,ok
20260723,01,4,3.6,4.9,22.8,4.2,11.4,2.0,ok
20260723,01,5,8.1,2.8,4.2,2.3,24.3,6.5,ok
20260723,01,6,1.0,11.8,8.9,12.9,14.2,20.3,ok
20260723,01,7,1.7,11.0,2.3,18.1,6.8,28.5,ok
20260723,01,8,1.9,9.7,3.8,17.5,2.5,87.7,ok
20260723,01,9,1.0,13.7,9.1,27.5,12.9,44.1,ok
20260723,01,10,2.3,1.8,7.7,18.0,12.0,12.0,ok
20260723,01,11,1.2,12.0,3.6,10.7,29.1,20.4,ok
20260723,01,12,1.3,10.3,3.8,11.6,13.2,10.3,ok
20260723,03,1,2.5,31.2,1.4,13.3,11.7,31.2,ok
20260723,03,2,2.3,2.3,7.7,3.2,43.7,65.6,ok
20260723,03,3,2.6,2.9,2.4,8.3,18.3,22.8,ok
20260723,03,4,5.1,3.2,8.4,1.9,5.3,118.5,ok
20260723,03,5,2.2,12.3,1.9,6.1,21.5,12.3,ok
20260723,03,6,1.7,2.5,8.8,5.8,15.1,105.7,ok
20260723,03,7,3.0,1.3,10.3,8.0,88.1,35.2,ok
20260723,03,8,1.8,17.8,9.1,13.8,2.2,9.3,ok
20260723,03,9,1.2,6.3,5.5,14.8,7.4,66.7,ok
20260723,03,10,1.4,6.3,10.5,6.0,7.0,10.5,ok
20260723,03,11,1.8,3.9,6.1,4.5,11.8,11.8,ok
20260723,03,12,1.8,5.4,8.8,5.9,4.7,8.4,ok
20260723,05,2,1.6,9.9,5.9,4.9,4.2,149.2,ok
20260723,05,3,1.9,2.3,3.8,76.5,9.0,153.0,ok
20260723,05,4,1.7,12.9,3.3,7.1,5.8,12.9,ok
20260723,05,5,1.3,11.0,5.5,5.2,12.6,44.2,ok
20260723,05,6,3.7,3.3,2.7,3.9,8.1,30.3,ok
20260723,05,7,2.6,7.9,3.0,6.2,3.2,43.5,ok
20260723,05,8,2.6,5.3,8.8,5.3,2.3,17.1,ok
20260723,05,9,1.6,4.9,5.3,4.3,9.9,46.2,ok
20260723,05,10,1.0,13.7,9.7,16.6,20.9,22.6,ok
20260723,05,11,1.2,10.5,11.5,5.2,11.0,16.2,ok
20260723,05,12,1.0,22.7,12.7,12.9,6.4,63.6,ok
20260723,08,1,1.0,20.2,12.1,12.1,30.3,12.1,ok
20260723,08,2,1.5,8.1,4.5,8.7,7.1,11.4,ok
20260723,08,3,2.8,13.0,1.6,78.0,10.4,5.5,ok
20260723,08,5,2.4,19.0,15.8,15.8,1.7,5.9,ok
20260723,08,6,2.1,18.1,15.5,2.3,3.4,54.3,ok
20260723,08,7,1.3,2.4,31.8,19.8,31.8,19.8,ok
20260723,08,8,1.7,13.8,3.2,3.9,13.8,20.8,ok
20260723,08,9,5.1,6.1,1.2,8.4,20.0,40.1,ok
20260723,08,10,1.1,10.0,18.3,12.2,5.5,22.0,ok
20260723,08,11,1.3,7.2,8.5,12.7,5.1,25.5,ok
20260723,08,12,1.2,5.2,5.8,8.7,26.2,105.0,ok
20260723,09,1,2.3,1.8,10.9,9.7,17.5,9.7,ok
20260723,09,2,2.0,5.9,7.0,3.8,6.4,8.5,ok
20260723,09,3,1.8,9.2,3.9,3.2,14.8,24.7,ok
20260723,09,4,1.8,12.9,2.5,4.7,9.0,45.3,ok
20260723,09,5,1.5,3.7,12.0,4.9,21.7,9.0,ok
20260723,09,6,1.6,2.2,31.0,6.4,18.6,37.2,ok
20260723,09,7,1.4,3.0,14.6,11.4,25.6,9.3,ok
20260723,09,8,1.4,5.5,6.2,13.8,15.3,6.9,ok
20260723,09,9,1.2,14.6,4.2,51.3,10.2,10.2,ok
20260723,09,10,1.4,2.9,7.0,16.1,20.1,32.2,ok
20260723,09,11,2.5,6.9,8.6,2.5,3.5,53.8,ok
20260723,09,12,1.0,5.3,15.5,17.1,24.5,32.9,ok
20260723,13,1,1.6,14.3,1.9,14.3,31.5,52.5,ok
20260723,13,2,1.2,6.0,13.2,16.9,29.7,4.9,ok
20260723,13,3,2.8,11.3,2.5,6.8,39.5,2.9,ok
20260723,13,4,1.0,8.2,35.6,7.1,9.4,160.5,ok
20260723,13,5,2.1,33.8,3.0,2.2,23.7,79.0,ok
20260723,13,7,1.4,5.9,9.5,5.2,28.7,7.1,ok
20260723,13,8,1.5,3.1,13.2,7.5,12.5,11.2,ok
20260723,13,9,1.2,40.6,2.6,21.8,31.5,12.3,ok
20260723,13,10,1.8,11.4,11.4,3.8,7.8,4.3,ok
20260723,13,11,1.3,37.8,2.8,7.5,15.1,37.8,ok
20260723,14,1,1.0,12.0,12.8,5.1,32.0,48.0,ok
20260723,14,2,1.2,25.1,3.5,12.5,7.1,50.2,ok
20260723,14,3,1.0,12.3,30.8,5.7,37.0,92.6,ok
20260723,14,4,1.5,4.8,3.8,12.0,96.7,8.7,ok
20260723,14,5,2.0,2.3,25.0,41.7,2.9,41.7,ok
20260723,14,6,3.3,5.2,2.0,3.3,47.2,23.6,ok
20260723,14,7,1.3,11.1,178.5,3.3,59.5,6.3,ok
20260723,14,9,2.5,2.8,34.8,5.5,2.7,46.5,ok
20260723,14,10,3.1,20.0,15.0,1.3,10.0,12.0,ok
20260723,14,11,2.2,5.7,5.7,3.4,4.4,51.7,ok
20260723,14,12,1.1,7.2,7.8,13.8,12.0,46.0,ok
20260723,15,1,3.6,1.6,6.7,5.9,11.8,23.6,ok
20260723,15,2,2.0,2.0,6.3,8.2,82.5,20.6,ok
20260723,15,3,2.5,3.1,2.4,19.6,6.9,58.8,ok
20260723,15,4,1.3,4.0,13.0,13.0,7.4,13.5,ok
20260723,15,5,1.8,29.2,1.8,7.6,16.2,24.3,ok
20260723,15,6,3.4,17.9,,1.1,16.7,21.8,ok
20260723,15,7,1.4,2.6,9.5,8.4,210.7,52.6,ok
20260723,15,8,1.2,2.7,34.0,7.7,93.5,28.7,ok
20260723,15,9,1.2,8.8,4.2,12.4,12.4,31.0,ok
20260723,15,10,1.0,9.5,15.4,9.9,13.9,16.3,ok
20260723,15,11,1.2,11.5,5.4,4.0,30.7,92.2,ok
20260723,15,12,1.3,8.8,6.7,18.1,8.1,6.0,ok
20260723,19,1,1.2,4.3,9.3,14.4,12.0,15.4,ok
20260723,19,2,1.6,16.2,2.2,10.5,23.4,12.3,ok
20260723,19,3,2.0,7.1,2.3,23.8,19.4,5.2,ok
20260723,19,4,1.1,13.0,7.1,10.4,6.2,157.1,ok
20260723,19,5,1.4,12.4,16.7,7.2,3.0,18.3,ok
20260723,19,6,1.4,8.7,6.2,14.2,3.5,39.1,ok
20260723,19,7,1.5,6.8,10.4,14.2,12.2,3.4,ok
20260723,19,8,1.1,9.6,5.4,6.0,49.5,44.0,ok
20260723,19,9,1.3,2.5,11.5,19.4,38.8,38.8,ok
20260723,19,10,1.3,4.4,4.8,17.6,22.4,19.7,ok
20260723,19,11,1.1,8.0,7.6,21.0,12.4,14.0,ok
20260723,19,12,1.1,20.8,9.4,5.4,20.1,22.0,ok
20260723,21,1,1.1,7.6,8.1,15.2,28.8,7.8,ok
20260723,21,2,1.1,8.0,18.7,3.6,33.7,56.2,ok
20260723,21,3,2.6,20.2,1.4,11.0,13.5,24.3,ok
20260723,21,4,1.2,7.4,3.8,13.7,12.8,59.7,ok
20260723,21,5,1.1,5.2,18.9,9.0,8.2,47.4,ok
20260723,21,6,3.1,8.8,2.8,7.3,31.1,2.6,ok
20260723,21,7,1.6,7.5,8.5,4.9,5.4,10.3,ok
20260723,21,8,4.9,1.0,21.6,43.2,43.2,43.2,ok
20260723,21,10,1.6,5.3,5.1,5.1,17.4,11.6,ok
20260723,21,12,1.0,10.6,9.2,12.5,13.1,16.2,ok
20260723,22,1,1.0,4.9,44.7,134.2,67.1,11.1,ok
20260723,22,3,1.2,18.7,10.1,3.4,10.5,60.9,ok
20260723,22,4,1.4,6.8,8.0,3.7,24.0,21.4,ok
20260723,22,5,1.1,9.6,10.1,7.0,12.4,21.2,ok
20260723,22,6,1.9,8.7,13.3,2.8,31.1,3.8,ok
20260723,22,7,1.3,8.5,5.6,5.9,13.3,13.3,ok
20260723,22,8,2.4,3.5,4.2,5.0,7.0,16.0,ok
20260723,22,9,1.1,10.9,12.7,5.8,14.2,16.1,ok
20260723,22,10,1.3,4.4,9.2,8.4,10.1,20.2,ok
20260723,22,11,1.3,6.3,8.4,5.4,14.1,15.5,ok
20260723,22,12,1.1,7.0,5.6,11.6,16.0,38.9,ok
20260723,23,1,1.0,26.8,6.7,32.2,17.9,40.3,ok
20260723,23,2,2.6,1.2,54.3,27.1,27.1,27.1,ok
20260723,23,3,1.1,8.4,3.8,35.1,21.0,42.1,ok
20260723,23,4,3.5,3.2,4.5,2.7,7.2,52.5,ok
20260723,23,5,1.3,12.1,20.2,2.6,40.5,20.2,ok
20260723,23,6,2.7,1.9,2.7,17.5,123.0,30.7,ok
20260723,23,7,2.2,2.0,3.8,9.1,73.5,73.5,ok
20260723,23,8,3.5,3.8,8.3,30.5,1.7,18.3,ok
20260723,23,9,5.6,3.7,29.3,1.5,5.0,127.2,ok
20260723,23,10,1.2,3.9,14.9,13.5,6.4,149.2,ok
20260723,23,11,2.3,7.1,1.8,9.1,67.0,9.5,ok
20260723,23,12,1.3,8.7,6.9,10.9,4.8,26.2,ok
20260723,24,1,2.1,7.8,1.6,64.8,9.9,43.2,ok
20260723,24,2,10.3,1.1,15.5,25.8,6.2,12.9,ok
20260723,24,3,1.8,3.1,7.1,4.4,10.9,103.8,ok
20260723,24,4,3.1,3.8,2.5,3.7,27.9,16.7,ok
20260723,24,5,1.8,21.3,19.8,7.7,15.4,2.0,ok
20260723,24,6,3.7,6.8,1.4,12.3,9.4,18.6,ok
20260723,24,7,1.5,9.7,5.8,5.4,14.5,6.6,ok
20260723,24,8,1.1,11.5,9.3,6.1,17.5,12.5,ok
20260723,24,9,1.1,13.7,13.7,5.6,9.9,31.2,ok
20260723,24,10,1.0,5.9,11.2,21.1,22.2,56.4,ok
20260723,24,11,2.2,9.6,16.0,1.8,22.6,6.7,ok
20260723,24,12,1.1,25.7,5.4,8.6,14.4,34.2,ok
20260723,05,1,1.4,4.3,9.4,4.9,10.3,,part
20260723,08,4,2.5,5.1,1.4,22.8,,205.5,part
20260723,13,6,1.7,116.2,5.5,1.8,19.3,,part
20260723,13,12,1.1,15.1,3.7,15.1,,15.1,part
20260723,14,8,4.7,1.3,3.5,9.8,,42.7,part
20260723,21,9,1.5,2.8,45.5,3.3,,34.1,part
20260723,21,11,1.1,11.8,3.0,35.6,35.6,,part
20260723,22,2,1.1,4.0,17.1,10.6,14.2,,part
20260724,01,1,2.6,4.3,4.1,17.5,3.3,7.3,ok
20260724,01,2,5.0,5.0,6.3,4.2,25.2,1.9,ok
20260724,01,3,4.7,3.7,4.3,6.1,8.6,2.8,ok
20260724,01,4,1.9,2.7,21.5,6.5,29.6,4.5,ok
20260724,01,5,3.5,1.3,8.2,17.0,15.9,13.2,ok
20260724,01,6,1.2,13.7,9.9,10.5,11.9,5.2,ok
20260724,01,7,1.8,14.6,1.9,15.6,18.0,13.0,ok
20260724,01,8,1.0,11.5,23.1,21.1,5.1,63.5,ok
20260724,01,9,3.4,3.4,5.1,2.3,9.3,46.6,ok
20260724,01,10,2.4,6.5,6.4,2.5,7.0,11.0,ok
20260724,01,11,1.9,2.5,4.7,5.4,57.9,52.6,ok
20260724,01,12,1.1,15.6,6.3,6.1,53.3,19.3,ok
20260724,02,1,1.9,3.6,4.1,4.8,12.3,135.7,ok
20260724,02,2,3.0,2.6,7.6,4.7,4.3,16.6,ok
20260724,02,3,4.6,2.3,2.7,11.7,4.2,153.0,ok
20260724,02,4,3.4,1.9,6.3,5.4,7.9,15.3,ok
20260724,02,5,1.9,7.7,6.6,2.2,15.0,28.2,ok
20260724,02,7,1.0,16.2,14.6,18.2,73.1,73.1,ok
20260724,02,8,3.9,3.0,2.8,6.8,34.3,4.4,ok
20260724,02,9,1.4,9.3,3.3,11.2,8.0,56.2,ok
20260724,02,10,2.3,10.3,7.6,2.2,4.5,38.0,ok
20260724,02,11,2.1,3.2,5.2,16.1,22.2,3.7,ok
20260724,02,12,1.6,5.3,5.3,5.4,7.3,33.9,ok
20260724,03,1,1.3,4.9,4.1,9.9,33.2,49.8,ok
20260724,03,2,3.4,1.8,3.0,13.6,13.6,27.3,ok
20260724,03,3,4.0,8.6,1.2,17.3,10.1,30.3,ok
20260724,03,4,3.0,8.0,2.2,9.5,4.1,10.0,ok
20260724,03,5,11.3,16.9,1.3,2.3,45.2,67.8,ok
20260724,03,6,1.7,4.7,14.2,2.9,10.6,17.1,ok
20260724,03,7,1.7,14.3,2.0,10.1,12.4,29.7,ok
20260724,03,8,1.7,9.5,3.6,7.1,4.7,39.7,ok
20260724,03,9,1.3,21.2,27.3,6.1,63.7,3.0,ok
20260724,03,10,2.1,7.5,2.6,26.3,4.5,9.3,ok
20260724,03,12,1.5,3.6,7.0,4.5,36.7,49.0,ok
20260724,06,1,2.8,16.5,16.5,5.8,1.5,33.0,ok
20260724,06,2,1.1,9.7,9.7,7.7,9.7,16.1,ok
20260724,06,3,6.7,1.3,6.0,6.7,14.1,12.7,ok
20260724,06,4,1.3,19.4,12.9,31.0,2.5,38.8,ok
20260724,06,5,2.5,1.7,11.0,4.3,40.5,121.5,ok
20260724,06,6,3.5,12.7,1.5,35.0,4.2,17.5,ok
20260724,06,7,2.2,16.1,5.4,54.9,19.6,1.7,ok
20260724,06,8,1.0,13.4,23.5,5.5,12.8,21.6,ok
20260724,06,10,1.7,34.5,4.9,5.7,5.1,6.0,ok
20260724,06,11,1.0,6.5,13.0,19.5,19.5,13.0,ok
20260724,06,12,1.0,21.3,5.1,13.1,19.0,28.5,ok
20260724,08,1,1.1,11.0,9.4,13.2,10.4,14.1,ok
20260724,08,3,1.9,3.1,6.5,5.2,35.0,7.5,ok
20260724,08,5,2.1,8.7,17.4,3.2,3.0,19.9,ok
20260724,08,6,2.7,20.3,3.1,40.6,50.8,1.7,ok
20260724,08,7,2.4,4.5,86.5,1.5,18.5,129.7,ok
20260724,08,9,4.3,4.2,2.5,14.3,2.8,19.8,ok
20260724,08,10,3.2,1.4,5.6,91.5,22.8,9.8,ok
20260724,08,11,1.1,5.9,14.2,14.2,7.1,23.7,ok
20260724,08,12,1.0,37.5,37.5,25.0,37.5,75.0,ok
20260724,12,1,1.8,4.8,2.5,12.1,12.1,24.2,ok
20260724,12,2,1.3,9.0,7.7,3.7,16.2,81.0,ok
20260724,12,4,1.0,46.5,9.6,21.1,38.7,9.6,ok
20260724,12,5,1.3,5.2,5.2,8.1,36.7,18.3,ok
20260724,12,6,1.6,23.5,2.4,9.4,15.6,8.9,ok
20260724,12,7,1.8,366.7,1.5,14.6,30.5,20.3,ok
20260724,12,8,1.2,19.6,8.7,13.1,8.7,6.0,ok
20260724,12,9,1.1,25.1,17.4,3.3,33.5,22.3,ok
20260724,12,10,1.4,9.0,7.0,12.2,8.4,5.3,ok
20260724,12,11,2.2,16.5,4.5,2.3,19.1,8.2,ok
20260724,12,12,1.0,12.4,7.6,16.4,12.0,44.5,ok
20260724,13,1,2.2,26.1,1.3,27.1,94.2,12.0,ok
20260724,13,2,1.1,4.4,19.2,82.6,41.3,7.7,ok
20260724,13,3,1.8,2.5,13.1,4.0,29.6,29.6,ok
20260724,13,4,2.5,1.7,41.5,5.9,5.9,41.5,ok
20260724,13,5,2.7,2.9,7.5,10.0,4.6,5.4,ok
20260724,13,6,1.6,9.0,15.5,2.2,18.1,15.5,ok
20260724,13,7,3.4,3.4,24.0,6.0,2.0,24.0,ok
20260724,13,8,1.1,3.7,9.8,47.2,47.2,59.0,ok
20260724,13,9,1.0,11.6,10.9,27.2,81.7,10.9,ok
20260724,13,10,1.1,8.5,6.7,9.4,10.5,47.2,ok
20260724,13,11,1.3,7.0,40.6,20.3,2.9,23.2,ok
20260724,13,12,1.3,2.8,8.5,21.3,14.2,42.7,ok
20260724,14,1,1.0,63.5,10.0,10.5,27.2,27.2,ok
20260724,14,2,3.9,3.8,2.6,3.5,10.8,13.9,ok
20260724,14,4,1.0,6.3,34.8,12.4,19.3,38.6,ok
20260724,14,5,2.4,14.1,1.3,21.1,14.1,84.7,ok
20260724,14,6,5.9,4.6,2.3,3.5,4.2,130.5,ok
20260724,14,7,2.7,2.3,9.3,3.2,20.5,14.6,ok
20260724,14,8,4.2,3.5,4.1,1.9,18.8,61.1,ok
20260724,14,9,3.6,3.9,5.0,5.1,4.4,5.3,ok
20260724,14,11,1.2,3.5,15.3,6.9,23.9,71.7,ok
20260724,14,12,1.4,5.2,8.1,6.2,15.1,9.6,ok
20260724,15,1,1.5,10.1,6.1,18.3,2.8,45.7,ok
20260724,15,2,1.5,3.7,3.4,30.0,90.0,15.0,ok
20260724,15,3,2.0,12.6,3.9,31.5,5.2,3.5,ok
20260724,15,4,1.2,21.9,39.4,3.1,17.9,13.1,ok
20260724,15,5,1.5,10.7,8.9,2.8,80.6,8.4,ok
20260724,15,6,1.2,14.0,10.5,7.6,7.6,14.0,ok
20260724,15,7,2.0,12.9,13.7,4.8,5.7,3.2,ok
20260724,15,8,1.3,6.6,15.9,3.6,14.4,53.0,ok
20260724,15,9,1.0,17.5,7.2,246.0,12.3,61.5,ok
20260724,15,10,1.9,11.5,6.8,1.9,27.3,43.8,ok
20260724,15,11,1.0,8.9,16.6,20.2,5.7,,ok
20260724,15,12,1.1,21.1,18.1,3.0,23.8,95.2,ok
20260724,17,1,1.1,17.0,5.6,17.0,12.7,8.5,ok
20260724,17,4,1.7,10.6,11.7,2.8,5.8,14.6,ok
20260724,17,5,1.9,3.2,27.2,4.0,4.3,81.7,ok
20260724,17,6,4.1,3.8,21.0,12.6,1.4,94.5,ok
20260724,17,8,1.7,10.3,3.1,4.5,10.3,41.2,ok
20260724,17,9,2.3,6.4,5.4,13.3,22.2,2.2,ok
20260724,17,10,1.0,45.7,15.2,11.4,11.4,22.8,ok
20260724,17,11,1.0,15.7,19.6,26.2,39.3,26.2,ok
20260724,17,12,2.1,4.6,4.9,5.0,5.2,15.2,ok
20260724,19,1,2.3,2.4,9.5,4.5,7.9,18.2,ok
20260724,19,2,1.9,1.6,16.1,17.2,20.1,18.5,ok
20260724,19,3,1.7,9.2,4.7,5.9,5.0,11.2,ok
20260724,19,4,1.4,8.1,6.0,5.2,7.6,63.0,ok
20260724,19,5,1.0,6.5,17.2,17.2,12.7,21.9,ok
20260724,19,6,1.1,9.1,26.1,4.8,15.2,36.6,ok
20260724,19,7,1.1,25.2,6.3,17.3,16.3,6.6,ok
20260724,19,8,1.4,9.8,7.1,9.5,6.7,7.7,ok
20260724,19,9,2.7,3.1,17.0,3.7,17.8,3.7,ok
20260724,19,10,2.3,16.2,1.4,14.9,20.2,20.2,ok
20260724,19,11,1.3,9.4,8.3,4.1,11.7,18.8,ok
20260724,19,12,2.4,2.0,6.3,5.5,19.7,19.5,ok
20260724,21,1,1.2,7.8,9.6,9.0,7.8,12.6,ok
20260724,21,2,1.5,2.7,10.7,5.7,23.0,80.6,ok
20260724,21,3,2.4,9.2,2.7,10.6,2.8,71.8,ok
20260724,21,4,1.1,11.5,22.4,13.8,29.4,3.8,ok
20260724,21,5,1.6,2.9,5.6,10.4,45.2,9.6,ok
20260724,21,6,1.6,14.6,2.3,10.9,7.9,87.7,ok
20260724,21,7,1.9,2.3,9.7,7.2,21.7,8.8,ok
20260724,21,8,2.9,15.2,4.9,1.7,22.8,9.8,ok
20260724,21,9,2.0,3.6,21.6,7.7,36.0,2.7,ok
20260724,21,10,2.4,4.5,7.5,12.5,2.8,6.5,ok
20260724,21,11,2.2,1.8,7.6,16.1,11.1,12.1,ok
20260724,21,12,1.7,11.4,4.6,2.8,10.2,51.3,ok
20260724,22,1,1.8,8.4,7.8,2.8,9.6,12.6,ok
20260724,22,2,1.1,10.7,5.4,14.5,22.4,20.5,ok
20260724,22,3,1.6,6.6,4.3,4.9,11.5,15.4,ok
20260724,22,4,1.2,9.9,7.4,10.9,8.1,16.6,ok
20260724,22,5,3.1,5.5,1.4,32.1,14.8,21.4,ok
20260724,22,6,1.1,5.5,12.5,13.8,17.6,15.5,ok
20260724,22,7,2.1,7.6,3.4,3.2,10.7,26.7,ok
20260724,22,8,1.8,9.4,2.4,9.4,9.4,18.9,ok
20260724,22,9,2.2,20.7,6.0,5.4,27.0,2.1,ok
20260724,22,10,1.4,3.7,8.2,9.8,12.3,14.1,ok
20260724,22,11,1.3,4.3,6.6,9.0,16.0,19.2,ok
20260724,22,12,1.5,4.0,5.2,7.4,11.8,43.6,ok
20260724,23,1,1.0,13.0,24.3,14.1,4.8,34.0,ok
20260724,23,2,1.0,8.0,44.4,8.0,88.8,177.7,ok
20260724,23,3,1.0,26.0,26.0,5.0,44.9,19.7,ok
20260724,23,4,3.6,2.7,11.6,1.8,26.8,29.8,ok
20260724,23,5,1.5,213.0,11.8,2.0,17.7,19.3,ok
20260724,23,8,4.3,3.0,4.5,1.9,40.6,32.5,ok
20260724,23,9,1.2,8.3,6.4,9.1,7.0,44.3,ok
20260724,23,10,1.1,12.3,14.8,6.4,11.8,19.7,ok
20260724,23,11,1.3,11.5,7.7,3.3,23.1,20.8,ok
20260724,23,12,2.3,13.2,1.3,14.9,39.7,79.5,ok
20260724,24,1,1.6,5.8,6.7,5.2,12.8,7.9,ok
20260724,24,2,1.0,66.1,5.9,19.4,19.4,82.6,ok
20260724,24,3,2.0,3.1,19.5,9.3,2.9,21.5,ok
20260724,24,4,1.2,2.8,23.1,28.5,12.1,21.0,ok
20260724,24,5,1.1,5.9,13.8,64.5,4.8,129.0,ok
20260724,24,6,1.4,26.4,4.5,4.0,29.2,9.2,ok
20260724,24,7,1.4,14.0,4.3,16.3,4.5,25.8,ok
20260724,24,8,1.2,12.2,2.9,15.6,28.0,29.2,ok
20260724,24,9,1.3,3.5,5.9,15.5,31.1,34.2,ok
20260724,24,10,1.5,7.2,9.9,6.8,3.8,30.3,ok
20260724,24,11,1.0,19.0,9.0,23.4,36.6,50.2,ok
20260724,24,12,1.2,3.5,11.4,10.1,22.2,24.7,ok
20260724,02,6,2.4,12.5,1.6,9.7,6.7,,part
20260724,03,11,1.0,4.4,11.7,35.2,17.6,,part
20260724,06,9,1.6,4.3,6.0,3.8,19.5,,part
20260724,08,2,7.0,1.0,28.1,7.3,12.9,,part
20260724,08,4,3.2,10.0,2.2,4.5,,3.6,part
20260724,08,8,1.6,1.5,17.5,26.2,,,part
20260724,12,3,1.1,9.1,4.5,14.9,,23.8,part
20260724,14,3,1.9,5.3,4.2,35.7,2.7,,part
20260724,14,10,2.7,1.5,4.5,10.1,45.7,,part
20260724,17,2,1.7,2.5,5.2,,5.9,,part
20260724,17,3,1.8,2.4,5.6,5.0,50.6,,part
20260724,17,7,1.2,39.5,5.3,3.3,39.5,,part
20260724,23,6,2.6,1.2,17.3,23.6,,28.9,part
20260724,23,7,22.3,1.0,27.8,40.5,,446.2,part
20260725,01,2,1.9,7.6,20.5,3.0,30.7,3.6,ok
20260725,01,3,1.8,12.8,5.2,2.2,20.8,55.5,ok
20260725,01,4,2.9,2.1,7.4,10.0,12.8,4.8,ok
20260725,01,5,7.3,1.6,2.0,15.5,26.7,58.9,ok
20260725,01,6,1.4,6.3,5.4,9.6,10.2,10.2,ok
20260725,01,7,2.2,11.1,3.4,8.7,7.6,3.6,ok
20260725,01,8,1.6,29.2,16.7,12.3,1.9,46.8,ok
20260725,01,9,1.1,15.7,7.8,5.9,12.8,47.2,ok
20260725,01,10,1.0,11.0,8.2,23.1,25.7,12.1,ok
20260725,01,11,1.0,22.3,29.7,8.5,25.5,19.8,ok
20260725,01,12,1.2,3.8,16.1,9.0,11.8,34.1,ok
20260725,02,1,1.8,12.9,6.7,8.2,12.9,2.7,ok
20260725,02,2,3.5,1.3,8.8,11.7,13.2,26.4,ok
20260725,02,3,1.9,4.3,24.7,18.5,5.7,3.0,ok
20260725,02,4,2.0,10.4,10.4,2.0,7.5,37.6,ok
20260725,02,5,1.7,4.2,6.6,3.4,16.5,33.1,ok
20260725,02,6,3.5,3.5,3.0,18.0,2.7,45.0,ok
20260725,02,7,1.6,20.9,1.9,16.4,13.5,76.7,ok
20260725,02,8,1.9,5.0,4.9,2.9,45.7,15.2,ok
20260725,02,9,2.5,1.4,6.1,27.4,32.3,29.6,ok
20260725,02,10,1.4,7.5,11.8,10.4,27.7,3.4,ok
20260725,02,11,1.8,7.6,5.7,11.4,3.0,16.2,ok
20260725,02,12,1.3,9.1,12.5,14.3,3.8,11.1,ok
20260725,03,1,1.5,4.8,3.8,17.7,7.6,53.2,ok
20260725,03,2,4.1,1.2,8.6,8.1,23.0,69.0,ok
20260725,03,4,2.0,11.8,1.5,30.7,30.7,21.9,ok
20260725,03,5,1.9,2.5,11.0,16.0,4.3,18.0,ok
20260725,03,6,1.4,9.7,9.7,4.5,5.2,68.2,ok
20260725,03,7,2.3,5.0,35.2,6.7,2.0,20.1,ok
20260725,03,8,4.3,6.9,2.1,18.4,2.5,28.5,ok
20260725,03,9,3.4,3.4,9.6,1.8,,8.3,ok
20260725,03,10,2.0,7.0,8.0,11.2,37.5,2.1,ok
20260725,03,11,1.4,10.2,28.3,2.5,10.2,37.7,ok
20260725,03,12,1.1,18.1,7.1,7.6,21.4,15.7,ok
20260725,04,1,2.0,19.4,8.0,1.7,17.9,20.3,ok
20260725,04,2,1.1,11.2,9.0,5.7,19.1,118.1,ok
20260725,04,3,2.5,3.0,3.6,4.4,12.6,25.3,ok
20260725,04,4,3.1,6.6,2.7,5.2,24.7,3.7,ok
20260725,04,5,4.9,2.0,4.4,9.2,3.7,36.3,ok
20260725,04,6,7.1,1.6,4.4,6.7,5.3,61.0,ok
20260725,04,7,1.9,3.2,4.7,28.9,50.6,4.1,ok
20260725,04,8,2.7,38.1,7.8,1.5,6.1,43.2,ok
20260725,04,9,3.8,9.1,1.4,7.1,11.9,15.3,ok
20260725,04,10,2.3,7.9,8.1,9.4,2.0,15.1,ok
20260725,04,11,1.7,15.3,2.1,17.1,15.9,8.2,ok
20260725,04,12,1.5,3.1,7.8,8.2,27.9,11.3,ok
20260725,06,1,1.6,9.0,3.3,3.6,54.0,54.0,ok
20260725,06,2,2.0,18.2,19.4,4.8,2.7,6.0,ok
20260725,06,3,1.0,43.2,10.8,5.4,10.8,43.2,ok
20260725,06,4,1.0,4.3,23.0,64.6,161.6,80.8,ok
20260725,06,5,3.3,4.0,3.4,2.9,21.0,9.3,ok
20260725,06,6,2.9,2.1,3.3,6.6,33.9,20.7,ok
20260725,06,7,2.3,1.9,21.5,18.8,3.7,21.5,ok
20260725,06,8,2.2,13.8,8.6,2.0,13.8,6.9,ok
20260725,06,9,1.4,16.5,7.9,11.6,9.9,3.5,ok
20260725,06,10,3.1,1.5,14.8,14.0,14.8,7.2,ok
20260725,06,11,1.0,12.9,7.3,34.5,51.7,11.5,ok
20260725,06,12,1.1,8.9,7.1,11.8,28.5,15.8,ok
20260725,08,1,1.0,15.0,8.8,9.3,23.0,38.4,ok
20260725,08,2,1.2,3.7,11.9,6.6,39.7,59.6,ok
20260725,08,4,1.2,6.0,14.0,15.7,31.5,5.4,ok
20260725,08,5,1.3,7.8,7.2,9.4,13.5,6.7,ok
20260725,08,6,1.0,18.0,20.6,36.1,7.6,28.9,ok
20260725,08,7,1.6,5.1,9.6,12.8,9.6,4.2,ok
20260725,08,8,2.0,1.6,12.0,26.4,66.0,10.1,ok
20260725,08,9,3.9,1.4,10.9,3.5,58.5,43.8,ok
20260725,08,10,1.4,3.5,16.2,4.6,29.7,29.7,ok
20260725,08,11,1.0,6.9,12.6,13.5,40.5,33.7,ok
20260725,08,12,1.0,11.7,14.3,22.2,25.0,100.1,ok
20260725,12,1,2.9,3.0,11.0,1.8,25.7,154.5,ok
20260725,12,2,1.5,24.0,8.0,24.0,10.2,2.6,ok
20260725,12,3,1.1,22.3,5.8,33.5,19.1,5.8,ok
20260725,12,4,1.2,71.0,5.4,4.0,15.7,56.8,ok
20260725,12,5,1.1,18.0,9.5,10.1,27.1,5.2,ok
20260725,12,6,2.2,12.5,3.8,1.9,37.5,112.5,ok
20260725,12,7,2.2,16.8,2.2,6.5,11.0,7.4,ok
20260725,12,8,1.2,9.8,7.0,5.7,63.7,9.1,ok
20260725,12,10,1.0,17.8,5.4,13.9,25.0,31.3,ok
20260725,12,11,1.1,10.1,8.6,6.9,172.5,15.6,ok
20260725,12,12,1.4,8.1,4.5,6.7,29.0,9.6,ok
20260725,13,1,3.7,17.6,2.5,2.1,8.5,27.5,ok
20260725,13,2,1.5,2.9,9.3,17.2,5.9,33.1,ok
20260725,13,3,2.2,1.6,11.5,22.1,9.1,16.5,ok
20260725,13,4,11.3,1.9,1.6,22.7,15.9,159.0,ok
20260725,13,5,1.1,15.8,3.7,13.7,14.7,68.7,ok
20260725,13,6,2.1,8.9,11.1,1.8,12.2,20.4,ok
20260725,13,7,1.0,19.8,19.8,29.7,3.6,178.5,ok
20260725,13,8,1.2,6.9,13.0,4.1,20.1,55.3,ok
20260725,13,9,3.7,4.6,1.6,6.5,33.8,13.8,ok
20260725,13,10,1.9,2.6,5.3,7.5,11.6,24.2,ok
20260725,13,11,1.6,30.5,4.8,2.2,20.3,61.1,ok
20260725,13,12,1.2,7.5,4.2,14.1,11.1,35.2,ok
20260725,14,1,1.0,10.7,8.4,17.8,12.3,80.2,ok
20260725,14,2,3.5,1.7,4.9,5.2,21.8,17.4,ok
20260725,14,3,1.1,7.0,13.6,20.4,5.2,245.2,ok
20260725,14,4,1.1,15.2,4.9,30.4,7.6,25.3,ok
20260725,14,5,1.2,24.0,66.0,2.3,20.3,264.0,ok
20260725,14,6,3.5,2.5,2.3,7.7,23.2,15.5,ok
20260725,14,7,2.4,6.3,8.1,4.2,4.9,4.9,ok
20260725,14,8,2.1,4.4,81.0,16.2,1.8,81.0,ok
20260725,14,9,3.1,7.0,2.3,5.2,8.2,7.6,ok
20260725,14,10,2.5,1.6,,12.7,5.7,10.5,ok
20260725,14,12,1.0,7.8,9.2,13.0,26.1,78.3,ok
20260725,15,2,1.2,10.1,5.9,10.1,6.7,20.2,ok
20260725,15,3,1.7,5.0,3.5,35.2,4.4,35.2,ok
20260725,15,5,1.3,8.7,15.6,4.3,24.4,7.8,ok
20260725,15,6,1.6,69.0,4.1,4.4,15.3,5.1,ok
20260725,15,7,1.4,36.1,5.2,42.1,14.8,3.0,ok
20260725,15,8,1.1,4.1,38.0,7.8,17.5,76.0,ok
20260725,15,9,1.1,3.4,9.4,20.0,160.5,53.5,ok
20260725,15,10,1.0,13.5,24.3,8.6,24.3,12.7,ok
20260725,15,11,1.3,5.2,10.5,12.9,7.0,15.2,ok
20260725,15,12,1.4,3.7,8.8,6.7,10.8,28.8,ok
20260725,17,1,1.1,3.7,13.0,26.0,14.8,104.2,ok
20260725,17,2,1.9,9.9,6.2,2.2,33.2,11.0,ok
20260725,17,3,1.6,2.2,11.4,6.6,40.1,40.1,ok
20260725,17,4,1.6,31.5,31.5,4.5,2.8,10.5,ok
20260725,17,5,3.2,12.3,1.1,19.3,67.8,27.1,ok
20260725,17,6,12.2,3.6,1.3,12.2,15.5,14.2,ok
20260725,17,7,1.0,11.2,9.3,8.8,24.1,168.7,ok
20260725,17,8,9.7,33.4,93.7,31.2,1.0,234.3,ok
20260725,17,9,3.1,1.7,4.1,17.3,121.5,7.1,ok
20260725,17,10,4.1,2.5,1.8,17.4,15.5,46.5,ok
20260725,17,11,1.1,7.2,9.6,7.2,29.0,24.8,ok
20260725,17,12,1.4,8.4,7.2,13.4,8.8,5.6,ok
20260725,20,1,1.7,12.9,2.6,8.0,8.0,16.1,ok
20260725,20,2,1.5,2.2,8.1,46.2,46.2,15.4,ok
20260725,20,3,2.1,2.6,32.7,2.7,16.3,24.5,ok
20260725,20,5,1.0,8.4,16.2,10.5,27.0,60.9,ok
20260725,20,6,1.6,7.4,13.8,2.8,14.8,10.0,ok
20260725,20,7,1.2,7.4,8.8,7.4,20.7,13.3,ok
20260725,20,8,2.0,2.5,2.9,16.5,22.0,198.7,ok
20260725,20,9,1.1,6.9,11.9,13.9,83.6,5.7,ok
20260725,20,10,1.0,6.1,11.1,44.6,59.5,59.5,ok
20260725,20,11,1.4,22.5,2.2,19.2,15.0,27.0,ok
20260725,20,12,1.4,8.3,9.5,5.2,14.5,6.9,ok
20260725,21,1,1.6,7.0,8.0,2.7,28.8,14.9,ok
20260725,21,2,5.1,27.6,43.3,1.1,4.9,60.7,ok
20260725,21,3,1.6,11.5,9.1,43.3,2.0,86.6,ok
20260725,21,4,1.0,32.1,17.3,14.0,8.6,32.1,ok
20260725,21,5,2.0,16.2,3.5,3.3,6.4,24.4,ok
20260725,21,6,4.0,2.3,7.3,10.9,109.7,2.3,ok
20260725,21,7,1.7,5.4,4.3,10.2,5.6,11.6,ok
20260725,21,8,4.0,2.2,1.9,180.0,90.0,8.5,ok
20260725,21,9,2.2,2.1,17.8,26.8,3.5,26.8,ok
20260725,21,10,1.5,18.4,16.1,7.5,11.7,2.8,ok
20260725,21,11,1.4,9.1,21.2,2.8,18.2,15.9,ok
20260725,21,12,1.4,2.8,13.4,19.5,8.5,19.5,ok
20260725,23,1,1.1,9.7,10.8,13.0,11.5,13.0,ok
20260725,23,2,1.1,2.9,27.8,19.5,21.6,78.0,ok
20260725,23,3,1.1,14.7,8.8,16.5,4.9,132.7,ok
20260725,23,4,1.7,2.4,8.0,13.6,73.6,6.5,ok
20260725,23,5,1.2,6.5,8.3,8.7,17.4,9.0,ok
20260725,23,6,4.7,8.9,20.3,1.1,17.2,14.0,ok
20260725,23,7,9.9,36.6,22.8,20.3,137.2,1.0,ok
20260725,23,8,2.9,4.0,4.0,4.2,4.2,36.5,ok
20260725,23,9,1.1,22.2,22.2,3.2,33.3,14.8,ok
20260725,23,10,1.3,7.1,4.8,26.8,26.8,5.9,ok
20260725,23,11,1.1,7.0,6.3,16.3,13.3,36.7,ok
20260725,23,12,1.1,6.1,16.7,6.8,19.5,39.0,ok
20260725,24,1,1.9,14.4,2.0,6.7,12.8,38.5,ok
20260725,24,3,1.3,19.6,2.7,10.1,13.1,45.8,ok
20260725,24,4,4.5,2.9,2.7,10.4,5.3,8.1,ok
20260725,24,5,1.0,11.5,24.0,18.0,5.2,36.0,ok
20260725,24,6,1.2,3.0,14.4,28.8,9.8,40.4,ok
20260725,24,7,1.0,14.9,34.0,29.8,34.0,4.1,ok
20260725,24,8,1.7,11.4,6.4,2.3,29.1,20.6,ok
20260725,24,9,1.5,3.0,15.6,8.3,26.1,7.2,ok
20260725,24,10,1.3,3.7,8.9,7.5,18.0,31.5,ok
20260725,24,11,1.3,7.2,5.3,11.3,8.8,19.5,ok
20260725,24,12,1.2,7.7,6.1,7.8,9.0,37.5,ok
20260725,01,1,4.6,1.4,26.1,3.2,11.8,,part
20260725,03,3,5.1,4.4,10.2,2.5,2.3,,part
20260725,08,3,1.0,88.5,44.2,29.5,8.0,,part
20260725,12,9,1.0,12.3,,4.5,19.8,24.7,part
20260725,14,11,1.4,9.0,2.8,11.2,11.2,,part
20260725,15,1,1.5,4.7,2.4,27.4,27.4,,part
20260725,15,4,2.0,4.7,6.1,3.8,,4.7,part
20260725,20,4,4.0,5.4,1.3,12.0,10.9,,part
20260725,24,2,1.0,12.0,36.0,15.4,30.8,,part
20260726,01,1,1.1,17.1,14.7,3.9,24.3,37.2,ok
20260726,01,3,2.7,2.5,4.3,10.9,6.2,9.3,ok
20260726,01,4,2.1,8.2,1.8,11.9,42.9,9.7,ok
20260726,01,5,2.5,9.7,2.0,30.2,23.2,3.5,ok
20260726,01,6,1.0,9.3,19.4,32.3,11.6,41.5,ok
20260726,01,7,1.0,14.7,10.1,14.7,27.4,64.0,ok
20260726,01,8,3.2,3.2,3.9,10.6,3.0,24.0,ok
20260726,01,9,3.1,1.8,21.1,2.7,16.7,71.2,ok
20260726,01,10,1.3,3.3,6.5,13.1,18.8,51.4,ok
20260726,01,11,1.0,16.5,8.0,11.0,19.5,19.7,ok
20260726,01,12,2.1,4.7,2.3,8.0,10.3,73.7,ok
20260726,02,1,1.8,4.9,6.0,5.4,6.7,13.5,ok
20260726,02,2,10.3,1.9,1.6,64.6,18.4,25.8,ok
20260726,02,3,1.6,22.5,4.7,2.8,12.0,20.0,ok
20260726,02,4,3.6,7.0,1.9,6.2,7.0,10.8,ok
20260726,02,5,1.1,10.2,9.4,6.8,14.5,82.2,ok
20260726,02,6,2.3,5.8,6.1,9.2,4.4,4.0,ok
20260726,02,7,1.0,4.6,19.1,36.2,16.3,29.6,ok
20260726,02,8,2.2,5.2,3.4,8.2,4.9,12.5,ok
20260726,02,9,1.4,3.9,8.8,14.3,9.5,10.4,ok
20260726,02,10,2.1,3.0,9.2,41.8,3.5,7.2,ok
20260726,02,11,4.4,2.4,7.1,8.8,8.4,3.0,ok
20260726,02,12,1.0,13.5,15.9,30.1,12.9,6.9,ok
20260726,03,1,2.0,1.6,9.4,17.1,23.6,63.0,ok
20260726,03,2,2.1,2.6,8.4,3.3,14.0,84.3,ok
20260726,03,3,2.1,6.4,3.8,4.0,22.5,6.6,ok
20260726,03,4,1.7,2.1,13.1,5.3,39.5,39.5,ok
20260726,03,5,1.7,5.0,12.6,5.6,4.2,15.0,ok
20260726,03,6,2.7,1.2,11.5,34.7,48.6,40.5,ok
20260726,03,7,2.1,15.9,7.0,1.6,31.8,42.5,ok
20260726,03,8,3.0,8.8,2.1,9.7,20.4,3.7,ok
20260726,03,9,2.5,4.0,2.7,3.5,50.0,28.6,ok
20260726,03,10,1.2,17.2,7.8,5.0,17.2,10.2,ok
20260726,03,11,2.4,3.6,2.1,22.7,33.1,8.4,ok
20260726,03,12,1.4,9.7,7.3,4.3,27.0,8.1,ok
20260726,04,1,2.4,7.8,1.5,17.6,42.1,11.1,ok
20260726,04,2,1.1,12.0,8.4,6.8,9.2,28.5,ok
20260726,04,3,2.8,2.0,8.7,12.4,12.9,4.5,ok
20260726,04,4,4.4,2.9,2.8,3.6,52.0,7.4,ok
20260726,04,5,2.1,6.5,2.1,13.9,8.7,13.9,ok
20260726,04,6,1.5,3.9,13.1,7.6,9.3,9.1,ok
20260726,04,7,3.9,1.4,6.4,30.0,7.0,19.4,ok
20260726,04,8,1.5,15.7,59.5,2.1,14.0,13.8,ok
20260726,04,9,4.4,1.3,36.8,3.4,28.9,57.9,ok
20260726,04,10,1.6,11.6,7.6,3.8,5.2,17.4,ok
20260726,04,11,1.7,4.6,4.5,5.9,20.2,9.0,ok
20260726,04,12,1.1,5.7,6.6,18.6,24.6,18.1,ok
20260726,06,1,1.4,5.6,11.6,11.6,5.2,10.1,ok
20260726,06,2,2.0,7.3,2.1,10.4,7.8,25.0,ok
20260726,06,3,1.1,5.1,18.6,13.2,15.5,13.2,ok
20260726,06,4,2.1,6.8,13.7,2.0,13.0,13.0,ok
20260726,06,5,3.4,4.0,1.8,10.1,11.8,14.1,ok
20260726,06,6,3.3,2.3,2.0,76.0,76.0,9.5,ok
20260726,06,7,5.3,1.3,4.6,14.5,29.1,9.7,ok
20260726,06,8,3.6,10.6,12.8,1.3,32.0,8.3,ok
20260726,06,9,2.0,11.7,1.8,25.5,8.5,15.3,ok
20260726,06,10,5.5,1.3,5.8,44.7,26.8,5.1,ok
20260726,06,11,1.0,5.4,10.5,23.5,17.6,30.2,ok
20260726,06,12,1.0,24.3,4.1,18.2,32.4,41.6,ok
20260726,08,1,1.2,8.2,7.5,9.7,11.9,14.5,ok
20260726,08,2,2.5,3.7,17.5,4.6,3.9,6.6,ok
20260726,08,3,1.0,18.3,73.5,36.7,6.1,7.3,ok
20260726,08,5,7.6,4.9,2.5,4.8,4.6,5.2,ok
20260726,08,6,1.7,6.1,6.1,6.1,27.7,4.2,ok
20260726,08,7,3.5,1.4,6.0,46.0,11.5,13.8,ok
20260726,08,8,6.4,4.0,2.8,3.5,3.6,54.7,ok
20260726,08,9,1.1,15.0,8.4,4.8,27.0,27.0,ok
20260726,08,10,2.3,1.9,3.5,11.1,111.0,55.5,ok
20260726,08,11,1.2,5.5,13.5,6.3,10.5,31.5,ok
20260726,08,12,1.1,9.3,8.8,6.5,27.0,28.7,ok
20260726,12,1,2.4,1.8,5.1,41.8,7.2,52.3,ok
20260726,12,2,2.2,2.0,10.5,13.8,4.8,132.0,ok
20260726,12,3,1.0,5.4,38.4,38.4,9.1,12.8,ok
20260726,12,4,1.8,5.3,5.1,3.9,7.3,44.0,ok
20260726,12,5,1.2,16.7,9.6,11.5,15.3,5.3,ok
20260726,12,6,1.6,14.4,2.5,20.3,18.2,6.9,ok
20260726,12,7,2.8,2.0,6.6,4.6,20.3,14.1,ok
20260726,12,8,3.5,7.0,10.8,16.9,1.4,11.7,ok
20260726,12,9,1.6,2.1,7.9,17.9,19.9,19.9,ok
20260726,12,10,1.6,6.9,6.0,3.6,12.9,15.0,ok
20260726,12,11,1.3,9.2,5.8,8.6,12.0,11.3,ok
20260726,12,12,1.4,13.1,3.4,16.6,5.3,18.0,ok
20260726,13,1,1.4,21.1,2.5,19.9,14.3,16.3,ok
20260726,13,2,1.0,10.1,38.6,111.5,8.1,32.3,ok
20260726,13,3,1.2,11.1,4.6,8.0,13.6,88.8,ok
20260726,13,4,1.0,4.9,88.5,88.5,44.2,44.2,ok
20260726,13,5,1.3,7.2,6.5,6.0,10.3,18.0,ok
20260726,13,6,1.2,17.8,15.1,2.9,32.7,16.3,ok
20260726,13,7,1.2,3.7,12.2,11.6,16.3,20.4,ok
20260726,13,8,1.5,7.5,6.1,8.2,7.5,8.2,ok
20260726,13,9,1.2,11.0,6.2,9.9,9.6,9.9,ok
20260726,13,10,1.3,4.6,4.4,17.4,12.6,24.4,ok
20260726,13,11,1.2,6.0,,6.9,6.7,13.5,ok
20260726,13,12,1.4,4.6,5.2,6.8,18.2,42.9,ok
20260726,14,1,1.1,10.6,8.1,10.6,7.3,34.6,ok
20260726,14,2,1.2,36.3,3.5,7.6,24.9,23.5,ok
20260726,14,3,1.0,16.7,8.0,13.0,23.4,46.8,ok
20260726,14,4,1.9,3.9,11.9,10.3,3.2,11.2,ok
20260726,14,5,1.0,17.2,172.1,8.1,49.1,19.1,ok
20260726,14,6,1.3,5.1,6.2,22.6,28.3,7.0,ok
20260726,14,7,3.8,12.1,12.1,4.8,4.9,1.9,ok
20260726,14,8,1.5,6.9,5.7,34.7,6.9,4.9,ok
20260726,14,9,2.0,8.7,3.9,3.1,12.4,12.4,ok
20260726,14,10,1.4,7.6,3.4,8.2,15.3,26.8,ok
20260726,14,11,1.2,3.8,11.4,10.4,114.7,12.7,ok
20260726,14,12,1.0,18.6,23.2,12.4,13.2,93.0,ok
20260726,17,1,2.6,3.9,7.5,3.2,4.3,41.6,ok
20260726,17,2,3.8,2.6,3.0,3.3,30.9,27.0,ok
20260726,17,3,3.2,5.9,1.3,13.0,24.5,110.6,ok
20260726,17,4,1.1,14.8,5.7,24.7,24.7,6.1,ok
20260726,17,5,1.1,19.9,8.5,5.9,8.9,179.2,ok
20260726,17,6,2.9,3.3,6.3,2.7,6.3,82.5,ok
20260726,17,7,2.8,1.3,8.0,36.0,14.4,72.0,ok
20260726,17,8,1.7,9.2,29.3,2.7,4.8,22.0,ok
20260726,17,9,1.1,17.8,9.9,11.1,4.2,89.2,ok
20260726,17,10,5.0,1.0,58.7,19.5,117.4,146.8,ok
20260726,17,11,1.1,8.3,5.1,7.8,44.7,67.1,ok
20260726,17,12,1.1,7.9,8.7,8.7,22.1,28.9,ok
20260726,20,1,1.5,2.7,10.8,21.7,9.3,10.8,ok
20260726,20,2,2.4,40.5,60.7,1.5,7.5,11.0,ok
20260726,20,3,1.6,11.1,15.8,10.0,2.3,22.2,ok
20260726,20,4,2.2,4.0,6.7,2.8,16.1,12.9,ok
20260726,20,5,1.0,5.7,15.7,8.6,41.8,35.8,ok
20260726,20,7,1.0,16.3,8.8,8.8,26.5,13.2,ok
20260726,20,8,1.6,2.0,8.6,28.0,24.0,24.0,ok
20260726,20,9,1.0,14.3,4.9,17.7,28.6,62.1,ok
20260726,20,10,1.5,15.8,15.8,2.0,23.3,36.9,ok
20260726,20,11,1.3,25.2,2.1,12.6,54.7,54.7,ok
20260726,20,12,1.1,25.0,20.9,10.7,3.5,33.7,ok
20260726,21,1,1.2,8.0,6.1,11.5,10.4,26.0,ok
20260726,21,2,1.2,6.3,17.1,4.1,21.1,24.9,ok
20260726,21,3,2.2,8.3,7.3,6.7,3.6,4.7,ok
20260726,21,4,1.4,5.0,9.4,22.6,6.6,6.0,ok
20260726,21,5,1.2,14.5,8.2,9.0,33.8,4.6,ok
20260726,21,6,2.8,2.3,13.5,6.2,6.2,6.2,ok
20260726,21,7,1.2,10.6,6.1,6.1,12.3,24.7,ok
20260726,21,8,2.8,2.6,4.5,20.8,20.8,3.4,ok
20260726,21,9,2.6,1.6,5.5,19.2,23.1,19.2,ok
20260726,21,10,1.4,10.7,3.2,6.8,18.7,37.5,ok
20260726,21,11,1.7,6.4,6.4,6.4,3.9,23.4,ok
20260726,21,12,1.6,15.6,6.8,3.9,4.2,21.4,ok
20260726,23,1,1.1,8.4,7.5,15.1,9.8,13.9,ok
20260726,23,2,1.8,21.8,1.5,18.4,21.8,120.0,ok
20260726,23,3,1.2,11.0,6.6,6.6,8.6,99.0,ok
20260726,23,4,1.3,3.5,8.3,9.1,18.3,30.5,ok
20260726,23,5,1.3,33.9,2.5,33.9,22.6,13.5,ok
20260726,23,6,1.4,5.5,8.6,11.4,17.9,4.9,ok
20260726,23,7,1.2,6.6,4.9,7.8,22.1,66.3,ok
20260726,23,8,4.6,1.1,9.8,19.6,39.3,17.5,ok
20260726,23,9,1.7,3.8,12.5,3.7,16.7,11.1,ok
20260726,23,10,1.7,13.2,8.4,2.2,15.5,13.2,ok
20260726,23,11,1.7,5.5,5.0,6.1,8.8,8.5,ok
20260726,23,12,1.3,3.4,10.2,9.4,18.0,15.7,ok
20260726,01,2,2.7,4.0,10.1,6.0,2.1,,part
20260726,08,4,1.0,21.7,,4.3,21.7,,part
20260726,20,6,1.1,31.4,21.7,23.5,,3.2,part
20260727,01,1,2.1,9.7,3.2,4.5,9.7,7.5,ok
20260727,01,2,2.0,3.9,5.7,7.6,9.1,5.7,ok
20260727,01,3,2.4,1.8,6.0,20.2,6.7,44.5,ok
20260727,01,4,5.3,1.6,5.3,6.3,11.0,10.2,ok
20260727,01,5,2.0,6.7,17.3,24.0,3.7,3.1,ok
20260727,01,6,1.9,10.3,7.0,13.4,2.3,11.1,ok
20260727,01,7,1.1,26.1,4.0,30.9,6.5,52.3,ok
20260727,01,8,1.5,13.7,7.0,12.0,3.3,12.8,ok
20260727,01,9,1.8,6.0,3.0,4.8,19.8,35.7,ok
20260727,01,10,1.0,8.4,9.6,19.3,19.3,96.9,ok
20260727,01,11,1.2,25.1,4.1,6.2,13.3,45.3,ok
20260727,01,12,1.2,8.8,5.4,11.1,16.2,17.2,ok
20260727,02,1,1.8,5.2,5.2,6.7,4.7,16.3,ok
20260727,02,2,1.9,12.6,2.5,4.7,10.8,18.9,ok
20260727,02,4,2.0,2.7,5.6,9.9,5.1,59.6,ok
20260727,02,5,1.2,24.4,10.8,3.8,12.2,32.6,ok
20260727,02,6,1.6,29.6,4.3,3.4,6.9,59.2,ok
20260727,02,7,1.7,6.4,3.9,4.2,17.4,14.5,ok
20260727,02,8,3.8,4.0,3.5,2.6,15.7,10.0,ok
20260727,02,9,5.4,3.7,2.2,3.5,35.6,8.5,ok
20260727,02,10,3.3,4.3,2.1,5.5,19.3,9.6,ok
20260727,02,11,1.9,8.2,3.0,6.1,5.6,61.8,ok
20260727,02,12,1.6,5.7,4.1,6.1,22.3,11.6,ok
20260727,03,1,1.1,8.7,6.3,10.0,14.0,35.0,ok
20260727,03,2,1.8,1.6,17.3,10.8,19.2,173.2,ok
20260727,03,3,2.3,37.2,4.4,1.8,10.1,37.2,ok
20260727,03,4,3.1,5.1,1.5,8.7,30.6,81.7,ok
20260727,03,5,1.1,5.0,23.6,5.7,33.1,82.8,ok
20260727,03,6,1.1,8.6,5.1,45.7,8.1,79.3,ok
20260727,03,7,1.1,8.4,13.0,5.0,39.0,97.5,ok
20260727,03,8,2.0,5.2,15.1,8.4,2.7,10.1,ok
20260727,03,9,1.0,129.0,187.7,21.2,108.6,172.0,ok
20260727,03,11,1.1,7.0,7.4,12.2,14.9,44.7,ok
20260727,03,12,2.1,5.3,2.5,5.6,15.0,20.6,ok
20260727,04,1,4.6,1.6,3.4,11.9,20.2,12.6,ok
20260727,04,2,1.1,19.2,10.6,36.7,4.3,16.1,ok
20260727,04,3,2.3,4.7,2.8,3.2,63.5,63.5,ok
20260727,04,4,4.3,1.2,7.2,16.5,10.7,36.4,ok
20260727,04,5,1.6,3.8,2.7,20.0,48.1,25.3,ok
20260727,04,6,2.6,1.5,6.1,9.9,47.0,25.1,ok
20260727,04,7,18.7,1.5,1.9,22.5,22.5,25.6,ok
20260727,04,8,1.7,7.0,11.4,2.4,10.3,43.5,ok
20260727,04,9,1.7,10.2,,12.0,1.8,19.2,ok
20260727,04,10,1.9,7.0,3.9,5.8,12.7,5.8,ok
20260727,04,11,1.3,5.2,3.9,10.3,21.4,,ok
20260727,04,12,1.0,24.3,7.7,20.5,5.5,130.0,ok
20260727,06,1,3.1,2.8,8.0,4.8,37.2,3.2,ok
20260727,06,2,1.2,4.4,12.7,18.5,5.7,34.5,ok
20260727,06,4,1.0,43.3,30.9,11.4,9.4,54.1,ok
20260727,06,5,1.0,9.0,15.5,36.2,15.5,108.7,ok
20260727,06,6,1.2,15.8,14.6,2.8,95.2,47.6,ok
20260727,06,7,1.1,13.3,9.6,10.6,7.6,15.2,ok
20260727,06,8,1.2,9.3,11.2,5.6,9.3,56.0,ok
20260727,06,9,2.1,15.2,2.8,2.8,11.4,45.7,ok
20260727,06,10,1.1,5.9,10.7,8.4,39.5,16.9,ok
20260727,06,11,1.7,9.9,5.9,4.0,5.9,14.5,ok
20260727,06,12,1.2,4.1,19.8,14.7,7.1,56.3,ok
20260727,09,1,1.3,9.1,13.1,8.4,6.2,9.1,ok
20260727,09,2,1.5,5.5,8.5,5.3,5.3,26.9,ok
20260727,09,3,4.8,2.9,1.6,16.3,81.7,9.0,ok
20260727,09,4,1.5,4.6,4.4,12.7,6.0,51.0,ok
20260727,09,5,1.0,6.8,14.7,26.6,20.4,66.5,ok
20260727,09,6,1.9,2.1,10.7,3.9,133.8,66.9,ok
20260727,09,7,4.2,1.9,2.0,55.5,13.8,55.5,ok
20260727,09,8,5.9,8.8,1.1,8.4,36.1,72.3,ok
20260727,09,9,1.0,14.7,22.1,14.7,6.3,44.2,ok
20260727,09,10,1.4,9.4,52.5,2.3,11.8,59.0,ok
20260727,09,12,1.0,11.2,7.6,13.2,13.2,73.1,ok
20260727,10,1,1.0,17.1,25.7,22.0,22.0,51.5,ok
20260727,10,2,1.2,5.4,9.3,7.4,9.3,46.6,ok
20260727,10,3,1.0,13.1,8.9,7.5,49.1,98.2,ok
20260727,10,4,2.3,9.8,1.9,8.5,127.5,5.7,ok
20260727,10,5,1.1,18.3,13.7,5.5,9.1,15.0,ok
20260727,10,7,2.1,11.6,2.4,5.1,15.5,9.3,ok
20260727,10,8,3.3,2.9,3.3,13.5,3.3,29.8,ok
20260727,10,9,2.4,1.4,12.7,12.7,30.9,21.6,ok
20260727,10,10,2.2,5.4,5.7,4.3,6.3,6.7,ok
20260727,10,11,2.2,7.2,5.1,3.4,4.5,17.4,ok
20260727,10,12,1.8,6.0,6.9,7.7,7.7,4.6,ok
20260727,12,1,2.0,5.4,3.6,4.6,24.5,7.0,ok
20260727,12,2,1.6,4.6,3.9,15.1,7.9,18.5,ok
20260727,12,3,2.0,14.1,6.6,2.0,9.0,28.3,ok
20260727,12,4,1.9,5.5,16.5,3.3,9.6,5.5,ok
20260727,12,5,1.0,23.5,18.3,12.6,41.2,20.6,ok
20260727,12,6,1.5,2.6,21.3,13.3,31.9,6.1,ok
20260727,12,7,3.0,2.0,2.9,9.8,28.5,18.3,ok
20260727,12,8,2.3,1.9,7.1,8.8,7.5,41.3,ok
20260727,12,9,1.8,2.0,10.8,6.0,31.7,31.7,ok
20260727,12,10,1.5,3.7,8.8,5.7,12.0,27.4,ok
20260727,12,11,1.6,2.6,3.9,30.2,38.0,57.0,ok
20260727,12,12,1.2,3.9,7.5,14.2,23.5,17.4,ok
20260727,14,1,1.1,10.9,6.7,17.8,15.8,14.2,ok
20260727,14,2,1.6,10.8,10.0,9.2,42.3,2.4,ok
20260727,14,3,1.4,7.0,6.1,13.3,5.8,10.5,ok
20260727,14,4,1.6,13.5,3.4,9.6,4.6,19.2,ok
20260727,14,5,1.4,4.6,3.8,11.0,71.6,17.9,ok
20260727,14,6,2.0,9.2,5.4,2.8,5.9,46.1,ok
20260727,14,7,1.3,5.5,12.1,8.0,36.3,4.8,ok
20260727,14,8,1.3,6.0,3.5,25.6,14.6,51.3,ok
20260727,14,9,2.2,5.7,4.2,5.2,4.8,12.6,ok
20260727,14,10,1.3,4.3,6.7,11.4,49.7,8.7,ok
20260727,14,11,1.5,4.0,11.5,7.3,6.7,20.2,ok
20260727,14,12,1.0,9.5,8.2,16.5,13.7,22.5,ok
20260727,17,1,1.1,12.8,4.2,12.8,22.5,18.0,ok
20260727,17,2,1.6,3.7,5.7,8.7,5.8,235.5,ok
20260727,17,3,2.3,2.5,6.4,4.2,9.1,54.7,ok
20260727,17,4,1.6,6.6,9.3,8.7,4.6,6.6,ok
20260727,17,6,2.2,3.2,9.8,5.1,29.4,4.0,ok
20260727,17,7,2.1,3.9,4.3,41.6,2.9,33.3,ok
20260727,17,8,1.5,39.2,2.5,6.1,58.8,11.7,ok
20260727,17,9,2.2,2.7,10.1,7.4,3.6,35.4,ok
20260727,17,10,2.7,11.0,4.3,6.8,2.0,71.6,ok
20260727,17,11,2.7,,3.9,1.9,12.9,8.0,ok
20260727,17,12,1.1,8.7,5.8,8.7,35.0,105.0,ok
20260727,19,1,3.5,2.5,5.5,3.5,16.6,7.4,ok
20260727,19,2,4.0,11.0,9.1,2.5,2.0,155.2,ok
20260727,19,3,3.6,3.3,2.1,9.1,20.4,7.8,ok
20260727,19,4,2.0,6.3,2.4,46.1,3.9,92.2,ok
20260727,19,5,1.3,3.4,15.5,12.1,11.1,17.4,ok
20260727,19,6,4.0,1.4,8.7,14.3,6.5,19.7,ok
20260727,19,7,2.4,1.3,17.8,25.9,16.7,74.1,ok
20260727,19,8,1.2,11.0,6.8,6.7,9.6,44.1,ok
20260727,19,9,1.4,6.3,7.3,8.8,15.9,6.3,ok
20260727,19,10,1.3,6.7,6.7,6.5,9.0,43.7,ok
20260727,19,11,2.0,22.2,2.1,5.8,7.4,29.6,ok
20260727,19,12,1.2,14.2,3.7,12.7,9.6,36.2,ok
20260727,20,1,1.5,5.0,6.5,10.6,21.3,5.3,ok
20260727,20,2,1.9,2.1,9.3,9.3,216.0,6.9,ok
20260727,20,3,2.3,12.5,5.5,50.0,1.6,75.0,ok
20260727,20,4,3.8,9.3,7.9,1.4,102.7,7.0,ok
20260727,20,5,1.3,3.8,13.8,5.2,17.3,30.8,ok
20260727,20,6,1.1,29.2,4.9,26.3,12.5,8.2,ok
20260727,20,7,1.5,8.2,5.3,20.1,14.1,4.0,ok
20260727,20,8,1.6,3.7,2.4,84.9,30.8,339.7,ok
20260727,20,9,1.0,11.8,7.3,7.6,21.5,122.0,ok
20260727,20,10,1.0,13.4,17.0,8.7,19.6,18.2,ok
20260727,20,11,1.0,20.6,11.2,11.2,50.0,87.5,ok
20260727,20,12,1.0,13.9,13.0,32.7,40.5,70.9,ok
20260727,21,1,1.0,10.1,8.1,54.2,18.0,54.2,ok
20260727,21,2,1.0,28.4,11.2,6.1,26.3,53.9,ok
20260727,21,3,1.1,18.6,6.7,13.4,7.3,34.6,ok
20260727,21,4,1.1,6.3,8.6,27.7,17.3,9.2,ok
20260727,21,5,1.8,6.5,3.5,12.6,32.8,4.0,ok
20260727,21,6,2.5,1.6,15.6,187.5,46.8,4.5,ok
20260727,21,7,1.6,2.9,6.2,10.8,29.8,10.8,ok
20260727,21,8,1.7,7.7,2.4,14.5,21.8,7.7,ok
20260727,21,9,2.4,14.9,29.9,14.9,26.5,1.3,ok
20260727,21,10,1.0,10.6,17.1,27.8,37.1,55.6,ok
20260727,21,11,1.1,10.9,3.7,28.7,17.7,57.5,ok
20260727,21,12,1.1,5.4,10.9,25.5,76.5,7.6,ok
20260727,02,3,1.4,8.4,2.9,11.8,9.1,,part
20260727,03,10,1.4,2.1,8.1,22.5,,30.0,part
20260727,06,3,1.8,4.5,6.6,4.7,4.5,,part
20260727,09,11,1.0,114.7,6.7,6.7,,114.7,part
20260727,10,6,2.9,2.7,9.1,3.6,4.0,,part
20260727,17,5,2.9,2.0,4.7,3.6,47.2,,part
20260728,03,1,1.9,5.9,2.2,8.6,15.8,31.7,ok
20260728,03,2,1.0,10.7,7.1,15.0,30.1,25.1,ok
20260728,03,3,1.3,3.1,8.3,9.3,29.9,38.1,ok
20260728,03,4,2.5,9.1,1.9,10.4,5.8,24.3,ok
20260728,03,5,1.7,2.5,7.1,20.1,8.6,15.0,ok
20260728,03,6,1.0,14.6,13.3,18.9,10.1,20.6,ok
20260728,03,7,7.8,6.8,16.3,1.1,35.5,15.2,ok
20260728,03,8,1.0,16.3,29.0,6.6,7.9,21.7,ok
20260728,03,9,2.0,1.7,7.5,9.6,34.6,57.7,ok
20260728,03,10,1.5,4.5,5.1,8.5,25.5,10.0,ok
20260728,03,11,2.1,2.2,8.4,6.1,12.3,17.5,ok
20260728,03,12,1.3,5.7,5.5,9.0,9.3,27.2,ok
20260728,04,1,1.8,3.0,4.4,37.5,5.1,37.5,ok
20260728,04,2,1.1,5.7,8.4,14.6,34.9,21.6,ok
20260728,04,3,4.7,1.4,7.6,17.9,4.9,25.1,ok
20260728,04,4,3.0,1.3,29.1,8.5,8.5,48.5,ok
20260728,04,5,4.8,2.4,2.9,11.7,12.2,4.6,ok
20260728,04,6,1.4,3.4,11.4,21.4,6.4,18.9,ok
20260728,04,7,1.2,20.4,3.4,55.3,38.7,6.5,ok
20260728,04,8,1.6,9.5,57.3,2.1,34.4,10.4,ok
20260728,04,9,1.3,5.1,8.6,10.2,23.9,7.8,ok
20260728,04,10,3.2,4.8,1.7,9.6,13.6,14.4,ok
20260728,04,11,1.1,4.1,17.0,14.5,25.5,19.6,ok
20260728,04,12,1.0,52.4,17.8,8.8,7.7,29.1,ok
20260728,09,1,1.0,12.4,19.8,11.1,36.3,72.6,ok
20260728,09,2,1.3,7.1,4.6,9.4,18.9,13.9,ok
20260728,09,3,4.9,1.8,5.3,31.8,63.7,2.8,ok
20260728,09,4,3.6,8.9,1.2,16.9,21.7,50.7,ok
20260728,09,5,1.0,19.2,8.3,13.5,30.5,21.5,ok
20260728,09,6,1.7,3.4,3.0,48.0,16.0,24.0,ok
20260728,09,8,4.5,1.7,10.5,5.2,10.5,6.1,ok
20260728,10,1,1.0,9.1,9.9,14.9,14.9,29.8,ok
20260728,10,2,1.1,5.7,22.1,18.1,8.6,18.1,ok
20260728,10,3,1.2,20.7,7.1,10.9,4.9,14.8,ok
20260728,10,4,1.1,6.4,9.5,18.3,8.1,54.9,ok
20260728,10,5,1.7,8.1,3.8,35.5,3.2,17.7,ok
20260728,10,6,7.9,4.7,7.5,5.8,14.5,1.6,ok
20260728,10,7,2.2,4.6,10.2,7.2,2.4,27.8,ok
20260728,10,8,10.0,1.3,24.0,5.4,15.0,4.8,ok
20260728,10,9,3.9,2.9,4.5,2.4,13.6,21.9,ok
20260728,10,10,5.4,11.5,4.3,2.7,6.4,3.1,ok
20260728,10,11,1.3,3.2,6.3,13.4,24.1,30.1,ok
20260728,11,1,1.7,6.1,2.9,7.4,15.8,19.0,ok
20260728,11,2,1.4,4.1,7.3,9.0,9.1,16.3,ok
20260728,11,3,2.2,4.5,5.5,2.9,12.3,15.0,ok
20260728,11,4,2.1,5.0,11.2,3.6,9.6,4.8,ok
20260728,11,5,1.4,10.3,9.2,3.3,11.8,16.8,ok
20260728,11,6,1.4,6.5,4.9,8.2,13.9,12.8,ok
20260728,11,7,2.4,7.3,4.3,2.9,7.2,10.5,ok
20260728,11,8,1.6,5.3,7.3,6.3,5.7,16.9,ok
20260728,11,9,1.5,4.1,9.1,4.8,16.5,13.3,ok
20260728,11,10,1.2,8.9,5.9,14.9,6.9,21.5,ok
20260728,11,11,1.7,4.0,4.0,8.0,9.0,28.0,ok
20260728,11,12,1.1,9.9,14.1,14.8,5.9,23.0,ok
20260728,15,1,2.5,4.4,4.6,3.6,9.8,8.0,ok
20260728,15,2,4.4,5.0,11.8,11.8,2.9,2.4,ok
20260728,15,3,1.5,4.2,8.7,3.8,17.4,61.1,ok
20260728,15,4,2.1,7.3,3.4,3.4,46.5,7.3,ok
20260728,15,5,2.2,8.7,2.6,7.0,4.3,56.6,ok
20260728,15,6,1.7,13.8,6.1,2.3,15.0,55.2,ok
20260728,15,7,2.1,2.4,3.1,260.2,20.0,11.8,ok
20260728,15,8,1.8,2.6,17.2,3.4,32.5,24.4,ok
20260728,15,9,1.6,6.5,7.2,9.3,3.8,11.6,ok
20260728,15,10,1.3,4.0,6.3,7.7,14.7,73.5,ok
20260728,15,11,1.1,8.2,10.1,12.1,10.5,13.1,ok
20260728,15,12,1.3,5.3,7.1,8.5,15.4,15.7,ok
20260728,16,1,1.0,12.6,17.7,22.1,44.2,88.5,ok
20260728,16,2,4.0,1.4,16.3,6.7,6.0,57.3,ok
20260728,16,3,1.2,13.8,5.6,8.0,6.6,38.0,ok
20260728,16,5,3.3,2.0,2.5,36.1,7.7,108.3,ok
20260728,16,6,3.3,1.7,6.5,10.5,6.0,21.1,ok
20260728,16,7,1.1,11.1,5.9,6.7,20.1,25.1,ok
20260728,16,8,1.2,6.1,14.3,7.5,6.4,129.0,ok
20260728,16,9,1.8,8.9,2.1,11.1,22.2,11.1,ok
20260728,16,10,1.2,5.0,11.4,5.7,27.4,17.1,ok
20260728,16,11,1.2,7.4,7.8,6.7,14.1,47.0,ok
20260728,16,12,1.0,16.6,25.7,9.1,35.4,40.5,ok
20260728,17,1,1.3,18.9,9.4,5.8,12.6,5.0,ok
20260728,17,2,1.7,9.7,4.5,10.3,8.0,4.4,ok
20260728,17,3,2.5,8.7,6.9,2.9,3.0,69.7,ok
20260728,17,4,7.8,1.1,10.9,18.2,6.8,21.9,ok
20260728,17,5,1.0,37.7,9.8,11.3,7.0,45.3,ok
20260728,17,6,2.1,10.8,11.7,11.7,,1.6,ok
20260728,17,7,2.2,2.3,8.8,3.4,32.5,32.5,ok
20260728,17,8,1.1,29.4,11.3,12.2,6.3,7.3,ok
20260728,17,9,1.4,9.0,4.2,11.7,9.8,9.8,ok
20260728,17,10,1.1,4.0,14.0,13.0,20.2,22.7,ok
20260728,17,11,1.9,5.0,6.2,2.8,11.5,27.0,ok
20260728,17,12,1.2,5.4,9.4,12.6,15.1,15.1,ok
20260728,19,2,2.2,6.2,2.4,4.6,75.0,10.7,ok
20260728,19,3,1.2,15.1,8.8,6.6,8.8,9.6,ok
20260728,19,4,3.1,1.7,6.3,6.9,7.8,65.2,ok
20260728,19,5,1.1,6.4,7.1,17.8,14.2,23.7,ok
20260728,19,6,4.2,18.7,5.2,1.5,5.7,51.5,ok
20260728,19,7,2.2,2.2,5.6,10.5,10.5,12.9,ok
20260728,19,8,1.1,10.8,9.2,9.2,6.9,27.8,ok
20260728,19,9,1.5,4.5,8.0,17.0,15.3,4.3,ok
20260728,19,10,1.7,8.4,2.3,8.1,18.5,32.5,ok
20260728,19,11,1.1,14.0,4.4,12.0,50.7,25.3,ok
20260728,19,12,1.3,10.3,2.9,13.6,15.8,30.9,ok
20260728,20,1,2.0,7.1,5.3,7.1,2.7,42.7,ok
20260728,20,2,2.9,13.4,2.1,4.0,5.2,40.2,ok
20260728,20,3,1.0,49.5,28.2,12.3,18.0,10.4,ok
20260728,20,5,1.5,2.2,13.6,7.3,30.4,273.7,ok
20260728,20,6,1.2,130.8,14.5,9.0,5.5,6.2,ok
20260728,20,7,1.1,34.7,8.6,4.5,8.6,52.1,ok
20260728,20,8,2.4,5.3,7.5,2.9,3.8,103.3,ok
20260728,20,9,1.9,1.3,41.3,33.1,33.1,55.1,ok
20260728,20,10,1.0,7.0,10.0,70.0,17.5,175.1,ok
20260728,20,11,1.0,24.4,10.8,15.0,78.3,195.7,ok
20260728,20,12,1.2,22.0,6.8,4.6,15.2,19.8,ok
20260728,21,1,1.7,12.1,4.3,15.7,4.7,5.6,ok
20260728,21,2,1.2,7.5,9.7,4.6,21.6,24.3,ok
20260728,21,3,2.1,3.0,7.2,13.9,3.3,24.3,ok
20260728,21,4,1.2,6.0,14.8,5.5,13.3,26.7,ok
20260728,21,5,7.3,2.3,1.6,12.4,31.2,27.7,ok
20260728,21,6,4.4,4.0,3.5,2.6,8.8,11.0,ok
20260728,21,7,2.4,11.0,2.4,24.9,11.0,3.4,ok
20260728,21,8,6.0,1.9,2.5,9.6,12.0,16.0,ok
20260728,21,9,1.9,3.9,8.3,4.6,8.0,9.8,ok
20260728,21,10,1.6,5.1,4.1,5.4,14.6,20.5,ok
20260728,21,11,1.0,8.5,6.7,25.6,16.0,64.1,ok
20260728,21,12,1.4,4.5,5.4,6.7,16.3,48.9,ok
20260728,24,1,1.6,6.9,13.0,6.1,4.3,8.6,ok
20260728,24,2,4.1,6.9,2.4,3.0,5.8,34.8,ok
20260728,24,3,8.1,2.3,7.5,4.2,6.5,3.6,ok
20260728,24,4,1.6,12.0,4.1,5.2,24.0,5.7,ok
20260728,24,5,1.4,9.0,6.8,4.5,14.1,12.4,ok
20260728,24,6,2.0,37.0,1.9,22.2,11.9,5.2,ok
20260728,24,7,1.1,4.7,10.8,23.2,10.8,24.9,ok
20260728,24,8,1.5,10.3,5.5,4.1,7.6,19.4,ok
20260728,24,9,1.1,11.4,3.9,28.0,22.0,17.1,ok
20260728,24,10,1.1,15.2,5.8,34.3,7.4,39.2,ok
20260728,24,11,1.2,7.8,11.3,4.8,13.7,82.3,ok
20260728,24,12,1.4,5.4,6.9,6.4,20.4,10.9,ok
20260728,09,7,1.4,4.1,4.7,11.0,11.0,,part
20260728,09,9,1.7,1.5,12.4,45.7,27.4,,part
20260728,09,10,1.5,2.1,,8.9,62.6,11.3,part
20260728,10,12,1.0,33.7,3.3,22.5,22.5,,part
20260728,16,4,5.2,2.4,10.5,8.4,1.9,,part
20260728,19,1,2.3,2.1,4.2,7.2,17.0,,part
20260728,20,4,1.0,28.6,6.0,57.3,28.6,,part
20260729,04,1,1.6,16.5,2.9,4.5,8.2,149.2,ok
20260729,04,2,2.0,15.4,1.9,16.5,6.0,35.3,ok
20260729,04,3,3.0,5.5,7.8,3.9,5.2,4.0,ok
20260729,04,4,2.1,4.4,3.5,3.9,13.8,29.6,ok
20260729,04,5,2.1,2.9,9.2,6.7,4.1,41.5,ok
20260729,04,6,1.3,4.9,14.2,24.3,22.0,4.3,ok
20260729,04,7,2.1,8.2,16.0,16.0,4.5,2.5,ok
20260729,04,8,1.7,4.5,5.4,4.5,11.9,14.5,ok
20260729,04,9,1.0,27.0,9.7,35.0,9.4,24.8,ok
20260729,04,10,1.7,1.9,14.6,7.8,24.3,51.2,ok
20260729,04,11,1.1,4.9,10.5,23.6,13.4,49.1,ok
20260729,04,12,1.0,7.5,10.5,29.2,15.5,49.8,ok
20260729,10,1,1.2,6.6,12.4,11.6,18.6,6.0,ok
20260729,10,2,2.0,1.5,17.6,16.3,114.7,20.8,ok
20260729,10,3,1.4,12.8,4.0,9.8,12.8,7.5,ok
20260729,10,4,1.5,12.0,3.4,13.6,4.3,34.1,ok
20260729,10,5,3.1,5.1,7.2,34.5,1.7,15.3,ok
20260729,10,6,1.8,3.8,5.8,4.0,19.1,15.3,ok
20260729,10,7,1.5,9.6,4.5,4.8,8.4,31.5,ok
20260729,10,8,16.2,1.1,7.8,6.7,30.1,9.1,ok
20260729,10,9,22.3,1.0,9.7,13.8,145.5,58.2,ok
20260729,10,10,3.2,9.6,2.0,3.4,21.3,10.6,ok
20260729,10,11,1.9,3.7,4.6,3.5,37.5,25.0,ok
20260729,10,12,1.0,35.4,4.4,28.3,28.3,23.6,ok
20260729,11,1,2.0,7.7,3.2,5.0,13.8,6.8,ok
20260729,11,2,1.3,11.0,3.7,7.8,22.0,18.9,ok
20260729,11,3,1.9,4.6,4.7,4.5,12.6,11.5,ok
20260729,11,4,1.6,3.6,5.9,7.4,11.4,17.1,ok
20260729,11,5,1.6,2.4,8.4,15.3,14.0,14.6,ok
20260729,11,6,2.6,3.3,3.8,3.5,15.4,18.0,ok
20260729,11,7,2.1,5.1,3.5,4.1,11.1,14.7,ok
20260729,11,8,1.1,11.5,8.1,11.5,12.0,8.5,ok
20260729,11,9,1.1,5.4,12.1,15.2,13.9,12.6,ok
20260729,11,10,1.5,5.8,6.0,3.9,18.0,19.1,ok
20260729,11,11,1.2,7.1,4.6,12.6,11.8,27.6,ok
20260729,11,12,1.1,9.7,5.7,13.9,17.7,20.6,ok
20260729,15,1,2.4,4.7,5.6,3.5,5.4,15.7,ok
20260729,15,2,6.4,1.5,2.9,9.5,36.1,20.0,ok
20260729,15,3,1.4,6.7,18.0,4.1,6.0,54.0,ok
20260729,15,4,8.5,1.8,8.1,9.9,2.7,14.3,ok
20260729,15,5,2.8,6.5,9.4,1.9,8.4,10.8,ok
20260729,15,6,2.0,31.3,5.2,2.6,15.6,5.8,ok
20260729,15,7,1.7,2.9,2.9,46.5,62.0,31.0,ok
20260729,15,8,2.9,9.3,1.4,32.5,6.0,60.9,ok
20260729,15,9,1.9,4.8,3.6,4.9,7.9,61.0,ok
20260729,15,11,1.1,11.8,4.8,15.7,21.3,15.7,ok
20260729,15,12,1.1,7.8,5.1,25.4,10.9,50.9,ok
20260729,16,2,1.5,8.6,4.9,34.5,11.5,4.3,ok
20260729,16,4,2.1,2.1,15.1,7.5,5.2,60.7,ok
20260729,16,5,2.5,2.3,5.1,8.9,4.8,107.2,ok
20260729,16,7,4.0,6.1,1.3,23.5,17.6,11.7,ok
20260729,16,8,1.7,16.2,1.8,16.2,13.5,81.0,ok
20260729,16,9,2.2,4.6,18.6,1.9,13.9,27.9,ok
20260729,16,10,1.4,8.1,5.3,11.1,5.3,15.1,ok
20260729,16,11,1.1,12.7,5.8,15.3,9.5,38.2,ok
20260729,16,12,1.1,17.5,5.8,11.6,9.3,14.0,ok
20260729,17,1,1.5,3.8,6.1,5.5,61.5,15.3,ok
20260729,17,2,1.1,5.9,17.7,13.3,53.2,6.6,ok
20260729,17,3,1.8,13.8,4.6,4.4,37.0,3.8,ok
20260729,17,4,1.5,6.9,6.9,3.1,25.5,38.2,ok
20260729,17,5,1.0,15.2,22.8,7.0,30.5,7.6,ok
20260729,17,6,1.2,6.4,7.3,6.4,18.2,27.3,ok
20260729,17,8,1.1,8.3,8.3,11.6,10.5,16.6,ok
20260729,17,9,1.9,9.2,11.2,5.0,6.5,3.6,ok
20260729,17,10,1.1,5.7,16.3,9.8,8.1,24.5,ok
20260729,17,12,2.0,11.2,3.2,2.6,24.1,33.8,ok
20260729,18,1,1.2,16.5,4.7,8.8,18.8,13.2,ok
20260729,18,2,2.2,33.0,3.0,2.2,44.0,16.5,ok
20260729,18,3,1.1,12.0,7.3,32.0,10.6,10.6,ok
20260729,18,4,1.7,1.7,21.9,10.2,27.4,32.9,ok
20260729,18,5,1.0,18.9,6.7,15.7,31.5,7.8,ok
20260729,18,6,1.5,8.0,3.5,7.0,8.7,28.3,ok
20260729,18,7,1.8,11.2,4.0,3.2,45.0,7.5,ok
20260729,18,8,1.1,41.0,8.7,6.8,6.8,41.0,ok
20260729,18,9,1.0,11.3,12.5,10.2,22.6,37.7,ok
20260729,18,10,1.9,11.9,11.9,3.4,2.7,107.2,ok
20260729,18,11,1.0,35.7,13.4,3.5,107.2,53.6,ok
20260729,18,12,1.5,11.9,5.9,6.8,9.5,5.2,ok
20260729,19,1,2.7,8.2,2.6,3.6,8.2,14.4,ok
20260729,19,2,3.1,3.0,20.0,5.0,5.4,4.0,ok
20260729,19,3,3.0,4.8,2.1,5.5,7.3,58.5,ok
20260729,19,4,1.7,3.7,10.1,4.6,8.4,20.2,ok
20260729,19,5,2.2,1.4,13.6,23.9,14.7,191.2,ok
20260729,19,6,1.0,9.7,23.6,16.5,55.1,10.3,ok
20260729,19,7,2.4,20.2,5.1,26.0,1.6,22.7,ok
20260729,19,8,1.5,26.1,1.9,12.7,30.5,28.8,ok
20260729,19,9,1.6,11.2,16.0,2.1,37.5,14.0,ok
20260729,19,10,1.5,14.1,4.8,3.5,10.1,20.2,ok
20260729,19,11,1.0,13.3,30.5,13.3,26.7,42.7,ok
20260729,19,12,2.0,1.8,9.0,7.3,39.0,18.1,ok
20260729,20,2,9.6,1.9,154.5,1.4,103.0,103.0,ok
20260729,20,3,2.0,17.2,14.7,2.4,3.5,34.5,ok
20260729,20,4,1.5,4.1,19.5,5.3,6.0,22.2,ok
20260729,20,5,1.5,3.5,6.9,5.7,27.7,33.3,ok
20260729,20,6,2.8,4.9,1.4,53.4,30.5,42.7,ok
20260729,20,7,1.0,23.2,14.5,16.6,29.0,38.7,ok
20260729,20,8,1.3,5.0,5.2,17.1,21.8,12.0,ok
20260729,20,9,5.6,1.6,3.4,8.7,7.8,31.3,ok
20260729,20,10,1.2,9.0,4.5,15.8,13.5,10.5,ok
20260729,20,11,3.7,3.5,5.2,11.6,2.1,26.4,ok
20260729,20,12,1.0,13.5,25.7,11.4,23.3,60.0,ok
20260729,22,1,1.0,25.3,19.7,35.5,88.8,88.8,ok
20260729,22,2,2.2,3.4,5.0,3.2,12.6,75.7,ok
20260729,22,3,3.1,4.7,1.4,15.9,21.2,63.7,ok
20260729,22,4,1.4,8.5,3.5,12.8,15.4,12.8,ok
20260729,22,5,6.4,2.7,1.6,7.0,28.0,84.0,ok
20260729,22,6,1.8,7.5,5.2,5.3,7.6,6.3,ok
20260729,22,7,1.5,11.9,4.9,8.5,8.9,5.5,ok
20260729,22,8,1.1,10.1,7.2,9.6,12.3,86.6,ok
20260729,22,9,1.0,35.2,9.7,35.2,88.1,176.2,ok
20260729,22,10,1.0,7.7,7.7,14.2,21.3,85.5,ok
20260729,22,11,1.0,28.0,5.6,14.0,11.6,23.3,ok
20260729,22,12,1.0,7.8,10.6,30.7,14.6,61.5,ok
20260729,23,1,1.0,27.0,11.2,27.0,45.0,45.0,ok
20260729,23,2,2.0,1.8,8.5,38.2,15.3,12.7,ok
20260729,23,3,1.5,6.7,6.4,7.7,5.2,12.3,ok
20260729,23,4,3.6,1.3,26.0,26.0,14.4,6.3,ok
20260729,23,5,1.6,7.5,3.1,7.0,10.9,16.3,ok
20260729,23,6,3.3,4.0,5.2,14.3,2.0,19.1,ok
20260729,23,7,4.2,5.0,1.7,3.3,36.0,90.0,ok
20260729,23,8,1.6,9.1,18.2,54.7,2.1,10.9,ok
20260729,23,9,1.7,6.4,3.4,15.6,8.4,7.0,ok
20260729,23,11,1.4,6.9,4.9,5.7,11.5,34.5,ok
20260729,23,12,1.0,10.4,10.4,33.9,22.6,45.2,ok
20260729,24,1,3.9,8.4,2.1,2.5,11.8,59.2,ok
20260729,24,2,3.1,1.5,9.0,12.6,21.0,7.8,ok
20260729,24,3,1.2,4.0,14.3,8.8,38.2,19.1,ok
20260729,24,4,1.3,11.2,5.3,3.7,50.6,20.2,ok
20260729,24,5,1.3,19.1,2.3,19.1,76.5,38.2,ok
20260729,24,6,2.2,2.6,9.5,3.3,14.3,28.7,ok
20260729,24,7,1.0,6.8,10.2,17.0,12.7,102.3,ok
20260729,24,8,1.8,15.8,22.2,1.8,6.9,111.0,ok
20260729,24,9,2.7,6.8,6.9,9.2,28.3,1.8,ok
20260729,24,10,1.3,9.0,10.1,5.1,10.2,12.3,ok
20260729,24,11,1.1,20.4,5.8,9.2,13.6,29.1,ok
20260729,24,12,1.1,7.9,5.4,10.6,15.9,39.8,ok
20260729,15,10,1.0,7.2,11.9,16.5,9.9,,part
20260729,16,1,1.1,7.2,10.8,4.8,21.7,,part
20260729,16,3,4.0,11.2,5.6,1.2,28.1,,part
20260729,16,6,1.1,45.7,2.8,45.7,22.8,,part
20260729,17,7,1.9,3.4,5.1,6.8,5.1,,part
20260729,17,11,1.8,2.9,5.9,4.3,16.3,,part
20260729,20,1,3.3,5.2,2.6,3.1,7.0,,part
20260729,23,10,1.5,,10.1,2.6,5.9,23.7,part
20260730,04,1,2.5,2.8,5.7,12.0,3.8,15.6,ok
20260730,04,2,5.8,1.0,8.3,106.1,16.3,424.5,ok
20260730,04,3,2.8,1.9,7.1,4.6,19.6,14.7,ok
20260730,04,4,1.0,27.0,6.4,16.8,15.0,9.4,ok
20260730,04,5,1.5,6.3,4.9,6.0,59.7,6.0,ok
20260730,04,6,1.1,6.0,19.5,14.2,36.0,5.8,ok
20260730,04,7,2.4,2.0,8.9,4.2,26.7,22.2,ok
20260730,04,8,2.0,3.4,3.6,15.1,21.3,5.8,ok
20260730,04,9,2.0,6.5,4.0,2.9,12.1,31.5,ok
20260730,04,10,1.3,6.6,6.8,4.0,28.9,25.7,ok
20260730,04,11,2.1,6.9,2.0,7.6,17.8,29.1,ok
20260730,04,12,1.3,4.5,7.9,9.5,11.4,36.7,ok
20260730,08,1,1.0,15.9,5.6,26.5,23.8,18.3,ok
20260730,08,2,1.7,9.9,2.7,8.8,7.9,19.8,ok
20260730,08,3,6.1,5.9,26.9,1.1,35.8,9.7,ok
20260730,08,4,2.8,183.7,2.3,2.5,15.3,11.4,ok
20260730,08,5,1.3,9.9,25.5,3.4,7.7,35.7,ok
20260730,08,6,1.0,12.5,15.3,13.8,15.3,69.0,ok
20260730,08,7,1.2,4.7,10.7,15.1,5.7,151.1,ok
20260730,08,8,1.7,2.9,23.3,4.0,35.0,8.2,ok
20260730,08,9,1.0,28.1,11.2,56.2,5.6,56.2,ok
20260730,08,11,1.2,7.0,6.3,7.8,9.0,63.0,ok
20260730,08,12,1.1,5.6,14.8,7.9,16.9,47.5,ok
20260730,10,1,1.2,27.4,4.4,6.5,8.5,68.6,ok
20260730,10,2,2.4,1.6,10.5,5.2,33.0,66.1,ok
20260730,10,3,1.3,50.5,2.6,16.0,118.0,9.8,ok
20260730,10,4,1.6,10.8,3.2,9.2,14.4,6.1,ok
20260730,10,5,1.8,11.0,13.7,2.7,8.2,6.6,ok
20260730,10,6,1.8,2.9,7.5,6.5,7.5,32.5,ok
20260730,10,7,2.1,11.5,86.2,1.4,19.1,24.6,ok
20260730,10,8,2.2,2.3,42.0,5.6,12.0,5.6,ok
20260730,10,9,2.1,1.7,10.5,6.1,50.4,252.0,ok
20260730,10,10,2.0,26.6,7.1,8.8,2.1,9.6,ok
20260730,10,11,2.2,2.2,2.7,23.1,28.9,77.2,ok
20260730,10,12,1.4,7.3,7.9,14.6,4.0,17.5,ok
20260730,11,1,1.3,16.1,4.3,8.6,21.7,8.9,ok
20260730,11,2,1.7,7.8,5.2,5.6,5.0,17.5,ok
20260730,11,3,1.4,3.7,10.3,6.4,20.2,11.8,ok
20260730,11,4,1.7,10.4,3.5,7.3,6.3,11.5,ok
20260730,11,5,1.5,8.8,4.6,9.8,5.3,16.0,ok
20260730,11,6,1.5,11.4,7.0,4.6,9.8,7.6,ok
20260730,11,7,1.1,9.6,12.8,6.0,18.2,23.9,ok
20260730,11,8,1.3,9.6,2.9,17.7,23.6,21.0,ok
20260730,11,9,1.2,7.2,11.8,9.7,7.9,13.9,ok
20260730,11,10,2.1,3.4,4.0,5.7,13.2,12.1,ok
20260730,11,11,1.0,10.1,10.2,21.9,30.7,46.0,ok
20260730,11,12,1.4,19.2,4.9,3.2,14.3,41.8,ok
20260730,15,1,4.5,24.7,7.0,1.1,24.7,49.5,ok
20260730,15,2,2.4,4.6,3.3,16.1,32.2,3.2,ok
20260730,15,5,1.1,11.1,6.9,7.4,9.3,111.7,ok
20260730,15,7,3.2,5.3,1.7,5.7,16.5,28.2,ok
20260730,15,8,1.3,12.1,2.7,40.8,9.1,56.1,ok
20260730,15,9,1.0,9.0,17.5,15.1,37.0,47.6,ok
20260730,15,10,1.6,3.5,15.9,3.2,30.6,16.6,ok
20260730,15,11,2.2,3.3,1.9,19.8,53.0,53.0,ok
20260730,15,12,2.0,2.8,2.7,19.7,30.4,29.1,ok
20260730,16,1,1.0,8.8,22.1,8.8,22.1,88.5,ok
20260730,16,2,1.2,8.1,4.0,9.4,62.7,62.7,ok
20260730,16,3,7.4,1.4,6.0,3.7,48.3,24.1,ok
20260730,16,4,3.2,4.5,1.6,6.0,26.0,78.0,ok
20260730,16,5,3.3,4.7,3.5,3.2,9.5,7.6,ok
20260730,16,6,1.6,20.3,13.5,23.2,1.9,40.6,ok
20260730,16,7,3.0,1.4,8.5,42.5,25.5,6.7,ok
20260730,16,8,1.5,5.0,10.7,6.9,5.0,24.1,ok
20260730,16,9,2.5,4.5,29.8,2.2,4.5,49.7,ok
20260730,16,10,1.1,10.6,11.8,11.8,7.6,13.3,ok
20260730,16,11,1.1,14.9,5.0,15.9,10.8,17.0,ok
20260730,16,12,1.2,156.0,3.7,5.3,39.0,39.0,ok
20260730,18,1,1.3,6.5,10.0,4.2,11.1,55.5,ok
20260730,18,2,1.0,18.3,16.6,6.1,16.6,15.2,ok
20260730,18,3,1.4,57.7,2.6,5.7,19.2,38.5,ok
20260730,18,4,1.0,8.6,18.0,8.0,19.5,58.6,ok
20260730,18,5,1.9,1.5,121.5,27.0,34.7,8.1,ok
20260730,18,6,1.7,31.1,54.5,1.7,43.6,9.9,ok
20260730,18,7,1.1,5.2,27.5,8.0,64.2,14.8,ok
20260730,18,9,1.0,10.2,19.9,10.9,48.4,10.2,ok
20260730,18,11,1.1,9.0,12.8,6.9,45.0,9.0,ok
20260730,18,12,1.4,19.0,3.0,5.1,28.5,28.5,ok
20260730,19,1,1.6,10.6,3.1,13.3,8.8,8.8,ok
20260730,19,2,1.9,14.1,7.8,1.7,70.5,35.2,ok
20260730,19,3,2.0,9.0,3.4,5.2,12.4,5.8,ok
20260730,19,4,1.5,10.5,8.8,12.0,21.0,2.8,ok
20260730,19,5,1.6,3.5,6.0,7.1,14.2,19.0,ok
20260730,19,6,1.5,5.5,3.9,7.4,62.2,8.4,ok
20260730,19,7,1.4,4.2,13.9,7.3,14.6,8.4,ok
20260730,19,8,1.1,12.9,4.8,6.8,30.6,48.2,ok
20260730,19,9,1.2,2.8,13.7,12.4,41.3,62.0,ok
20260730,19,10,1.0,7.8,15.0,20.0,32.8,60.2,ok
20260730,19,11,1.1,11.7,5.0,14.8,20.2,27.8,ok
20260730,19,12,1.6,5.7,2.7,12.7,11.2,27.4,ok
20260730,22,1,1.0,20.2,17.3,24.3,20.2,40.5,ok
20260730,22,2,1.4,3.7,10.2,28.3,8.0,8.7,ok
20260730,22,3,1.6,9.1,1.9,18.3,22.8,91.5,ok
20260730,22,5,4.5,4.5,4.9,7.9,1.9,17.0,ok
20260730,22,6,2.1,15.3,3.2,2.2,61.5,30.7,ok
20260730,22,7,3.5,5.5,3.5,5.5,2.8,19.3,ok
20260730,22,8,1.1,7.3,,15.4,23.1,4.2,ok
20260730,22,10,1.2,4.7,23.0,8.9,12.4,13.4,ok
20260730,22,11,1.1,19.1,19.1,38.2,3.6,38.2,ok
20260730,22,12,1.0,12.4,13.9,12.4,11.1,22.3,ok
20260730,23,1,1.0,26.1,36.6,15.2,7.9,22.8,ok
20260730,23,2,1.4,9.6,16.5,11.5,12.8,3.3,ok
20260730,23,3,1.4,25.8,9.9,2.1,25.8,129.0,ok
20260730,23,4,2.1,2.8,2.8,27.8,27.8,9.8,ok
20260730,23,5,1.6,3.1,9.4,14.7,66.3,4.4,ok
20260730,23,6,2.0,7.5,4.4,5.7,4.4,12.0,ok
20260730,23,7,4.7,3.4,2.8,4.5,5.8,12.3,ok
20260730,23,9,7.8,1.7,47.0,2.4,5.2,141.0,ok
20260730,23,10,5.7,1.1,13.6,9.1,13.6,36.5,ok
20260730,23,11,1.0,13.2,21.1,8.1,10.5,52.8,ok
20260730,23,12,1.0,9.5,16.2,12.4,27.0,13.5,ok
20260730,24,1,1.1,6.1,19.8,8.8,7.9,26.5,ok
20260730,24,2,3.9,1.8,22.8,3.5,91.5,4.8,ok
20260730,24,3,1.7,3.2,4.0,15.8,26.3,8.7,ok
20260730,24,4,1.1,11.1,13.1,28.9,28.9,4.8,ok
20260730,24,5,1.4,4.0,4.1,27.0,9.3,121.5,ok
20260730,24,6,1.1,16.5,4.4,33.0,18.3,16.5,ok
20260730,24,7,1.0,21.7,4.0,25.8,19.6,82.6,ok
20260730,24,8,1.3,5.3,12.2,12.7,5.3,21.2,ok
20260730,24,9,1.1,7.2,14.7,6.5,15.3,20.4,ok
20260730,24,10,1.1,10.0,15.0,4.8,17.6,20.0,ok
20260730,24,11,1.2,6.5,7.9,9.3,10.6,17.7,ok
20260730,24,12,1.3,6.8,23.9,3.1,13.3,23.9,ok
20260730,08,10,1.4,64.8,2.0,9.2,64.8,,part
20260730,15,3,2.6,1.5,14.3,21.5,5.3,,part
20260730,15,4,7.4,1.5,,7.4,12.2,3.0,part
20260730,15,6,2.8,3.1,2.5,61.0,3.9,,part
20260730,18,8,1.2,9.5,3.3,27.0,,12.4,part
20260730,18,10,1.8,29.2,2.7,2.4,,117.0,part
20260730,22,4,3.0,4.6,5.0,2.8,4.0,,part
20260730,22,9,1.2,6.1,17.1,6.1,7.7,,part
20260730,23,8,1.2,9.0,21.1,126.7,2.6,,part
20260731,01,1,3.0,13.1,15.9,1.7,5.7,9.6,ok
20260731,01,2,1.9,3.7,4.5,4.2,20.5,20.5,ok
20260731,01,3,6.0,2.6,5.3,2.6,6.0,19.3,ok
20260731,01,4,1.5,3.9,13.2,4.9,10.5,13.9,ok
20260731,01,5,1.5,10.4,3.7,6.7,15.3,11.4,ok
20260731,01,6,1.0,20.1,5.3,10.0,18.6,37.3,ok
20260731,01,7,1.8,12.1,2.3,7.8,12.1,14.0,ok
20260731,01,8,1.3,6.1,7.2,13.8,9.7,7.0,ok
20260731,01,9,1.8,6.7,3.6,6.2,12.6,7.1,ok
20260731,01,10,2.1,3.8,2.8,9.4,11.6,15.1,ok
20260731,01,11,1.8,3.0,3.6,8.2,24.3,35.5,ok
20260731,01,12,1.5,12.1,3.8,4.8,11.4,17.1,ok
20260731,05,1,1.5,6.2,7.9,6.2,5.8,15.9,ok
20260731,05,2,2.3,4.7,2.5,4.3,53.7,17.9,ok
20260731,05,3,1.3,6.8,8.8,9.5,10.3,8.8,ok
20260731,05,4,2.6,7.2,2.9,3.4,6.4,38.7,ok
20260731,05,6,2.4,7.2,2.1,4.6,10.1,60.7,ok
20260731,05,7,2.6,6.2,1.7,6.2,18.8,33.0,ok
20260731,05,8,1.3,22.1,5.3,6.3,6.3,16.5,ok
20260731,05,9,1.5,8.2,3.2,26.8,7.1,13.4,ok
20260731,05,10,1.5,3.0,24.0,5.3,13.7,24.0,ok
20260731,05,11,1.1,11.6,69.7,4.1,13.9,69.7,ok
20260731,05,12,1.0,7.2,24.7,10.3,11.2,20.6,ok
20260731,06,1,1.4,6.0,13.3,6.4,4.9,26.7,ok
20260731,06,2,2.5,4.2,4.8,7.9,4.6,6.4,ok
20260731,06,3,2.1,3.4,4.1,7.0,12.3,9.9,ok
20260731,06,4,1.0,16.8,16.8,12.9,15.2,42.0,ok
20260731,06,5,7.4,2.4,1.9,9.8,5.9,59.2,ok
20260731,06,6,1.8,13.5,16.8,7.5,7.5,2.5,ok
20260731,06,7,2.4,1.7,7.2,9.0,11.1,63.2,ok
20260731,06,8,1.3,16.5,14.6,2.6,16.5,44.0,ok
20260731,06,9,1.4,5.1,7.7,4.6,9.0,108.0,ok
20260731,06,11,1.0,26.2,6.5,32.8,32.8,32.8,ok
20260731,06,12,1.3,4.8,14.5,5.4,14.5,25.7,ok
20260731,08,1,1.1,9.5,8.8,7.1,114.7,7.6,ok
20260731,08,2,11.0,4.5,36.4,1.0,85.0,28.3,ok
20260731,08,3,3.1,5.1,1.7,102.7,14.6,6.4,ok
20260731,08,4,8.4,2.3,16.8,14.4,20.2,1.6,ok
20260731,08,5,1.2,4.7,22.0,4.1,22.0,132.0,ok
20260731,08,6,1.1,6.5,7.7,31.1,7.3,41.5,ok
20260731,08,9,2.0,1.4,18.3,77.8,13.5,103.7,ok
20260731,08,10,1.1,5.0,45.7,11.4,22.8,9.1,ok
20260731,08,11,1.0,24.7,14.8,5.3,18.5,14.8,ok
20260731,08,12,1.1,148.5,21.2,3.0,29.7,24.7,ok
20260731,10,1,1.1,33.9,5.0,6.4,27.1,27.1,ok
20260731,10,2,1.5,4.4,3.4,8.9,19.3,116.2,ok
20260731,10,3,1.4,7.5,3.6,41.6,5.5,41.6,ok
20260731,10,4,1.5,9.6,10.9,27.2,6.8,3.3,ok
20260731,10,5,1.8,8.1,7.1,3.5,23.3,4.5,ok
20260731,10,6,1.9,3.5,17.7,5.2,5.5,9.8,ok
20260731,10,7,2.6,23.2,2.1,4.9,4.6,34.8,ok
20260731,10,9,1.8,3.0,6.3,5.8,19.1,12.7,ok
20260731,10,10,1.3,3.5,14.5,6.3,14.5,34.0,ok
20260731,10,11,1.5,8.4,8.4,47.7,47.7,2.3,ok
20260731,10,12,1.0,5.0,12.4,14.3,46.6,62.2,ok
20260731,11,1,1.9,14.4,18.3,1.7,10.9,18.8,ok
20260731,11,2,1.9,2.3,11.6,12.0,4.3,62.7,ok
20260731,11,3,1.4,6.1,7.6,9.8,18.3,5.9,ok
20260731,11,4,1.0,13.1,11.3,29.7,10.9,27.3,ok
20260731,11,5,1.2,6.8,13.8,8.0,34.6,5.4,ok
20260731,11,6,1.3,4.0,11.2,14.8,6.2,20.9,ok
20260731,11,7,1.4,2.1,47.3,23.6,16.9,27.5,ok
20260731,11,8,1.6,6.5,3.5,7.8,8.5,21.2,ok
20260731,11,9,1.3,3.3,13.4,10.8,12.1,17.0,ok
20260731,11,10,1.9,3.0,7.3,11.2,18.2,4.5,ok
20260731,11,11,1.1,5.3,9.7,17.0,12.5,32.5,ok
20260731,11,12,1.2,6.9,9.8,6.2,12.1,14.0,ok
20260731,13,1,1.4,10.4,2.4,25.3,44.4,17.7,ok
20260731,13,2,1.2,17.0,4.5,4.8,45.8,50.4,ok
20260731,13,3,2.4,4.3,13.4,3.2,73.8,3.3,ok
20260731,13,4,4.7,1.9,5.0,6.4,17.6,5.0,ok
20260731,13,5,2.7,1.6,4.4,18.3,13.7,54.9,ok
20260731,13,7,2.3,1.4,15.1,26.9,12.1,24.2,ok
20260731,13,8,1.2,2.8,26.3,52.7,10.5,158.2,ok
20260731,13,9,1.3,2.9,15.5,12.4,20.7,15.5,ok
20260731,13,10,,1.2,8.2,13.4,3.4,21.4,ok
20260731,13,11,1.0,14.5,10.3,6.9,9.7,145.5,ok
20260731,13,12,1.0,27.4,21.3,16.0,38.4,48.0,ok
20260731,15,2,3.3,18.0,6.5,1.8,10.8,4.9,ok
20260731,15,3,2.7,1.7,7.2,6.3,12.6,37.8,ok
20260731,15,4,4.2,3.6,4.7,8.7,4.2,3.8,ok
20260731,15,5,1.3,11.0,11.0,3.2,15.4,19.3,ok
20260731,15,6,1.0,6.2,7.9,10.7,171.7,49.0,ok
20260731,15,7,1.4,7.2,3.6,12.9,10.8,18.5,ok
20260731,15,8,1.3,71.2,6.6,5.0,6.1,16.4,ok
20260731,15,9,1.2,2.7,11.9,30.2,36.6,28.5,ok
20260731,15,10,1.0,71.2,11.8,3.9,26.7,42.7,ok
20260731,15,11,2.4,1.4,6.6,25.5,29.7,89.2,ok
20260731,15,12,1.2,2.9,9.0,27.9,16.7,69.7,ok
20260731,16,1,1.2,9.5,4.7,11.9,15.8,10.5,ok
20260731,16,2,10.3,4.9,1.1,8.8,61.8,61.8,ok
20260731,16,3,1.2,34.2,25.6,2.5,17.1,102.7,ok
20260731,16,4,4.9,6.5,8.4,8.4,1.6,8.4,ok
20260731,16,5,5.8,4.4,2.1,6.9,3.2,27.9,ok
20260731,16,6,1.6,6.4,4.5,3.9,17.4,40.7,ok
20260731,16,7,3.1,4.3,6.4,12.0,1.9,32.2,ok
20260731,16,8,3.2,5.4,1.6,11.4,8.1,57.3,ok
20260731,16,9,1.0,32.8,5.4,9.3,65.6,65.6,ok
20260731,16,10,1.1,4.2,11.4,11.4,16.0,80.2,ok
20260731,16,12,1.0,12.6,12.6,27.3,32.8,8.2,ok
20260731,18,1,1.0,19.3,11.0,25.7,9.6,77.2,ok
20260731,18,2,1.7,3.3,15.5,4.6,31.0,6.2,ok
20260731,18,3,1.1,10.4,7.5,20.8,9.2,11.8,ok
20260731,18,4,1.2,5.7,6.2,9.3,10.7,37.5,ok
20260731,18,5,1.1,17.3,3.7,19.1,19.1,21.2,ok
20260731,18,6,1.1,23.5,8.8,10.0,70.5,6.4,ok
20260731,18,7,1.7,8.7,3.9,5.4,7.9,12.5,ok
20260731,18,8,1.0,19.6,9.8,13.1,7.1,39.3,ok
20260731,18,9,1.3,14.6,2.4,20.5,51.3,25.6,ok
20260731,18,10,2.4,7.1,1.7,7.6,22.1,33.2,ok
20260731,18,12,1.0,8.2,13.6,12.3,20.5,17.5,ok
20260731,19,1,1.2,7.9,3.6,13.1,26.3,79.1,ok
20260731,19,2,1.0,20.8,25.0,13.9,25.0,6.9,ok
20260731,19,4,1.0,12.7,8.3,24.0,72.2,72.2,ok
20260731,19,5,1.3,17.7,4.4,8.8,5.1,31.1,ok
20260731,19,6,1.6,37.4,5.2,21.9,2.2,70.7,ok
20260731,19,7,1.5,3.3,9.3,18.6,11.3,7.8,ok
20260731,19,8,1.2,13.2,7.5,4.6,14.4,79.5,ok
20260731,19,9,1.7,3.6,10.5,4.0,14.1,13.6,ok
20260731,19,10,1.1,6.3,16.6,8.8,23.1,16.0,ok
20260731,19,11,1.1,9.9,9.3,9.0,11.9,12.4,ok
20260731,19,12,1.6,4.5,8.8,3.1,30.1,28.4,ok
20260731,20,1,2.1,8.6,2.4,11.5,8.6,6.9,ok
20260731,20,2,1.3,9.4,3.7,15.1,15.1,15.1,ok
20260731,20,4,1.1,9.4,15.1,12.6,5.8,25.2,ok
20260731,20,5,1.8,1.7,15.8,15.8,111.0,13.8,ok
20260731,20,6,1.6,15.4,9.0,12.0,21.6,2.3,ok
20260731,20,7,1.0,15.0,16.7,16.7,8.8,30.1,ok
20260731,20,8,1.0,12.3,6.9,28.8,15.7,13.3,ok
20260731,20,9,1.3,8.0,4.0,9.5,25.3,12.6,ok
20260731,20,10,1.1,73.1,3.7,36.5,8.6,18.2,ok
20260731,20,11,1.9,28.3,1.4,14.1,39.7,66.2,ok
20260731,20,12,1.9,4.0,6.7,10.0,3.3,33.6,ok
20260731,22,1,1.2,13.0,9.3,9.3,4.6,65.2,ok
20260731,22,2,2.8,3.8,14.8,3.2,3.1,59.2,ok
20260731,22,3,9.3,28.1,1.1,5.1,14.0,56.2,ok
20260731,22,4,1.7,4.2,6.6,4.2,8.9,40.1,ok
20260731,22,5,2.9,3.3,4.0,3.2,8.0,64.5,ok
20260731,22,6,2.7,5.9,3.2,7.1,107.2,2.8,ok
20260731,22,7,2.0,3.9,4.1,10.0,17.6,5.0,ok
20260731,22,8,1.2,4.1,17.2,12.9,6.0,103.5,ok
20260731,22,9,1.4,8.8,44.2,4.5,66.3,3.9,ok
20260731,22,10,1.9,2.3,8.9,9.4,13.0,9.9,ok
20260731,22,11,1.4,5.5,6.0,4.5,18.1,72.7,ok
20260731,22,12,1.5,8.4,4.2,6.0,7.6,42.0,ok
20260731,23,1,1.1,3.2,25.5,40.8,18.0,24.4,ok
20260731,23,3,1.1,21.5,5.0,10.7,17.2,28.7,ok
20260731,23,4,1.7,6.5,16.2,2.4,19.5,12.1,ok
20260731,23,5,1.9,7.0,3.3,3.9,16.5,16.5,ok
20260731,23,7,4.2,4.2,2.0,4.9,10.5,14.0,ok
20260731,23,8,1.9,11.1,4.4,2.1,66.7,66.7,ok
20260731,23,9,7.0,1.7,2.6,15.7,10.5,15.7,ok
20260731,23,10,2.6,3.7,1.9,24.9,174.7,6.9,ok
20260731,23,11,1.7,2.1,12.6,6.3,41.0,41.0,ok
20260731,23,12,1.2,7.2,10.0,8.9,8.0,16.0,ok
20260731,24,1,1.2,8.7,4.3,6.1,61.5,61.5,ok
20260731,24,2,1.9,2.1,18.3,5.2,16.3,21.0,ok
20260731,24,3,2.0,2.1,10.8,9.7,13.9,8.1,ok
20260731,24,4,1.3,5.5,17.5,6.1,9.4,15.3,ok
20260731,24,5,1.2,17.0,10.9,9.6,7.3,7.3,ok
20260731,24,6,2.0,6.5,3.4,18.5,4.2,8.5,ok
20260731,24,7,1.2,7.9,3.5,,13.8,31.7,ok
20260731,24,8,1.1,18.7,5.0,15.0,12.5,10.7,ok
20260731,24,9,1.2,8.2,4.7,33.0,12.3,14.1,ok
20260731,24,10,1.9,4.8,7.5,2.7,11.8,38.7,ok
20260731,24,11,2.1,2.5,6.0,5.6,28.2,10.4,ok
20260731,24,12,1.3,3.8,11.0,8.1,12.5,19.3,ok
20260731,05,5,3.3,5.3,4.6,1.8,9.9,,part
20260731,06,10,1.0,10.7,6.4,32.2,,,part
20260731,08,7,1.6,3.0,4.9,10.7,8.6,,part
20260731,08,8,1.2,4.0,9.6,48.0,6.8,,part
20260731,10,8,2.4,2.6,5.2,15.7,3.5,,part
20260731,13,6,1.0,5.7,20.7,11.5,34.5,,part
20260731,15,1,1.2,6.0,9.3,4.1,25.6,,part
20260731,16,11,2.5,2.8,6.4,7.2,,3.3,part
20260731,18,11,1.9,5.6,2.7,7.6,7.0,,part
20260731,19,3,1.2,5.5,8.2,5.5,33.0,,part
20260731,20,3,1.0,82.5,16.5,82.5,,33.0,part
20260731,23,2,1.4,2.9,11.8,5.9,26.1,,part
20260731,23,6,5.5,3.6,6.4,11.1,1.5,,part
20260801,01,1,2.6,7.7,6.6,2.6,8.8,5.5,ok
20260801,01,2,2.0,5.3,6.4,3.4,5.7,36.3,ok
20260801,01,3,1.7,2.5,9.2,21.5,9.9,8.0,ok
20260801,01,4,5.0,1.7,6.8,4.3,9.0,15.5,ok
20260801,01,5,4.9,2.1,6.4,4.5,6.7,6.8,ok
20260801,01,6,1.6,7.8,6.9,6.9,5.2,7.8,ok
20260801,01,7,1.8,6.1,2.1,11.1,21.4,28.2,ok
20260801,01,8,1.3,11.3,12.3,6.7,5.5,10.5,ok
20260801,01,9,1.7,8.3,11.5,2.3,22.6,15.5,ok
20260801,01,10,1.2,7.9,4.7,8.9,17.4,20.4,ok
20260801,01,11,1.4,2.9,8.4,14.1,18.3,19.0,ok
20260801,01,12,1.1,11.0,10.2,4.8,16.5,38.6,ok
20260801,05,1,2.9,10.9,2.4,17.1,2.6,24.0,ok
20260801,05,2,1.3,10.7,6.3,5.3,15.6,9.5,ok
20260801,05,3,1.7,5.5,4.6,3.9,12.3,27.7,ok
20260801,05,4,2.7,2.1,21.0,3.5,66.0,5.9,ok
20260801,05,5,1.4,24.5,6.8,9.5,3.3,24.5,ok
20260801,05,6,1.9,35.6,5.2,2.7,21.3,5.0,ok
20260801,05,7,1.2,14.4,3.2,14.4,24.7,24.7,ok
20260801,05,8,1.2,2.6,34.9,22.2,40.7,20.3,ok
20260801,05,9,2.0,4.9,19.8,27.7,11.5,2.1,ok
20260801,05,10,1.1,12.8,3.7,19.2,16.0,192.7,ok
20260801,05,11,1.6,2.6,10.0,13.1,13.1,8.5,ok
20260801,05,12,1.0,12.4,11.0,33.0,22.9,21.2,ok
20260801,06,2,1.6,5.2,16.6,2.9,27.7,9.2,ok
20260801,06,3,3.3,10.9,4.2,1.8,21.9,9.1,ok
20260801,06,4,1.0,24.1,7.4,32.2,24.1,24.1,ok
20260801,06,5,4.3,2.7,5.7,15.3,9.2,2.4,ok
20260801,06,6,4.4,2.9,1.8,15.4,7.2,61.8,ok
20260801,06,7,3.4,6.8,2.8,2.2,15.1,37.8,ok
20260801,06,8,2.2,7.5,7.5,2.0,7.5,60.7,ok
20260801,06,9,1.7,9.5,2.9,7.6,38.2,6.3,ok
20260801,06,10,1.6,9.4,5.9,56.6,4.3,5.1,ok
20260801,06,11,1.1,17.9,6.1,17.9,9.9,11.6,ok
20260801,06,12,1.3,3.4,7.7,9.5,124.5,17.7,ok
20260801,08,1,1.3,2.6,15.9,13.2,26.5,19.8,ok
20260801,08,2,1.8,1.9,14.6,11.1,10.6,29.2,ok
20260801,08,3,3.2,1.8,15.0,3.3,18.0,22.5,ok
20260801,08,4,1.9,1.9,8.7,35.0,8.0,26.2,ok
20260801,08,5,4.2,4.0,2.4,3.7,6.2,80.7,ok
20260801,08,7,3.7,2.7,2.2,5.8,35.2,15.1,ok
20260801,08,8,2.5,3.3,2.9,8.3,17.6,8.0,ok
20260801,08,9,1.3,13.2,4.0,6.2,42.4,17.6,ok
20260801,08,11,1.2,30.1,4.1,5.7,18.8,16.7,ok
20260801,08,12,1.1,7.9,6.2,22.3,14.9,37.2,ok
20260801,10,1,1.5,6.7,6.0,5.8,7.7,16.9,ok
20260801,10,2,1.2,6.5,7.9,7.9,12.2,15.3,ok
20260801,10,3,1.4,12.0,4.3,7.5,6.2,72.5,ok
20260801,10,4,1.0,18.2,16.0,8.0,9.7,45.5,ok
20260801,10,5,1.0,20.1,38.7,15.7,20.1,17.3,ok
20260801,10,6,1.5,7.0,6.3,5.0,9.0,18.0,ok
20260801,10,7,1.6,9.3,10.7,3.1,9.3,9.3,ok
20260801,10,8,1.2,7.6,6.1,6.1,13.9,51.0,ok
20260801,10,9,1.5,8.7,5.2,7.8,9.8,6.5,ok
20260801,10,10,1.0,8.9,8.9,133.5,66.7,133.5,ok
20260801,10,11,1.1,10.9,7.8,5.2,21.9,27.3,ok
20260801,10,12,1.2,9.4,5.7,5.7,20.7,25.8,ok
20260801,11,1,1.2,5.7,7.0,17.5,12.7,10.6,ok
20260801,11,2,1.1,12.2,10.2,15.0,10.2,8.3,ok
20260801,11,3,2.1,5.0,8.9,8.7,6.9,3.3,ok
20260801,11,4,1.2,10.1,5.1,10.4,12.4,10.4,ok
20260801,11,5,1.5,7.4,4.7,6.6,9.3,10.0,ok
20260801,11,6,1.1,10.2,6.0,10.4,12.4,23.9,ok
20260801,11,7,1.0,8.3,10.3,14.2,13.5,,ok
20260801,11,8,1.0,13.4,5.8,14.7,19.3,62.0,ok
20260801,11,9,1.2,9.8,6.3,9.8,12.1,14.9,ok
20260801,11,10,1.1,6.6,7.6,19.7,26.9,16.2,ok
20260801,11,11,1.3,4.5,10.3,9.9,6.7,22.9,ok
20260801,11,12,1.2,7.0,13.5,12.4,10.5,8.1,ok
20260801,13,1,1.7,19.1,1.9,14.9,13.4,22.3,ok
20260801,13,2,1.4,18.6,6.2,24.8,46.5,2.7,ok
20260801,13,3,2.4,4.2,4.0,7.1,8.3,5.2,ok
20260801,13,4,1.9,1.9,21.0,23.3,5.5,30.0,ok
20260801,13,5,1.7,2.0,13.3,22.9,13.3,11.4,ok
20260801,13,6,1.6,5.4,5.2,5.4,6.6,153.0,ok
20260801,13,7,4.0,2.4,11.7,40.0,5.2,2.6,ok
20260801,13,8,1.2,43.8,29.2,2.6,43.8,17.5,ok
20260801,13,9,1.7,5.8,3.4,5.4,15.5,15.5,ok
20260801,13,10,1.2,36.5,2.3,36.5,109.5,21.9,ok
20260801,13,12,1.3,10.3,2.8,10.3,31.1,31.1,ok
20260801,15,1,1.1,5.1,9.0,9.0,23.5,29.4,ok
20260801,15,3,1.4,7.5,22.5,3.9,5.1,67.5,ok
20260801,15,4,2.6,3.0,4.2,48.7,4.4,6.9,ok
20260801,15,5,4.1,19.3,2.6,2.3,26.8,5.2,ok
20260801,15,6,3.1,3.6,12.4,10.7,2.4,6.2,ok
20260801,15,7,1.8,9.4,3.5,3.3,13.7,22.4,ok
20260801,15,8,1.0,5.2,7.1,24.6,172.5,172.5,ok
20260801,15,9,1.2,16.7,3.4,8.6,19.5,234.7,ok
20260801,15,10,1.3,7.6,3.3,14.3,17.5,24.8,ok
20260801,15,11,1.0,6.9,10.8,23.6,27.7,44.7,ok
20260801,15,12,1.1,9.1,10.2,16.0,17.7,8.4,ok
20260801,16,1,1.1,20.4,40.8,3.7,27.2,16.3,ok
20260801,16,2,2.4,5.6,2.7,2.9,23.5,165.0,ok
20260801,16,4,2.0,7.0,1.7,25.7,38.6,15.4,ok
20260801,16,5,2.4,1.4,25.5,8.9,178.5,14.8,ok
20260801,16,6,1.2,26.4,26.4,6.6,5.7,9.4,ok
20260801,16,7,1.3,18.0,9.0,9.0,24.0,3.6,ok
20260801,16,9,1.0,7.9,7.9,10.6,21.2,31.8,ok
20260801,16,10,1.4,2.5,11.6,14.5,33.2,25.8,ok
20260801,16,11,1.2,2.7,11.6,21.8,174.7,58.2,ok
20260801,16,12,1.0,7.3,11.4,19.1,35.9,28.7,ok
20260801,18,1,1.0,8.1,9.8,10.7,23.6,29.5,ok
20260801,18,2,1.4,10.1,3.6,16.8,25.2,5.8,ok
20260801,18,3,1.0,12.8,24.2,8.0,24.2,27.2,ok
20260801,18,5,1.0,11.1,7.0,17.1,24.2,13.2,ok
20260801,18,6,3.5,8.6,2.7,4.7,2.8,104.2,ok
20260801,18,7,1.1,6.2,7.0,14.6,14.6,25.5,ok
20260801,18,8,2.1,5.1,6.4,4.0,7.2,7.6,ok
20260801,18,9,1.7,8.6,4.5,3.5,39.0,8.6,ok
20260801,18,11,1.1,10.8,11.2,6.3,13.5,29.5,ok
20260801,18,12,1.0,12.3,12.3,14.8,7.4,44.5,ok
20260801,20,1,1.3,7.5,15.0,6.0,30.0,6.0,ok
20260801,20,2,1.3,10.7,7.1,14.3,12.3,4.3,ok
20260801,20,4,1.2,4.8,11.0,10.1,60.7,7.1,ok
20260801,20,5,1.1,4.1,13.7,13.7,23.4,16.7,ok
20260801,20,6,1.0,11.9,12.4,11.9,18.9,14.0,ok
20260801,20,7,1.3,8.8,16.8,21.0,3.0,21.0,ok
20260801,20,8,2.6,2.5,2.0,44.9,51.3,44.9,ok
20260801,20,10,1.1,23.8,6.8,5.0,23.8,15.8,ok
20260801,20,11,1.0,32.0,8.0,13.3,13.3,30.0,ok
20260801,20,12,1.1,17.2,12.5,8.2,6.2,20.1,ok
20260801,22,1,1.1,9.4,28.2,5.2,14.1,35.2,ok
20260801,22,2,2.9,1.9,5.5,9.9,7.0,16.5,ok
20260801,22,3,1.8,5.7,2.3,33.1,11.8,16.5,ok
20260801,22,5,3.4,1.9,2.9,11.2,16.2,22.4,ok
20260801,22,6,2.9,1.3,7.4,15.0,51.9,35.9,ok
20260801,22,7,1.6,5.2,17.3,2.5,17.3,104.2,ok
20260801,22,8,1.7,8.5,3.3,4.2,9.0,153.0,ok
20260801,22,9,1.1,6.7,14.0,8.1,30.9,15.4,ok
20260801,22,10,1.2,11.1,3.3,27.7,11.8,83.2,ok
20260801,22,11,1.0,45.7,6.5,19.6,22.8,45.7,ok
20260801,22,12,1.1,4.0,8.4,18.6,31.1,46.6,ok
20260801,23,1,1.3,7.7,9.2,4.3,10.6,23.1,ok
20260801,23,2,1.1,3.9,14.6,51.1,25.5,12.7,ok
20260801,23,3,1.0,22.6,19.6,7.9,10.5,36.7,ok
20260801,23,4,3.8,1.3,8.9,11.1,14.9,22.3,ok
20260801,23,6,1.7,2.8,4.1,8.5,34.1,68.2,ok
20260801,23,7,5.2,9.0,5.9,3.5,47.6,1.7,ok
20260801,23,8,2.9,20.2,15.7,1.8,3.0,70.8,ok
20260801,23,9,1.3,15.9,5.6,4.6,26.5,8.8,ok
20260801,23,10,1.2,4.0,8.0,20.7,29.1,20.7,ok
20260801,23,11,1.0,11.8,7.4,14.1,23.6,12.8,ok
20260801,23,12,1.0,12.9,20.7,29.5,29.5,34.5,ok
20260801,06,1,3.7,2.2,1.8,30.9,,30.9,part
20260801,08,6,1.2,4.1,17.7,20.7,5.6,,part
20260801,08,10,2.4,38.2,1.1,191.2,38.2,,part
20260801,13,11,1.4,7.1,5.2,3.3,,49.8,part
20260801,15,2,1.7,7.2,4.8,5.9,3.8,,part
20260801,16,3,1.6,10.8,75.7,5.0,2.2,,part
20260801,16,8,1.5,5.4,6.7,6.7,,5.4,part
20260801,18,4,1.0,7.8,20.0,8.7,31.2,,part
20260801,18,10,1.2,4.4,4.6,10.5,38.5,,part
20260801,20,3,2.7,63.5,,7.3,1.2,190.5,part
20260801,20,9,1.2,,3.2,8.9,,10.5,part
20260801,22,4,1.9,1.7,6.7,9.5,114.0,,part
20260801,23,5,1.4,20.3,13.5,2.1,,20.3,part
20260802,01,1,2.0,3.2,4.2,6.1,10.8,17.8,ok
20260802,01,2,1.7,3.0,15.1,4.0,9.3,54.4,ok
20260802,01,3,3.0,6.1,5.9,3.0,30.3,3.2,ok
20260802,01,4,7.5,2.4,5.2,4.1,11.2,3.7,ok
20260802,01,5,1.4,4.4,5.8,16.7,7.7,25.7,ok
20260802,01,6,1.2,5.7,5.2,10.7,22.5,19.0,ok
20260802,01,7,1.7,6.2,2.2,14.9,29.8,16.9,ok
20260802,01,8,1.2,8.9,10.7,7.4,6.6,14.9,ok
20260802,01,9,2.8,8.1,9.5,3.1,10.1,2.9,ok
20260802,01,10,1.6,3.9,11.8,3.5,12.4,27.8,ok
20260802,01,11,2.0,36.2,4.9,1.7,31.0,59.3,ok
20260802,01,12,1.5,6.6,3.1,9.1,21.5,24.7,ok
20260802,05,1,9.0,1.2,5.1,17.2,7.2,63.2,ok
20260802,05,2,4.6,2.5,4.3,2.2,27.2,48.6,ok
20260802,05,3,4.3,2.0,3.3,3.4,48.2,144.7,ok
20260802,05,4,2.1,2.3,4.1,8.9,21.5,23.0,ok
20260802,05,5,2.2,8.8,3.7,4.0,4.5,26.4,ok
20260802,05,6,5.0,1.5,15.0,9.2,3.6,48.3,ok
20260802,05,7,1.6,3.9,18.8,16.1,2.8,56.6,ok
20260802,05,8,1.1,5.6,21.1,16.4,13.4,9.2,ok
20260802,05,9,1.2,8.0,16.1,4.8,48.5,8.0,ok
20260802,05,10,1.9,3.7,8.5,4.8,9.3,8.5,ok
20260802,05,11,1.1,6.4,8.2,8.5,42.8,13.5,ok
20260802,05,12,1.3,2.2,39.5,15.0,24.3,79.1,ok
20260802,06,1,1.5,14.3,2.9,4.3,50.2,50.2,ok
20260802,06,2,4.3,1.4,9.2,8.6,12.5,10.6,ok
20260802,06,3,2.3,3.3,5.8,3.0,9.7,117.0,ok
20260802,06,4,1.1,9.8,8.1,9.5,20.3,16.7,ok
20260802,06,5,3.8,1.9,4.8,3.8,116.2,12.9,ok
20260802,06,6,7.5,1.3,12.6,2.9,20.6,82.5,ok
20260802,06,7,3.1,2.1,19.1,23.0,2.3,20.9,ok
20260802,06,8,1.1,25.3,19.0,3.5,13.8,21.7,ok
20260802,06,9,1.6,3.1,36.7,4.9,12.2,9.1,ok
20260802,06,10,1.1,7.1,19.9,5.4,17.9,22.4,ok
20260802,06,11,1.0,17.0,25.5,10.2,8.5,12.7,ok
20260802,06,12,1.1,13.1,6.4,6.4,17.3,31.7,ok
20260802,08,1,1.1,4.6,13.0,8.1,65.2,65.2,ok
20260802,08,2,4.6,3.2,4.8,7.8,2.1,86.6,ok
20260802,08,4,1.3,2.9,9.9,29.8,23.8,9.9,ok
20260802,08,5,1.3,5.3,6.3,9.1,10.6,31.8,ok
20260802,08,6,1.5,4.3,9.7,5.5,15.6,8.6,ok
20260802,08,7,5.1,1.9,3.5,10.8,4.5,36.2,ok
20260802,08,8,1.1,12.9,29.0,14.5,4.8,19.3,ok
20260802,08,9,2.3,1.8,6.5,25.5,9.2,17.7,ok
20260802,08,10,1.1,11.3,21.0,7.7,7.7,21.0,ok
20260802,08,11,1.3,8.3,4.2,6.5,26.3,17.5,ok
20260802,08,12,1.5,12.2,5.0,10.6,3.2,42.7,ok
20260802,11,1,1.3,6.9,15.1,3.8,9.8,28.1,ok
20260802,11,2,1.1,14.0,5.3,6.5,19.5,31.8,ok
20260802,11,3,1.4,6.9,4.1,8.9,23.4,9.9,ok
20260802,11,4,1.3,9.0,4.8,7.8,33.9,10.2,ok
20260802,11,5,1.2,15.1,4.9,11.2,8.6,25.3,ok
20260802,11,6,1.1,9.8,15.2,5.5,15.5,24.7,ok
20260802,11,7,1.0,11.7,9.4,19.1,30.6,31.8,ok
20260802,11,8,1.0,6.7,15.7,19.3,13.0,37.5,ok
20260802,11,9,1.0,5.5,17.4,20.2,16.1,37.4,ok
20260802,11,10,1.3,10.4,9.6,4.5,9.2,14.3,ok
20260802,11,11,1.2,9.1,17.5,9.0,5.0,28.7,ok
20260802,11,12,1.3,3.3,11.3,7.3,17.1,28.5,ok
20260802,13,1,1.9,3.8,3.0,13.7,8.9,21.6,ok
20260802,13,2,1.3,7.0,3.5,8.7,36.6,20.9,ok
20260802,13,3,2.3,4.8,7.2,18.2,2.2,16.5,ok
20260802,13,4,3.2,11.5,2.1,3.5,9.6,14.4,ok
20260802,13,5,1.4,4.2,15.3,4.0,20.4,36.7,ok
20260802,13,6,1.0,24.2,24.2,6.0,42.3,18.8,ok
20260802,13,7,1.4,26.7,5.9,9.4,3.5,14.5,ok
20260802,13,8,1.4,3.1,11.2,11.2,39.3,8.7,ok
20260802,13,9,1.6,3.8,6.2,4.7,29.6,23.7,ok
20260802,13,10,1.0,6.3,31.5,31.5,7.1,26.2,ok
20260802,13,11,1.6,33.7,1.9,8.4,33.7,16.8,ok
20260802,13,12,1.0,14.1,9.4,42.3,21.1,28.2,ok
20260802,15,1,1.6,5.0,3.8,5.0,45.7,22.8,ok
20260802,15,2,1.1,4.0,13.8,15.0,16.3,45.0,ok
20260802,15,3,1.2,5.0,10.0,7.5,15.0,30.0,ok
20260802,15,4,1.2,10.9,10.9,11.5,12.9,5.1,ok
20260802,15,5,1.0,7.4,11.4,15.5,11.4,34.2,ok
20260802,15,6,1.5,5.8,12.0,14.8,3.3,13.7,ok
20260802,15,7,1.6,4.1,9.0,7.1,16.7,6.0,ok
20260802,15,8,1.3,9.7,9.1,8.4,16.9,5.6,ok
20260802,15,9,2.0,6.7,6.9,4.4,5.0,8.4,ok
20260802,15,10,1.0,9.0,4.6,26.0,29.1,41.3,ok
20260802,15,11,1.0,9.6,7.1,12.1,19.4,72.6,ok
20260802,15,12,1.1,6.1,9.8,18.7,7.7,28.7,ok
20260802,16,1,1.0,19.6,11.7,13.0,29.4,16.8,ok
20260802,16,2,2.6,27.5,4.7,2.5,7.8,5.2,ok
20260802,16,3,1.3,3.5,15.5,21.3,10.0,13.1,ok
20260802,16,4,1.3,3.7,30.2,5.8,9.0,30.2,ok
20260802,16,5,1.1,14.2,3.6,14.2,40.5,81.0,ok
20260802,16,6,1.0,21.0,12.0,4.6,42.0,28.0,ok
20260802,16,7,1.3,5.1,7.3,7.3,17.2,10.3,ok
20260802,16,8,1.0,33.3,29.1,38.8,46.6,15.0,ok
20260802,16,9,1.4,7.9,8.5,4.2,8.5,14.9,ok
20260802,16,10,1.3,6.0,5.7,13.9,6.9,24.3,ok
20260802,16,11,1.0,24.6,8.6,5.7,15.6,43.1,ok
20260802,16,12,1.3,5.6,6.0,8.9,12.3,16.4,ok
20260802,20,1,2.8,1.7,8.1,9.1,12.2,9.1,ok
20260802,20,2,1.3,7.7,7.7,10.3,15.5,5.6,ok
20260802,20,3,1.7,6.1,5.9,8.9,5.6,6.8,ok
20260802,20,4,1.0,46.5,39.8,14.6,93.0,23.2,ok
20260802,20,5,2.1,8.8,4.1,2.0,58.5,97.5,ok
20260802,20,6,1.1,12.7,16.8,4.0,17.7,22.8,ok
20260802,20,7,1.3,14.7,10.6,5.7,5.4,13.6,ok
20260802,20,8,1.1,6.1,7.5,31.3,11.3,41.7,ok
20260802,20,9,1.4,4.9,3.3,15.2,17.2,32.3,ok
20260802,20,10,1.6,2.8,4.1,20.8,29.5,16.8,ok
20260802,20,11,1.3,9.2,2.8,14.0,33.4,28.9,ok
20260802,20,12,1.1,9.5,12.0,10.2,12.0,14.1,ok
20260802,21,1,1.5,5.0,4.1,9.0,10.3,24.1,ok
20260802,21,2,1.2,12.2,14.7,3.4,27.5,20.0,ok
20260802,21,3,2.4,26.8,1.2,24.7,16.9,64.3,ok
20260802,21,4,1.3,12.9,7.0,4.3,11.1,14.4,ok
20260802,21,5,1.1,8.7,20.3,6.1,12.2,30.5,ok
20260802,21,6,2.2,5.4,2.1,31.0,6.4,16.9,ok
20260802,21,7,2.2,4.2,5.8,3.6,5.8,25.2,ok
20260802,21,8,2.5,2.0,39.0,3.9,78.0,6.5,ok
20260802,21,9,2.4,13.3,1.3,36.7,49.0,13.3,ok
20260802,21,10,1.3,11.0,3.3,8.4,20.4,20.4,ok
20260802,21,11,1.2,6.0,5.8,12.1,14.5,29.1,ok
20260802,21,12,1.2,16.3,5.9,5.7,13.9,13.9,ok
20260802,22,1,1.0,10.6,8.4,19.9,31.9,26.6,ok
20260802,22,2,1.9,3.8,7.2,4.0,14.5,9.0,ok
20260802,22,3,1.8,4.8,2.7,13.5,11.2,22.5,ok
20260802,22,4,1.6,18.5,5.1,3.3,18.5,8.6,ok
20260802,22,5,1.8,7.2,7.2,30.9,2.2,20.6,ok
20260802,22,6,1.3,5.9,19.0,6.8,7.9,13.6,ok
20260802,22,8,1.5,5.5,2.6,26.0,15.6,26.0,ok
20260802,22,9,1.0,12.0,5.0,36.2,108.7,54.3,ok
20260802,22,10,1.0,25.2,14.4,20.1,33.6,28.8,ok
20260802,22,11,1.0,6.0,18.6,18.6,68.2,102.3,ok
20260802,22,12,1.0,10.0,20.0,10.0,27.1,34.5,ok
20260802,23,1,1.1,11.3,9.2,8.0,9.8,27.8,ok
20260802,23,2,1.4,16.6,2.1,21.8,21.8,23.6,ok
20260802,23,3,1.1,28.5,6.6,12.4,6.8,66.5,ok
20260802,23,4,1.8,3.7,10.0,18.1,5.6,4.8,ok
20260802,23,5,1.7,8.3,8.8,6.8,10.0,3.5,ok
20260802,23,6,1.5,4.3,7.0,33.0,9.9,5.8,ok
20260802,23,7,1.4,12.2,21.3,2.9,85.5,6.1,ok
20260802,23,8,3.1,1.4,7.5,8.1,21.1,105.7,ok
20260802,23,9,1.6,6.0,3.6,4.5,27.0,27.0,ok
20260802,23,10,1.2,6.5,6.9,13.8,6.9,31.1,ok
20260802,23,11,1.0,7.5,15.6,6.3,16.9,101.6,ok
20260802,23,12,1.6,6.0,13.2,19.8,3.4,6.4,ok
20260802,08,3,1.7,,5.6,8.4,2.5,12.1,part
20260802,22,7,1.3,18.1,3.9,15.1,,4.1,part
20260803,01,1,3.4,4.4,5.8,2.7,4.6,15.2,ok
20260803,01,2,4.5,2.7,2.6,6.1,13.6,6.8,ok
20260803,01,3,2.6,5.2,2.2,11.6,4.9,23.3,ok
20260803,01,4,1.3,9.8,8.5,5.3,8.3,13.2,ok
20260803,01,5,2.4,3.8,3.1,6.4,12.2,10.1,ok
20260803,01,6,2.7,8.7,1.7,8.4,8.0,22.3,ok
20260803,01,7,4.0,9.3,3.8,9.3,1.9,9.7,ok
20260803,01,8,5.0,1.1,14.7,19.4,10.1,28.5,ok
20260803,01,9,4.0,2.9,2.2,6.6,14.8,10.4,ok
20260803,01,10,2.6,1.7,5.6,9.9,15.4,17.8,ok
20260803,01,11,1.9,2.4,8.3,6.0,17.2,14.7,ok
20260803,01,12,1.2,7.7,8.9,5.5,14.8,14.0,ok
20260803,04,1,3.9,12.5,9.7,1.2,29.2,15.9,ok
20260803,04,2,1.0,13.2,8.1,7.5,17.6,52.8,ok
20260803,04,3,2.2,11.6,2.6,4.7,6.2,15.5,ok
20260803,04,4,3.5,3.9,16.6,5.5,7.3,2.3,ok
20260803,04,5,2.0,2.4,17.5,20.0,5.0,7.3,ok
20260803,04,6,4.0,2.1,3.7,3.6,21.6,25.2,ok
20260803,04,7,1.3,14.4,2.9,18.0,54.0,8.0,ok
20260803,04,8,2.0,5.3,7.7,3.1,7.2,14.4,ok
20260803,04,9,2.5,2.1,6.6,15.0,4.8,24.0,ok
20260803,04,10,1.5,7.8,4.3,31.3,3.7,25.0,ok
20260803,04,11,1.7,6.2,4.0,8.1,7.4,11.6,ok
20260803,04,12,1.2,4.9,10.3,10.2,16.8,11.6,ok
20260803,05,1,8.5,6.8,1.0,42.7,13.6,23.0,ok
20260803,05,2,1.7,4.4,9.8,2.8,49.2,18.9,ok
20260803,05,3,1.2,6.4,3.8,12.8,21.3,128.2,ok
20260803,05,4,2.4,3.7,3.2,6.5,6.0,39.0,ok
20260803,05,5,1.1,7.7,6.1,11.8,201.7,15.5,ok
20260803,05,6,1.5,2.2,22.8,9.1,45.7,11.4,ok
20260803,05,7,2.1,17.4,1.3,44.5,18.2,100.1,ok
20260803,05,8,1.1,4.0,16.9,29.6,19.7,16.9,ok
20260803,05,9,1.3,8.5,11.0,8.5,5.5,12.8,ok
20260803,05,10,2.4,9.4,13.5,12.0,1.6,30.9,ok
20260803,05,11,1.0,5.6,9.3,16.8,42.0,42.0,ok
20260803,05,12,1.0,33.4,10.1,12.8,30.4,47.7,ok
20260803,06,3,1.8,2.3,5.7,21.2,10.6,15.9,ok
20260803,06,4,1.0,16.9,27.5,14.7,12.2,55.1,ok
20260803,06,5,1.9,28.2,23.5,2.6,5.4,5.6,ok
20260803,06,6,4.0,1.4,21.0,9.5,4.2,52.5,ok
20260803,06,7,4.3,3.3,4.6,4.0,3.5,15.1,ok
20260803,06,8,1.3,9.8,4.4,4.9,22.1,44.2,ok
20260803,06,9,1.6,10.2,6.2,7.0,4.8,9.3,ok
20260803,06,10,1.8,23.1,2.1,4.4,46.2,27.7,ok
20260803,06,11,1.1,41.0,11.1,10.2,4.2,24.6,ok
20260803,06,12,1.0,13.0,13.0,7.4,29.7,21.8,ok
20260803,08,1,1.3,6.6,6.6,9.6,6.2,21.7,ok
20260803,08,2,2.1,2.2,6.8,15.7,7.3,15.7,ok
20260803,08,3,1.1,6.8,15.3,45.9,8.7,7.6,ok
20260803,08,4,1.7,2.1,32.0,51.3,4.5,25.6,ok
20260803,08,5,1.2,7.3,12.0,14.7,9.4,7.8,ok
20260803,08,6,1.2,8.5,6.4,25.6,10.2,10.2,ok
20260803,08,7,1.0,10.4,16.9,22.6,27.1,7.1,ok
20260803,08,9,2.0,4.7,3.2,4.7,28.5,12.2,ok
20260803,08,10,1.0,5.2,16.0,11.3,30.3,39.0,ok
20260803,08,11,1.8,8.0,1.7,25.0,28.2,32.2,ok
20260803,08,12,1.0,6.7,11.7,17.6,25.1,25.1,ok
20260803,13,1,1.8,9.8,1.8,11.4,19.6,68.6,ok
20260803,13,2,2.0,2.0,7.6,10.2,8.5,38.4,ok
20260803,13,3,15.4,1.0,7.7,15.4,9.6,38.6,ok
20260803,13,4,4.5,11.4,10.3,1.2,11.4,114.0,ok
20260803,13,5,1.2,7.9,5.3,19.8,7.4,357.7,ok
20260803,13,6,1.4,10.1,4.1,5.5,37.2,8.5,ok
20260803,13,7,2.5,3.5,2.0,60.7,8.6,30.3,ok
20260803,13,8,1.0,5.0,27.9,12.4,18.6,37.2,ok
20260803,13,9,1.1,15.5,7.7,6.2,23.2,31.0,ok
20260803,13,10,1.0,12.9,10.3,22.1,25.8,25.8,ok
20260803,13,11,1.0,12.6,6.0,17.4,46.5,69.7,ok
20260803,13,12,1.0,36.1,25.2,50.5,63.1,28.0,ok
20260803,17,1,1.1,9.0,40.8,4.5,27.2,13.6,ok
20260803,17,2,2.9,3.8,7.6,9.5,2.2,19.1,ok
20260803,17,3,3.3,5.0,2.3,3.0,20.2,27.0,ok
20260803,17,4,1.1,4.7,7.6,20.0,13.3,40.1,ok
20260803,17,5,1.2,12.4,7.7,9.7,6.9,13.9,ok
20260803,17,6,7.1,1.8,7.7,2.1,23.2,62.0,ok
20260803,17,8,4.6,1.6,4.0,16.1,5.3,32.2,ok
20260803,17,9,1.1,13.8,5.5,16.6,11.8,20.8,ok
20260803,17,10,1.5,6.4,6.7,4.9,7.0,51.5,ok
20260803,17,11,1.3,9.6,5.0,5.0,16.5,19.2,ok
20260803,17,12,1.0,10.4,14.7,8.8,17.7,16.0,ok
20260803,19,1,2.5,2.8,2.3,16.6,12.0,108.3,ok
20260803,19,2,3.8,28.9,28.9,14.4,1.0,46.3,ok
20260803,19,3,2.4,7.7,6.2,2.3,5.2,33.5,ok
20260803,19,4,2.1,1.9,24.6,24.6,29.5,3.9,ok
20260803,19,5,1.1,11.3,6.7,7.1,16.9,22.6,ok
20260803,19,6,2.0,1.9,12.4,31.7,5.2,57.1,ok
20260803,19,7,5.9,12.2,2.3,4.4,2.4,31.3,ok
20260803,19,8,2.6,10.8,7.1,1.5,28.0,37.3,ok
20260803,19,9,1.4,12.1,2.8,6.5,28.3,24.3,ok
20260803,19,10,1.5,5.5,12.1,4.8,10.6,8.9,ok
20260803,19,11,1.7,12.7,3.4,13.2,5.3,6.9,ok
20260803,19,12,1.4,7.1,6.8,9.1,5.1,14.7,ok
20260803,20,1,2.8,3.2,4.6,69.0,2.5,17.2,ok
20260803,20,2,5.5,5.1,2.3,3.7,5.1,16.6,ok
20260803,20,4,1.0,12.4,8.9,23.0,8.9,26.8,ok
20260803,20,5,1.2,4.0,18.1,7.2,24.2,18.1,ok
20260803,20,6,1.8,12.7,19.1,7.3,7.9,2.5,ok
20260803,20,7,1.0,6.0,16.0,10.7,24.0,21.4,ok
20260803,20,8,1.5,5.0,3.8,13.1,13.1,13.1,ok
20260803,20,9,1.0,11.4,19.8,5.6,19.8,74.4,ok
20260803,20,10,2.4,3.2,3.4,8.5,22.5,5.7,ok
20260803,20,11,1.1,7.2,9.5,6.4,23.9,23.9,ok
20260803,20,12,1.2,8.6,3.7,20.8,13.2,20.8,ok
20260803,21,1,1.0,17.1,21.4,13.2,12.2,42.9,ok
20260803,21,2,1.6,10.3,9.5,2.3,35.3,16.5,ok
20260803,21,3,1.3,11.7,3.9,14.4,7.5,20.8,ok
20260803,21,4,1.4,33.6,8.7,6.9,3.0,78.5,ok
20260803,21,5,1.1,10.8,6.3,8.4,16.9,60.9,ok
20260803,21,6,5.3,2.7,8.7,3.7,3.5,8.7,ok
20260803,21,7,1.7,6.1,4.0,13.7,13.7,5.0,ok
20260803,21,8,1.7,2.9,8.2,4.5,20.6,20.6,ok
20260803,21,9,1.4,3.1,7.2,9.6,14.5,116.2,ok
20260803,21,10,1.2,4.1,43.8,8.7,32.9,9.7,ok
20260803,21,11,1.2,7.6,22.9,4.8,26.7,7.2,ok
20260803,21,12,1.0,15.2,15.2,8.4,38.1,25.4,ok
20260803,22,1,1.8,9.9,4.3,7.7,4.3,9.9,ok
20260803,22,2,2.0,6.3,4.9,6.7,7.2,4.9,ok
20260803,22,3,1.2,6.7,5.7,9.8,15.5,27.1,ok
20260803,22,4,1.9,2.2,14.1,5.8,10.0,35.2,ok
20260803,22,5,4.3,2.2,4.5,8.1,7.4,5.4,ok
20260803,22,6,1.0,9.8,27.0,21.6,27.0,9.8,ok
20260803,22,7,1.8,2.5,8.7,9.4,7.1,24.4,ok
20260803,22,8,1.2,10.3,20.6,3.1,13.7,41.2,ok
20260803,22,9,1.7,4.4,3.6,11.3,8.8,15.9,ok
20260803,22,10,1.4,3.3,13.5,6.7,20.2,13.5,ok
20260803,22,11,1.6,11.4,5.0,5.0,7.6,7.6,ok
20260803,22,12,1.0,23.4,12.3,20.6,19.8,39.7,ok
20260803,23,1,1.2,8.2,8.2,6.9,11.9,21.8,ok
20260803,23,2,1.8,2.7,13.2,7.3,9.7,8.6,ok
20260803,23,3,1.3,10.1,5.9,8.1,7.4,24.5,ok
20260803,23,4,1.5,6.5,3.7,7.8,13.0,16.8,ok
20260803,23,5,1.6,5.4,17.4,24.9,3.6,6.0,ok
20260803,23,6,3.9,16.7,1.3,14.6,7.8,11.7,ok
20260803,23,7,1.0,37.2,27.9,111.7,7.4,5.0,ok
20260803,23,8,1.0,9.7,6.6,16.1,24.2,16.1,ok
20260803,23,9,1.5,3.7,15.7,6.0,8.7,15.7,ok
20260803,23,10,1.4,6.0,10.0,4.7,6.9,90.7,ok
20260803,23,11,1.4,7.0,12.2,7.5,4.9,14.0,ok
20260803,23,12,1.1,4.4,9.6,28.9,19.9,45.5,ok
20260803,06,1,3.0,1.2,8.4,32.1,22.9,,part
20260803,06,2,1.7,5.1,4.5,2.8,77.2,,part
20260803,08,8,1.2,19.8,2.6,19.8,,39.7,part
20260803,17,7,3.2,1.3,22.0,9.1,7.3,,part
20260803,20,3,1.3,3.0,,30.3,15.1,6.0,part
